sweep_type,sequence_id,level,split,scene_family,geometry_seed,sensor_seed,geometry_axial_support_score,active_axial_patch_count,master_pool_checksum,non_axial_shell_checksum,sampling_weight_checksum,gt_checksum,planes_checksum,axis_checksum,geometry_metadata_checksum,axial_observation_keep_probability,requested_points_per_frame,realized_total_points,realized_axial_points,realized_non_axial_points,realized_axial_point_fraction,axial_candidate_count,axial_retained_count,observation_checksum,metrics_path,ODI_trans_median,lambda_min_trans_normalized_median,condition_number_trans_median,axis_information_raw_median,axis_information_normalized_median,axis_information_ratio_median,weak_trans_subspace_alignment_median,cumulative_inverse_axis_information,mean_inverse_axis_information,harmonic_axis_information,low_axis_information_ratio,longest_low_information_duration_s,axis_information_p05,axis_information_p10,axis_information_p25,weak_subspace_persistence_mean,weak_subspace_persistence_p10,weak_axis_aligned_frame_ratio,longest_weak_axis_aligned_duration_s,process_trial_count,mean_final_axis_error_signed,variance_final_axis_error,mean_final_axis_error_squared,rmse_final_axis_error,median_final_axis_error_abs,q90_final_axis_error_abs,q95_final_axis_error_abs,mean_axis_rmse,variance_axis_rmse,mean_axis_mae,failure_probability_005m,failure_probability_010m,failure_probability_020m
geometry,stage1b_geometry_OC_G101,OC,train,OC,101,11,0.0,0,open_control,open_control,open_control,f548952a7463c1a5ebf5f8ba707c3e3af5260642d9db11fcbe2c4fe246c9d305,513148d7f832d4824cc5b4993f7ed2a519a56f350d2ca004456bb044961d56bc,03628f72e14f79437c49a4d89c2973a95badfdddcfa2864cc55f10131c7357ce,269963f2e2890636f22735d3d6a3371c75c98ae9f1bf7662fff7b66c35e6aa28,1.0,192,7680,0,7680,0.0,0,0,208f43394684652cdf52333cc5abd833ed7fe6c49ae1d185119ad4f156307b8c,data/metric_redesign_stage1b/full/stage1b_full_v1/stage1b_geometry_OC_G101/sensor_011/metrics.csv,0.06789336241819022,120.72250934597082,2.1000001942092417,47260.04213545171,246.146052788811,1.2013801916017366,0.0,0.016323601521907483,0.004080900380476871,245.04396254905535,0.0,0.0,232.7182817530372,238.59298237770318,241.6547855204053,0.0,0.0,0.0,0.0,30,0.001822984572171175,2.951322080642327e-10,3.3235580448419174e-06,0.0018230628197738873,0.0018228978866101642,0.0018412835989677135,0.0018461105849373104,0.0022344629590364215,1.5958763071828862e-12,0.001748438391635535,0.0,0.0,0.0
geometry,stage1b_geometry_OC_G101,OC,train,OC,101,22,0.0,0,open_control,open_control,open_control,f548952a7463c1a5ebf5f8ba707c3e3af5260642d9db11fcbe2c4fe246c9d305,513148d7f832d4824cc5b4993f7ed2a519a56f350d2ca004456bb044961d56bc,03628f72e14f79437c49a4d89c2973a95badfdddcfa2864cc55f10131c7357ce,269963f2e2890636f22735d3d6a3371c75c98ae9f1bf7662fff7b66c35e6aa28,1.0,192,7680,0,7680,0.0,0,0,32b9d639d08a8b7e6bd2639b37a803ae05f8ee9746e3360e5e87398d3ba02b08,data/metric_redesign_stage1b/full/stage1b_full_v1/stage1b_geometry_OC_G101/sensor_022/metrics.csv,0.0685412851006384,121.43312670582363,2.1079738886683703,47459.3891995452,247.18431874763127,1.2036508853091434,0.0,0.016285794682087948,0.004071448670521987,245.6128225906857,0.0,0.0,231.91029336701004,239.05889732473415,243.44434278364338,0.0,0.0,0.0,0.0,30,0.00017520929214172773,1.0598832789587797e-10,3.080075143643798e-08,0.00017550142858802596,0.0001777357330885465,0.00018561823522187382,0.00018667676539632083,0.0017587559955677238,1.1624264585163795e-12,0.0014252671974774307,0.0,0.0,0.0
geometry,stage1b_geometry_L1_G101,L1,train,ST,101,11,8.791496296343741,12,61e74bc1d0078b93d21e3ad642c84ea27233376d4cfe62fcdd6c21f9ea0cf772,0bffed575ed25f8bd1826f2b8c4174c86f4dc3b29dbbead3a0f85a979f1a13dd,e97e9d465aee352b5d92c059c85c429dd99db15c38188c9353b4099d73addff9,fe306c394afc53bed37cfed37062f4d8f97ae02f6508541e579da3eaf0b1cd2f,0af3014339a5048d54e01f86e3cc46f2e639c75d0b2e6eedc5b05121a65e601d,03628f72e14f79437c49a4d89c2973a95badfdddcfa2864cc55f10131c7357ce,64f4577740812df71d337c64dd1cae84f3f8e9b9aacad7772279b7ad63b68bad,1.0,192,7680,6040,1640,0.7864583333333334,6040,6040,2fa5a1308ba503f6f8b7fcd0c881185f281e5fb2e9976f9ece4377cf3bb4436b,data/metric_redesign_stage1b/full/stage1b_full_v1/stage1b_geometry_L1_G101/sensor_011/metrics.csv,0.058143217670126424,118.01432842897604,1.9108453608260536,37996.47986801338,197.89833264590305,1.2584626709873354,0.0,0.020182960393319512,0.005045740098329878,198.18698159483014,0.0,0.0,178.49947611593456,180.24491779944788,191.35482113027857,0.0,0.0,0.0,0.0,30,-0.003377080159303958,3.037991351853754e-11,1.140469976961418e-05,0.003377084507324947,0.0033760801577287225,0.0033832422683484965,0.0033875910725248205,0.00209827385944112,4.599567841768357e-13,0.0015914467486759796,0.0,0.0,0.0
geometry,stage1b_geometry_L1_G101,L1,train,ST,101,22,8.791496296343741,12,61e74bc1d0078b93d21e3ad642c84ea27233376d4cfe62fcdd6c21f9ea0cf772,0bffed575ed25f8bd1826f2b8c4174c86f4dc3b29dbbead3a0f85a979f1a13dd,e97e9d465aee352b5d92c059c85c429dd99db15c38188c9353b4099d73addff9,fe306c394afc53bed37cfed37062f4d8f97ae02f6508541e579da3eaf0b1cd2f,0af3014339a5048d54e01f86e3cc46f2e639c75d0b2e6eedc5b05121a65e601d,03628f72e14f79437c49a4d89c2973a95badfdddcfa2864cc55f10131c7357ce,64f4577740812df71d337c64dd1cae84f3f8e9b9aacad7772279b7ad63b68bad,1.0,192,7680,6080,1600,0.7916666666666666,6080,6080,43a2c29f033ee1acd55c511322f6aad02780565fdcbfadecd9e121bff92fa9f0,data/metric_redesign_stage1b/full/stage1b_full_v1/stage1b_geometry_L1_G101/sensor_022/metrics.csv,0.061352267905691704,115.94206479657323,1.9464934874659414,37914.92590720419,197.47357243335514,1.309198851943312,0.0,0.020252003933945988,0.005063000983486497,197.51131853649719,0.0,0.0,180.4036880828927,183.32853707884675,188.7107063200933,0.0,0.0,0.0,0.0,30,-0.0032034273087729066,2.5200152287899267e-11,1.0261970882739239e-05,0.003203431110971366,0.0032023162501531033,0.0032119792905788815,0.0032137753366452415,0.0027488886862983846,4.0337718817677943e-13,0.0022008755887734733,0.0,0.0,0.0
geometry,stage1b_geometry_L2_G101,L2,train,ST,101,11,7.15920648760636,7,61e74bc1d0078b93d21e3ad642c84ea27233376d4cfe62fcdd6c21f9ea0cf772,0bffed575ed25f8bd1826f2b8c4174c86f4dc3b29dbbead3a0f85a979f1a13dd,e97e9d465aee352b5d92c059c85c429dd99db15c38188c9353b4099d73addff9,fe306c394afc53bed37cfed37062f4d8f97ae02f6508541e579da3eaf0b1cd2f,b22be916a07b56200cd39ff4f23f9d0e4bcb28f3297e63b046f0ad8108b1ce4b,03628f72e14f79437c49a4d89c2973a95badfdddcfa2864cc55f10131c7357ce,5745e381bbe6ee09222e33d3b29f02d74f273e366c3b472eea53de9217008ad8,1.0,192,7680,5234,2446,0.6815104166666667,5234,5234,b34e1bd6be78309f0e2a3e5c8b955c298c45e3cd02f6ea64c65480155d563bfd,data/metric_redesign_stage1b/full/stage1b_full_v1/stage1b_geometry_L2_G101/sensor_011/metrics.csv,0.12257789129847751,73.22444532582338,2.947668520919578,33256.23053323239,173.209534027252,1.2466533902336092,0.0,0.032745463926950866,0.008186365981737716,122.15432369268817,0.0,0.0,60.75017286617782,67.63040146552038,81.87456055775316,0.0,0.0,0.0,0.0,30,-0.0022432587514916945,3.892859756596676e-11,5.032247457121723e-06,0.002243267139045576,0.0022413466032507046,0.0022522765854816385,0.002253615471405368,0.0035056853970207,5.354462281558122e-13,0.0027149247439230187,0.0,0.0,0.0
geometry,stage1b_geometry_L2_G101,L2,train,ST,101,22,7.15920648760636,7,61e74bc1d0078b93d21e3ad642c84ea27233376d4cfe62fcdd6c21f9ea0cf772,0bffed575ed25f8bd1826f2b8c4174c86f4dc3b29dbbead3a0f85a979f1a13dd,e97e9d465aee352b5d92c059c85c429dd99db15c38188c9353b4099d73addff9,fe306c394afc53bed37cfed37062f4d8f97ae02f6508541e579da3eaf0b1cd2f,b22be916a07b56200cd39ff4f23f9d0e4bcb28f3297e63b046f0ad8108b1ce4b,03628f72e14f79437c49a4d89c2973a95badfdddcfa2864cc55f10131c7357ce,5745e381bbe6ee09222e33d3b29f02d74f273e366c3b472eea53de9217008ad8,1.0,192,7680,5212,2468,0.6786458333333333,5212,5212,e5222dde3646bb83ceb13b6302569bb01e1623b5996f3ddd14281402186d837b,data/metric_redesign_stage1b/full/stage1b_full_v1/stage1b_geometry_L2_G101/sensor_022/metrics.csv,0.13745563101291725,71.47993437346207,3.0787645708656983,34722.43700156022,180.8460260497928,1.2031776900727151,0.0,0.032861767573496056,0.008215441893374014,121.72199779132127,0.0,0.0,64.61031020143162,65.9541963838182,74.65638231854241,0.0,0.0,0.0,0.0,30,-0.004084516969376276,5.152821083555059e-11,1.668332868372657e-05,0.004084523066861854,0.004082746020655392,0.004092664767761533,0.004097019480378705,0.004223367347767644,2.2039011664423495e-13,0.003077682944630435,0.0,0.0,0.0
geometry,stage1b_geometry_L3_G101,L3,train,ST,101,11,3.591589894806395,3,61e74bc1d0078b93d21e3ad642c84ea27233376d4cfe62fcdd6c21f9ea0cf772,0bffed575ed25f8bd1826f2b8c4174c86f4dc3b29dbbead3a0f85a979f1a13dd,e97e9d465aee352b5d92c059c85c429dd99db15c38188c9353b4099d73addff9,fe306c394afc53bed37cfed37062f4d8f97ae02f6508541e579da3eaf0b1cd2f,b68276bcbb4db342740b9084d07f1700dbafc33e9de3afca440d2aaf0efcab81,03628f72e14f79437c49a4d89c2973a95badfdddcfa2864cc55f10131c7357ce,a7baaa9fc90d7662c776c8ae069882a1a9507c676b085107999967a149f8fb1a,1.0,192,7680,3695,3985,0.4811197916666667,3695,3695,3d280f49eec6fd24a873319aa457d2d62e09103e4f75323588e775b2986e78a0,data/metric_redesign_stage1b/full/stage1b_full_v1/stage1b_geometry_L3_G101/sensor_011/metrics.csv,0.17802004449994102,60.77128558264312,4.04362543129689,17364.98766474898,90.44264408723427,0.6874190601270718,0.0,0.07094859409917018,0.017737148524792544,56.37884796432893,0.0,0.0,14.914540099815026,24.020373456484872,54.003729478726555,0.0,0.0,0.0,0.0,30,0.00528021057880738,1.3225427095565523e-10,2.788075160234462e-05,0.00528022268492008,0.005282243708137457,0.0052931016156676945,0.005296106719504401,0.004675484411786806,1.713744962092457e-12,0.0036516975869462535,0.0,0.0,0.0
geometry,stage1b_geometry_L3_G101,L3,train,ST,101,22,3.591589894806395,3,61e74bc1d0078b93d21e3ad642c84ea27233376d4cfe62fcdd6c21f9ea0cf772,0bffed575ed25f8bd1826f2b8c4174c86f4dc3b29dbbead3a0f85a979f1a13dd,e97e9d465aee352b5d92c059c85c429dd99db15c38188c9353b4099d73addff9,fe306c394afc53bed37cfed37062f4d8f97ae02f6508541e579da3eaf0b1cd2f,b68276bcbb4db342740b9084d07f1700dbafc33e9de3afca440d2aaf0efcab81,03628f72e14f79437c49a4d89c2973a95badfdddcfa2864cc55f10131c7357ce,a7baaa9fc90d7662c776c8ae069882a1a9507c676b085107999967a149f8fb1a,1.0,192,7680,3679,4001,0.47903645833333336,3679,3679,2474af23a30d38091095982b3f308de30a68954f471efab4ae72de52c5f6d5c2,data/metric_redesign_stage1b/full/stage1b_full_v1/stage1b_geometry_L3_G101/sensor_022/metrics.csv,0.17799493972962377,63.26446694404592,4.030456487679347,17419.070445536407,90.72432523716878,0.6675506531349249,0.0,0.07094578189700164,0.01773644547425041,56.38108275143347,0.0,0.0,16.29439458080151,22.673471279220383,59.80461160127335,0.0,0.0,0.0,0.0,30,0.0052132789346866085,3.433610270849914e-11,2.7178310442413092e-05,0.005213282118053184,0.005214513614195226,0.005219036570824898,0.005220619852277153,0.004144951987922492,2.234712126808796e-12,0.00322655155535649,0.0,0.0,0.0
geometry,stage1b_geometry_L4_G101,L4,train,ST,101,11,1.3252527282106623,1,61e74bc1d0078b93d21e3ad642c84ea27233376d4cfe62fcdd6c21f9ea0cf772,0bffed575ed25f8bd1826f2b8c4174c86f4dc3b29dbbead3a0f85a979f1a13dd,e97e9d465aee352b5d92c059c85c429dd99db15c38188c9353b4099d73addff9,fe306c394afc53bed37cfed37062f4d8f97ae02f6508541e579da3eaf0b1cd2f,4469c90f55f51131443301aa494e35fa69b04ff6c088b461039879596c00db12,03628f72e14f79437c49a4d89c2973a95badfdddcfa2864cc55f10131c7357ce,290ab61a5fd64b6560c18067e80d4d5c4657c848874cc663fc7add19aacb2c46,1.0,192,7680,1826,5854,0.23776041666666667,1826,1826,2b74aa9426ff31023633f86b284dfef00f79c60e84d4f3f3def52e9b2d19357f,data/metric_redesign_stage1b/full/stage1b_full_v1/stage1b_geometry_L4_G101/sensor_011/metrics.csv,0.32027460040405176,31.72651543333034,9.418500880078756,6587.025074427563,34.307422262643556,0.19666407866042188,0.0,0.14869784954420207,0.037174462386050516,26.900187274133753,0.0,0.0,11.797577871313548,13.274780642293585,19.163683370034498,0.05125944912322137,0.0,0.1,0.20000000000000018,30,-0.02598983640145036,1.3910836137463166e-09,0.0006754729408883143,0.025989862271437958,0.025990163846884684,0.026026712602079626,0.02605064122500327,0.009819424731449516,2.2070670273114123e-11,0.006858065936085681,0.0,0.0,0.0
geometry,stage1b_geometry_L4_G101,L4,train,ST,101,22,1.3252527282106623,1,61e74bc1d0078b93d21e3ad642c84ea27233376d4cfe62fcdd6c21f9ea0cf772,0bffed575ed25f8bd1826f2b8c4174c86f4dc3b29dbbead3a0f85a979f1a13dd,e97e9d465aee352b5d92c059c85c429dd99db15c38188c9353b4099d73addff9,fe306c394afc53bed37cfed37062f4d8f97ae02f6508541e579da3eaf0b1cd2f,4469c90f55f51131443301aa494e35fa69b04ff6c088b461039879596c00db12,03628f72e14f79437c49a4d89c2973a95badfdddcfa2864cc55f10131c7357ce,290ab61a5fd64b6560c18067e80d4d5c4657c848874cc663fc7add19aacb2c46,1.0,192,7680,1822,5858,0.23723958333333334,1822,1822,cf3c2c5b19019a3fce83c9c53bc3aad9bc0d59af401ef0d9eaa1cc68372e1ad7,data/metric_redesign_stage1b/full/stage1b_full_v1/stage1b_geometry_L4_G101/sensor_022/metrics.csv,0.3178507691078585,32.13910835879951,9.413247716218955,6842.026124217148,35.63555273029765,0.20297643347705774,0.0,0.14675791830284274,0.036689479575710685,27.25576954386739,0.0,0.0,12.46811041351173,13.1838454613769,19.959466582026362,0.025621236923374483,0.0,0.075,0.20000000000000018,30,-0.023033053085236215,2.3915395110238162e-09,0.0005305238462488367,0.023033103270051057,0.02303860600952845,0.02309830569981699,0.0231094343404882,0.008732479037723123,2.7717374653165362e-11,0.0065531292047000264,0.0,0.0,0.0
observation,stage1b_observation_O1_G101,O1,train,ST,101,11,9.151884361089826,16,61e74bc1d0078b93d21e3ad642c84ea27233376d4cfe62fcdd6c21f9ea0cf772,0bffed575ed25f8bd1826f2b8c4174c86f4dc3b29dbbead3a0f85a979f1a13dd,e97e9d465aee352b5d92c059c85c429dd99db15c38188c9353b4099d73addff9,fe306c394afc53bed37cfed37062f4d8f97ae02f6508541e579da3eaf0b1cd2f,362f7e36973a2894c0e03b72c084b4c2b939a9202610cd8f10b29d9724865db8,03628f72e14f79437c49a4d89c2973a95badfdddcfa2864cc55f10131c7357ce,c39bd1e4e526f256299f05bdb59b6d5dd7b033ef5b0022fbae5c0943aadd9b49,1.0,192,7680,6401,1279,0.8334635416666667,50979,50979,383578fb8fb216796d4099dff5a59553bf0b0f8d3928d66673f348080b0373c4,data/metric_redesign_stage1b/full/stage1b_full_v1/stage1b_observation_O1_G101/sensor_011/metrics.csv,0.057317342737119636,98.05946082734899,1.9457879141153809,36234.70725400837,188.7224336146269,1.2316314168251825,0.0,0.021390620032691394,0.0053476550081728485,186.9978520438762,0.0,0.0,168.79109730015256,169.61596860746943,178.7794093793748,0.0,0.0,0.0,0.0,30,0.0017392600163977552,3.988903293403882e-11,3.0250639640384233e-06,0.0017392711013635635,0.0017418328258891336,0.001745228427099832,0.001745713529979831,0.0026775184691005664,7.391565543481181e-13,0.0020853592680494925,0.0,0.0,0.0
observation,stage1b_observation_O1_G101,O1,train,ST,101,22,9.151884361089826,16,61e74bc1d0078b93d21e3ad642c84ea27233376d4cfe62fcdd6c21f9ea0cf772,0bffed575ed25f8bd1826f2b8c4174c86f4dc3b29dbbead3a0f85a979f1a13dd,e97e9d465aee352b5d92c059c85c429dd99db15c38188c9353b4099d73addff9,fe306c394afc53bed37cfed37062f4d8f97ae02f6508541e579da3eaf0b1cd2f,362f7e36973a2894c0e03b72c084b4c2b939a9202610cd8f10b29d9724865db8,03628f72e14f79437c49a4d89c2973a95badfdddcfa2864cc55f10131c7357ce,c39bd1e4e526f256299f05bdb59b6d5dd7b033ef5b0022fbae5c0943aadd9b49,1.0,192,7680,6407,1273,0.8342447916666667,51038,51038,4395228c8f3af9c6fc5596dd2798a2973808510c9b85909fbc51e8d9f0cd5065,data/metric_redesign_stage1b/full/stage1b_full_v1/stage1b_observation_O1_G101/sensor_022/metrics.csv,0.06756508426629959,105.66559619359228,2.038886104698726,36414.64406941553,189.65960452820588,1.2268638649532582,0.0,0.021068668758904317,0.005267167189726079,189.8553746215915,0.0,0.0,174.85127590589175,178.2086624420872,183.18646140370532,0.0,0.0,0.0,0.0,30,0.0012289993439393262,3.495131091851089e-11,1.5104731736705153e-06,0.0012290130892999127,0.00123117814867868,0.0012349794089892897,0.0012362930255852334,0.0026769909801260946,6.822677104705041e-13,0.0022936376742028184,0.0,0.0,0.0
observation,stage1b_observation_O2_G101,O2,train,ST,101,11,9.151884361089826,16,61e74bc1d0078b93d21e3ad642c84ea27233376d4cfe62fcdd6c21f9ea0cf772,0bffed575ed25f8bd1826f2b8c4174c86f4dc3b29dbbead3a0f85a979f1a13dd,e97e9d465aee352b5d92c059c85c429dd99db15c38188c9353b4099d73addff9,fe306c394afc53bed37cfed37062f4d8f97ae02f6508541e579da3eaf0b1cd2f,362f7e36973a2894c0e03b72c084b4c2b939a9202610cd8f10b29d9724865db8,03628f72e14f79437c49a4d89c2973a95badfdddcfa2864cc55f10131c7357ce,c39bd1e4e526f256299f05bdb59b6d5dd7b033ef5b0022fbae5c0943aadd9b49,0.4,192,7680,5066,2614,0.6596354166666667,50979,20331,0c362ec3d646f299681e28178b1d02586caa9863a5ab4ff8867bf457519b0fd4,data/metric_redesign_stage1b/full/stage1b_full_v1/stage1b_observation_O2_G101/sensor_011/metrics.csv,0.03362805141574887,138.70362718919847,1.6667468334824864,30108.956248877654,156.81748046290443,0.9292825093027371,0.0,0.025746039115917545,0.006436509778979386,155.36370398532455,0.0,0.0,140.12612120886604,143.99249714968275,147.7007474264052,0.0,0.0,0.0,0.0,30,-0.0009376242500085397,4.082599301381283e-11,8.791786993306565e-07,0.0009376452950506692,0.0009362301358368796,0.0009456125980648267,0.0009494585698467617,0.002527181987852441,7.207372587388083e-13,0.0019243728746374351,0.0,0.0,0.0
observation,stage1b_observation_O2_G101,O2,train,ST,101,22,9.151884361089826,16,61e74bc1d0078b93d21e3ad642c84ea27233376d4cfe62fcdd6c21f9ea0cf772,0bffed575ed25f8bd1826f2b8c4174c86f4dc3b29dbbead3a0f85a979f1a13dd,e97e9d465aee352b5d92c059c85c429dd99db15c38188c9353b4099d73addff9,fe306c394afc53bed37cfed37062f4d8f97ae02f6508541e579da3eaf0b1cd2f,362f7e36973a2894c0e03b72c084b4c2b939a9202610cd8f10b29d9724865db8,03628f72e14f79437c49a4d89c2973a95badfdddcfa2864cc55f10131c7357ce,c39bd1e4e526f256299f05bdb59b6d5dd7b033ef5b0022fbae5c0943aadd9b49,0.4,192,7680,5140,2540,0.6692708333333334,51038,20467,0e7eaea3cbbd650efcf3014147a13c205e19ce6d125090cd9a4eccd0c1d29e94,data/metric_redesign_stage1b/full/stage1b_full_v1/stage1b_observation_O2_G101/sensor_022/metrics.csv,0.04229497556440642,131.9087827309127,1.7016901484123261,30692.325218108566,159.8558605109821,0.9262732024811604,0.0,0.025470568816167678,0.006367642204041919,157.04399964012438,0.0,0.0,139.8901906927862,145.24180248210453,151.23772421854866,0.0,0.0,0.0,0.0,30,-0.0016255491443066224,5.1424540367580264e-11,2.6424597309450143e-06,0.0016255644345718856,0.0016231755542666093,0.0016357485653305305,0.0016373143167777826,0.0035434062921636117,7.477413472165913e-13,0.002870878322618641,0.0,0.0,0.0
observation,stage1b_observation_O3_G101,O3,train,ST,101,11,9.151884361089826,16,61e74bc1d0078b93d21e3ad642c84ea27233376d4cfe62fcdd6c21f9ea0cf772,0bffed575ed25f8bd1826f2b8c4174c86f4dc3b29dbbead3a0f85a979f1a13dd,e97e9d465aee352b5d92c059c85c429dd99db15c38188c9353b4099d73addff9,fe306c394afc53bed37cfed37062f4d8f97ae02f6508541e579da3eaf0b1cd2f,362f7e36973a2894c0e03b72c084b4c2b939a9202610cd8f10b29d9724865db8,03628f72e14f79437c49a4d89c2973a95badfdddcfa2864cc55f10131c7357ce,c39bd1e4e526f256299f05bdb59b6d5dd7b033ef5b0022fbae5c0943aadd9b49,0.1,192,7680,2487,5193,0.323828125,50979,5029,a7bf1ee99d187e3e38e93062698817e7d453b1cc9963f675d7dae56a760df0ae,data/metric_redesign_stage1b/full/stage1b_full_v1/stage1b_observation_O3_G101/sensor_011/metrics.csv,0.17131214581331633,78.62815834948479,3.687784855158874,15265.459182642244,79.50759990959503,0.4163211074446377,0.0,0.05139275963646625,0.012848189909116563,77.83197532676878,0.0,0.0,63.92871062686814,66.42626975515417,73.35625147551588,0.0,0.0,0.0,0.0,30,0.003246057350976983,5.3848103145722e-11,1.0536940378998084e-05,0.0032460653688732278,0.0032480049671708144,0.0032523648476004753,0.003252974982536294,0.0036376149543799383,8.481655206568078e-13,0.0026260219043972733,0.0,0.0,0.0
observation,stage1b_observation_O3_G101,O3,train,ST,101,22,9.151884361089826,16,61e74bc1d0078b93d21e3ad642c84ea27233376d4cfe62fcdd6c21f9ea0cf772,0bffed575ed25f8bd1826f2b8c4174c86f4dc3b29dbbead3a0f85a979f1a13dd,e97e9d465aee352b5d92c059c85c429dd99db15c38188c9353b4099d73addff9,fe306c394afc53bed37cfed37062f4d8f97ae02f6508541e579da3eaf0b1cd2f,362f7e36973a2894c0e03b72c084b4c2b939a9202610cd8f10b29d9724865db8,03628f72e14f79437c49a4d89c2973a95badfdddcfa2864cc55f10131c7357ce,c39bd1e4e526f256299f05bdb59b6d5dd7b033ef5b0022fbae5c0943aadd9b49,0.1,192,7680,2525,5155,0.3287760416666667,51038,5142,0319d3a33d4c5894c2c1de0cf5897caabf6ce4b45c8adc712b17d8da63bfcf2f,data/metric_redesign_stage1b/full/stage1b_full_v1/stage1b_observation_O3_G101/sensor_022/metrics.csv,0.1774071061648579,79.51379592926043,3.7891269025658976,15330.245351366251,79.84502787169923,0.4167086416782442,0.0,0.051666867655517895,0.012916716913879474,77.4190536703227,0.0,0.0,61.75356948658467,64.5482888086441,72.82998356785234,0.0,0.0,0.0,0.0,30,-0.0017079516378699347,4.742100159559845e-11,2.9171446376041353e-06,0.0017079650574892144,0.0017067625368110129,0.001715395475452297,0.0017196050603722312,0.0037831295465794255,4.981069607625985e-13,0.0028055819301245244,0.0,0.0,0.0
observation,stage1b_observation_O4_G101,O4,train,ST,101,11,9.151884361089826,16,61e74bc1d0078b93d21e3ad642c84ea27233376d4cfe62fcdd6c21f9ea0cf772,0bffed575ed25f8bd1826f2b8c4174c86f4dc3b29dbbead3a0f85a979f1a13dd,e97e9d465aee352b5d92c059c85c429dd99db15c38188c9353b4099d73addff9,fe306c394afc53bed37cfed37062f4d8f97ae02f6508541e579da3eaf0b1cd2f,362f7e36973a2894c0e03b72c084b4c2b939a9202610cd8f10b29d9724865db8,03628f72e14f79437c49a4d89c2973a95badfdddcfa2864cc55f10131c7357ce,c39bd1e4e526f256299f05bdb59b6d5dd7b033ef5b0022fbae5c0943aadd9b49,0.02,192,7680,692,6988,0.09010416666666667,50979,1009,56892983985c34e1b216d205725f4f75d2c1df459d69d2f2415d008defe1065a,data/metric_redesign_stage1b/full/stage1b_full_v1/stage1b_observation_O4_G101/sensor_011/metrics.csv,0.407304026102168,20.013539177451435,18.039582867191385,3941.3751700641888,20.52799567741765,0.10014542414840276,0.0,0.21296850054089617,0.05324212513522404,18.78212031282008,0.0,0.0,11.480820954155712,13.087178351563038,15.165807608522272,0.0,0.0,0.0,0.0,30,0.005230648189194298,9.995041146453794e-11,2.7359777097852674e-05,0.005230657425013865,0.005232135159120688,0.005240976411576881,0.005243388268309346,0.009383893461006015,9.007775688652125e-13,0.007103976574095367,0.0,0.0,0.0
observation,stage1b_observation_O4_G101,O4,train,ST,101,22,9.151884361089826,16,61e74bc1d0078b93d21e3ad642c84ea27233376d4cfe62fcdd6c21f9ea0cf772,0bffed575ed25f8bd1826f2b8c4174c86f4dc3b29dbbead3a0f85a979f1a13dd,e97e9d465aee352b5d92c059c85c429dd99db15c38188c9353b4099d73addff9,fe306c394afc53bed37cfed37062f4d8f97ae02f6508541e579da3eaf0b1cd2f,362f7e36973a2894c0e03b72c084b4c2b939a9202610cd8f10b29d9724865db8,03628f72e14f79437c49a4d89c2973a95badfdddcfa2864cc55f10131c7357ce,c39bd1e4e526f256299f05bdb59b6d5dd7b033ef5b0022fbae5c0943aadd9b49,0.02,192,7680,690,6990,0.08984375,51038,1018,4b9af3217671a1d5ef10433e05ccfcc673eae43084c3e73bf77329e4c494999f,data/metric_redesign_stage1b/full/stage1b_full_v1/stage1b_observation_O4_G101/sensor_022/metrics.csv,0.3984098587379624,21.038851700416817,16.90305187398561,4101.101413923344,21.359903197517415,0.10831618210008007,0.0,0.20683108264404348,0.05170777066101087,19.339452991618305,0.0,0.0,13.149793380897062,14.199977056196618,18.021350410294264,0.0,0.0,0.0,0.0,30,-0.004168882572073803,6.860285871168652e-11,1.737964821583744e-05,0.00416889052576791,0.004166192630558285,0.0041801174592059455,0.004182607228522173,0.00783511667844287,1.2590220990925855e-12,0.006077593016410564,0.0,0.0,0.0
geometry,stage1b_geometry_OC_G202,OC,train,OC,202,11,0.0,0,open_control,open_control,open_control,f548952a7463c1a5ebf5f8ba707c3e3af5260642d9db11fcbe2c4fe246c9d305,4fd0070ad8a90a05c92d0fa5eae630b56718bf0a21d03cdfcb999230afbdd67b,03628f72e14f79437c49a4d89c2973a95badfdddcfa2864cc55f10131c7357ce,2447ef7b04008dcbba195ef46d57ef141693eed97bf9e314807540084a8a1ea0,1.0,192,7680,0,7680,0.0,0,0,4cf0ef46e78599d3f4bb26dedfcc2e0a330583cf93f238c1f2a2e52716128e56,data/metric_redesign_stage1b/full/stage1b_full_v1/stage1b_geometry_OC_G202/sensor_011/metrics.csv,0.06342910883178177,123.84858997131104,2.049067429745068,47176.73120677045,245.71214170192943,1.1996363512880164,0.0,0.016326167908151473,0.004081541977037868,245.00544294922048,0.0,0.0,231.0010259125462,235.46727737244262,240.1032839078821,0.0,0.0,0.0,0.0,30,-7.388826067179129e-05,1.4238998794333314e-10,5.597118720114468e-09,7.4813893897554e-05,7.000718758654045e-05,8.899594019684542e-05,9.193387408430453e-05,0.0020552426833996547,2.335148106795697e-12,0.001663264825406348,0.0,0.0,0.0
geometry,stage1b_geometry_OC_G202,OC,train,OC,202,22,0.0,0,open_control,open_control,open_control,f548952a7463c1a5ebf5f8ba707c3e3af5260642d9db11fcbe2c4fe246c9d305,4fd0070ad8a90a05c92d0fa5eae630b56718bf0a21d03cdfcb999230afbdd67b,03628f72e14f79437c49a4d89c2973a95badfdddcfa2864cc55f10131c7357ce,2447ef7b04008dcbba195ef46d57ef141693eed97bf9e314807540084a8a1ea0,1.0,192,7680,0,7680,0.0,0,0,fa7cac9ae9c20dde293a1b7cd183f4f6e4504cf2c495100feabe2f8a3b258712,data/metric_redesign_stage1b/full/stage1b_full_v1/stage1b_geometry_OC_G202/sensor_022/metrics.csv,0.06272471853379047,124.50386169610874,2.0362541160448933,46530.61840070224,242.3469708369908,1.1779931681840607,0.0,0.016449993658958027,0.004112498414739507,243.16118795716105,0.0,0.0,228.5499094333624,235.57025182820624,239.0853429055373,0.0,0.0,0.0,0.0,30,-0.0010478284143874343,2.423640534063452e-10,1.098178671249311e-06,0.0010479402040428217,0.0010473107722361874,0.0010676908330793822,0.0010687188524010516,0.002190434519940335,1.2373590591346128e-12,0.0017472050878341318,0.0,0.0,0.0
geometry,stage1b_geometry_L1_G202,L1,train,ST,202,11,6.483010879385164,12,0c5c86ad401334acf38cf5fa5f8cd3a98458c91219b5a14dbf3222f5ebb29fac,0bffed575ed25f8bd1826f2b8c4174c86f4dc3b29dbbead3a0f85a979f1a13dd,e97e9d465aee352b5d92c059c85c429dd99db15c38188c9353b4099d73addff9,fe306c394afc53bed37cfed37062f4d8f97ae02f6508541e579da3eaf0b1cd2f,52490cb142dca5db0b6883bd05eab33446488478a803a583a4ca766a9ea0db50,03628f72e14f79437c49a4d89c2973a95badfdddcfa2864cc55f10131c7357ce,cc3236f6f843d9478dcd5ab4836d5bf46b8891807a1b9fe22596086a86b107ca,1.0,192,7680,6042,1638,0.78671875,6042,6042,cdab724c16c827f36649dbfaeb9898a9cfc844546ffb62c40152ccbfba54fca9,data/metric_redesign_stage1b/full/stage1b_full_v1/stage1b_geometry_L1_G202/sensor_011/metrics.csv,0.04082754858978832,122.56853398336261,1.7481897994175952,39148.11657201407,203.89644047923997,1.216366622123663,0.0,0.019469891342638802,0.004867472835659701,205.44541978208443,0.0,0.0,193.07486001610286,195.30002199962456,200.2926151433025,0.0,0.0,0.0,0.0,30,-0.0022773724026749894,4.18569593057883e-11,5.186465522192983e-06,0.002277381286081227,0.002276219211216457,0.0022840314652526673,0.002288981883770802,0.0021695916987139563,5.440781806959029e-13,0.0017132739840215482,0.0,0.0,0.0
geometry,stage1b_geometry_L1_G202,L1,train,ST,202,22,6.483010879385164,12,0c5c86ad401334acf38cf5fa5f8cd3a98458c91219b5a14dbf3222f5ebb29fac,0bffed575ed25f8bd1826f2b8c4174c86f4dc3b29dbbead3a0f85a979f1a13dd,e97e9d465aee352b5d92c059c85c429dd99db15c38188c9353b4099d73addff9,fe306c394afc53bed37cfed37062f4d8f97ae02f6508541e579da3eaf0b1cd2f,52490cb142dca5db0b6883bd05eab33446488478a803a583a4ca766a9ea0db50,03628f72e14f79437c49a4d89c2973a95badfdddcfa2864cc55f10131c7357ce,cc3236f6f843d9478dcd5ab4836d5bf46b8891807a1b9fe22596086a86b107ca,1.0,192,7680,6063,1617,0.789453125,6063,6063,3328bd82ddc546cc05cc9545a5e97c3d1b1b8a84262e4290eefe7d4fd215f5ab,data/metric_redesign_stage1b/full/stage1b_full_v1/stage1b_geometry_L1_G202/sensor_022/metrics.csv,0.04377120237209786,121.85444036474087,1.7988362479828859,39612.67950427976,206.31603908479042,1.2068743585361825,0.0,0.01936270750853463,0.004840676877133658,206.58267952645016,0.0,0.0,193.90595778088098,196.4707200249369,203.1700600075619,0.0,0.0,0.0,0.0,30,-0.002757122388053901,6.9466204331566e-11,7.601791013372233e-06,0.0027571345656990038,0.002753804199238985,0.0027674074034585773,0.002773971000427622,0.002048338610631883,6.326599568538239e-13,0.0016352102659034932,0.0,0.0,0.0
geometry,stage1b_geometry_L2_G202,L2,train,ST,202,11,5.1703525279132965,7,0c5c86ad401334acf38cf5fa5f8cd3a98458c91219b5a14dbf3222f5ebb29fac,0bffed575ed25f8bd1826f2b8c4174c86f4dc3b29dbbead3a0f85a979f1a13dd,e97e9d465aee352b5d92c059c85c429dd99db15c38188c9353b4099d73addff9,fe306c394afc53bed37cfed37062f4d8f97ae02f6508541e579da3eaf0b1cd2f,beea9a262cb6bb02863d46c4a13eea28bf838bd512178476e9f951c633db1a43,03628f72e14f79437c49a4d89c2973a95badfdddcfa2864cc55f10131c7357ce,5249901eac818b79cebb879a558982323e6b7d9c54c3d8268f8c56b2cba911cd,1.0,192,7680,5213,2467,0.6787760416666667,5213,5213,e96bb7a772aabe8876ea383d0f16adba063473e8b4830b0486709d236e694245,data/metric_redesign_stage1b/full/stage1b_full_v1/stage1b_geometry_L2_G202/sensor_011/metrics.csv,0.11590204992092346,79.67225931024697,2.694316955137932,27276.883547064102,142.06710180762553,0.9800110711710621,0.0,0.028310722689632972,0.007077680672408243,141.28922259779506,0.0,0.0,102.06494637809165,105.29904614761817,114.07387029447587,0.0,0.0,0.0,0.0,30,-0.0005522988094874392,3.836893274359617e-11,3.050710649295615e-07,0.0005523323862762,0.0005514689110963644,0.0005599995072731901,0.0005634426654134827,0.0025823180726797916,4.0873167693359625e-13,0.00208735277948614,0.0,0.0,0.0
geometry,stage1b_geometry_L2_G202,L2,train,ST,202,22,5.1703525279132965,7,0c5c86ad401334acf38cf5fa5f8cd3a98458c91219b5a14dbf3222f5ebb29fac,0bffed575ed25f8bd1826f2b8c4174c86f4dc3b29dbbead3a0f85a979f1a13dd,e97e9d465aee352b5d92c059c85c429dd99db15c38188c9353b4099d73addff9,fe306c394afc53bed37cfed37062f4d8f97ae02f6508541e579da3eaf0b1cd2f,beea9a262cb6bb02863d46c4a13eea28bf838bd512178476e9f951c633db1a43,03628f72e14f79437c49a4d89c2973a95badfdddcfa2864cc55f10131c7357ce,5249901eac818b79cebb879a558982323e6b7d9c54c3d8268f8c56b2cba911cd,1.0,192,7680,5180,2500,0.6744791666666666,5180,5180,b17063f803a594487926df980f33feed79e366dc41222f68b1de63f847e02395,data/metric_redesign_stage1b/full/stage1b_full_v1/stage1b_geometry_L2_G202/sensor_022/metrics.csv,0.11134698842496127,82.44826482660304,2.6744472327545443,27941.327537163117,145.52774758939125,0.9964554858458866,0.0,0.028147062296797934,0.0070367655741994835,142.11074526434854,0.0,0.0,102.43814131441121,107.18312674202676,118.200781829197,0.0,0.0,0.0,0.0,30,-0.0015422578993296318,7.809218019671724e-11,2.3786349171521715e-06,0.0015422823727035758,0.001538884404563845,0.001552305772972673,0.0015583881323417259,0.0035740167662453217,4.149295735023011e-13,0.0030222261952146316,0.0,0.0,0.0
geometry,stage1b_geometry_L3_G202,L3,train,ST,202,11,3.025383589267516,3,0c5c86ad401334acf38cf5fa5f8cd3a98458c91219b5a14dbf3222f5ebb29fac,0bffed575ed25f8bd1826f2b8c4174c86f4dc3b29dbbead3a0f85a979f1a13dd,e97e9d465aee352b5d92c059c85c429dd99db15c38188c9353b4099d73addff9,fe306c394afc53bed37cfed37062f4d8f97ae02f6508541e579da3eaf0b1cd2f,bcbe30b9f38157d9ea61fd917c5a40bd77fb52f8734172360053d6b783c54494,03628f72e14f79437c49a4d89c2973a95badfdddcfa2864cc55f10131c7357ce,6914b0c110c13d9f1277cf652e5ebc28f663babc3980fa22679a8e07fed3cc2b,1.0,192,7680,3707,3973,0.48268229166666665,3707,3707,16172cdaf314b7d203dfbcca2f3d621c75d92a3581178aa2d61bc644c304b3da,data/metric_redesign_stage1b/full/stage1b_full_v1/stage1b_geometry_L3_G202/sensor_011/metrics.csv,0.2862394632413442,32.4849248233874,6.890422422078194,9261.762909107649,48.23834848493567,0.3448419757008392,0.0,0.13629456951614038,0.034073642379035096,29.348197908400955,0.0,0.0,12.823685419759194,13.377480667322615,18.628021364192954,0.0,0.0,0.0,0.0,30,-0.0014397326889425226,3.935575737674547e-11,2.072868259508464e-06,0.001439745901021588,0.0014393544904027777,0.0014449733674030795,0.0014491642700685148,0.006549058609857938,2.383838904779592e-12,0.004618920279212558,0.0,0.0,0.0
geometry,stage1b_geometry_L3_G202,L3,train,ST,202,22,3.025383589267516,3,0c5c86ad401334acf38cf5fa5f8cd3a98458c91219b5a14dbf3222f5ebb29fac,0bffed575ed25f8bd1826f2b8c4174c86f4dc3b29dbbead3a0f85a979f1a13dd,e97e9d465aee352b5d92c059c85c429dd99db15c38188c9353b4099d73addff9,fe306c394afc53bed37cfed37062f4d8f97ae02f6508541e579da3eaf0b1cd2f,bcbe30b9f38157d9ea61fd917c5a40bd77fb52f8734172360053d6b783c54494,03628f72e14f79437c49a4d89c2973a95badfdddcfa2864cc55f10131c7357ce,6914b0c110c13d9f1277cf652e5ebc28f663babc3980fa22679a8e07fed3cc2b,1.0,192,7680,3701,3979,0.48190104166666664,3701,3701,c9c15ebd72550b2850a0153410b6e953a5852019d534eb3ec7418ac592180b9c,data/metric_redesign_stage1b/full/stage1b_full_v1/stage1b_geometry_L3_G202/sensor_022/metrics.csv,0.2616797260272782,33.03179104415497,6.266981017138819,9503.621462868807,49.4980284524417,0.3447371650017998,0.0,0.13228655884415766,0.033071639711039415,30.237387947420004,0.0,0.0,12.999792141083693,14.403600741387526,19.44686578195732,0.0,0.0,0.0,0.0,30,4.3784632681346616e-05,3.8595351780600566e-11,1.954402899095027e-09,4.420862923791041e-05,4.450066982819578e-05,5.03168452453906e-05,5.240631766785242e-05,0.0062321709309974445,2.976429466017637e-12,0.00489840141534189,0.0,0.0,0.0
geometry,stage1b_geometry_L4_G202,L4,train,ST,202,11,1.4013881600591838,1,0c5c86ad401334acf38cf5fa5f8cd3a98458c91219b5a14dbf3222f5ebb29fac,0bffed575ed25f8bd1826f2b8c4174c86f4dc3b29dbbead3a0f85a979f1a13dd,e97e9d465aee352b5d92c059c85c429dd99db15c38188c9353b4099d73addff9,fe306c394afc53bed37cfed37062f4d8f97ae02f6508541e579da3eaf0b1cd2f,51f51ee991d02edcdd9ce95b23b920397ffb47d8dc38cadd18aed7e9923ab1c6,03628f72e14f79437c49a4d89c2973a95badfdddcfa2864cc55f10131c7357ce,9d2b24b0d601f9fae15d9263d2046a1c976f6a75794fece143393714ba013ded,1.0,192,7680,1804,5876,0.23489583333333333,1804,1804,88fb61e9a20e8a4dd300ee9b7ca3d46b6346a9aef9e02797512a2ff24dc1f549,data/metric_redesign_stage1b/full/stage1b_full_v1/stage1b_geometry_L4_G202/sensor_011/metrics.csv,0.42686512006486277,10.725968469205469,25.62360585278735,2432.8599882876833,12.671145772331684,0.07704690967376918,0.0,0.48675449945030924,0.12168862486257731,8.217694966388994,0.0,0.0,2.839636216867256,3.6769243950258406,5.4657352012778615,0.30723517883875723,0.0,0.325,1.3,30,-0.0028861845939676554,8.916050618577335e-11,8.330147698945554e-06,0.0028861995251447106,0.0028849986507459846,0.002899699029294922,0.0029007159803208895,0.014892072294340298,3.475343886149819e-09,0.0107890131419156,0.0,0.0,0.0
geometry,stage1b_geometry_L4_G202,L4,train,ST,202,22,1.4013881600591838,1,0c5c86ad401334acf38cf5fa5f8cd3a98458c91219b5a14dbf3222f5ebb29fac,0bffed575ed25f8bd1826f2b8c4174c86f4dc3b29dbbead3a0f85a979f1a13dd,e97e9d465aee352b5d92c059c85c429dd99db15c38188c9353b4099d73addff9,fe306c394afc53bed37cfed37062f4d8f97ae02f6508541e579da3eaf0b1cd2f,51f51ee991d02edcdd9ce95b23b920397ffb47d8dc38cadd18aed7e9923ab1c6,03628f72e14f79437c49a4d89c2973a95badfdddcfa2864cc55f10131c7357ce,9d2b24b0d601f9fae15d9263d2046a1c976f6a75794fece143393714ba013ded,1.0,192,7680,1794,5886,0.23359375,1794,1794,b9ccd7215fa7ab3f4c0a1729fd66a3d04c09769f6fb84be70a7a3f457c154df2,data/metric_redesign_stage1b/full/stage1b_full_v1/stage1b_geometry_L4_G202/sensor_022/metrics.csv,0.42625759542025654,11.606226816259268,24.13414059480441,2343.9342726651093,12.207991003464109,0.07363714984530467,0.0,0.47251077598472097,0.11812769399618024,8.465415400662405,0.0,0.0,2.903554979491517,3.7953301578297154,5.50974248277177,0.30738684025167173,0.0,0.325,1.3,30,-0.0034998749110052075,1.0548481768307315e-10,1.2249226361340805e-05,0.0034998894784465415,0.0034983576002023398,0.00350908269865684,0.0035180395092968553,0.01393763165001159,2.8445858907517067e-09,0.00930217512669157,0.0,0.0,0.0
observation,stage1b_observation_O1_G202,O1,train,ST,202,11,7.034736883539804,16,0c5c86ad401334acf38cf5fa5f8cd3a98458c91219b5a14dbf3222f5ebb29fac,0bffed575ed25f8bd1826f2b8c4174c86f4dc3b29dbbead3a0f85a979f1a13dd,e97e9d465aee352b5d92c059c85c429dd99db15c38188c9353b4099d73addff9,fe306c394afc53bed37cfed37062f4d8f97ae02f6508541e579da3eaf0b1cd2f,0c1c7340b9a42a993364d306700d988a2891bbf99a3ff7e50bec39f8e2f04b6b,03628f72e14f79437c49a4d89c2973a95badfdddcfa2864cc55f10131c7357ce,3ece03ca664895aad3e4af93c1303f76ba528566c5c4d89d4acfdd6b2dfe5822,1.0,192,7680,6334,1346,0.8247395833333333,50939,50939,92054a5d6c86bdbe033f81d5f88acde807be825b2623d2c58ee49f4150a27e4f,data/metric_redesign_stage1b/full/stage1b_full_v1/stage1b_observation_O1_G202/sensor_011/metrics.csv,0.04040982573554308,108.01634121210586,1.7933945956711024,33620.76169616254,175.10813383417988,1.1414500611187974,0.0,0.023170361068770687,0.005792590267192672,172.6343404027161,0.0,0.0,154.42905656347057,156.9661194348885,165.88733764847922,0.0,0.0,0.0,0.0,30,-0.001804778236054479,5.645609072792752e-11,3.2572790555569547e-06,0.0018047933553614814,0.0018024789530191043,0.0018155529174716633,0.001818642666279402,0.0026671730809123342,4.540118199635968e-13,0.0022638400633472324,0.0,0.0,0.0
observation,stage1b_observation_O1_G202,O1,train,ST,202,22,7.034736883539804,16,0c5c86ad401334acf38cf5fa5f8cd3a98458c91219b5a14dbf3222f5ebb29fac,0bffed575ed25f8bd1826f2b8c4174c86f4dc3b29dbbead3a0f85a979f1a13dd,e97e9d465aee352b5d92c059c85c429dd99db15c38188c9353b4099d73addff9,fe306c394afc53bed37cfed37062f4d8f97ae02f6508541e579da3eaf0b1cd2f,0c1c7340b9a42a993364d306700d988a2891bbf99a3ff7e50bec39f8e2f04b6b,03628f72e14f79437c49a4d89c2973a95badfdddcfa2864cc55f10131c7357ce,3ece03ca664895aad3e4af93c1303f76ba528566c5c4d89d4acfdd6b2dfe5822,1.0,192,7680,6364,1316,0.8286458333333333,50986,50986,5129445823e629cc92e01a34d4e826353c71d2de4afcea872cdcf2461516a653,data/metric_redesign_stage1b/full/stage1b_full_v1/stage1b_observation_O1_G202/sensor_022/metrics.csv,0.03782677751532204,108.82248840888951,1.720237426110781,33386.49810158471,173.88801094575368,1.1412685009366008,0.0,0.023029374260796445,0.005757343565199111,173.69121517163032,0.0,0.0,159.00993665484359,160.99862991331187,166.54350793803334,0.0,0.0,0.0,0.0,30,-0.0005913390350662221,4.199149314918488e-11,3.497224461697615e-07,0.0005913733559856763,0.0005893695391900877,0.0006006114972123555,0.0006027014207422354,0.0018639926945334965,1.0059251674422753e-12,0.0013843941357862446,0.0,0.0,0.0
observation,stage1b_observation_O2_G202,O2,train,ST,202,11,7.034736883539804,16,0c5c86ad401334acf38cf5fa5f8cd3a98458c91219b5a14dbf3222f5ebb29fac,0bffed575ed25f8bd1826f2b8c4174c86f4dc3b29dbbead3a0f85a979f1a13dd,e97e9d465aee352b5d92c059c85c429dd99db15c38188c9353b4099d73addff9,fe306c394afc53bed37cfed37062f4d8f97ae02f6508541e579da3eaf0b1cd2f,0c1c7340b9a42a993364d306700d988a2891bbf99a3ff7e50bec39f8e2f04b6b,03628f72e14f79437c49a4d89c2973a95badfdddcfa2864cc55f10131c7357ce,3ece03ca664895aad3e4af93c1303f76ba528566c5c4d89d4acfdd6b2dfe5822,0.4,192,7680,5035,2645,0.6555989583333334,50939,20393,ad0ebb066cee2502c40242fb9a5ae1787ad47a3a97ec71d2db1bce80ece61d3a,data/metric_redesign_stage1b/full/stage1b_full_v1/stage1b_observation_O2_G202/sensor_011/metrics.csv,0.03552375988286294,124.34183802447913,1.6881386546941783,26322.460617692115,137.09614905047977,0.8152253132433265,0.0,0.02930353769857236,0.00732588442464309,136.50228996736035,0.0,0.0,113.54821790617483,123.73662317122123,131.68420439656376,0.0,0.0,0.0,0.0,30,-0.00038051172856109854,3.8785104143401867e-11,1.4482666783989374e-07,0.0003805609909592597,0.00037934326695321374,0.00038702253384883536,0.00039135336362932093,0.004043356014800824,8.153865752034552e-13,0.003307958150565869,0.0,0.0,0.0
observation,stage1b_observation_O2_G202,O2,train,ST,202,22,7.034736883539804,16,0c5c86ad401334acf38cf5fa5f8cd3a98458c91219b5a14dbf3222f5ebb29fac,0bffed575ed25f8bd1826f2b8c4174c86f4dc3b29dbbead3a0f85a979f1a13dd,e97e9d465aee352b5d92c059c85c429dd99db15c38188c9353b4099d73addff9,fe306c394afc53bed37cfed37062f4d8f97ae02f6508541e579da3eaf0b1cd2f,0c1c7340b9a42a993364d306700d988a2891bbf99a3ff7e50bec39f8e2f04b6b,03628f72e14f79437c49a4d89c2973a95badfdddcfa2864cc55f10131c7357ce,3ece03ca664895aad3e4af93c1303f76ba528566c5c4d89d4acfdd6b2dfe5822,0.4,192,7680,5068,2612,0.6598958333333333,50986,20283,04ebd990d59eaa016ede691d680d02e192c45bb0bd56d790c0175a8cbc8e7a58,data/metric_redesign_stage1b/full/stage1b_full_v1/stage1b_observation_O2_G202/sensor_022/metrics.csv,0.047670843997441925,123.97616771648647,1.8024495705319517,26798.489093524848,139.57546402877523,0.8475227975579418,0.0,0.028763861647277407,0.007190965411819352,139.06338617014634,0.0,0.0,121.29094777508952,125.09607154160419,131.41653112568758,0.0,0.0,0.0,0.0,30,-0.0021373800120223054,1.2815768105060706e-10,4.568517201550819e-06,0.0021374089925774195,0.0021336460403826862,0.0021527522753125084,0.0021605458322781603,0.0031857080946988818,1.7718561975553088e-12,0.0024948716172743875,0.0,0.0,0.0
observation,stage1b_observation_O3_G202,O3,train,ST,202,11,7.034736883539804,16,0c5c86ad401334acf38cf5fa5f8cd3a98458c91219b5a14dbf3222f5ebb29fac,0bffed575ed25f8bd1826f2b8c4174c86f4dc3b29dbbead3a0f85a979f1a13dd,e97e9d465aee352b5d92c059c85c429dd99db15c38188c9353b4099d73addff9,fe306c394afc53bed37cfed37062f4d8f97ae02f6508541e579da3eaf0b1cd2f,0c1c7340b9a42a993364d306700d988a2891bbf99a3ff7e50bec39f8e2f04b6b,03628f72e14f79437c49a4d89c2973a95badfdddcfa2864cc55f10131c7357ce,3ece03ca664895aad3e4af93c1303f76ba528566c5c4d89d4acfdd6b2dfe5822,0.1,192,7680,2513,5167,0.32721354166666666,50939,5156,732a1066cf10451b537339d2cc28aba241d6ad4394e58a8f8ae5e8f18a8d5d59,data/metric_redesign_stage1b/full/stage1b_full_v1/stage1b_observation_O3_G202/sensor_011/metrics.csv,0.20415243519569737,67.1147300034816,4.459165129369002,12964.735018077736,67.5246615524882,0.3625872977590697,0.0,0.060701604837208656,0.015175401209302164,65.89611610314616,0.0,0.0,50.543757636245985,53.68969741583188,63.41849194222294,0.0,0.0,0.0,0.0,30,-0.006796701966948268,4.577613863823899e-11,4.6195201877785804e-05,0.006796705222222441,0.006794623116595844,0.006806975554249561,0.006807834251481992,0.0042530318671604814,8.991406672469801e-13,0.0034104347892930085,0.0,0.0,0.0
observation,stage1b_observation_O3_G202,O3,train,ST,202,22,7.034736883539804,16,0c5c86ad401334acf38cf5fa5f8cd3a98458c91219b5a14dbf3222f5ebb29fac,0bffed575ed25f8bd1826f2b8c4174c86f4dc3b29dbbead3a0f85a979f1a13dd,e97e9d465aee352b5d92c059c85c429dd99db15c38188c9353b4099d73addff9,fe306c394afc53bed37cfed37062f4d8f97ae02f6508541e579da3eaf0b1cd2f,0c1c7340b9a42a993364d306700d988a2891bbf99a3ff7e50bec39f8e2f04b6b,03628f72e14f79437c49a4d89c2973a95badfdddcfa2864cc55f10131c7357ce,3ece03ca664895aad3e4af93c1303f76ba528566c5c4d89d4acfdd6b2dfe5822,0.1,192,7680,2508,5172,0.3265625,50986,5093,c4d03e45975a2142f3c11e5c2b2caceb771bd7841c97b0aac00486fd4799fe40,data/metric_redesign_stage1b/full/stage1b_full_v1/stage1b_observation_O3_G202/sensor_022/metrics.csv,0.20477771360225072,68.33041911596771,4.430793680979361,13149.774058344865,68.48840655387951,0.3651671293174251,0.0,0.059091844360818505,0.014772961090204626,67.6912362994756,0.0,0.0,55.41423187322736,58.89046909171666,62.315424808098435,0.0,0.0,0.0,0.0,30,-0.004192335650957327,3.565908883637661e-11,1.7575712680740344e-05,0.0041923397620827856,0.004190801068990169,0.004200204067980095,0.004204552560520191,0.0034409668012769677,8.471749895655134e-13,0.002649816547960316,0.0,0.0,0.0
observation,stage1b_observation_O4_G202,O4,train,ST,202,11,7.034736883539804,16,0c5c86ad401334acf38cf5fa5f8cd3a98458c91219b5a14dbf3222f5ebb29fac,0bffed575ed25f8bd1826f2b8c4174c86f4dc3b29dbbead3a0f85a979f1a13dd,e97e9d465aee352b5d92c059c85c429dd99db15c38188c9353b4099d73addff9,fe306c394afc53bed37cfed37062f4d8f97ae02f6508541e579da3eaf0b1cd2f,0c1c7340b9a42a993364d306700d988a2891bbf99a3ff7e50bec39f8e2f04b6b,03628f72e14f79437c49a4d89c2973a95badfdddcfa2864cc55f10131c7357ce,3ece03ca664895aad3e4af93c1303f76ba528566c5c4d89d4acfdd6b2dfe5822,0.02,192,7680,730,6950,0.09505208333333333,50939,1048,07f983bcd0fa3ef004176f7b5c0d666fae9c88141f68b83ebe112c0d6d4c998d,data/metric_redesign_stage1b/full/stage1b_full_v1/stage1b_observation_O4_G202/sensor_011/metrics.csv,0.41103443197847167,18.679313611602204,19.136235258542964,3603.2844935791163,18.76710673739123,0.09689535824678441,0.0,0.2432450671613247,0.06081126679033118,16.444321139499717,0.0,0.0,8.153521467978994,10.859256159253727,15.999692380554977,0.0,0.0,0.025,0.10000000000000009,30,-0.014446026369315135,7.600014276231633e-11,0.00020868775132975285,0.014446028912118127,0.014443336999532264,0.014458243943125382,0.014463135600127153,0.009645698318893723,1.1050253783767013e-12,0.007233070016205187,0.0,0.0,0.0
observation,stage1b_observation_O4_G202,O4,train,ST,202,22,7.034736883539804,16,0c5c86ad401334acf38cf5fa5f8cd3a98458c91219b5a14dbf3222f5ebb29fac,0bffed575ed25f8bd1826f2b8c4174c86f4dc3b29dbbead3a0f85a979f1a13dd,e97e9d465aee352b5d92c059c85c429dd99db15c38188c9353b4099d73addff9,fe306c394afc53bed37cfed37062f4d8f97ae02f6508541e579da3eaf0b1cd2f,0c1c7340b9a42a993364d306700d988a2891bbf99a3ff7e50bec39f8e2f04b6b,03628f72e14f79437c49a4d89c2973a95badfdddcfa2864cc55f10131c7357ce,3ece03ca664895aad3e4af93c1303f76ba528566c5c4d89d4acfdd6b2dfe5822,0.02,192,7680,739,6941,0.09622395833333333,50986,1078,696666efc07a88bab39c15c2276a795f3f25b3c6bd81cde829f7af2bc9140490,data/metric_redesign_stage1b/full/stage1b_full_v1/stage1b_observation_O4_G202/sensor_022/metrics.csv,0.41559447672669003,18.204727067916053,19.511287408102717,3502.567076651796,18.242536857561436,0.09009539494636992,0.0,0.23546755597708965,0.058866888994272414,16.987478310554124,0.0,0.0,11.287490580304159,12.539874184852406,15.407439375852151,0.0,0.0,0.025,0.10000000000000009,30,-0.007144780880726269,1.1372780291252963e-10,5.104800377046779e-05,0.007144788574231416,0.007141403845132288,0.0071605951888187745,0.007164302060103189,0.007347085773030851,7.307519806650238e-13,0.005848822757489382,0.0,0.0,0.0
geometry,stage1b_geometry_OC_G303,OC,train,OC,303,11,0.0,0,open_control,open_control,open_control,f548952a7463c1a5ebf5f8ba707c3e3af5260642d9db11fcbe2c4fe246c9d305,a01736c9888f7fe920489f2d4e7e177931a55acf3a6f49c4671b80b6556270c4,03628f72e14f79437c49a4d89c2973a95badfdddcfa2864cc55f10131c7357ce,727318c941a193e4b1649f1ad0dd4d57829b90974871ca16103a5ce49701b2db,1.0,192,7680,0,7680,0.0,0,0,48c78c749b9860591201f57a71818fc2f7c10eebf33b0241570f0af58f586eff,data/metric_redesign_stage1b/full/stage1b_full_v1/stage1b_geometry_OC_G303/sensor_011/metrics.csv,0.05911279442267603,126.48360639458238,2.018883595520088,46622.865269561924,242.82742327896835,1.1847936880842322,0.0,0.016457469887103733,0.004114367471775933,243.05072574578713,0.0,0.0,234.1797018712875,235.7756138725619,238.91098649460167,0.0,0.0,0.0,0.0,30,-0.00231467651287911,1.1562979713524988e-10,5.35783913474476e-06,0.0023147006576973964,0.0023137463727840313,0.0023269602339295757,0.0023376233457513607,0.002080798097290941,1.2454101024990076e-12,0.0016148609646913408,0.0,0.0,0.0
geometry,stage1b_geometry_OC_G303,OC,train,OC,303,22,0.0,0,open_control,open_control,open_control,f548952a7463c1a5ebf5f8ba707c3e3af5260642d9db11fcbe2c4fe246c9d305,a01736c9888f7fe920489f2d4e7e177931a55acf3a6f49c4671b80b6556270c4,03628f72e14f79437c49a4d89c2973a95badfdddcfa2864cc55f10131c7357ce,727318c941a193e4b1649f1ad0dd4d57829b90974871ca16103a5ce49701b2db,1.0,192,7680,0,7680,0.0,0,0,1426a4a7f01ded7e055cdc395c338d5f6627f025d0a2e815747711ebccc05545,data/metric_redesign_stage1b/full/stage1b_full_v1/stage1b_geometry_OC_G303/sensor_022/metrics.csv,0.05522962702479828,129.34122359444135,1.9698407904003665,46600.12283715325,242.70897311017313,1.1872962006030257,0.0,0.016515748131401088,0.004128937032850272,242.19308554329874,0.0,0.0,229.07526960419875,231.13137163312314,236.60246248842535,0.0,0.0,0.0,0.0,30,0.000926192417248591,1.0820532450668016e-10,8.579369922491447e-07,0.0009262488824550044,0.0009291198540255508,0.0009366076220167941,0.0009370445991318199,0.0025836518540322153,1.6118865132922584e-12,0.0020252569719830115,0.0,0.0,0.0
geometry,stage1b_geometry_L1_G303,L1,train,ST,303,11,7.456643051267373,12,28af28bd325b2fd3ea0b77ed155e4d894ad1515603136ed2b48cbab10bf6b559,0bffed575ed25f8bd1826f2b8c4174c86f4dc3b29dbbead3a0f85a979f1a13dd,e97e9d465aee352b5d92c059c85c429dd99db15c38188c9353b4099d73addff9,fe306c394afc53bed37cfed37062f4d8f97ae02f6508541e579da3eaf0b1cd2f,7d37cc430d7e75ef7ea4f4465253934110cdeaf0d303108266f5c442d35e1bcf,03628f72e14f79437c49a4d89c2973a95badfdddcfa2864cc55f10131c7357ce,549d2a29f59a3f7c97741f30a6845624d200dbe58f78756e9864ced45d5808bb,1.0,192,7680,6040,1640,0.7864583333333334,6040,6040,d8ee92f510c26b1674173461d51eeaccce4acd7380761b8520fc00e72182ffc3,data/metric_redesign_stage1b/full/stage1b_full_v1/stage1b_geometry_L1_G303/sensor_011/metrics.csv,0.06365649988112654,109.47734699548256,2.01445810593888,38612.47352522934,201.1066329439028,1.2248330928135913,0.0,0.020226941171092964,0.005056735292773241,197.75605051526728,0.0,0.0,178.6411031260023,181.8850105854546,191.0845828482803,0.0,0.0,0.0,0.0,30,-0.001693725674437019,7.464927004897248e-11,2.868778821208182e-06,0.0016937469767377247,0.0016904900221206276,0.001705552323021564,0.0017085332290701417,0.002324442220704666,8.418217337942845e-13,0.0018170491265054416,0.0,0.0,0.0
geometry,stage1b_geometry_L1_G303,L1,train,ST,303,22,7.456643051267373,12,28af28bd325b2fd3ea0b77ed155e4d894ad1515603136ed2b48cbab10bf6b559,0bffed575ed25f8bd1826f2b8c4174c86f4dc3b29dbbead3a0f85a979f1a13dd,e97e9d465aee352b5d92c059c85c429dd99db15c38188c9353b4099d73addff9,fe306c394afc53bed37cfed37062f4d8f97ae02f6508541e579da3eaf0b1cd2f,7d37cc430d7e75ef7ea4f4465253934110cdeaf0d303108266f5c442d35e1bcf,03628f72e14f79437c49a4d89c2973a95badfdddcfa2864cc55f10131c7357ce,549d2a29f59a3f7c97741f30a6845624d200dbe58f78756e9864ced45d5808bb,1.0,192,7680,6038,1642,0.7861979166666667,6038,6038,d3ac598f1f0b78087f5d79deac700b7d37348b567b1f515cf9b6c47731839747,data/metric_redesign_stage1b/full/stage1b_full_v1/stage1b_geometry_L1_G303/sensor_022/metrics.csv,0.08079983073150676,103.78071692908236,2.1859897464392377,38387.498943088496,199.93489032858594,1.2119732176148208,0.0,0.020197717585342816,0.005049429396335704,198.04217892930342,0.0,0.0,183.01273320281555,184.87728642697184,191.26244395540817,0.0,0.0,0.0,0.0,30,0.0016541487194032811,2.391507164301181e-11,2.7362311038061035e-06,0.0016541557072434576,0.0016561927897988937,0.0016590014778792295,0.0016596537875017247,0.0023323855078104467,7.645716902161205e-13,0.0018242320189869646,0.0,0.0,0.0
geometry,stage1b_geometry_L2_G303,L2,train,ST,303,11,6.0781424493290075,7,28af28bd325b2fd3ea0b77ed155e4d894ad1515603136ed2b48cbab10bf6b559,0bffed575ed25f8bd1826f2b8c4174c86f4dc3b29dbbead3a0f85a979f1a13dd,e97e9d465aee352b5d92c059c85c429dd99db15c38188c9353b4099d73addff9,fe306c394afc53bed37cfed37062f4d8f97ae02f6508541e579da3eaf0b1cd2f,1efb48035730f7da21c487cb66eb956d817c230c599935b46dabbac37aae8764,03628f72e14f79437c49a4d89c2973a95badfdddcfa2864cc55f10131c7357ce,9da5a6f4c00bd8a4f5c8951c3eea0d605a0214a7a7002d0bfe56ad7a39204c46,1.0,192,7680,5223,2457,0.680078125,5223,5223,d7c3ecd4fd9817962f767e0160db8e348c2b06761849c428cb910772bcd56be7,data/metric_redesign_stage1b/full/stage1b_full_v1/stage1b_geometry_L2_G303/sensor_011/metrics.csv,0.1320527149500509,78.77452049806145,3.0133041550653985,25476.877035089423,132.69206789109074,0.9453046740998104,0.0,0.030142759687912808,0.007535689921978202,132.70185083962278,0.0,0.0,82.85936313446628,92.27927746361681,103.41059502475602,0.0,0.0,0.0,0.0,30,-0.0013764936667134482,5.4851551165704226e-11,1.8947878376683603e-06,0.0013765129268075765,0.0013750360535045303,0.0013847790529503356,0.0013898872396017835,0.0038256438967791003,4.2325787989339703e-13,0.0030188808206630144,0.0,0.0,0.0
geometry,stage1b_geometry_L2_G303,L2,train,ST,303,22,6.0781424493290075,7,28af28bd325b2fd3ea0b77ed155e4d894ad1515603136ed2b48cbab10bf6b559,0bffed575ed25f8bd1826f2b8c4174c86f4dc3b29dbbead3a0f85a979f1a13dd,e97e9d465aee352b5d92c059c85c429dd99db15c38188c9353b4099d73addff9,fe306c394afc53bed37cfed37062f4d8f97ae02f6508541e579da3eaf0b1cd2f,1efb48035730f7da21c487cb66eb956d817c230c599935b46dabbac37aae8764,03628f72e14f79437c49a4d89c2973a95badfdddcfa2864cc55f10131c7357ce,9da5a6f4c00bd8a4f5c8951c3eea0d605a0214a7a7002d0bfe56ad7a39204c46,1.0,192,7680,5203,2477,0.6774739583333333,5203,5203,0e03dc85f7fabe54f88fd6000f011ba5bfa0c0af77cbf2dda5ec92f900f74d97,data/metric_redesign_stage1b/full/stage1b_full_v1/stage1b_geometry_L2_G303/sensor_022/metrics.csv,0.1304000518421824,75.65185358606365,2.979757546371304,26816.765052425602,139.67065131471668,0.9082883402297444,0.0,0.029987276007828443,0.007496819001957111,133.38990840501035,0.0,0.0,84.415720619865,91.6723606081993,102.38571354798098,0.0,0.0,0.0,0.0,30,-0.005012502885675,5.0936463388054085e-11,2.512523441748148e-05,0.005012507797248946,0.005010224900894755,0.0050209024970349955,0.00502443542181652,0.003394342668366141,6.117511079918979e-13,0.0027366128845009966,0.0,0.0,0.0
geometry,stage1b_geometry_L3_G303,L3,train,ST,303,11,3.7617422244560537,3,28af28bd325b2fd3ea0b77ed155e4d894ad1515603136ed2b48cbab10bf6b559,0bffed575ed25f8bd1826f2b8c4174c86f4dc3b29dbbead3a0f85a979f1a13dd,e97e9d465aee352b5d92c059c85c429dd99db15c38188c9353b4099d73addff9,fe306c394afc53bed37cfed37062f4d8f97ae02f6508541e579da3eaf0b1cd2f,52f1d7106c28cf68014946e824bb3544a77e982fff8a0a54d29058315baad1c0,03628f72e14f79437c49a4d89c2973a95badfdddcfa2864cc55f10131c7357ce,a6ad5292d25538533de5b64323de23381e8fe93744c020239210d3a0ddf9e5f7,1.0,192,7680,3738,3942,0.48671875,3738,3738,d5a21a8765a9726ba9ddbd56d901043e7119b3d80ce66b9da1413d0c0c906066,data/metric_redesign_stage1b/full/stage1b_full_v1/stage1b_geometry_L3_G303/sensor_011/metrics.csv,0.22219567075484314,44.21302646705687,4.780260725145522,10483.783705320297,54.60304013187654,0.44846601686944293,0.0,0.07313929907916947,0.018284824769792367,54.69016042483821,0.0,0.0,32.87902083934322,35.428472588216934,40.5089703283366,0.0,0.0,0.0,0.0,30,-0.006599968686102286,1.1365471580861465e-10,4.355969652375601e-05,0.006599977009335412,0.006599576840566002,0.006607303718292812,0.006615260268633882,0.0054703428164547,7.75374357466368e-13,0.004176370455299496,0.0,0.0,0.0
geometry,stage1b_geometry_L3_G303,L3,train,ST,303,22,3.7617422244560537,3,28af28bd325b2fd3ea0b77ed155e4d894ad1515603136ed2b48cbab10bf6b559,0bffed575ed25f8bd1826f2b8c4174c86f4dc3b29dbbead3a0f85a979f1a13dd,e97e9d465aee352b5d92c059c85c429dd99db15c38188c9353b4099d73addff9,fe306c394afc53bed37cfed37062f4d8f97ae02f6508541e579da3eaf0b1cd2f,52f1d7106c28cf68014946e824bb3544a77e982fff8a0a54d29058315baad1c0,03628f72e14f79437c49a4d89c2973a95badfdddcfa2864cc55f10131c7357ce,a6ad5292d25538533de5b64323de23381e8fe93744c020239210d3a0ddf9e5f7,1.0,192,7680,3706,3974,0.4825520833333333,3706,3706,9d83f0ec1ebb6a008763ef9e6e469a44c4c954ad22132133c381eaf80a6cb854,data/metric_redesign_stage1b/full/stage1b_full_v1/stage1b_geometry_L3_G303/sensor_022/metrics.csv,0.22671244497439325,42.31545183282495,4.7917236902517555,10152.052909142863,52.87527556845241,0.4476134064818751,0.0,0.07384910751388149,0.018462276878470373,54.16450021752959,0.0,0.0,33.17400441597811,34.726462073595584,41.610407346784086,0.0,0.0,0.0,0.0,30,0.00928556867746894,8.828047860716932e-11,8.622187100178826e-05,0.009285573272651951,0.00928519489053059,0.009298571922258247,0.009299179209922315,0.005495287346425134,7.86055750036963e-13,0.004395829646095907,0.0,0.0,0.0
geometry,stage1b_geometry_L4_G303,L4,train,ST,303,11,1.5124083082274586,1,28af28bd325b2fd3ea0b77ed155e4d894ad1515603136ed2b48cbab10bf6b559,0bffed575ed25f8bd1826f2b8c4174c86f4dc3b29dbbead3a0f85a979f1a13dd,e97e9d465aee352b5d92c059c85c429dd99db15c38188c9353b4099d73addff9,fe306c394afc53bed37cfed37062f4d8f97ae02f6508541e579da3eaf0b1cd2f,276c1cd226a5fbe61a373bcdc563409df87e1bf4cc0d29211deb3d479d945f94,03628f72e14f79437c49a4d89c2973a95badfdddcfa2864cc55f10131c7357ce,4db4241fa935e39af263087e1337f4cd1ba6d59a24fc96ae2da91fe5ffb88526,1.0,192,7680,1822,5858,0.23723958333333334,1822,1822,2140c2fb325c80ed870865a6c2b6a6c9d56b1ace271c27cde5084e71ae0e7f57,data/metric_redesign_stage1b/full/stage1b_full_v1/stage1b_geometry_L4_G303/sensor_011/metrics.csv,0.3990418759173191,21.628755795645187,13.400541676322018,5380.698957374592,28.024473736326,0.17003747080664908,0.0,0.28385041284834395,0.07096260321208599,14.091929477436153,0.0,0.0,4.290145516762147,5.525195816150344,9.841448415116258,0.12804376575033175,0.0,0.15,0.6000000000000001,30,-0.04271153763699035,1.4948367182311362e-08,0.00182428989740432,0.042711706795728964,0.04271033983203765,0.04281778741713005,0.042889117082354565,0.009747389584017292,2.0040004303961893e-10,0.006466731361682662,0.0,0.0,0.0
geometry,stage1b_geometry_L4_G303,L4,train,ST,303,22,1.5124083082274586,1,28af28bd325b2fd3ea0b77ed155e4d894ad1515603136ed2b48cbab10bf6b559,0bffed575ed25f8bd1826f2b8c4174c86f4dc3b29dbbead3a0f85a979f1a13dd,e97e9d465aee352b5d92c059c85c429dd99db15c38188c9353b4099d73addff9,fe306c394afc53bed37cfed37062f4d8f97ae02f6508541e579da3eaf0b1cd2f,276c1cd226a5fbe61a373bcdc563409df87e1bf4cc0d29211deb3d479d945f94,03628f72e14f79437c49a4d89c2973a95badfdddcfa2864cc55f10131c7357ce,4db4241fa935e39af263087e1337f4cd1ba6d59a24fc96ae2da91fe5ffb88526,1.0,192,7680,1815,5865,0.236328125,1815,1815,c3bfb3cddaac02817170ebdbce75e36dede5f740a030d70df075db43dbba3e22,data/metric_redesign_stage1b/full/stage1b_full_v1/stage1b_geometry_L4_G303/sensor_022/metrics.csv,0.40693875836798343,22.17347581660868,12.176061650098582,5275.259157713838,27.475308113092908,0.16806030292904428,0.0,0.28842235786560233,0.07210558946640058,13.868550377304317,0.0,0.0,4.082827992315703,5.693854796958916,9.315729620147913,0.12803164345749135,0.0,0.15,0.6000000000000001,30,0.027300500054631034,2.4523714538848986e-08,0.0007453410094902967,0.027300934223764152,0.02729364159844394,0.027489192358318704,0.027514239755143242,0.013344495125417168,1.633054612772221e-10,0.008894353521472977,0.0,0.0,0.0
observation,stage1b_observation_O1_G303,O1,train,ST,303,11,7.814842457602903,16,28af28bd325b2fd3ea0b77ed155e4d894ad1515603136ed2b48cbab10bf6b559,0bffed575ed25f8bd1826f2b8c4174c86f4dc3b29dbbead3a0f85a979f1a13dd,e97e9d465aee352b5d92c059c85c429dd99db15c38188c9353b4099d73addff9,fe306c394afc53bed37cfed37062f4d8f97ae02f6508541e579da3eaf0b1cd2f,e7f9ea9fd3725afb2327ecd3ea2c5848c6fd4e3e8c2a2a4e3ad9bb8ba28c5174,03628f72e14f79437c49a4d89c2973a95badfdddcfa2864cc55f10131c7357ce,6ade6e67dd4da62c2cad78b267d3ea50a2d63ed2a0156f7ea505c7b60bf30eee,1.0,192,7680,6314,1366,0.8221354166666667,50972,50972,b99f61700b3da5a96070d4a6bfd0b8b411162a98e1c5a1f927885e857d27a129,data/metric_redesign_stage1b/full/stage1b_full_v1/stage1b_observation_O1_G303/sensor_011/metrics.csv,0.02769517938377808,115.93104266605808,1.5779586377000248,33307.24127509123,173.47521497443353,1.1416986206429693,0.0,0.022902778806900528,0.005725694701725132,174.65129597264476,0.0,0.0,158.96843962871054,163.33681250971313,166.5242798426151,0.0,0.0,0.0,0.0,30,0.0006556239709130552,4.824349519744388e-11,4.2988942661449337e-07,0.0006556595355933546,0.0006575323265298749,0.0006618042107270128,0.0006623099878934724,0.0023024508436873484,5.706237759848358e-13,0.0018760742826054015,0.0,0.0,0.0
observation,stage1b_observation_O1_G303,O1,train,ST,303,22,7.814842457602903,16,28af28bd325b2fd3ea0b77ed155e4d894ad1515603136ed2b48cbab10bf6b559,0bffed575ed25f8bd1826f2b8c4174c86f4dc3b29dbbead3a0f85a979f1a13dd,e97e9d465aee352b5d92c059c85c429dd99db15c38188c9353b4099d73addff9,fe306c394afc53bed37cfed37062f4d8f97ae02f6508541e579da3eaf0b1cd2f,e7f9ea9fd3725afb2327ecd3ea2c5848c6fd4e3e8c2a2a4e3ad9bb8ba28c5174,03628f72e14f79437c49a4d89c2973a95badfdddcfa2864cc55f10131c7357ce,6ade6e67dd4da62c2cad78b267d3ea50a2d63ed2a0156f7ea505c7b60bf30eee,1.0,192,7680,6424,1256,0.8364583333333333,50960,50960,f1608a1a2e86510b87c7519a6095a9e62daaa403de9260e3cbe11da898e70f49,data/metric_redesign_stage1b/full/stage1b_full_v1/stage1b_observation_O1_G303/sensor_022/metrics.csv,0.028825212493795105,120.40477249267951,1.5770565613859957,34156.89904443877,177.90051585645193,1.1610324794274685,0.0,0.022591687006857993,0.005647921751714498,177.05627732828228,0.0,0.0,156.2967693181143,166.14344608707262,168.6830588231141,0.0,0.0,0.0,0.0,30,-0.0019318679289058356,4.202496151673215e-11,3.7321543188643888e-06,0.0019318784430870355,0.001929609179734726,0.0019399366928254836,0.0019441364606461065,0.0030679964119337596,5.022215603646764e-13,0.002484254824494281,0.0,0.0,0.0
observation,stage1b_observation_O2_G303,O2,train,ST,303,11,7.814842457602903,16,28af28bd325b2fd3ea0b77ed155e4d894ad1515603136ed2b48cbab10bf6b559,0bffed575ed25f8bd1826f2b8c4174c86f4dc3b29dbbead3a0f85a979f1a13dd,e97e9d465aee352b5d92c059c85c429dd99db15c38188c9353b4099d73addff9,fe306c394afc53bed37cfed37062f4d8f97ae02f6508541e579da3eaf0b1cd2f,e7f9ea9fd3725afb2327ecd3ea2c5848c6fd4e3e8c2a2a4e3ad9bb8ba28c5174,03628f72e14f79437c49a4d89c2973a95badfdddcfa2864cc55f10131c7357ce,6ade6e67dd4da62c2cad78b267d3ea50a2d63ed2a0156f7ea505c7b60bf30eee,0.4,192,7680,5012,2668,0.6526041666666667,50972,20307,a000115d66b227b9787663de602429d1aad7d7e7086ca9b9e0ca61476257ad27,data/metric_redesign_stage1b/full/stage1b_full_v1/stage1b_observation_O2_G303/sensor_011/metrics.csv,0.03439555076427536,124.09515972883997,1.6820355427364038,25784.68613755988,134.29524029979103,0.8594296264152625,0.0,0.02935077243608741,0.0073376931090218525,136.2826143233598,0.0,0.0,123.88372401935125,124.58089638003793,128.16878482924045,0.0,0.0,0.0,0.0,30,-0.00047112204167613453,6.180315425169797e-11,2.220157212021994e-07,0.00047118544247695026,0.00046853626355769507,0.0004824174236663481,0.00048415034635063137,0.0027653585131692895,1.1368730864268991e-12,0.002071395881226932,0.0,0.0,0.0
observation,stage1b_observation_O2_G303,O2,train,ST,303,22,7.814842457602903,16,28af28bd325b2fd3ea0b77ed155e4d894ad1515603136ed2b48cbab10bf6b559,0bffed575ed25f8bd1826f2b8c4174c86f4dc3b29dbbead3a0f85a979f1a13dd,e97e9d465aee352b5d92c059c85c429dd99db15c38188c9353b4099d73addff9,fe306c394afc53bed37cfed37062f4d8f97ae02f6508541e579da3eaf0b1cd2f,e7f9ea9fd3725afb2327ecd3ea2c5848c6fd4e3e8c2a2a4e3ad9bb8ba28c5174,03628f72e14f79437c49a4d89c2973a95badfdddcfa2864cc55f10131c7357ce,6ade6e67dd4da62c2cad78b267d3ea50a2d63ed2a0156f7ea505c7b60bf30eee,0.4,192,7680,5107,2573,0.6649739583333333,50960,20181,cdb8e5ebb2e7ce5d7a9c39a40b94eaf48491aecc6da1aa2ef6ca02fc3ba0e29c,data/metric_redesign_stage1b/full/stage1b_full_v1/stage1b_observation_O2_G303/sensor_022/metrics.csv,0.032231351294836674,126.66301440145082,1.6530890817286807,27213.032833218665,141.73454600634722,0.8313690217500573,0.0,0.028478405040736673,0.007119601260184168,140.4573042021924,0.0,0.0,125.61789731136669,126.9061309931148,134.2810867986419,0.0,0.0,0.0,0.0,30,-0.0028315157987085136,4.866518284088411e-11,8.017528761345992e-06,0.0028315241057328103,0.0028293777932510977,0.0028400971819205977,0.002842483637354043,0.003546834777356286,9.619979083493074e-13,0.002632070884888684,0.0,0.0,0.0
observation,stage1b_observation_O3_G303,O3,train,ST,303,11,7.814842457602903,16,28af28bd325b2fd3ea0b77ed155e4d894ad1515603136ed2b48cbab10bf6b559,0bffed575ed25f8bd1826f2b8c4174c86f4dc3b29dbbead3a0f85a979f1a13dd,e97e9d465aee352b5d92c059c85c429dd99db15c38188c9353b4099d73addff9,fe306c394afc53bed37cfed37062f4d8f97ae02f6508541e579da3eaf0b1cd2f,e7f9ea9fd3725afb2327ecd3ea2c5848c6fd4e3e8c2a2a4e3ad9bb8ba28c5174,03628f72e14f79437c49a4d89c2973a95badfdddcfa2864cc55f10131c7357ce,6ade6e67dd4da62c2cad78b267d3ea50a2d63ed2a0156f7ea505c7b60bf30eee,0.1,192,7680,2452,5228,0.31927083333333334,50972,5034,f5cd588b0ebad029c78afb69eaa078ba81d0862e183d3943589a853155287b57,data/metric_redesign_stage1b/full/stage1b_full_v1/stage1b_observation_O3_G303/sensor_011/metrics.csv,0.21152194209023822,65.24276004448956,4.49303923424722,12566.050196160235,65.44817810500123,0.36290909056099074,0.0,0.06114507555542918,0.015286268888857295,65.41818721564786,0.0,0.0,54.84127556444722,55.551316019448386,59.44634497259671,0.0,0.0,0.0,0.0,30,0.006262743580158414,2.4481816018659544e-11,3.922198081657092e-05,0.006262745469566117,0.006264830436981228,0.006267512671746545,0.006268530610794088,0.004513460365309705,6.705705938942281e-13,0.0035268898815434845,0.0,0.0,0.0
observation,stage1b_observation_O3_G303,O3,train,ST,303,22,7.814842457602903,16,28af28bd325b2fd3ea0b77ed155e4d894ad1515603136ed2b48cbab10bf6b559,0bffed575ed25f8bd1826f2b8c4174c86f4dc3b29dbbead3a0f85a979f1a13dd,e97e9d465aee352b5d92c059c85c429dd99db15c38188c9353b4099d73addff9,fe306c394afc53bed37cfed37062f4d8f97ae02f6508541e579da3eaf0b1cd2f,e7f9ea9fd3725afb2327ecd3ea2c5848c6fd4e3e8c2a2a4e3ad9bb8ba28c5174,03628f72e14f79437c49a4d89c2973a95badfdddcfa2864cc55f10131c7357ce,6ade6e67dd4da62c2cad78b267d3ea50a2d63ed2a0156f7ea505c7b60bf30eee,0.1,192,7680,2564,5116,0.3338541666666667,50960,5095,6910b919c0ae30490232b6ab7fc7af2aa2b318b6a05b30a1278cfb4ca88eed62,data/metric_redesign_stage1b/full/stage1b_full_v1/stage1b_observation_O3_G303/sensor_022/metrics.csv,0.19567746472317527,67.22356723934982,4.278693925601795,12954.403801029945,67.47085313036429,0.36804595553774944,0.0,0.059876558872385716,0.014969139718096429,66.80410623671875,0.0,0.0,52.311823020062405,54.09553138879587,60.45351383021563,0.0,0.0,0.0,0.0,30,0.00020386261002845648,4.456167143186513e-11,4.160304004999866e-08,0.00020396823294326657,0.0002056708307307531,0.000211309805076354,0.00021202387203338445,0.0037135110974572745,9.298691434666554e-13,0.0029898917969054233,0.0,0.0,0.0
observation,stage1b_observation_O4_G303,O4,train,ST,303,11,7.814842457602903,16,28af28bd325b2fd3ea0b77ed155e4d894ad1515603136ed2b48cbab10bf6b559,0bffed575ed25f8bd1826f2b8c4174c86f4dc3b29dbbead3a0f85a979f1a13dd,e97e9d465aee352b5d92c059c85c429dd99db15c38188c9353b4099d73addff9,fe306c394afc53bed37cfed37062f4d8f97ae02f6508541e579da3eaf0b1cd2f,e7f9ea9fd3725afb2327ecd3ea2c5848c6fd4e3e8c2a2a4e3ad9bb8ba28c5174,03628f72e14f79437c49a4d89c2973a95badfdddcfa2864cc55f10131c7357ce,6ade6e67dd4da62c2cad78b267d3ea50a2d63ed2a0156f7ea505c7b60bf30eee,0.02,192,7680,626,7054,0.08151041666666667,50972,983,cd2bbc4e8587418f79f00a406986632a67448d29d79d3da4bb41922ea71e308e,data/metric_redesign_stage1b/full/stage1b_full_v1/stage1b_observation_O4_G303/sensor_011/metrics.csv,0.41871994728250583,17.029833045645933,21.04413650940841,3291.3796472759645,17.142602329562315,0.085745499408541,0.0,0.25863388984490043,0.06465847246122511,15.465877276944452,0.0,0.0,9.880551445110381,10.737520870031563,14.003713157764535,0.0,0.0,0.025,0.10000000000000009,30,0.006879107528344619,5.046930633477732e-11,4.732216917352373e-05,0.006879111074370273,0.006881034056414492,0.006885491447208736,0.0068864710085865255,0.008148986747826005,6.093077386277283e-13,0.006687100820372663,0.0,0.0,0.0
observation,stage1b_observation_O4_G303,O4,train,ST,303,22,7.814842457602903,16,28af28bd325b2fd3ea0b77ed155e4d894ad1515603136ed2b48cbab10bf6b559,0bffed575ed25f8bd1826f2b8c4174c86f4dc3b29dbbead3a0f85a979f1a13dd,e97e9d465aee352b5d92c059c85c429dd99db15c38188c9353b4099d73addff9,fe306c394afc53bed37cfed37062f4d8f97ae02f6508541e579da3eaf0b1cd2f,e7f9ea9fd3725afb2327ecd3ea2c5848c6fd4e3e8c2a2a4e3ad9bb8ba28c5174,03628f72e14f79437c49a4d89c2973a95badfdddcfa2864cc55f10131c7357ce,6ade6e67dd4da62c2cad78b267d3ea50a2d63ed2a0156f7ea505c7b60bf30eee,0.02,192,7680,675,7005,0.087890625,50960,1001,dc7531619d19c1b2b1dc3a2e48ca6b0d4604627f19d3ea41758d0fc8b7cc3978,data/metric_redesign_stage1b/full/stage1b_full_v1/stage1b_observation_O4_G303/sensor_022/metrics.csv,0.4128126638285219,16.96988078605051,20.569379176465723,3313.0258033559185,17.255342725812074,0.08762416284256379,0.0,0.2535396391059632,0.0633849097764908,15.776625754082808,0.0,0.0,8.20022267574122,10.798392992981851,13.855699078650312,0.0,0.0,0.025,0.09999999999999987,30,-0.000471085689977239,2.6833996764325857e-10,2.221811226033865e-07,0.0004713609260464708,0.00046530433857228104,0.0004939945586475147,0.0005012654633988589,0.009076605040877449,2.118448406903215e-12,0.007177475617770128,0.0,0.0,0.0
geometry,stage1b_geometry_OC_G404,OC,test,OC,404,11,0.0,0,open_control,open_control,open_control,f548952a7463c1a5ebf5f8ba707c3e3af5260642d9db11fcbe2c4fe246c9d305,77a5632d9118a324868308226041c657d689678dccf308e22381e9fcf193e265,03628f72e14f79437c49a4d89c2973a95badfdddcfa2864cc55f10131c7357ce,aa8438298800734835f2bd84d72ed1c0d5aa739f8395c78168d0d8c24a98e0bb,1.0,192,7680,0,7680,0.0,0,0,466ce6b72011d88d6a5021d32d25c4e93fb22314bd2740edf9fd301917306853,data/metric_redesign_stage1b/full/stage1b_full_v1/stage1b_geometry_OC_G404/sensor_011/metrics.csv,0.11417922978179429,97.95104788987402,2.7776988402195997,49553.2690601691,258.089943021714,1.258778500900308,0.0,0.015448815606485904,0.003862203901621476,258.91952508777905,0.0,0.0,249.4942269144292,252.19164409475152,256.37480750816053,0.0,0.0,0.0,0.0,30,-0.002211703678883777,2.2791585168053528e-10,4.891853481844659e-06,0.0022117534857765365,0.002209958822168012,0.0022294776598263512,0.002233608942993115,0.0020824645008971385,3.3787613236744887e-12,0.0017531179517169503,0.0,0.0,0.0
geometry,stage1b_geometry_OC_G404,OC,test,OC,404,22,0.0,0,open_control,open_control,open_control,f548952a7463c1a5ebf5f8ba707c3e3af5260642d9db11fcbe2c4fe246c9d305,77a5632d9118a324868308226041c657d689678dccf308e22381e9fcf193e265,03628f72e14f79437c49a4d89c2973a95badfdddcfa2864cc55f10131c7357ce,aa8438298800734835f2bd84d72ed1c0d5aa739f8395c78168d0d8c24a98e0bb,1.0,192,7680,0,7680,0.0,0,0,bfb7aea3783085b3829cc8176b8a48440210d801e61c1bfcfa9bda06d700beb2,data/metric_redesign_stage1b/full/stage1b_full_v1/stage1b_geometry_OC_G404/sensor_022/metrics.csv,0.11418960857256244,97.29924748607118,2.758058200655877,49728.03323758489,259.0001731124213,1.2654879726012203,0.0,0.015486469423200491,0.003871617355800123,258.28998790437964,0.0,0.0,247.85536263923976,251.64021982697744,254.9257609350624,0.0,0.0,0.0,0.0,30,-0.0009774413289537283,1.405258193706804e-10,9.55527393172222e-07,0.000977510814862026,0.000979238986015929,0.0009868250476323226,0.0009947589736890804,0.0025957761753244136,2.0303752710917907e-12,0.0020594440348900107,0.0,0.0,0.0
geometry,stage1b_geometry_L1_G404,L1,test,ST,404,11,7.240305160693273,12,db6d32fac5aa077f4d50e154eb9150a73d812b213c999220f179a19fa2f4e881,0bffed575ed25f8bd1826f2b8c4174c86f4dc3b29dbbead3a0f85a979f1a13dd,e97e9d465aee352b5d92c059c85c429dd99db15c38188c9353b4099d73addff9,fe306c394afc53bed37cfed37062f4d8f97ae02f6508541e579da3eaf0b1cd2f,9c9b66824a51fd3554009e72222b97f23e85a8746684f717075138e46189765d,03628f72e14f79437c49a4d89c2973a95badfdddcfa2864cc55f10131c7357ce,013df6b9ff3712ad7cf16514f5a5ad9d1dfded42c49c22774115b993006e0e00,1.0,192,7680,6052,1628,0.7880208333333333,6052,6052,842e3838dcca9192ed48bf74b8642685e2550012fe17c4cf6c0b0e6fd59d19bb,data/metric_redesign_stage1b/full/stage1b_full_v1/stage1b_geometry_L1_G404/sensor_011/metrics.csv,0.08511369097837118,101.93633205796661,2.181452992076647,39195.969718874105,204.14567561913594,1.3618030323822723,0.0,0.01978527948315738,0.004946319870789345,202.17050779621692,0.0,0.0,182.40272205441318,184.54278768453278,192.95773002094785,0.0,0.0,0.0,0.0,30,-0.002229313073405829,5.5707741688476145e-11,4.969890630075109e-06,0.00222932515126778,0.0022264070673898573,0.0022386681817508245,0.002244437202068106,0.0022706630698207347,5.371300394975018e-13,0.0018387734314378916,0.0,0.0,0.0
geometry,stage1b_geometry_L1_G404,L1,test,ST,404,22,7.240305160693273,12,db6d32fac5aa077f4d50e154eb9150a73d812b213c999220f179a19fa2f4e881,0bffed575ed25f8bd1826f2b8c4174c86f4dc3b29dbbead3a0f85a979f1a13dd,e97e9d465aee352b5d92c059c85c429dd99db15c38188c9353b4099d73addff9,fe306c394afc53bed37cfed37062f4d8f97ae02f6508541e579da3eaf0b1cd2f,9c9b66824a51fd3554009e72222b97f23e85a8746684f717075138e46189765d,03628f72e14f79437c49a4d89c2973a95badfdddcfa2864cc55f10131c7357ce,013df6b9ff3712ad7cf16514f5a5ad9d1dfded42c49c22774115b993006e0e00,1.0,192,7680,6068,1612,0.7901041666666667,6068,6068,3a3bbe8ade6607386b0a4942bdcaebfbcef355fc7d95f6ee2fca9c579ce427d4,data/metric_redesign_stage1b/full/stage1b_full_v1/stage1b_geometry_L1_G404/sensor_022/metrics.csv,0.07411546478831221,103.53203938050189,2.140501131567112,39094.899303797225,203.61926720727718,1.3539761204252447,0.0,0.019724323051349166,0.004931080762837292,202.79529946790217,0.0,0.0,184.81667600037193,186.43374068155245,189.9203755716405,0.0,0.0,0.0,0.0,30,0.0011364725620502726,3.425019316407799e-11,1.291602992813169e-06,0.0011364871283094978,0.0011379642788860167,0.0011427560266895399,0.001143050324495931,0.002238342412708236,5.643598229237027e-13,0.00174841857590802,0.0,0.0,0.0
geometry,stage1b_geometry_L2_G404,L2,test,ST,404,11,5.603814830444172,7,db6d32fac5aa077f4d50e154eb9150a73d812b213c999220f179a19fa2f4e881,0bffed575ed25f8bd1826f2b8c4174c86f4dc3b29dbbead3a0f85a979f1a13dd,e97e9d465aee352b5d92c059c85c429dd99db15c38188c9353b4099d73addff9,fe306c394afc53bed37cfed37062f4d8f97ae02f6508541e579da3eaf0b1cd2f,45436450a72c73ae8c07c9fbc4f4fe8a70368000177ac7641e0fc398f571cb51,03628f72e14f79437c49a4d89c2973a95badfdddcfa2864cc55f10131c7357ce,a5a40ac5b42c74469bacd785d243e6fdef50a45b3afde94448f0f41accb3265f,1.0,192,7680,5230,2450,0.6809895833333334,5230,5230,9352af5be529623a4a605222d39b2cdaa235b557feafc5217a8762e3b7c24cf6,data/metric_redesign_stage1b/full/stage1b_full_v1/stage1b_geometry_L2_G404/sensor_011/metrics.csv,0.08181623745386102,90.96218696927139,2.3499847643461225,33198.24299411851,172.90751559436725,1.1149679806769992,0.0,0.023796662261670876,0.005949165565417719,168.0908001305197,0.0,0.0,133.06301738738563,133.40007228739853,152.8166954316483,0.0,0.0,0.0,0.0,30,0.0002047414044574462,5.6494539443571196e-11,4.197365408733636e-08,0.00020487472779075598,0.00020820102046315014,0.00021071686302391867,0.00021224513427213764,0.003100395418647916,2.9943888814828473e-13,0.00234802579585977,0.0,0.0,0.0
geometry,stage1b_geometry_L2_G404,L2,test,ST,404,22,5.603814830444172,7,db6d32fac5aa077f4d50e154eb9150a73d812b213c999220f179a19fa2f4e881,0bffed575ed25f8bd1826f2b8c4174c86f4dc3b29dbbead3a0f85a979f1a13dd,e97e9d465aee352b5d92c059c85c429dd99db15c38188c9353b4099d73addff9,fe306c394afc53bed37cfed37062f4d8f97ae02f6508541e579da3eaf0b1cd2f,45436450a72c73ae8c07c9fbc4f4fe8a70368000177ac7641e0fc398f571cb51,03628f72e14f79437c49a4d89c2973a95badfdddcfa2864cc55f10131c7357ce,a5a40ac5b42c74469bacd785d243e6fdef50a45b3afde94448f0f41accb3265f,1.0,192,7680,5224,2456,0.6802083333333333,5224,5224,b330240204a58dfb42e7188c17343a35c8d9df46e3e0769a26ccada3a5d47c4b,data/metric_redesign_stage1b/full/stage1b_full_v1/stage1b_geometry_L2_G404/sensor_022/metrics.csv,0.09672928320935192,90.20751110004264,2.5143610204109503,32508.04523205328,169.31273558361084,1.1169972626533808,0.0,0.023512052922394715,0.005878013230598679,170.12551023097126,0.0,0.0,134.62220413756862,138.53401640514647,152.72669546492173,0.0,0.0,0.0,0.0,30,-0.0022030653743446036,4.102289082219613e-11,4.853536699097258e-06,0.0022030743743907642,0.0022014397213929726,0.0022099190443004347,0.0022151159790551487,0.0027107697137323033,3.472063852254096e-13,0.0021383208791798777,0.0,0.0,0.0
geometry,stage1b_geometry_L3_G404,L3,test,ST,404,11,3.5461034633429076,3,db6d32fac5aa077f4d50e154eb9150a73d812b213c999220f179a19fa2f4e881,0bffed575ed25f8bd1826f2b8c4174c86f4dc3b29dbbead3a0f85a979f1a13dd,e97e9d465aee352b5d92c059c85c429dd99db15c38188c9353b4099d73addff9,fe306c394afc53bed37cfed37062f4d8f97ae02f6508541e579da3eaf0b1cd2f,e438e2eb0b89bc88b017c10061a1bbd73b988fa545b676d843b3eb9a9b43e192,03628f72e14f79437c49a4d89c2973a95badfdddcfa2864cc55f10131c7357ce,9b4bea60df240ac08c7664575dda7c7bf9a2bfcb560f1ea2e52b8967152bc021,1.0,192,7680,3743,3937,0.48736979166666666,3743,3743,b8e2e4c2cf66379528d905f0d8a75e1b67edbfe881c8107c58f0f788adf77a2a,data/metric_redesign_stage1b/full/stage1b_full_v1/stage1b_geometry_L3_G404/sensor_011/metrics.csv,0.0754264017087346,108.89059402675184,2.1443056555443634,27302.940009018475,142.20281254697124,0.8939113920345406,0.0,0.0282185545727331,0.007054638643183275,141.7507048311079,0.0,0.0,123.64712149369247,124.76764410785917,136.43109676379888,0.0,0.0,0.0,0.0,30,-0.0015885087536384882,1.651163027782175e-11,2.523376021628705e-06,0.0015885137776011592,0.0015871734628483125,0.0015948758627313709,0.001596066903972293,0.0030000073498936746,9.007380890173031e-13,0.002363404143907245,0.0,0.0,0.0
geometry,stage1b_geometry_L3_G404,L3,test,ST,404,22,3.5461034633429076,3,db6d32fac5aa077f4d50e154eb9150a73d812b213c999220f179a19fa2f4e881,0bffed575ed25f8bd1826f2b8c4174c86f4dc3b29dbbead3a0f85a979f1a13dd,e97e9d465aee352b5d92c059c85c429dd99db15c38188c9353b4099d73addff9,fe306c394afc53bed37cfed37062f4d8f97ae02f6508541e579da3eaf0b1cd2f,e438e2eb0b89bc88b017c10061a1bbd73b988fa545b676d843b3eb9a9b43e192,03628f72e14f79437c49a4d89c2973a95badfdddcfa2864cc55f10131c7357ce,9b4bea60df240ac08c7664575dda7c7bf9a2bfcb560f1ea2e52b8967152bc021,1.0,192,7680,3736,3944,0.4864583333333333,3736,3736,a0435d2a339e05d60a29db5ed8e130de209e45287d1ebbb605d183350a556d12,data/metric_redesign_stage1b/full/stage1b_full_v1/stage1b_geometry_L3_G404/sensor_022/metrics.csv,0.06892937247429287,106.12662573891491,2.157486932268916,26607.396571893354,138.58019047861123,0.8849696967288587,0.0,0.028921796952873696,0.007230449238218424,138.3039928852884,0.0,0.0,116.35165240305652,121.12028664331756,132.6023335787216,0.0,0.0,0.0,0.0,30,-0.001642184272670614,4.090398680351668e-10,2.697164590612481e-06,0.001642304658281307,0.001641957891678203,0.001671852477528546,0.0016799788345918997,0.0033595556142816288,6.760105672758749e-13,0.0024817845530398256,0.0,0.0,0.0
geometry,stage1b_geometry_L4_G404,L4,test,ST,404,11,1.3469012485315046,1,db6d32fac5aa077f4d50e154eb9150a73d812b213c999220f179a19fa2f4e881,0bffed575ed25f8bd1826f2b8c4174c86f4dc3b29dbbead3a0f85a979f1a13dd,e97e9d465aee352b5d92c059c85c429dd99db15c38188c9353b4099d73addff9,fe306c394afc53bed37cfed37062f4d8f97ae02f6508541e579da3eaf0b1cd2f,99f8d7450ed9e83d00849a583df4e27897c80d5113f827d6f91132b849771034,03628f72e14f79437c49a4d89c2973a95badfdddcfa2864cc55f10131c7357ce,536fc664bc6914e6f676eef9ce067a76101c794c782604fb19a5285d912cde4d,1.0,192,7680,1836,5844,0.2390625,1836,1836,7cbf8a020d05d729a8ce7b441179da9c632fe921a964afd4ddcca7f35f0dcd6d,data/metric_redesign_stage1b/full/stage1b_full_v1/stage1b_geometry_L4_G404/sensor_011/metrics.csv,0.4128421569457401,15.734277726853994,15.531656442646753,3816.9852968445175,19.88013175439853,0.12126267809142649,0.0,0.3474954149959033,0.08687385374897583,11.510943245242983,0.0,0.0,3.700686561916901,4.83502469693203,7.383093942816253,0.15374614207317075,0.0,0.2,0.7,30,-0.002791440088689138,2.992966994000006e-11,7.792166700755099e-06,0.002791445270958236,0.002790399473600047,0.0027980887193926663,0.002802216670646729,0.010431811800800076,1.8495916935430524e-10,0.0071020339661356634,0.0,0.0,0.0
geometry,stage1b_geometry_L4_G404,L4,test,ST,404,22,1.3469012485315046,1,db6d32fac5aa077f4d50e154eb9150a73d812b213c999220f179a19fa2f4e881,0bffed575ed25f8bd1826f2b8c4174c86f4dc3b29dbbead3a0f85a979f1a13dd,e97e9d465aee352b5d92c059c85c429dd99db15c38188c9353b4099d73addff9,fe306c394afc53bed37cfed37062f4d8f97ae02f6508541e579da3eaf0b1cd2f,99f8d7450ed9e83d00849a583df4e27897c80d5113f827d6f91132b849771034,03628f72e14f79437c49a4d89c2973a95badfdddcfa2864cc55f10131c7357ce,536fc664bc6914e6f676eef9ce067a76101c794c782604fb19a5285d912cde4d,1.0,192,7680,1829,5851,0.23815104166666667,1829,1829,0de37cece5cfaa7347de12e1a0ca1ac207fe21c88e7f0444de9bb0ac9e3a44c3,data/metric_redesign_stage1b/full/stage1b_full_v1/stage1b_geometry_L4_G404/sensor_022/metrics.csv,0.4047885024490875,16.685769693192874,16.934619894357255,3715.995974922055,19.354145702719038,0.11580461147232744,0.0,0.34980909574199776,0.08745227393549944,11.43480843891551,0.0,0.0,3.6790367146786616,4.784770034733891,7.2066978886788355,0.1537253655837333,0.0,0.175,0.7,30,-0.0024998438846321135,1.264189936106646e-10,6.249341652559733e-06,0.002499868327044393,0.0024946144021740224,0.00251381501201422,0.0025194229550294265,0.010960466024154732,1.3388352544337956e-10,0.0072445060473654175,0.0,0.0,0.0
observation,stage1b_observation_O1_G404,O1,test,ST,404,11,7.8838388368307255,16,db6d32fac5aa077f4d50e154eb9150a73d812b213c999220f179a19fa2f4e881,0bffed575ed25f8bd1826f2b8c4174c86f4dc3b29dbbead3a0f85a979f1a13dd,e97e9d465aee352b5d92c059c85c429dd99db15c38188c9353b4099d73addff9,fe306c394afc53bed37cfed37062f4d8f97ae02f6508541e579da3eaf0b1cd2f,2f191d070f887716a262466b580b8696088cdccb867ea7a60c2bb7280caeab96,03628f72e14f79437c49a4d89c2973a95badfdddcfa2864cc55f10131c7357ce,c354e5cb3b5dfc942527a563f48933f74096f5d07e0e0cc596b1afffdf68b0cf,1.0,192,7680,6316,1364,0.8223958333333333,50925,50925,fe5df327504355d43e4616b6f4d93ec3b3151319e83ba8e931378d6e42d54880,data/metric_redesign_stage1b/full/stage1b_full_v1/stage1b_observation_O1_G404/sensor_011/metrics.csv,0.049672934170990835,107.51504185560782,1.8277061264063756,37055.409431099586,192.99692412031033,1.2693766843235366,0.0,0.0206289623341624,0.0051572405835406,193.9021427837811,0.0,0.0,176.6795832653054,180.48656116955078,184.8865049562615,0.0,0.0,0.0,0.0,30,0.0018786424855812575,4.632047612883709e-11,3.5293423650911828e-06,0.0018786544027817311,0.0018812368471330387,0.001884984973306203,0.0018852356244046576,0.0026246023639382807,2.9885100788180774e-13,0.002132669331068125,0.0,0.0,0.0
observation,stage1b_observation_O1_G404,O1,test,ST,404,22,7.8838388368307255,16,db6d32fac5aa077f4d50e154eb9150a73d812b213c999220f179a19fa2f4e881,0bffed575ed25f8bd1826f2b8c4174c86f4dc3b29dbbead3a0f85a979f1a13dd,e97e9d465aee352b5d92c059c85c429dd99db15c38188c9353b4099d73addff9,fe306c394afc53bed37cfed37062f4d8f97ae02f6508541e579da3eaf0b1cd2f,2f191d070f887716a262466b580b8696088cdccb867ea7a60c2bb7280caeab96,03628f72e14f79437c49a4d89c2973a95badfdddcfa2864cc55f10131c7357ce,c354e5cb3b5dfc942527a563f48933f74096f5d07e0e0cc596b1afffdf68b0cf,1.0,192,7680,6425,1255,0.8365885416666666,51070,51070,f1e1e5528319718bcf9dacf063dd38bc3cd03fa50775b0730e660055c25f5bb2,data/metric_redesign_stage1b/full/stage1b_full_v1/stage1b_observation_O1_G404/sensor_022/metrics.csv,0.054899526672907206,112.25056586872228,1.9364933035654943,38285.01978308773,199.4011447035819,1.2721379709912075,0.0,0.020240959021242927,0.005060239755310732,197.6190948167027,0.0,0.0,172.83597887205522,180.48509035713602,192.80363982723787,0.0,0.0,0.0,0.0,30,-0.002312275381318211,6.327670584351043e-11,5.3466786065325945e-06,0.0023122886079667035,0.0023097915514842526,0.002322707566151294,0.002326030088829789,0.0028888990958136672,6.881539925887593e-13,0.002172731273255875,0.0,0.0,0.0
observation,stage1b_observation_O2_G404,O2,test,ST,404,11,7.8838388368307255,16,db6d32fac5aa077f4d50e154eb9150a73d812b213c999220f179a19fa2f4e881,0bffed575ed25f8bd1826f2b8c4174c86f4dc3b29dbbead3a0f85a979f1a13dd,e97e9d465aee352b5d92c059c85c429dd99db15c38188c9353b4099d73addff9,fe306c394afc53bed37cfed37062f4d8f97ae02f6508541e579da3eaf0b1cd2f,2f191d070f887716a262466b580b8696088cdccb867ea7a60c2bb7280caeab96,03628f72e14f79437c49a4d89c2973a95badfdddcfa2864cc55f10131c7357ce,c354e5cb3b5dfc942527a563f48933f74096f5d07e0e0cc596b1afffdf68b0cf,0.4,192,7680,5005,2675,0.6516927083333334,50925,20465,9c51e9bd8e6915f1276ab71bff2ae9f7c22e5af3fe795561760040e6898ddf5b,data/metric_redesign_stage1b/full/stage1b_full_v1/stage1b_observation_O2_G404/sensor_011/metrics.csv,0.03554578933035324,128.95583845652527,1.686581769708194,29527.156814714097,153.78727507663592,0.9269746851022687,0.0,0.02613773373201856,0.00653443343300464,153.03545598140457,0.0,0.0,140.55759888196502,142.72056900216776,147.2080465266215,0.0,0.0,0.0,0.0,30,0.0017117256530611987,5.546748972525569e-11,2.9300583299211886e-06,0.0017117413151294762,0.0017139346406391809,0.0017180315915467758,0.0017191932618443317,0.0026058714174364136,3.924846091367194e-13,0.0021187880915409,0.0,0.0,0.0
observation,stage1b_observation_O2_G404,O2,test,ST,404,22,7.8838388368307255,16,db6d32fac5aa077f4d50e154eb9150a73d812b213c999220f179a19fa2f4e881,0bffed575ed25f8bd1826f2b8c4174c86f4dc3b29dbbead3a0f85a979f1a13dd,e97e9d465aee352b5d92c059c85c429dd99db15c38188c9353b4099d73addff9,fe306c394afc53bed37cfed37062f4d8f97ae02f6508541e579da3eaf0b1cd2f,2f191d070f887716a262466b580b8696088cdccb867ea7a60c2bb7280caeab96,03628f72e14f79437c49a4d89c2973a95badfdddcfa2864cc55f10131c7357ce,c354e5cb3b5dfc942527a563f48933f74096f5d07e0e0cc596b1afffdf68b0cf,0.4,192,7680,5141,2539,0.6694010416666667,51070,20422,32c8af34ca6d39032150ec5aabd25b179f6dcf449c2be26a0cba272aee98662e,data/metric_redesign_stage1b/full/stage1b_full_v1/stage1b_observation_O2_G404/sensor_022/metrics.csv,0.038156773546401346,127.4849804908429,1.730106116227252,30636.419463401882,159.56468470521816,0.9845705777808788,0.0,0.025134678627833397,0.006283669656958349,159.14267531435706,0.0,0.0,140.0249548136092,143.42933470654572,151.4155034005343,0.0,0.0,0.0,0.0,30,-0.0014613839776596175,3.426040482546961e-11,2.1356762485515772e-06,0.0014613953087893696,0.0014599536756616516,0.0014687186915217864,0.0014727810251642381,0.003052906342560417,5.03926986461232e-13,0.002445206597488961,0.0,0.0,0.0
observation,stage1b_observation_O3_G404,O3,test,ST,404,11,7.8838388368307255,16,db6d32fac5aa077f4d50e154eb9150a73d812b213c999220f179a19fa2f4e881,0bffed575ed25f8bd1826f2b8c4174c86f4dc3b29dbbead3a0f85a979f1a13dd,e97e9d465aee352b5d92c059c85c429dd99db15c38188c9353b4099d73addff9,fe306c394afc53bed37cfed37062f4d8f97ae02f6508541e579da3eaf0b1cd2f,2f191d070f887716a262466b580b8696088cdccb867ea7a60c2bb7280caeab96,03628f72e14f79437c49a4d89c2973a95badfdddcfa2864cc55f10131c7357ce,c354e5cb3b5dfc942527a563f48933f74096f5d07e0e0cc596b1afffdf68b0cf,0.1,192,7680,2478,5202,0.32265625,50925,5050,6fa584d76658ea50d357b8c7ff6a28bb8a53f5a9cd57edec80829816ab0ed29d,data/metric_redesign_stage1b/full/stage1b_full_v1/stage1b_observation_O3_G404/sensor_011/metrics.csv,0.17630380927281686,71.3827412121832,4.011196469056982,13872.231704263506,72.2512067930391,0.39679430238829855,0.0,0.054780241877659244,0.013695060469414811,73.01902771684,0.0,0.0,61.45555811069052,62.89183373550835,68.07019257822128,0.0,0.0,0.0,0.0,30,0.0037066440791045114,4.167299290802071e-11,1.3739250613053676e-05,0.0037066495131120336,0.0037079029124420515,0.003713811121490096,0.003713860491268939,0.0037870367283839184,7.667340673031184e-13,0.0030522519056768896,0.0,0.0,0.0
observation,stage1b_observation_O3_G404,O3,test,ST,404,22,7.8838388368307255,16,db6d32fac5aa077f4d50e154eb9150a73d812b213c999220f179a19fa2f4e881,0bffed575ed25f8bd1826f2b8c4174c86f4dc3b29dbbead3a0f85a979f1a13dd,e97e9d465aee352b5d92c059c85c429dd99db15c38188c9353b4099d73addff9,fe306c394afc53bed37cfed37062f4d8f97ae02f6508541e579da3eaf0b1cd2f,2f191d070f887716a262466b580b8696088cdccb867ea7a60c2bb7280caeab96,03628f72e14f79437c49a4d89c2973a95badfdddcfa2864cc55f10131c7357ce,c354e5cb3b5dfc942527a563f48933f74096f5d07e0e0cc596b1afffdf68b0cf,0.1,192,7680,2550,5130,0.33203125,51070,5056,c123af6d3106ec2a4917162a45bab3ef564d97067b1569341ae9345d87eb7b4e,data/metric_redesign_stage1b/full/stage1b_full_v1/stage1b_observation_O3_G404/sensor_022/metrics.csv,0.18023949482664892,74.4349321474231,3.92750223259829,14379.14830967967,74.89139744624828,0.4207454562623557,0.0,0.0521256696800594,0.01303141742001485,76.73762322002732,0.0,0.0,67.05008410942129,68.9112443936212,71.90263039609228,0.0,0.0,0.0,0.0,30,-0.002135740504819239,4.4852904286686934e-11,4.561430861733015e-06,0.002135750655327774,0.002133671461825415,0.0021449129270404653,0.0021465424224658136,0.004808834349179063,1.0083450027724703e-12,0.004025135936414825,0.0,0.0,0.0
observation,stage1b_observation_O4_G404,O4,test,ST,404,11,7.8838388368307255,16,db6d32fac5aa077f4d50e154eb9150a73d812b213c999220f179a19fa2f4e881,0bffed575ed25f8bd1826f2b8c4174c86f4dc3b29dbbead3a0f85a979f1a13dd,e97e9d465aee352b5d92c059c85c429dd99db15c38188c9353b4099d73addff9,fe306c394afc53bed37cfed37062f4d8f97ae02f6508541e579da3eaf0b1cd2f,2f191d070f887716a262466b580b8696088cdccb867ea7a60c2bb7280caeab96,03628f72e14f79437c49a4d89c2973a95badfdddcfa2864cc55f10131c7357ce,c354e5cb3b5dfc942527a563f48933f74096f5d07e0e0cc596b1afffdf68b0cf,0.02,192,7680,692,6988,0.09010416666666667,50925,1034,399dd6825437c1b7964e5dbd11b9d1deec0df10520b45e036750bcb61b4e16c4,data/metric_redesign_stage1b/full/stage1b_full_v1/stage1b_observation_O4_G404/sensor_011/metrics.csv,0.4069949319959034,20.45733317551403,16.561919527873012,3933.604970731468,20.487525889226397,0.1115601463048976,0.0,0.20810385182197608,0.05202596295549402,19.221172337654895,0.0,0.0,12.5540672697614,14.264881153170693,17.088681068241755,0.0,0.0,0.0,0.0,30,-0.004548688525776731,1.3461456223246295e-10,2.0690697431943045e-05,0.004548702829592525,0.004545450951541241,0.004562780873145655,0.004571952457618167,0.007569210561910343,7.521338008623841e-13,0.005997648411617858,0.0,0.0,0.0
observation,stage1b_observation_O4_G404,O4,test,ST,404,22,7.8838388368307255,16,db6d32fac5aa077f4d50e154eb9150a73d812b213c999220f179a19fa2f4e881,0bffed575ed25f8bd1826f2b8c4174c86f4dc3b29dbbead3a0f85a979f1a13dd,e97e9d465aee352b5d92c059c85c429dd99db15c38188c9353b4099d73addff9,fe306c394afc53bed37cfed37062f4d8f97ae02f6508541e579da3eaf0b1cd2f,2f191d070f887716a262466b580b8696088cdccb867ea7a60c2bb7280caeab96,03628f72e14f79437c49a4d89c2973a95badfdddcfa2864cc55f10131c7357ce,c354e5cb3b5dfc942527a563f48933f74096f5d07e0e0cc596b1afffdf68b0cf,0.02,192,7680,657,7023,0.085546875,51070,997,fecc4945c3c488accee48eecadc990d7283d800b57e3a1bdb54b7423d056bc89,data/metric_redesign_stage1b/full/stage1b_full_v1/stage1b_observation_O4_G404/sensor_022/metrics.csv,0.41019536681728874,18.61684551169496,19.879796376983144,3604.580043131775,18.773854391311325,0.09924680406923682,0.0,0.23631298918754412,0.05907824729688603,16.926703918190025,0.0,0.0,9.716277297967423,12.892890119363623,15.406565802471397,0.0,0.0,0.025,0.1,30,-0.006738073196279259,6.232868351336238e-11,4.540169064947773e-05,0.00673807766721917,0.006736694461737969,0.0067475982088861745,0.006753289682929519,0.008122019006261163,8.934060798051668e-13,0.006367230403701127,0.0,0.0,0.0
geometry,stage1b_geometry_OC_G505,OC,test,OC,505,11,0.0,0,open_control,open_control,open_control,f548952a7463c1a5ebf5f8ba707c3e3af5260642d9db11fcbe2c4fe246c9d305,93db59de8ec1e55b0f9e7c87d3e11f35e1031f9044d0b318e9141c94f2f5304e,03628f72e14f79437c49a4d89c2973a95badfdddcfa2864cc55f10131c7357ce,29074c663080b814e08203c23aaaa9a290759d486714cd20d459b9ab2b3216a7,1.0,192,7680,0,7680,0.0,0,0,c185f68e57489a87e3e3734d0227aa091a041d95622a7d764dff08b93c526764,data/metric_redesign_stage1b/full/stage1b_full_v1/stage1b_geometry_OC_G505/sensor_011/metrics.csv,0.059454716989820855,126.34342339577316,2.0078759888665565,46648.014540787524,242.9584090666017,1.1898898877034703,0.0,0.016523953108320326,0.0041309882770800815,242.0728244493671,0.0,0.0,224.78576277039468,233.56481902026343,237.14857802416725,0.0,0.0,0.0,0.0,30,-0.0013738777991265513,7.99252120446199e-12,1.8875479330366476e-06,0.0013738806109108053,0.0013736950350438093,0.0013773052133435825,0.001379560393550161,0.0024053352254552467,2.9457570787085913e-12,0.0020100623212420377,0.0,0.0,0.0
geometry,stage1b_geometry_OC_G505,OC,test,OC,505,22,0.0,0,open_control,open_control,open_control,f548952a7463c1a5ebf5f8ba707c3e3af5260642d9db11fcbe2c4fe246c9d305,93db59de8ec1e55b0f9e7c87d3e11f35e1031f9044d0b318e9141c94f2f5304e,03628f72e14f79437c49a4d89c2973a95badfdddcfa2864cc55f10131c7357ce,29074c663080b814e08203c23aaaa9a290759d486714cd20d459b9ab2b3216a7,1.0,192,7680,0,7680,0.0,0,0,7494bd401995ef5a194f4f434ff4c1265ed1b4a1033a5cac62decc8cd1f86595,data/metric_redesign_stage1b/full/stage1b_full_v1/stage1b_geometry_OC_G505/sensor_022/metrics.csv,0.058165425227295064,128.6642529751553,1.9821054378732108,46673.51868031149,243.09124312662237,1.185357312629216,0.0,0.016558987591621138,0.0041397468979052846,241.56066171726607,0.0,0.0,218.62214965281524,229.51788667332258,236.41266948621032,0.0,0.0,0.0,0.0,30,-0.003750267814757772,3.642921225055261e-11,1.4064543897313214e-05,0.0037502725097402208,0.0037501270613464754,0.0037592419023580346,0.003759607160698497,0.0022406847711659325,1.4060248490492967e-12,0.0018304865174715728,0.0,0.0,0.0
geometry,stage1b_geometry_L1_G505,L1,test,ST,505,11,9.542215872969862,12,0ecb61b6e5dc13d71492b314b51f701564f95f7d74d1bba439fffa01f5bcb2fb,0bffed575ed25f8bd1826f2b8c4174c86f4dc3b29dbbead3a0f85a979f1a13dd,e97e9d465aee352b5d92c059c85c429dd99db15c38188c9353b4099d73addff9,fe306c394afc53bed37cfed37062f4d8f97ae02f6508541e579da3eaf0b1cd2f,bf0e37aed368e3a7c6905f85f132b141737ba120fb4ebc20e919bfe182d69ea0,03628f72e14f79437c49a4d89c2973a95badfdddcfa2864cc55f10131c7357ce,cbe257cb675231347eda763d3415fd3b0995f0b5cdca37cb046bb3e473fc630a,1.0,192,7680,6067,1613,0.7899739583333333,6067,6067,c3493cf48f3310176453c5f7fbf30b7e035243435061c0524f042de1c621c718,data/metric_redesign_stage1b/full/stage1b_full_v1/stage1b_geometry_L1_G505/sensor_011/metrics.csv,0.12778747670291324,83.92968347331475,2.9300358028298668,45613.597866393895,237.57082222080155,1.5133200586731457,0.0,0.01694463041879333,0.004236157604698332,236.06298285288008,0.0,0.0,223.0676963956888,223.38626337461992,229.01888434291328,0.0,0.0,0.0,0.0,30,-0.0038972253825613496,6.138531434202298e-11,1.5188425021617653e-05,0.0038972329955517995,0.0038953200905265106,0.00390669698613273,0.003910647158535419,0.0020227136636248714,9.29495584678197e-13,0.0015365127946415944,0.0,0.0,0.0
geometry,stage1b_geometry_L1_G505,L1,test,ST,505,22,9.542215872969862,12,0ecb61b6e5dc13d71492b314b51f701564f95f7d74d1bba439fffa01f5bcb2fb,0bffed575ed25f8bd1826f2b8c4174c86f4dc3b29dbbead3a0f85a979f1a13dd,e97e9d465aee352b5d92c059c85c429dd99db15c38188c9353b4099d73addff9,fe306c394afc53bed37cfed37062f4d8f97ae02f6508541e579da3eaf0b1cd2f,bf0e37aed368e3a7c6905f85f132b141737ba120fb4ebc20e919bfe182d69ea0,03628f72e14f79437c49a4d89c2973a95badfdddcfa2864cc55f10131c7357ce,cbe257cb675231347eda763d3415fd3b0995f0b5cdca37cb046bb3e473fc630a,1.0,192,7680,6030,1650,0.78515625,6030,6030,c331e3606d233a5fa2e13c2a28cc55ee975d5384120ea18c6b073f4256a028cd,data/metric_redesign_stage1b/full/stage1b_full_v1/stage1b_geometry_L1_G505/sensor_022/metrics.csv,0.12492823167265155,87.12537662563986,2.7987378248107233,45532.956953513174,237.15081746621448,1.4730892926250947,0.0,0.016948195819312957,0.004237048954828239,236.01332216387806,0.0,0.0,219.6947539667391,220.34408217154711,231.6917332180954,0.0,0.0,0.0,0.0,30,0.002446688132070918,4.6140538528630833e-11,5.986327418137254e-06,0.002446697246930493,0.0024490127526046734,0.002452722034654897,0.0024531332570546737,0.0019830481114064204,5.810810034295201e-13,0.0016420473402460121,0.0,0.0,0.0
geometry,stage1b_geometry_L2_G505,L2,test,ST,505,11,7.245578613137325,7,0ecb61b6e5dc13d71492b314b51f701564f95f7d74d1bba439fffa01f5bcb2fb,0bffed575ed25f8bd1826f2b8c4174c86f4dc3b29dbbead3a0f85a979f1a13dd,e97e9d465aee352b5d92c059c85c429dd99db15c38188c9353b4099d73addff9,fe306c394afc53bed37cfed37062f4d8f97ae02f6508541e579da3eaf0b1cd2f,b8ce894968dd7784d97bcf4fd9f6dd7dcf66b0d94fe5eb8cc23250508ac8f2dd,03628f72e14f79437c49a4d89c2973a95badfdddcfa2864cc55f10131c7357ce,e435384ed1a18e23e013a4ea6fcb2df6b49abe51ba05c984fb54e95ad513b196,1.0,192,7680,5221,2459,0.6798177083333333,5221,5221,f0b2b673072845ba2022aed28f5d5360f4a2e1b72744c6c8879c53f6cafa5f6a,data/metric_redesign_stage1b/full/stage1b_full_v1/stage1b_geometry_L2_G505/sensor_011/metrics.csv,0.09310772509049714,110.83716141437372,2.2707315677071245,46278.97381031896,241.0363219287446,1.4519744493098996,0.0,0.01656877283601072,0.00414219320900268,241.41799996837204,0.0,0.0,218.51546613246578,225.3295474058837,236.4000446700399,0.0,0.0,0.0,0.0,30,-0.001856056089620021,3.5531671932009816e-10,3.445287680644239e-06,0.001856148614913213,0.001850849372193153,0.0018821572617174099,0.0018890749550799057,0.00256933843941034,3.104686174231522e-12,0.001992383077895709,0.0,0.0,0.0
geometry,stage1b_geometry_L2_G505,L2,test,ST,505,22,7.245578613137325,7,0ecb61b6e5dc13d71492b314b51f701564f95f7d74d1bba439fffa01f5bcb2fb,0bffed575ed25f8bd1826f2b8c4174c86f4dc3b29dbbead3a0f85a979f1a13dd,e97e9d465aee352b5d92c059c85c429dd99db15c38188c9353b4099d73addff9,fe306c394afc53bed37cfed37062f4d8f97ae02f6508541e579da3eaf0b1cd2f,b8ce894968dd7784d97bcf4fd9f6dd7dcf66b0d94fe5eb8cc23250508ac8f2dd,03628f72e14f79437c49a4d89c2973a95badfdddcfa2864cc55f10131c7357ce,e435384ed1a18e23e013a4ea6fcb2df6b49abe51ba05c984fb54e95ad513b196,1.0,192,7680,5237,2443,0.6819010416666667,5237,5237,51bba59e518cbd25050c1e22f6234a7ad67ae77595f819d217a0c48753aa35a5,data/metric_redesign_stage1b/full/stage1b_full_v1/stage1b_geometry_L2_G505/sensor_022/metrics.csv,0.0835141880200192,113.54624200581738,2.1410969096287973,46866.41079079444,244.09588953538773,1.436648724865975,0.0,0.01642746729087701,0.004106866822719253,243.49462574924127,0.0,0.0,226.57684778189164,230.4363500092718,238.6157985964036,0.0,0.0,0.0,0.0,30,-0.0002008212920118287,9.781112348611269e-11,4.0423742078003425e-08,0.00020105656437431588,0.00019759877612202104,0.00021282807679803283,0.0002197822230417756,0.0022678426421580983,1.970088522013274e-12,0.001811868696065761,0.0,0.0,0.0
geometry,stage1b_geometry_L3_G505,L3,test,ST,505,11,3.7387600364371836,3,0ecb61b6e5dc13d71492b314b51f701564f95f7d74d1bba439fffa01f5bcb2fb,0bffed575ed25f8bd1826f2b8c4174c86f4dc3b29dbbead3a0f85a979f1a13dd,e97e9d465aee352b5d92c059c85c429dd99db15c38188c9353b4099d73addff9,fe306c394afc53bed37cfed37062f4d8f97ae02f6508541e579da3eaf0b1cd2f,b77088652d561bd95261e616ec94ce3e2238083f1c9a0c6687219280a6d551b2,03628f72e14f79437c49a4d89c2973a95badfdddcfa2864cc55f10131c7357ce,09dd8fbe19125c636d6bdaaa1512372f331ad4115dc357a12a921b1a204490e3,1.0,192,7680,3681,3999,0.479296875,3681,3681,c0fa3858e27dd6c283f741c28ecbf4032500b0442c8d2b80169df0572b153139,data/metric_redesign_stage1b/full/stage1b_full_v1/stage1b_geometry_L3_G505/sensor_011/metrics.csv,0.20591976058298955,48.8701608119959,4.577154249950997,10876.085450147153,56.646278386183084,0.43442435864026085,0.0,0.07482774256375,0.0187069356409375,53.45610949832107,0.0,0.0,28.836004275166943,32.32843086458741,45.56127810012427,0.0,0.0,0.0,0.0,30,-0.0039746484682932955,7.747806841549353e-11,1.5797905341972375e-05,0.003974657889928688,0.003973021081829842,0.003984084136414623,0.00398752081846041,0.006196160444248978,1.629309389772966e-12,0.004693910388109786,0.0,0.0,0.0
geometry,stage1b_geometry_L3_G505,L3,test,ST,505,22,3.7387600364371836,3,0ecb61b6e5dc13d71492b314b51f701564f95f7d74d1bba439fffa01f5bcb2fb,0bffed575ed25f8bd1826f2b8c4174c86f4dc3b29dbbead3a0f85a979f1a13dd,e97e9d465aee352b5d92c059c85c429dd99db15c38188c9353b4099d73addff9,fe306c394afc53bed37cfed37062f4d8f97ae02f6508541e579da3eaf0b1cd2f,b77088652d561bd95261e616ec94ce3e2238083f1c9a0c6687219280a6d551b2,03628f72e14f79437c49a4d89c2973a95badfdddcfa2864cc55f10131c7357ce,09dd8fbe19125c636d6bdaaa1512372f331ad4115dc357a12a921b1a204490e3,1.0,192,7680,3658,4022,0.47630208333333335,3658,3658,c065eccdfe25038af6ddba0fb25c7e2309ddb3a7a934fc7cbe38908ec6718962,data/metric_redesign_stage1b/full/stage1b_full_v1/stage1b_geometry_L3_G505/sensor_022/metrics.csv,0.20473942858414662,45.74517373691538,4.552537692770343,11450.500259094684,59.638022182784816,0.4509314014180377,0.0,0.07435806523909799,0.018589516309774498,53.79376113590395,0.0,0.0,28.169085510447978,33.320783835323574,45.46356170431518,0.0,0.0,0.0,0.0,30,0.01280040780493863,1.2994805795299852e-10,0.0001638505655891898,0.012800412711674175,0.01280185594170824,0.0128153770167728,0.012819092951909816,0.004984187320129601,1.106123236736667e-12,0.0038843445127363023,0.0,0.0,0.0
geometry,stage1b_geometry_L4_G505,L4,test,ST,505,11,1.4930449416561178,1,0ecb61b6e5dc13d71492b314b51f701564f95f7d74d1bba439fffa01f5bcb2fb,0bffed575ed25f8bd1826f2b8c4174c86f4dc3b29dbbead3a0f85a979f1a13dd,e97e9d465aee352b5d92c059c85c429dd99db15c38188c9353b4099d73addff9,fe306c394afc53bed37cfed37062f4d8f97ae02f6508541e579da3eaf0b1cd2f,f8e643f6ed00d726b87092669ac6df13ec2f5c7bc2608be46fad17275818b946,03628f72e14f79437c49a4d89c2973a95badfdddcfa2864cc55f10131c7357ce,067762d57c91a4052ff44d734d06cc5904a8f7ba2b5d11a0038636f1a70f9eb3,1.0,192,7680,1807,5873,0.23528645833333334,1807,1807,bf429591d7d3b3e476896dd9667e9d29c7dcc4faa3aead3cbe6f013f92e0272d,data/metric_redesign_stage1b/full/stage1b_full_v1/stage1b_geometry_L4_G505/sensor_011/metrics.csv,0.36059979687850197,21.384415819283916,13.490985725270063,4651.034694435621,24.22413903351886,0.1392669732220742,0.0,0.22874194302703507,0.05718548575675877,17.486954718782112,0.0,0.0,6.7706821230228105,7.71063305673081,12.226719421451167,0.1022678551140854,0.0,0.15,0.3,30,-0.04370073104256053,8.0310475664204e-09,0.0019097616570001945,0.043700819866453244,0.043698906771481916,0.04378459130242547,0.04383246518961439,0.01288930102351652,1.423317273895841e-10,0.008544320071588195,0.0,0.0,0.0
geometry,stage1b_geometry_L4_G505,L4,test,ST,505,22,1.4930449416561178,1,0ecb61b6e5dc13d71492b314b51f701564f95f7d74d1bba439fffa01f5bcb2fb,0bffed575ed25f8bd1826f2b8c4174c86f4dc3b29dbbead3a0f85a979f1a13dd,e97e9d465aee352b5d92c059c85c429dd99db15c38188c9353b4099d73addff9,fe306c394afc53bed37cfed37062f4d8f97ae02f6508541e579da3eaf0b1cd2f,f8e643f6ed00d726b87092669ac6df13ec2f5c7bc2608be46fad17275818b946,03628f72e14f79437c49a4d89c2973a95badfdddcfa2864cc55f10131c7357ce,067762d57c91a4052ff44d734d06cc5904a8f7ba2b5d11a0038636f1a70f9eb3,1.0,192,7680,1779,5901,0.231640625,1779,1779,b77aa0389fc9d1f604c16900965a399abe51188aebe1601b4425f170f1ab6fe0,data/metric_redesign_stage1b/full/stage1b_full_v1/stage1b_geometry_L4_G505/sensor_022/metrics.csv,0.35649750260631186,22.20981173246534,13.03216964180365,4980.054061986543,25.93778157284658,0.1480821262215311,0.0,0.2257073557659834,0.05642683894149585,17.72206309548572,0.0,0.0,7.181218513616784,7.9655996265425255,11.955207017721106,0.10218018630517602,0.0,0.15,0.3,30,-0.024797905820685882,1.144618301971633e-08,0.0006149471977351925,0.024798128916012848,0.02479810787534298,0.024910892371697458,0.02493435397160475,0.011402013313340256,1.0608956662556837e-10,0.008547812298326473,0.0,0.0,0.0
observation,stage1b_observation_O1_G505,O1,test,ST,505,11,10.335388625256323,16,0ecb61b6e5dc13d71492b314b51f701564f95f7d74d1bba439fffa01f5bcb2fb,0bffed575ed25f8bd1826f2b8c4174c86f4dc3b29dbbead3a0f85a979f1a13dd,e97e9d465aee352b5d92c059c85c429dd99db15c38188c9353b4099d73addff9,fe306c394afc53bed37cfed37062f4d8f97ae02f6508541e579da3eaf0b1cd2f,5246a6a79446c879e278eda5e082894c5061f98f2cda849126e1b3168b9ae295,03628f72e14f79437c49a4d89c2973a95badfdddcfa2864cc55f10131c7357ce,fba2c2b35624643b6f90e41ed50b42feaf26218116c44bc52e093d5fe609de78,1.0,192,7680,6385,1295,0.8313802083333334,50942,50942,bd922fbc6a6ba56bed07756c5291e8d375d7472d7627eb66c7b325d46f69554d,data/metric_redesign_stage1b/full/stage1b_full_v1/stage1b_observation_O1_G505/sensor_011/metrics.csv,0.07644481413818904,98.02152661666915,2.161126670467272,40323.105952807484,210.01617683753895,1.3047760834868152,0.0,0.01906012417934499,0.004765031044836248,209.8622213770625,0.0,0.0,191.07445410465226,193.4547033139254,203.01942062649385,0.0,0.0,0.0,0.0,30,-0.001774064670783441,4.697675834106401e-11,3.1473508669883557e-06,0.0017740774692747653,0.0017718251544049934,0.0017830266211653623,0.0017867937527377364,0.002598445942349592,6.319179679529812e-13,0.0022455627177531312,0.0,0.0,0.0
observation,stage1b_observation_O1_G505,O1,test,ST,505,22,10.335388625256323,16,0ecb61b6e5dc13d71492b314b51f701564f95f7d74d1bba439fffa01f5bcb2fb,0bffed575ed25f8bd1826f2b8c4174c86f4dc3b29dbbead3a0f85a979f1a13dd,e97e9d465aee352b5d92c059c85c429dd99db15c38188c9353b4099d73addff9,fe306c394afc53bed37cfed37062f4d8f97ae02f6508541e579da3eaf0b1cd2f,5246a6a79446c879e278eda5e082894c5061f98f2cda849126e1b3168b9ae295,03628f72e14f79437c49a4d89c2973a95badfdddcfa2864cc55f10131c7357ce,fba2c2b35624643b6f90e41ed50b42feaf26218116c44bc52e093d5fe609de78,1.0,192,7680,6386,1294,0.8315104166666667,50978,50978,810fdfe709f5db0ab411b4d10f07a1b349a1c46a44ab0617f1ed0574237fb041,data/metric_redesign_stage1b/full/stage1b_full_v1/stage1b_observation_O1_G505/sensor_022/metrics.csv,0.07589916441971534,100.71949886611054,2.186219853349243,40409.37665807166,210.4655034274566,1.403117374151036,0.0,0.01890795925589658,0.004726989813974145,211.55112224776832,0.0,0.0,189.9950425007936,194.9204914127146,202.44267370928807,0.0,0.0,0.0,0.0,30,-0.002146338044821879,6.90059958759732e-11,4.60683370844582e-06,0.002146353584208767,0.0021434050762092483,0.0021574849229491376,0.0021603017316950356,0.002053881583182669,6.442672247152237e-13,0.0016649195292174235,0.0,0.0,0.0
observation,stage1b_observation_O2_G505,O2,test,ST,505,11,10.335388625256323,16,0ecb61b6e5dc13d71492b314b51f701564f95f7d74d1bba439fffa01f5bcb2fb,0bffed575ed25f8bd1826f2b8c4174c86f4dc3b29dbbead3a0f85a979f1a13dd,e97e9d465aee352b5d92c059c85c429dd99db15c38188c9353b4099d73addff9,fe306c394afc53bed37cfed37062f4d8f97ae02f6508541e579da3eaf0b1cd2f,5246a6a79446c879e278eda5e082894c5061f98f2cda849126e1b3168b9ae295,03628f72e14f79437c49a4d89c2973a95badfdddcfa2864cc55f10131c7357ce,fba2c2b35624643b6f90e41ed50b42feaf26218116c44bc52e093d5fe609de78,0.4,192,7680,5052,2628,0.6578125,50942,20410,1718238c32374ff38088dd08fe142a8bcb55c1eb667b9e1f962d63553eb5514c,data/metric_redesign_stage1b/full/stage1b_full_v1/stage1b_observation_O2_G505/sensor_011/metrics.csv,0.03158287139751992,133.47427005412098,1.6330215441494693,32269.521454589776,168.07042424265506,0.9937928528830282,0.0,0.024042604814058247,0.006010651203514562,166.37132419450288,0.0,0.0,139.14126988317517,155.36494992368188,162.6377486221499,0.0,0.0,0.0,0.0,30,-0.0021526185823969256,1.0419298513761173e-10,4.633867481166183e-06,0.002152641977005508,0.002149115384179723,0.0021657752103955374,0.002171161226257823,0.002862402042650778,5.731650635022025e-13,0.0022008193317280176,0.0,0.0,0.0
observation,stage1b_observation_O2_G505,O2,test,ST,505,22,10.335388625256323,16,0ecb61b6e5dc13d71492b314b51f701564f95f7d74d1bba439fffa01f5bcb2fb,0bffed575ed25f8bd1826f2b8c4174c86f4dc3b29dbbead3a0f85a979f1a13dd,e97e9d465aee352b5d92c059c85c429dd99db15c38188c9353b4099d73addff9,fe306c394afc53bed37cfed37062f4d8f97ae02f6508541e579da3eaf0b1cd2f,5246a6a79446c879e278eda5e082894c5061f98f2cda849126e1b3168b9ae295,03628f72e14f79437c49a4d89c2973a95badfdddcfa2864cc55f10131c7357ce,fba2c2b35624643b6f90e41ed50b42feaf26218116c44bc52e093d5fe609de78,0.4,192,7680,5113,2567,0.6657552083333333,50978,20518,cdf8bd399579072cebd3015a89db88a74c001b5ab2d31140c23f6827a50fcebd,data/metric_redesign_stage1b/full/stage1b_full_v1/stage1b_observation_O2_G505/sensor_022/metrics.csv,0.028705594818494218,131.85186625876716,1.6011585935998687,32308.331411353007,168.27255943413024,0.9880964027903071,0.0,0.023856290680743054,0.005964072670185764,167.6706598494302,0.0,0.0,146.74932607922557,151.52593309491897,159.64584953315102,0.0,0.0,0.0,0.0,30,-0.0019539266828691856,4.324980335927736e-11,3.817871290171426e-06,0.001953937381333247,0.0019523920625275082,0.0019611162289891126,0.0019657884838657933,0.0024129890604139225,8.730621491401429e-13,0.0019358179274127725,0.0,0.0,0.0
observation,stage1b_observation_O3_G505,O3,test,ST,505,11,10.335388625256323,16,0ecb61b6e5dc13d71492b314b51f701564f95f7d74d1bba439fffa01f5bcb2fb,0bffed575ed25f8bd1826f2b8c4174c86f4dc3b29dbbead3a0f85a979f1a13dd,e97e9d465aee352b5d92c059c85c429dd99db15c38188c9353b4099d73addff9,fe306c394afc53bed37cfed37062f4d8f97ae02f6508541e579da3eaf0b1cd2f,5246a6a79446c879e278eda5e082894c5061f98f2cda849126e1b3168b9ae295,03628f72e14f79437c49a4d89c2973a95badfdddcfa2864cc55f10131c7357ce,fba2c2b35624643b6f90e41ed50b42feaf26218116c44bc52e093d5fe609de78,0.1,192,7680,2478,5202,0.32265625,50942,5079,13ed990d4b0ba86cbb0f3df34ebf61546c0f24c9b1a45306612ab508c3bb0e0c,data/metric_redesign_stage1b/full/stage1b_full_v1/stage1b_observation_O3_G505/sensor_011/metrics.csv,0.16809201250159367,79.2701240586716,3.6871698138030533,15264.495561183001,79.50258104782813,0.44510258346169257,0.0,0.050246086006981425,0.012561521501745356,79.60819076423627,0.0,0.0,58.03335696085281,63.77174012883312,74.177956795274,0.0,0.0,0.0,0.0,30,-0.0019402554977107891,4.115763009131687e-11,3.764631182106031e-06,0.001940265750382156,0.0019385533615690065,0.0019492005187910165,0.001950702459932252,0.0035120954231590137,8.121139854735404e-13,0.002689152983858904,0.0,0.0,0.0
observation,stage1b_observation_O3_G505,O3,test,ST,505,22,10.335388625256323,16,0ecb61b6e5dc13d71492b314b51f701564f95f7d74d1bba439fffa01f5bcb2fb,0bffed575ed25f8bd1826f2b8c4174c86f4dc3b29dbbead3a0f85a979f1a13dd,e97e9d465aee352b5d92c059c85c429dd99db15c38188c9353b4099d73addff9,fe306c394afc53bed37cfed37062f4d8f97ae02f6508541e579da3eaf0b1cd2f,5246a6a79446c879e278eda5e082894c5061f98f2cda849126e1b3168b9ae295,03628f72e14f79437c49a4d89c2973a95badfdddcfa2864cc55f10131c7357ce,fba2c2b35624643b6f90e41ed50b42feaf26218116c44bc52e093d5fe609de78,0.1,192,7680,2537,5143,0.33033854166666665,50978,5141,cedcaaa94f72f89d93034cee446ba63726d086825490d368418dd6ff42cd9669,data/metric_redesign_stage1b/full/stage1b_full_v1/stage1b_observation_O3_G505/sensor_022/metrics.csv,0.159255790372961,82.62442942829377,3.5198318203334105,15914.946265091154,82.8903451306831,0.4454217303452638,0.0,0.0501091124143891,0.012527278103597274,79.8258002840094,0.0,0.0,59.527622875159395,68.56712699722442,74.87841994916064,0.0,0.0,0.0,0.0,30,-0.0031820579939713174,3.6894435229452725e-11,1.0125528741617488e-05,0.00318206359798441,0.003180026055204621,0.003189126898949368,0.0031932294478114187,0.0036215203840571,7.126793529631415e-13,0.003017851367321653,0.0,0.0,0.0
observation,stage1b_observation_O4_G505,O4,test,ST,505,11,10.335388625256323,16,0ecb61b6e5dc13d71492b314b51f701564f95f7d74d1bba439fffa01f5bcb2fb,0bffed575ed25f8bd1826f2b8c4174c86f4dc3b29dbbead3a0f85a979f1a13dd,e97e9d465aee352b5d92c059c85c429dd99db15c38188c9353b4099d73addff9,fe306c394afc53bed37cfed37062f4d8f97ae02f6508541e579da3eaf0b1cd2f,5246a6a79446c879e278eda5e082894c5061f98f2cda849126e1b3168b9ae295,03628f72e14f79437c49a4d89c2973a95badfdddcfa2864cc55f10131c7357ce,fba2c2b35624643b6f90e41ed50b42feaf26218116c44bc52e093d5fe609de78,0.02,192,7680,648,7032,0.084375,50942,994,955ad763ea7ae20d99616e55dbe5b005624b8dc00f26b1bd8959e2fb4fe89299,data/metric_redesign_stage1b/full/stage1b_full_v1/stage1b_observation_O4_G505/sensor_011/metrics.csv,0.4047223106447406,20.43430031989811,17.464584107108635,3969.331836521227,20.673603315214724,0.11109207832794274,0.0,0.21468599092539098,0.053671497731347745,18.631863135355232,0.0,0.0,10.678652232136102,13.083631263478107,16.592920134021366,0.0,0.0,0.0,0.0,30,0.002958035413361178,4.3752895576049194e-11,8.75001580116456e-06,0.002958042562432894,0.0029600245115783963,0.0029644921653144253,0.002967951862622975,0.008428315910051354,1.0089434937662491e-12,0.007126067016212428,0.0,0.0,0.0
observation,stage1b_observation_O4_G505,O4,test,ST,505,22,10.335388625256323,16,0ecb61b6e5dc13d71492b314b51f701564f95f7d74d1bba439fffa01f5bcb2fb,0bffed575ed25f8bd1826f2b8c4174c86f4dc3b29dbbead3a0f85a979f1a13dd,e97e9d465aee352b5d92c059c85c429dd99db15c38188c9353b4099d73addff9,fe306c394afc53bed37cfed37062f4d8f97ae02f6508541e579da3eaf0b1cd2f,5246a6a79446c879e278eda5e082894c5061f98f2cda849126e1b3168b9ae295,03628f72e14f79437c49a4d89c2973a95badfdddcfa2864cc55f10131c7357ce,fba2c2b35624643b6f90e41ed50b42feaf26218116c44bc52e093d5fe609de78,0.02,192,7680,675,7005,0.087890625,50978,1002,53b8292ca05e474500a230ce3a3e39dea44b5f37c4a4e85797acb4a37505d7d0,data/metric_redesign_stage1b/full/stage1b_full_v1/stage1b_observation_O4_G505/sensor_022/metrics.csv,0.4004190979645209,22.118220078365916,16.319763229068883,4293.782576039255,22.363450916871123,0.11492149256047529,0.0,0.1917891091060102,0.04794727727650255,20.856241622088277,0.0,0.0,12.905029286995996,14.196651259164023,18.284862825515884,0.0,0.0,0.0,0.0,30,0.0025000197402547998,8.94647174980391e-11,6.2501851842239245e-06,0.0025000370365704434,0.0025031091232445846,0.0025075038326914266,0.002510817207890703,0.007542874953063007,1.0347420281712891e-12,0.00551252407667886,0.0,0.0,0.0
