scene_variant,geometry_seed,measurement_seed,block_id,perturbation_type,direction_id,registration_path,bootstrap_repetitions,bootstrap_seed,curve_subseed,uncensored_count,uncensored_fraction,mean_d50,sample_std_ddof_1,cv,eligible,reason
END_FACE_TRANSITION_ABSENT,1101,2101,dev::END_FACE_TRANSITION_ABSENT::g1101::m2101,translation,ico_00,full_reassociation,500,161803,225211362125786903406971561557224016614,500,1.0,0.0,0.0,,false,ZERO_MEAN_D50
END_FACE_TRANSITION_ABSENT,1101,2101,dev::END_FACE_TRANSITION_ABSENT::g1101::m2101,translation,ico_01,full_reassociation,500,161803,138845135274987207528761192100821034942,500,1.0,0.0,0.0,,false,ZERO_MEAN_D50
END_FACE_TRANSITION_ABSENT,1101,2101,dev::END_FACE_TRANSITION_ABSENT::g1101::m2101,translation,ico_02,full_reassociation,500,161803,132773650560869731456616295937925888670,500,1.0,0.0,0.0,,false,ZERO_MEAN_D50
END_FACE_TRANSITION_ABSENT,1101,2101,dev::END_FACE_TRANSITION_ABSENT::g1101::m2101,translation,ico_03,full_reassociation,500,161803,128243771799549335329144122748869083505,500,1.0,0.0,0.0,,false,ZERO_MEAN_D50
END_FACE_TRANSITION_ABSENT,1101,2101,dev::END_FACE_TRANSITION_ABSENT::g1101::m2101,translation,ico_04,full_reassociation,500,161803,151656203599563086212074260061862577872,500,1.0,0.0,0.0,,false,ZERO_MEAN_D50
END_FACE_TRANSITION_ABSENT,1101,2101,dev::END_FACE_TRANSITION_ABSENT::g1101::m2101,translation,ico_05,full_reassociation,500,161803,259367428327705162944934031339529555304,500,1.0,0.0,0.0,,false,ZERO_MEAN_D50
END_FACE_TRANSITION_ABSENT,1101,2101,dev::END_FACE_TRANSITION_ABSENT::g1101::m2101,translation,ico_06,full_reassociation,500,161803,302997369698258146054177075879858832626,500,1.0,0.0,0.0,,false,ZERO_MEAN_D50
END_FACE_TRANSITION_ABSENT,1101,2101,dev::END_FACE_TRANSITION_ABSENT::g1101::m2101,translation,ico_07,full_reassociation,500,161803,207643286916653466999312002497555877044,500,1.0,0.0,0.0,,false,ZERO_MEAN_D50
END_FACE_TRANSITION_ABSENT,1101,2101,dev::END_FACE_TRANSITION_ABSENT::g1101::m2101,translation,ico_08,full_reassociation,500,161803,48792765424932558540880862851467077965,500,1.0,0.0,0.0,,false,ZERO_MEAN_D50
END_FACE_TRANSITION_ABSENT,1101,2101,dev::END_FACE_TRANSITION_ABSENT::g1101::m2101,translation,ico_09,full_reassociation,500,161803,246119959936520294957579810423885988889,500,1.0,0.0,0.0,,false,ZERO_MEAN_D50
END_FACE_TRANSITION_ABSENT,1101,2101,dev::END_FACE_TRANSITION_ABSENT::g1101::m2101,translation,ico_10,full_reassociation,500,161803,79574788238070018590447518372987490859,500,1.0,0.0,0.0,,false,ZERO_MEAN_D50
END_FACE_TRANSITION_ABSENT,1101,2101,dev::END_FACE_TRANSITION_ABSENT::g1101::m2101,translation,ico_11,full_reassociation,500,161803,285004435928367063963329186674578502519,500,1.0,0.0,0.0,,false,ZERO_MEAN_D50
END_FACE_TRANSITION_ABSENT,1101,2101,dev::END_FACE_TRANSITION_ABSENT::g1101::m2101,translation,neg_x,full_reassociation,500,161803,121074044330123971333283395604702543047,500,1.0,0.0,0.0,,false,ZERO_MEAN_D50
END_FACE_TRANSITION_ABSENT,1101,2101,dev::END_FACE_TRANSITION_ABSENT::g1101::m2101,translation,neg_y,full_reassociation,500,161803,173249223664867225640164740790124024219,500,1.0,0.0,0.0,,false,ZERO_MEAN_D50
END_FACE_TRANSITION_ABSENT,1101,2101,dev::END_FACE_TRANSITION_ABSENT::g1101::m2101,translation,neg_z,full_reassociation,500,161803,339911188990375824595307099246509465907,500,1.0,0.0,0.0,,false,ZERO_MEAN_D50
END_FACE_TRANSITION_ABSENT,1101,2101,dev::END_FACE_TRANSITION_ABSENT::g1101::m2101,translation,pos_x,full_reassociation,500,161803,11922556713479065669457609307523508713,500,1.0,0.0,0.0,,false,ZERO_MEAN_D50
END_FACE_TRANSITION_ABSENT,1101,2101,dev::END_FACE_TRANSITION_ABSENT::g1101::m2101,translation,pos_y,full_reassociation,500,161803,204659965637031127368327280555105741310,500,1.0,0.0,0.0,,false,ZERO_MEAN_D50
END_FACE_TRANSITION_ABSENT,1101,2101,dev::END_FACE_TRANSITION_ABSENT::g1101::m2101,translation,pos_z,full_reassociation,500,161803,328662120272571170243029113294039265901,500,1.0,0.0,0.0,,false,ZERO_MEAN_D50
END_FACE_TRANSITION_ABSENT,1101,2111,dev::END_FACE_TRANSITION_ABSENT::g1101::m2111,translation,ico_00,full_reassociation,500,161803,218602999882274781151442432844744144901,500,1.0,0.0,0.0,,false,ZERO_MEAN_D50
END_FACE_TRANSITION_ABSENT,1101,2111,dev::END_FACE_TRANSITION_ABSENT::g1101::m2111,translation,ico_01,full_reassociation,500,161803,6687800853217789206581947474394439606,500,1.0,0.0,0.0,,false,ZERO_MEAN_D50
END_FACE_TRANSITION_ABSENT,1101,2111,dev::END_FACE_TRANSITION_ABSENT::g1101::m2111,translation,ico_02,full_reassociation,500,161803,160100780044668855658958541496146281775,500,1.0,0.0,0.0,,false,ZERO_MEAN_D50
END_FACE_TRANSITION_ABSENT,1101,2111,dev::END_FACE_TRANSITION_ABSENT::g1101::m2111,translation,ico_03,full_reassociation,500,161803,297517702302489973204964079185506480825,500,1.0,0.0,0.0,,false,ZERO_MEAN_D50
END_FACE_TRANSITION_ABSENT,1101,2111,dev::END_FACE_TRANSITION_ABSENT::g1101::m2111,translation,ico_04,full_reassociation,500,161803,252164834645819356559624492964971999018,500,1.0,0.0,0.0,,false,ZERO_MEAN_D50
END_FACE_TRANSITION_ABSENT,1101,2111,dev::END_FACE_TRANSITION_ABSENT::g1101::m2111,translation,ico_05,full_reassociation,500,161803,204123524040971681436702367053985132630,500,1.0,0.0,0.0,,false,ZERO_MEAN_D50
END_FACE_TRANSITION_ABSENT,1101,2111,dev::END_FACE_TRANSITION_ABSENT::g1101::m2111,translation,ico_06,full_reassociation,500,161803,227542129872187788806554463620460710670,500,1.0,0.0,0.0,,false,ZERO_MEAN_D50
END_FACE_TRANSITION_ABSENT,1101,2111,dev::END_FACE_TRANSITION_ABSENT::g1101::m2111,translation,ico_07,full_reassociation,500,161803,41987605438404199648613333156285852196,500,1.0,0.0,0.0,,false,ZERO_MEAN_D50
END_FACE_TRANSITION_ABSENT,1101,2111,dev::END_FACE_TRANSITION_ABSENT::g1101::m2111,translation,ico_08,full_reassociation,500,161803,127470468161179400179417212214751119999,500,1.0,0.0,0.0,,false,ZERO_MEAN_D50
END_FACE_TRANSITION_ABSENT,1101,2111,dev::END_FACE_TRANSITION_ABSENT::g1101::m2111,translation,ico_09,full_reassociation,500,161803,204898863555566572434068553751699809331,500,1.0,0.0,0.0,,false,ZERO_MEAN_D50
END_FACE_TRANSITION_ABSENT,1101,2111,dev::END_FACE_TRANSITION_ABSENT::g1101::m2111,translation,ico_10,full_reassociation,500,161803,2919409434576376854785985119649446353,500,1.0,0.0,0.0,,false,ZERO_MEAN_D50
END_FACE_TRANSITION_ABSENT,1101,2111,dev::END_FACE_TRANSITION_ABSENT::g1101::m2111,translation,ico_11,full_reassociation,500,161803,203554276855778402660227842952941987229,500,1.0,0.0,0.0,,false,ZERO_MEAN_D50
END_FACE_TRANSITION_ABSENT,1101,2111,dev::END_FACE_TRANSITION_ABSENT::g1101::m2111,translation,neg_x,full_reassociation,500,161803,133897110932290348133049814711374870417,500,1.0,0.0,0.0,,false,ZERO_MEAN_D50
END_FACE_TRANSITION_ABSENT,1101,2111,dev::END_FACE_TRANSITION_ABSENT::g1101::m2111,translation,neg_y,full_reassociation,500,161803,211252962894674582071414727293053096186,500,1.0,0.0,0.0,,false,ZERO_MEAN_D50
END_FACE_TRANSITION_ABSENT,1101,2111,dev::END_FACE_TRANSITION_ABSENT::g1101::m2111,translation,neg_z,full_reassociation,500,161803,83842500741284978677860805116198394594,500,1.0,0.0,0.0,,false,ZERO_MEAN_D50
END_FACE_TRANSITION_ABSENT,1101,2111,dev::END_FACE_TRANSITION_ABSENT::g1101::m2111,translation,pos_x,full_reassociation,500,161803,15283531179176796841056531667576412725,500,1.0,0.0,0.0,,false,ZERO_MEAN_D50
END_FACE_TRANSITION_ABSENT,1101,2111,dev::END_FACE_TRANSITION_ABSENT::g1101::m2111,translation,pos_y,full_reassociation,500,161803,16774786093252671250730503477488172891,500,1.0,0.0,0.0,,false,ZERO_MEAN_D50
END_FACE_TRANSITION_ABSENT,1101,2111,dev::END_FACE_TRANSITION_ABSENT::g1101::m2111,translation,pos_z,full_reassociation,500,161803,200846461190562956955988049772176948205,500,1.0,0.0,0.0,,false,ZERO_MEAN_D50
END_FACE_TRANSITION_ABSENT,1103,2101,dev::END_FACE_TRANSITION_ABSENT::g1103::m2101,translation,ico_00,full_reassociation,500,161803,326048789882163571849064782940643354563,500,1.0,0.0,0.0,,false,ZERO_MEAN_D50
END_FACE_TRANSITION_ABSENT,1103,2101,dev::END_FACE_TRANSITION_ABSENT::g1103::m2101,translation,ico_01,full_reassociation,500,161803,318850260575015708653464432767494006926,500,1.0,0.0,0.0,,false,ZERO_MEAN_D50
END_FACE_TRANSITION_ABSENT,1103,2101,dev::END_FACE_TRANSITION_ABSENT::g1103::m2101,translation,ico_02,full_reassociation,500,161803,154716623342707020336661432561671208822,500,1.0,0.0,0.0,,false,ZERO_MEAN_D50
END_FACE_TRANSITION_ABSENT,1103,2101,dev::END_FACE_TRANSITION_ABSENT::g1103::m2101,translation,ico_03,full_reassociation,500,161803,55011405553881578983769873012206524268,500,1.0,0.0,0.0,,false,ZERO_MEAN_D50
END_FACE_TRANSITION_ABSENT,1103,2101,dev::END_FACE_TRANSITION_ABSENT::g1103::m2101,translation,ico_04,full_reassociation,500,161803,190658464391013547592117341249904181760,500,1.0,0.0,0.0,,false,ZERO_MEAN_D50
END_FACE_TRANSITION_ABSENT,1103,2101,dev::END_FACE_TRANSITION_ABSENT::g1103::m2101,translation,ico_05,full_reassociation,500,161803,98129137481571409495120791914149913894,500,1.0,0.0,0.0,,false,ZERO_MEAN_D50
END_FACE_TRANSITION_ABSENT,1103,2101,dev::END_FACE_TRANSITION_ABSENT::g1103::m2101,translation,ico_06,full_reassociation,500,161803,280827562299119643248894439071504280861,500,1.0,0.0,0.0,,false,ZERO_MEAN_D50
END_FACE_TRANSITION_ABSENT,1103,2101,dev::END_FACE_TRANSITION_ABSENT::g1103::m2101,translation,ico_07,full_reassociation,500,161803,111962478710812891289012999426326894517,500,1.0,0.0,0.0,,false,ZERO_MEAN_D50
END_FACE_TRANSITION_ABSENT,1103,2101,dev::END_FACE_TRANSITION_ABSENT::g1103::m2101,translation,ico_08,full_reassociation,500,161803,178576625510282804372388465597017050796,500,1.0,0.0,0.0,,false,ZERO_MEAN_D50
END_FACE_TRANSITION_ABSENT,1103,2101,dev::END_FACE_TRANSITION_ABSENT::g1103::m2101,translation,ico_09,full_reassociation,500,161803,268751927138951674217169114804618321835,500,1.0,0.0,0.0,,false,ZERO_MEAN_D50
END_FACE_TRANSITION_ABSENT,1103,2101,dev::END_FACE_TRANSITION_ABSENT::g1103::m2101,translation,ico_10,full_reassociation,500,161803,264219401114801846810938823608769686363,500,1.0,0.0,0.0,,false,ZERO_MEAN_D50
END_FACE_TRANSITION_ABSENT,1103,2101,dev::END_FACE_TRANSITION_ABSENT::g1103::m2101,translation,ico_11,full_reassociation,500,161803,120053757247724984164060359272516646777,500,1.0,0.0,0.0,,false,ZERO_MEAN_D50
END_FACE_TRANSITION_ABSENT,1103,2101,dev::END_FACE_TRANSITION_ABSENT::g1103::m2101,translation,neg_x,full_reassociation,500,161803,229724152303980745960153645632234001988,500,1.0,0.0,0.0,,false,ZERO_MEAN_D50
END_FACE_TRANSITION_ABSENT,1103,2101,dev::END_FACE_TRANSITION_ABSENT::g1103::m2101,translation,neg_y,full_reassociation,500,161803,6333641667519408633521629516019996715,500,1.0,0.0,0.0,,false,ZERO_MEAN_D50
END_FACE_TRANSITION_ABSENT,1103,2101,dev::END_FACE_TRANSITION_ABSENT::g1103::m2101,translation,neg_z,full_reassociation,500,161803,301554447355684581741614825232435240630,500,1.0,0.0,0.0,,false,ZERO_MEAN_D50
END_FACE_TRANSITION_ABSENT,1103,2101,dev::END_FACE_TRANSITION_ABSENT::g1103::m2101,translation,pos_x,full_reassociation,500,161803,186350558169534132337366339549492326281,500,1.0,0.0,0.0,,false,ZERO_MEAN_D50
END_FACE_TRANSITION_ABSENT,1103,2101,dev::END_FACE_TRANSITION_ABSENT::g1103::m2101,translation,pos_y,full_reassociation,500,161803,295711833402679785849700228228092389571,500,1.0,0.0,0.0,,false,ZERO_MEAN_D50
END_FACE_TRANSITION_ABSENT,1103,2101,dev::END_FACE_TRANSITION_ABSENT::g1103::m2101,translation,pos_z,full_reassociation,500,161803,77276837110014773009965653713016798015,500,1.0,0.0,0.0,,false,ZERO_MEAN_D50
END_FACE_TRANSITION_ABSENT,1103,2111,dev::END_FACE_TRANSITION_ABSENT::g1103::m2111,translation,ico_00,full_reassociation,500,161803,218204676953717598676911247618650661920,500,1.0,0.0,0.0,,false,ZERO_MEAN_D50
END_FACE_TRANSITION_ABSENT,1103,2111,dev::END_FACE_TRANSITION_ABSENT::g1103::m2111,translation,ico_01,full_reassociation,500,161803,20217470787801868571195206582255511926,500,1.0,0.0,0.0,,false,ZERO_MEAN_D50
END_FACE_TRANSITION_ABSENT,1103,2111,dev::END_FACE_TRANSITION_ABSENT::g1103::m2111,translation,ico_02,full_reassociation,500,161803,131009395228908666540129083600799471154,500,1.0,0.0,0.0,,false,ZERO_MEAN_D50
END_FACE_TRANSITION_ABSENT,1103,2111,dev::END_FACE_TRANSITION_ABSENT::g1103::m2111,translation,ico_03,full_reassociation,500,161803,213221905632520010019205971800530352803,500,1.0,0.0,0.0,,false,ZERO_MEAN_D50
END_FACE_TRANSITION_ABSENT,1103,2111,dev::END_FACE_TRANSITION_ABSENT::g1103::m2111,translation,ico_04,full_reassociation,500,161803,242216196038233595048442729029145409538,500,1.0,0.0,0.0,,false,ZERO_MEAN_D50
END_FACE_TRANSITION_ABSENT,1103,2111,dev::END_FACE_TRANSITION_ABSENT::g1103::m2111,translation,ico_05,full_reassociation,500,161803,194099051812100805851928094188389463284,500,1.0,0.0,0.0,,false,ZERO_MEAN_D50
END_FACE_TRANSITION_ABSENT,1103,2111,dev::END_FACE_TRANSITION_ABSENT::g1103::m2111,translation,ico_06,full_reassociation,500,161803,276467626793039322871189568384325826030,500,1.0,0.0,0.0,,false,ZERO_MEAN_D50
END_FACE_TRANSITION_ABSENT,1103,2111,dev::END_FACE_TRANSITION_ABSENT::g1103::m2111,translation,ico_07,full_reassociation,500,161803,92370707103625118408364749405950812656,500,1.0,0.0,0.0,,false,ZERO_MEAN_D50
END_FACE_TRANSITION_ABSENT,1103,2111,dev::END_FACE_TRANSITION_ABSENT::g1103::m2111,translation,ico_08,full_reassociation,500,161803,177798088868902526199766544402966751639,500,1.0,0.0,0.0,,false,ZERO_MEAN_D50
END_FACE_TRANSITION_ABSENT,1103,2111,dev::END_FACE_TRANSITION_ABSENT::g1103::m2111,translation,ico_09,full_reassociation,500,161803,228850593578882650899019291850360226018,500,1.0,0.0,0.0,,false,ZERO_MEAN_D50
END_FACE_TRANSITION_ABSENT,1103,2111,dev::END_FACE_TRANSITION_ABSENT::g1103::m2111,translation,ico_10,full_reassociation,500,161803,283548340461340618916327840568722363845,500,1.0,0.0,0.0,,false,ZERO_MEAN_D50
END_FACE_TRANSITION_ABSENT,1103,2111,dev::END_FACE_TRANSITION_ABSENT::g1103::m2111,translation,ico_11,full_reassociation,500,161803,247328024759733391355687488884936159950,500,1.0,0.0,0.0,,false,ZERO_MEAN_D50
END_FACE_TRANSITION_ABSENT,1103,2111,dev::END_FACE_TRANSITION_ABSENT::g1103::m2111,translation,neg_x,full_reassociation,500,161803,302657347405662355254569511082946240288,500,1.0,0.0,0.0,,false,ZERO_MEAN_D50
END_FACE_TRANSITION_ABSENT,1103,2111,dev::END_FACE_TRANSITION_ABSENT::g1103::m2111,translation,neg_y,full_reassociation,500,161803,89441637325345462683055510647887657801,500,1.0,0.0,0.0,,false,ZERO_MEAN_D50
END_FACE_TRANSITION_ABSENT,1103,2111,dev::END_FACE_TRANSITION_ABSENT::g1103::m2111,translation,neg_z,full_reassociation,500,161803,64866446140947188717899769977517834241,500,1.0,0.0,0.0,,false,ZERO_MEAN_D50
END_FACE_TRANSITION_ABSENT,1103,2111,dev::END_FACE_TRANSITION_ABSENT::g1103::m2111,translation,pos_x,full_reassociation,500,161803,246665066818773306319370798665242441597,500,1.0,0.0,0.0,,false,ZERO_MEAN_D50
END_FACE_TRANSITION_ABSENT,1103,2111,dev::END_FACE_TRANSITION_ABSENT::g1103::m2111,translation,pos_y,full_reassociation,500,161803,81762952604057022825730647255961614410,500,1.0,0.0,0.0,,false,ZERO_MEAN_D50
END_FACE_TRANSITION_ABSENT,1103,2111,dev::END_FACE_TRANSITION_ABSENT::g1103::m2111,translation,pos_z,full_reassociation,500,161803,162441617492267494789343079039521992598,500,1.0,0.0,0.0,,false,ZERO_MEAN_D50
END_FACE_TRANSITION_ABSENT,1107,2101,dev::END_FACE_TRANSITION_ABSENT::g1107::m2101,translation,ico_00,full_reassociation,500,161803,53049282066700217251362194382033372502,500,1.0,0.0,0.0,,false,ZERO_MEAN_D50
END_FACE_TRANSITION_ABSENT,1107,2101,dev::END_FACE_TRANSITION_ABSENT::g1107::m2101,translation,ico_01,full_reassociation,500,161803,329107883856781067808795329090664642035,500,1.0,0.0,0.0,,false,ZERO_MEAN_D50
END_FACE_TRANSITION_ABSENT,1107,2101,dev::END_FACE_TRANSITION_ABSENT::g1107::m2101,translation,ico_02,full_reassociation,500,161803,261086564732326040405699747053741456370,500,1.0,0.0,0.0,,false,ZERO_MEAN_D50
END_FACE_TRANSITION_ABSENT,1107,2101,dev::END_FACE_TRANSITION_ABSENT::g1107::m2101,translation,ico_03,full_reassociation,500,161803,46646295457550679353952774315311622848,500,1.0,0.0,0.0,,false,ZERO_MEAN_D50
END_FACE_TRANSITION_ABSENT,1107,2101,dev::END_FACE_TRANSITION_ABSENT::g1107::m2101,translation,ico_04,full_reassociation,500,161803,42923251207780651324074131782197410694,500,1.0,0.0,0.0,,false,ZERO_MEAN_D50
END_FACE_TRANSITION_ABSENT,1107,2101,dev::END_FACE_TRANSITION_ABSENT::g1107::m2101,translation,ico_05,full_reassociation,500,161803,155318811587341185510358588276486434170,500,1.0,0.0,0.0,,false,ZERO_MEAN_D50
END_FACE_TRANSITION_ABSENT,1107,2101,dev::END_FACE_TRANSITION_ABSENT::g1107::m2101,translation,ico_06,full_reassociation,500,161803,320801869322894971656148803959290901856,500,1.0,0.0,0.0,,false,ZERO_MEAN_D50
END_FACE_TRANSITION_ABSENT,1107,2101,dev::END_FACE_TRANSITION_ABSENT::g1107::m2101,translation,ico_07,full_reassociation,500,161803,72072511980441580426705260989617339028,500,1.0,0.0,0.0,,false,ZERO_MEAN_D50
END_FACE_TRANSITION_ABSENT,1107,2101,dev::END_FACE_TRANSITION_ABSENT::g1107::m2101,translation,ico_08,full_reassociation,500,161803,39448080573535949392176795148418165380,500,1.0,0.0,0.0,,false,ZERO_MEAN_D50
END_FACE_TRANSITION_ABSENT,1107,2101,dev::END_FACE_TRANSITION_ABSENT::g1107::m2101,translation,ico_09,full_reassociation,500,161803,193715511548810703727156598826982979332,500,1.0,0.0,0.0,,false,ZERO_MEAN_D50
END_FACE_TRANSITION_ABSENT,1107,2101,dev::END_FACE_TRANSITION_ABSENT::g1107::m2101,translation,ico_10,full_reassociation,500,161803,337915935144298726069584520441594227963,500,1.0,0.0,0.0,,false,ZERO_MEAN_D50
END_FACE_TRANSITION_ABSENT,1107,2101,dev::END_FACE_TRANSITION_ABSENT::g1107::m2101,translation,ico_11,full_reassociation,500,161803,71977149969414484052464269681960323884,500,1.0,0.0,0.0,,false,ZERO_MEAN_D50
END_FACE_TRANSITION_ABSENT,1107,2101,dev::END_FACE_TRANSITION_ABSENT::g1107::m2101,translation,neg_x,full_reassociation,500,161803,39988805493063236460965071980059593266,500,1.0,0.0,0.0,,false,ZERO_MEAN_D50
END_FACE_TRANSITION_ABSENT,1107,2101,dev::END_FACE_TRANSITION_ABSENT::g1107::m2101,translation,neg_y,full_reassociation,500,161803,12499707957760963292154304997093422074,500,1.0,0.0,0.0,,false,ZERO_MEAN_D50
END_FACE_TRANSITION_ABSENT,1107,2101,dev::END_FACE_TRANSITION_ABSENT::g1107::m2101,translation,neg_z,full_reassociation,500,161803,260535574235941635267023379938086971692,500,1.0,0.0,0.0,,false,ZERO_MEAN_D50
END_FACE_TRANSITION_ABSENT,1107,2101,dev::END_FACE_TRANSITION_ABSENT::g1107::m2101,translation,pos_x,full_reassociation,500,161803,16516057564435433268233559924221508116,500,1.0,0.0,0.0,,false,ZERO_MEAN_D50
END_FACE_TRANSITION_ABSENT,1107,2101,dev::END_FACE_TRANSITION_ABSENT::g1107::m2101,translation,pos_y,full_reassociation,500,161803,177547917705874438798416635619228241692,500,1.0,0.0,0.0,,false,ZERO_MEAN_D50
END_FACE_TRANSITION_ABSENT,1107,2101,dev::END_FACE_TRANSITION_ABSENT::g1107::m2101,translation,pos_z,full_reassociation,500,161803,62228782074543114558009807843608046763,500,1.0,0.0,0.0,,false,ZERO_MEAN_D50
END_FACE_TRANSITION_ABSENT,1107,2111,dev::END_FACE_TRANSITION_ABSENT::g1107::m2111,translation,ico_00,full_reassociation,500,161803,197106300331266047477200757965469758628,500,1.0,0.0112,0.04603039859908212,4.109857017775189,true,ELIGIBLE
END_FACE_TRANSITION_ABSENT,1107,2111,dev::END_FACE_TRANSITION_ABSENT::g1107::m2111,translation,ico_01,full_reassociation,500,161803,108086437739506696541708797704815980880,500,1.0,0.0035,0.012770127340970773,3.648607811705935,true,ELIGIBLE
END_FACE_TRANSITION_ABSENT,1107,2111,dev::END_FACE_TRANSITION_ABSENT::g1107::m2111,translation,ico_02,full_reassociation,500,161803,146898769404993770554175749027883352038,500,1.0,0.044800000000000006,0.1841215943963285,4.109857017775189,true,ELIGIBLE
END_FACE_TRANSITION_ABSENT,1107,2111,dev::END_FACE_TRANSITION_ABSENT::g1107::m2111,translation,ico_03,full_reassociation,500,161803,19083141615497893503339855389366123707,500,1.0,0.0112,0.046030398599082124,4.10985701777519,true,ELIGIBLE
END_FACE_TRANSITION_ABSENT,1107,2111,dev::END_FACE_TRANSITION_ABSENT::g1107::m2111,translation,ico_04,full_reassociation,500,161803,295628459758201111733863724371377373707,500,1.0,0.01,0.043632643917489826,4.363264391748983,true,ELIGIBLE
END_FACE_TRANSITION_ABSENT,1107,2111,dev::END_FACE_TRANSITION_ABSENT::g1107::m2111,translation,ico_05,full_reassociation,500,161803,325808955200657194360880782979654577537,500,1.0,0.00058,0.0023397754375572874,4.034095581995323,true,ELIGIBLE
END_FACE_TRANSITION_ABSENT,1107,2111,dev::END_FACE_TRANSITION_ABSENT::g1107::m2111,translation,ico_06,full_reassociation,500,161803,208435928929042825383942714182394410976,500,1.0,0.0116,0.04679550875114574,4.034095581995323,true,ELIGIBLE
END_FACE_TRANSITION_ABSENT,1107,2111,dev::END_FACE_TRANSITION_ABSENT::g1107::m2111,translation,ico_07,full_reassociation,500,161803,287581357113642109122775482703088473747,500,1.0,0.0027,0.011312202785652647,4.189704735426906,true,ELIGIBLE
END_FACE_TRANSITION_ABSENT,1107,2111,dev::END_FACE_TRANSITION_ABSENT::g1107::m2111,translation,ico_08,full_reassociation,500,161803,231089529029121025248587951250806125563,500,1.0,0.0008200000000000001,0.0027463949771912785,3.3492621673064367,true,ELIGIBLE
END_FACE_TRANSITION_ABSENT,1107,2111,dev::END_FACE_TRANSITION_ABSENT::g1107::m2111,translation,ico_09,full_reassociation,500,161803,312347133952879152088699308230880663118,500,1.0,0.001,0.007945203112885787,7.945203112885787,true,ELIGIBLE
END_FACE_TRANSITION_ABSENT,1107,2111,dev::END_FACE_TRANSITION_ABSENT::g1107::m2111,translation,ico_10,full_reassociation,500,161803,148781109522294391730051656044713867018,500,1.0,0.0031,0.012069853467439072,3.893501118528733,true,ELIGIBLE
END_FACE_TRANSITION_ABSENT,1107,2111,dev::END_FACE_TRANSITION_ABSENT::g1107::m2111,translation,ico_11,full_reassociation,500,161803,296459837227368062219447591810380330447,500,1.0,0.0036,0.018647666635316165,5.179907398698934,true,ELIGIBLE
END_FACE_TRANSITION_ABSENT,1107,2111,dev::END_FACE_TRANSITION_ABSENT::g1107::m2111,translation,neg_x,full_reassociation,500,161803,277016043975880415814102506537825705913,500,1.0,0.00668,0.023877140441672294,3.5744222218072297,true,ELIGIBLE
END_FACE_TRANSITION_ABSENT,1107,2111,dev::END_FACE_TRANSITION_ABSENT::g1107::m2111,translation,neg_y,full_reassociation,500,161803,143925361675060923243050817923413279047,500,1.0,0.0112,0.04603039859908212,4.109857017775189,true,ELIGIBLE
END_FACE_TRANSITION_ABSENT,1107,2111,dev::END_FACE_TRANSITION_ABSENT::g1107::m2111,translation,neg_z,full_reassociation,500,161803,142570421436685062901184585023367979822,500,1.0,0.0124,0.04827941386975629,3.893501118528733,true,ELIGIBLE
END_FACE_TRANSITION_ABSENT,1107,2111,dev::END_FACE_TRANSITION_ABSENT::g1107::m2111,translation,pos_x,full_reassociation,500,161803,317819212061880608211834815883316935934,500,1.0,0.0005200000000000001,0.0022224938600400746,4.27402665392322,true,ELIGIBLE
END_FACE_TRANSITION_ABSENT,1107,2111,dev::END_FACE_TRANSITION_ABSENT::g1107::m2111,translation,pos_y,full_reassociation,500,161803,160939290486652480079665460829724962061,500,1.0,0.026400000000000003,0.09941230110616314,3.765617466142543,true,ELIGIBLE
END_FACE_TRANSITION_ABSENT,1107,2111,dev::END_FACE_TRANSITION_ABSENT::g1107::m2111,translation,pos_z,full_reassociation,500,161803,244355225970092370399748628042529636041,500,1.0,0.0042000000000000015,0.0200790022826168,4.7807148291944745,true,ELIGIBLE
END_FACE_TRANSITION_PRESENT,1101,2101,dev::END_FACE_TRANSITION_PRESENT::g1101::m2101,translation,ico_00,full_reassociation,500,161803,187563999140454456017262502215605188648,0,0.0,,,,false,INSUFFICIENT_UNCENSORED_BOOTSTRAPS
END_FACE_TRANSITION_PRESENT,1101,2101,dev::END_FACE_TRANSITION_PRESENT::g1101::m2101,translation,ico_01,full_reassociation,500,161803,266113443392414068691560344335985940666,0,0.0,,,,false,INSUFFICIENT_UNCENSORED_BOOTSTRAPS
END_FACE_TRANSITION_PRESENT,1101,2101,dev::END_FACE_TRANSITION_PRESENT::g1101::m2101,translation,ico_02,full_reassociation,500,161803,98880981585890250418842365923028254951,0,0.0,,,,false,INSUFFICIENT_UNCENSORED_BOOTSTRAPS
END_FACE_TRANSITION_PRESENT,1101,2101,dev::END_FACE_TRANSITION_PRESENT::g1101::m2101,translation,ico_03,full_reassociation,500,161803,253496863961985381203267702909418401572,0,0.0,,,,false,INSUFFICIENT_UNCENSORED_BOOTSTRAPS
END_FACE_TRANSITION_PRESENT,1101,2101,dev::END_FACE_TRANSITION_PRESENT::g1101::m2101,translation,ico_04,full_reassociation,500,161803,220407434764761151506808536782949902326,0,0.0,,,,false,INSUFFICIENT_UNCENSORED_BOOTSTRAPS
END_FACE_TRANSITION_PRESENT,1101,2101,dev::END_FACE_TRANSITION_PRESENT::g1101::m2101,translation,ico_05,full_reassociation,500,161803,40704541621779500101607170374601987480,0,0.0,,,,false,INSUFFICIENT_UNCENSORED_BOOTSTRAPS
END_FACE_TRANSITION_PRESENT,1101,2101,dev::END_FACE_TRANSITION_PRESENT::g1101::m2101,translation,ico_06,full_reassociation,500,161803,113947142547166139658257012811234186919,0,0.0,,,,false,INSUFFICIENT_UNCENSORED_BOOTSTRAPS
END_FACE_TRANSITION_PRESENT,1101,2101,dev::END_FACE_TRANSITION_PRESENT::g1101::m2101,translation,ico_07,full_reassociation,500,161803,197660361703681284770869797543350712829,0,0.0,,,,false,INSUFFICIENT_UNCENSORED_BOOTSTRAPS
END_FACE_TRANSITION_PRESENT,1101,2101,dev::END_FACE_TRANSITION_PRESENT::g1101::m2101,translation,ico_08,full_reassociation,500,161803,125595917186017998983412146342750603461,0,0.0,,,,false,INSUFFICIENT_UNCENSORED_BOOTSTRAPS
END_FACE_TRANSITION_PRESENT,1101,2101,dev::END_FACE_TRANSITION_PRESENT::g1101::m2101,translation,ico_09,full_reassociation,500,161803,260020397093834430953065872313278427414,0,0.0,,,,false,INSUFFICIENT_UNCENSORED_BOOTSTRAPS
END_FACE_TRANSITION_PRESENT,1101,2101,dev::END_FACE_TRANSITION_PRESENT::g1101::m2101,translation,ico_10,full_reassociation,500,161803,91716720045986974851080481999405460768,0,0.0,,,,false,INSUFFICIENT_UNCENSORED_BOOTSTRAPS
END_FACE_TRANSITION_PRESENT,1101,2101,dev::END_FACE_TRANSITION_PRESENT::g1101::m2101,translation,ico_11,full_reassociation,500,161803,32010061869976750085793366779390309477,0,0.0,,,,false,INSUFFICIENT_UNCENSORED_BOOTSTRAPS
END_FACE_TRANSITION_PRESENT,1101,2101,dev::END_FACE_TRANSITION_PRESENT::g1101::m2101,translation,neg_x,full_reassociation,500,161803,251277772359327840913808874883189771563,0,0.0,,,,false,INSUFFICIENT_UNCENSORED_BOOTSTRAPS
END_FACE_TRANSITION_PRESENT,1101,2101,dev::END_FACE_TRANSITION_PRESENT::g1101::m2101,translation,neg_y,full_reassociation,500,161803,165113187522697177368950181336621011229,0,0.0,,,,false,INSUFFICIENT_UNCENSORED_BOOTSTRAPS
END_FACE_TRANSITION_PRESENT,1101,2101,dev::END_FACE_TRANSITION_PRESENT::g1101::m2101,translation,neg_z,full_reassociation,500,161803,186456694511555977307701789528704232223,0,0.0,,,,false,INSUFFICIENT_UNCENSORED_BOOTSTRAPS
END_FACE_TRANSITION_PRESENT,1101,2101,dev::END_FACE_TRANSITION_PRESENT::g1101::m2101,translation,pos_x,full_reassociation,500,161803,22285206225766001339266781517523295338,0,0.0,,,,false,INSUFFICIENT_UNCENSORED_BOOTSTRAPS
END_FACE_TRANSITION_PRESENT,1101,2101,dev::END_FACE_TRANSITION_PRESENT::g1101::m2101,translation,pos_y,full_reassociation,500,161803,228739306969370171770908255417562377876,0,0.0,,,,false,INSUFFICIENT_UNCENSORED_BOOTSTRAPS
END_FACE_TRANSITION_PRESENT,1101,2101,dev::END_FACE_TRANSITION_PRESENT::g1101::m2101,translation,pos_z,full_reassociation,500,161803,306120945079504584149658396850489964386,0,0.0,,,,false,INSUFFICIENT_UNCENSORED_BOOTSTRAPS
END_FACE_TRANSITION_PRESENT,1101,2111,dev::END_FACE_TRANSITION_PRESENT::g1101::m2111,translation,ico_00,full_reassociation,500,161803,103373663256497310896469300316998060629,0,0.0,,,,false,INSUFFICIENT_UNCENSORED_BOOTSTRAPS
END_FACE_TRANSITION_PRESENT,1101,2111,dev::END_FACE_TRANSITION_PRESENT::g1101::m2111,translation,ico_01,full_reassociation,500,161803,24729423578109047741246433254711934004,0,0.0,,,,false,INSUFFICIENT_UNCENSORED_BOOTSTRAPS
END_FACE_TRANSITION_PRESENT,1101,2111,dev::END_FACE_TRANSITION_PRESENT::g1101::m2111,translation,ico_02,full_reassociation,500,161803,68627815893272691366303328606634221868,0,0.0,,,,false,INSUFFICIENT_UNCENSORED_BOOTSTRAPS
END_FACE_TRANSITION_PRESENT,1101,2111,dev::END_FACE_TRANSITION_PRESENT::g1101::m2111,translation,ico_03,full_reassociation,500,161803,229647787110837857808276028577945608344,0,0.0,,,,false,INSUFFICIENT_UNCENSORED_BOOTSTRAPS
END_FACE_TRANSITION_PRESENT,1101,2111,dev::END_FACE_TRANSITION_PRESENT::g1101::m2111,translation,ico_04,full_reassociation,500,161803,55019118669152738165678588901004431216,0,0.0,,,,false,INSUFFICIENT_UNCENSORED_BOOTSTRAPS
END_FACE_TRANSITION_PRESENT,1101,2111,dev::END_FACE_TRANSITION_PRESENT::g1101::m2111,translation,ico_05,full_reassociation,500,161803,287878053345709805292924689340825720261,0,0.0,,,,false,INSUFFICIENT_UNCENSORED_BOOTSTRAPS
END_FACE_TRANSITION_PRESENT,1101,2111,dev::END_FACE_TRANSITION_PRESENT::g1101::m2111,translation,ico_06,full_reassociation,500,161803,311874350291631058864265670911575858820,0,0.0,,,,false,INSUFFICIENT_UNCENSORED_BOOTSTRAPS
END_FACE_TRANSITION_PRESENT,1101,2111,dev::END_FACE_TRANSITION_PRESENT::g1101::m2111,translation,ico_07,full_reassociation,500,161803,96197228426339976504932451547010029829,0,0.0,,,,false,INSUFFICIENT_UNCENSORED_BOOTSTRAPS
END_FACE_TRANSITION_PRESENT,1101,2111,dev::END_FACE_TRANSITION_PRESENT::g1101::m2111,translation,ico_08,full_reassociation,500,161803,91510675410881989281345244298708927867,0,0.0,,,,false,INSUFFICIENT_UNCENSORED_BOOTSTRAPS
END_FACE_TRANSITION_PRESENT,1101,2111,dev::END_FACE_TRANSITION_PRESENT::g1101::m2111,translation,ico_09,full_reassociation,500,161803,149002733096290661977139661424658716468,0,0.0,,,,false,INSUFFICIENT_UNCENSORED_BOOTSTRAPS
END_FACE_TRANSITION_PRESENT,1101,2111,dev::END_FACE_TRANSITION_PRESENT::g1101::m2111,translation,ico_10,full_reassociation,500,161803,286415264644733150698503232939681724936,0,0.0,,,,false,INSUFFICIENT_UNCENSORED_BOOTSTRAPS
END_FACE_TRANSITION_PRESENT,1101,2111,dev::END_FACE_TRANSITION_PRESENT::g1101::m2111,translation,ico_11,full_reassociation,500,161803,274647307722122177412847076444973245530,0,0.0,,,,false,INSUFFICIENT_UNCENSORED_BOOTSTRAPS
END_FACE_TRANSITION_PRESENT,1101,2111,dev::END_FACE_TRANSITION_PRESENT::g1101::m2111,translation,neg_x,full_reassociation,500,161803,250788627429808284260935215757759924570,0,0.0,,,,false,INSUFFICIENT_UNCENSORED_BOOTSTRAPS
END_FACE_TRANSITION_PRESENT,1101,2111,dev::END_FACE_TRANSITION_PRESENT::g1101::m2111,translation,neg_y,full_reassociation,500,161803,117733123723320686676556128231780501744,0,0.0,,,,false,INSUFFICIENT_UNCENSORED_BOOTSTRAPS
END_FACE_TRANSITION_PRESENT,1101,2111,dev::END_FACE_TRANSITION_PRESENT::g1101::m2111,translation,neg_z,full_reassociation,500,161803,23046433485042451159776715763096841517,0,0.0,,,,false,INSUFFICIENT_UNCENSORED_BOOTSTRAPS
END_FACE_TRANSITION_PRESENT,1101,2111,dev::END_FACE_TRANSITION_PRESENT::g1101::m2111,translation,pos_x,full_reassociation,500,161803,55638034888913208898242604314741028001,0,0.0,,,,false,INSUFFICIENT_UNCENSORED_BOOTSTRAPS
END_FACE_TRANSITION_PRESENT,1101,2111,dev::END_FACE_TRANSITION_PRESENT::g1101::m2111,translation,pos_y,full_reassociation,500,161803,2014742561004446356126738347451472690,0,0.0,,,,false,INSUFFICIENT_UNCENSORED_BOOTSTRAPS
END_FACE_TRANSITION_PRESENT,1101,2111,dev::END_FACE_TRANSITION_PRESENT::g1101::m2111,translation,pos_z,full_reassociation,500,161803,251442268209982373046668948570620775634,0,0.0,,,,false,INSUFFICIENT_UNCENSORED_BOOTSTRAPS
END_FACE_TRANSITION_PRESENT,1103,2101,dev::END_FACE_TRANSITION_PRESENT::g1103::m2101,translation,ico_00,full_reassociation,500,161803,252076002101002265739045460146261770093,0,0.0,,,,false,INSUFFICIENT_UNCENSORED_BOOTSTRAPS
END_FACE_TRANSITION_PRESENT,1103,2101,dev::END_FACE_TRANSITION_PRESENT::g1103::m2101,translation,ico_01,full_reassociation,500,161803,34353491106361948699669204819463632028,0,0.0,,,,false,INSUFFICIENT_UNCENSORED_BOOTSTRAPS
END_FACE_TRANSITION_PRESENT,1103,2101,dev::END_FACE_TRANSITION_PRESENT::g1103::m2101,translation,ico_02,full_reassociation,500,161803,313879142346565619592733441416295765124,0,0.0,,,,false,INSUFFICIENT_UNCENSORED_BOOTSTRAPS
END_FACE_TRANSITION_PRESENT,1103,2101,dev::END_FACE_TRANSITION_PRESENT::g1103::m2101,translation,ico_03,full_reassociation,500,161803,84100619589026608819496763461618801687,0,0.0,,,,false,INSUFFICIENT_UNCENSORED_BOOTSTRAPS
END_FACE_TRANSITION_PRESENT,1103,2101,dev::END_FACE_TRANSITION_PRESENT::g1103::m2101,translation,ico_04,full_reassociation,500,161803,39635738588722392403937003332285061811,0,0.0,,,,false,INSUFFICIENT_UNCENSORED_BOOTSTRAPS
END_FACE_TRANSITION_PRESENT,1103,2101,dev::END_FACE_TRANSITION_PRESENT::g1103::m2101,translation,ico_05,full_reassociation,500,161803,207179733067805917174804771744840925517,0,0.0,,,,false,INSUFFICIENT_UNCENSORED_BOOTSTRAPS
END_FACE_TRANSITION_PRESENT,1103,2101,dev::END_FACE_TRANSITION_PRESENT::g1103::m2101,translation,ico_06,full_reassociation,500,161803,22707858075952181541439427929553497062,0,0.0,,,,false,INSUFFICIENT_UNCENSORED_BOOTSTRAPS
END_FACE_TRANSITION_PRESENT,1103,2101,dev::END_FACE_TRANSITION_PRESENT::g1103::m2101,translation,ico_07,full_reassociation,500,161803,294121894974302090170577690728232345653,0,0.0,,,,false,INSUFFICIENT_UNCENSORED_BOOTSTRAPS
END_FACE_TRANSITION_PRESENT,1103,2101,dev::END_FACE_TRANSITION_PRESENT::g1103::m2101,translation,ico_08,full_reassociation,500,161803,91337686295215511652588770127812498125,0,0.0,,,,false,INSUFFICIENT_UNCENSORED_BOOTSTRAPS
END_FACE_TRANSITION_PRESENT,1103,2101,dev::END_FACE_TRANSITION_PRESENT::g1103::m2101,translation,ico_09,full_reassociation,500,161803,87503162291771378711317867674789651631,0,0.0,,,,false,INSUFFICIENT_UNCENSORED_BOOTSTRAPS
END_FACE_TRANSITION_PRESENT,1103,2101,dev::END_FACE_TRANSITION_PRESENT::g1103::m2101,translation,ico_10,full_reassociation,500,161803,285541211011711287545586190478615592631,0,0.0,,,,false,INSUFFICIENT_UNCENSORED_BOOTSTRAPS
END_FACE_TRANSITION_PRESENT,1103,2101,dev::END_FACE_TRANSITION_PRESENT::g1103::m2101,translation,ico_11,full_reassociation,500,161803,195784659600832365215870395901700858829,0,0.0,,,,false,INSUFFICIENT_UNCENSORED_BOOTSTRAPS
END_FACE_TRANSITION_PRESENT,1103,2101,dev::END_FACE_TRANSITION_PRESENT::g1103::m2101,translation,neg_x,full_reassociation,500,161803,159905203970182418346202372774768797672,0,0.0,,,,false,INSUFFICIENT_UNCENSORED_BOOTSTRAPS
END_FACE_TRANSITION_PRESENT,1103,2101,dev::END_FACE_TRANSITION_PRESENT::g1103::m2101,translation,neg_y,full_reassociation,500,161803,240881185146428746836347112251108507427,0,0.0,,,,false,INSUFFICIENT_UNCENSORED_BOOTSTRAPS
END_FACE_TRANSITION_PRESENT,1103,2101,dev::END_FACE_TRANSITION_PRESENT::g1103::m2101,translation,neg_z,full_reassociation,500,161803,4319030229593831530675798853024131094,0,0.0,,,,false,INSUFFICIENT_UNCENSORED_BOOTSTRAPS
END_FACE_TRANSITION_PRESENT,1103,2101,dev::END_FACE_TRANSITION_PRESENT::g1103::m2101,translation,pos_x,full_reassociation,500,161803,326606860497961095312911503050261846140,0,0.0,,,,false,INSUFFICIENT_UNCENSORED_BOOTSTRAPS
END_FACE_TRANSITION_PRESENT,1103,2101,dev::END_FACE_TRANSITION_PRESENT::g1103::m2101,translation,pos_y,full_reassociation,500,161803,63488938804204775717858307479360242924,0,0.0,,,,false,INSUFFICIENT_UNCENSORED_BOOTSTRAPS
END_FACE_TRANSITION_PRESENT,1103,2101,dev::END_FACE_TRANSITION_PRESENT::g1103::m2101,translation,pos_z,full_reassociation,500,161803,284264037221965158432299816344123185404,0,0.0,,,,false,INSUFFICIENT_UNCENSORED_BOOTSTRAPS
END_FACE_TRANSITION_PRESENT,1103,2111,dev::END_FACE_TRANSITION_PRESENT::g1103::m2111,translation,ico_00,full_reassociation,500,161803,165662990807699999891737126907696389685,0,0.0,,,,false,INSUFFICIENT_UNCENSORED_BOOTSTRAPS
END_FACE_TRANSITION_PRESENT,1103,2111,dev::END_FACE_TRANSITION_PRESENT::g1103::m2111,translation,ico_01,full_reassociation,500,161803,39281737772465007043442244603486027564,0,0.0,,,,false,INSUFFICIENT_UNCENSORED_BOOTSTRAPS
END_FACE_TRANSITION_PRESENT,1103,2111,dev::END_FACE_TRANSITION_PRESENT::g1103::m2111,translation,ico_02,full_reassociation,500,161803,332190248818828830461981297624292639553,0,0.0,,,,false,INSUFFICIENT_UNCENSORED_BOOTSTRAPS
END_FACE_TRANSITION_PRESENT,1103,2111,dev::END_FACE_TRANSITION_PRESENT::g1103::m2111,translation,ico_03,full_reassociation,500,161803,90796179748181636837542483682510369012,0,0.0,,,,false,INSUFFICIENT_UNCENSORED_BOOTSTRAPS
END_FACE_TRANSITION_PRESENT,1103,2111,dev::END_FACE_TRANSITION_PRESENT::g1103::m2111,translation,ico_04,full_reassociation,500,161803,86063963820189415162583980309465617854,0,0.0,,,,false,INSUFFICIENT_UNCENSORED_BOOTSTRAPS
END_FACE_TRANSITION_PRESENT,1103,2111,dev::END_FACE_TRANSITION_PRESENT::g1103::m2111,translation,ico_05,full_reassociation,500,161803,244948261771638287270886274499690764215,0,0.0,,,,false,INSUFFICIENT_UNCENSORED_BOOTSTRAPS
END_FACE_TRANSITION_PRESENT,1103,2111,dev::END_FACE_TRANSITION_PRESENT::g1103::m2111,translation,ico_06,full_reassociation,500,161803,295858986463455788619347105075080977094,0,0.0,,,,false,INSUFFICIENT_UNCENSORED_BOOTSTRAPS
END_FACE_TRANSITION_PRESENT,1103,2111,dev::END_FACE_TRANSITION_PRESENT::g1103::m2111,translation,ico_07,full_reassociation,500,161803,136668730461487043183854424287228126430,0,0.0,,,,false,INSUFFICIENT_UNCENSORED_BOOTSTRAPS
END_FACE_TRANSITION_PRESENT,1103,2111,dev::END_FACE_TRANSITION_PRESENT::g1103::m2111,translation,ico_08,full_reassociation,500,161803,209727812418200556923411087074232276713,0,0.0,,,,false,INSUFFICIENT_UNCENSORED_BOOTSTRAPS
END_FACE_TRANSITION_PRESENT,1103,2111,dev::END_FACE_TRANSITION_PRESENT::g1103::m2111,translation,ico_09,full_reassociation,500,161803,333417953842887410538313770506391646880,0,0.0,,,,false,INSUFFICIENT_UNCENSORED_BOOTSTRAPS
END_FACE_TRANSITION_PRESENT,1103,2111,dev::END_FACE_TRANSITION_PRESENT::g1103::m2111,translation,ico_10,full_reassociation,500,161803,337836917320385626750009346163654179569,0,0.0,,,,false,INSUFFICIENT_UNCENSORED_BOOTSTRAPS
END_FACE_TRANSITION_PRESENT,1103,2111,dev::END_FACE_TRANSITION_PRESENT::g1103::m2111,translation,ico_11,full_reassociation,500,161803,253877646265438002159564152723377955289,0,0.0,,,,false,INSUFFICIENT_UNCENSORED_BOOTSTRAPS
END_FACE_TRANSITION_PRESENT,1103,2111,dev::END_FACE_TRANSITION_PRESENT::g1103::m2111,translation,neg_x,full_reassociation,500,161803,56443828460864945984732287604178236378,0,0.0,,,,false,INSUFFICIENT_UNCENSORED_BOOTSTRAPS
END_FACE_TRANSITION_PRESENT,1103,2111,dev::END_FACE_TRANSITION_PRESENT::g1103::m2111,translation,neg_y,full_reassociation,500,161803,48655397342804989751365246098292150597,0,0.0,,,,false,INSUFFICIENT_UNCENSORED_BOOTSTRAPS
END_FACE_TRANSITION_PRESENT,1103,2111,dev::END_FACE_TRANSITION_PRESENT::g1103::m2111,translation,neg_z,full_reassociation,500,161803,25025310397633671520964454985305630145,0,0.0,,,,false,INSUFFICIENT_UNCENSORED_BOOTSTRAPS
END_FACE_TRANSITION_PRESENT,1103,2111,dev::END_FACE_TRANSITION_PRESENT::g1103::m2111,translation,pos_x,full_reassociation,500,161803,151605940753176331146220168898457447566,0,0.0,,,,false,INSUFFICIENT_UNCENSORED_BOOTSTRAPS
END_FACE_TRANSITION_PRESENT,1103,2111,dev::END_FACE_TRANSITION_PRESENT::g1103::m2111,translation,pos_y,full_reassociation,500,161803,192777707586984624510094961316452018316,0,0.0,,,,false,INSUFFICIENT_UNCENSORED_BOOTSTRAPS
END_FACE_TRANSITION_PRESENT,1103,2111,dev::END_FACE_TRANSITION_PRESENT::g1103::m2111,translation,pos_z,full_reassociation,500,161803,230625224448897862050626419828818036136,0,0.0,,,,false,INSUFFICIENT_UNCENSORED_BOOTSTRAPS
END_FACE_TRANSITION_PRESENT,1107,2101,dev::END_FACE_TRANSITION_PRESENT::g1107::m2101,translation,ico_00,full_reassociation,500,161803,138552536145525088969144556342707879739,0,0.0,,,,false,INSUFFICIENT_UNCENSORED_BOOTSTRAPS
END_FACE_TRANSITION_PRESENT,1107,2101,dev::END_FACE_TRANSITION_PRESENT::g1107::m2101,translation,ico_01,full_reassociation,500,161803,139277101239317642869013871025725948664,0,0.0,,,,false,INSUFFICIENT_UNCENSORED_BOOTSTRAPS
END_FACE_TRANSITION_PRESENT,1107,2101,dev::END_FACE_TRANSITION_PRESENT::g1107::m2101,translation,ico_02,full_reassociation,500,161803,327377157280275111287935863500514439468,0,0.0,,,,false,INSUFFICIENT_UNCENSORED_BOOTSTRAPS
END_FACE_TRANSITION_PRESENT,1107,2101,dev::END_FACE_TRANSITION_PRESENT::g1107::m2101,translation,ico_03,full_reassociation,500,161803,282320598532949937304535329628406545342,0,0.0,,,,false,INSUFFICIENT_UNCENSORED_BOOTSTRAPS
END_FACE_TRANSITION_PRESENT,1107,2101,dev::END_FACE_TRANSITION_PRESENT::g1107::m2101,translation,ico_04,full_reassociation,500,161803,18754280603229340786531606938409781814,0,0.0,,,,false,INSUFFICIENT_UNCENSORED_BOOTSTRAPS
END_FACE_TRANSITION_PRESENT,1107,2101,dev::END_FACE_TRANSITION_PRESENT::g1107::m2101,translation,ico_05,full_reassociation,500,161803,271052491087127824837465291187341989331,0,0.0,,,,false,INSUFFICIENT_UNCENSORED_BOOTSTRAPS
END_FACE_TRANSITION_PRESENT,1107,2101,dev::END_FACE_TRANSITION_PRESENT::g1107::m2101,translation,ico_06,full_reassociation,500,161803,242966290716933036326093891198622501705,0,0.0,,,,false,INSUFFICIENT_UNCENSORED_BOOTSTRAPS
END_FACE_TRANSITION_PRESENT,1107,2101,dev::END_FACE_TRANSITION_PRESENT::g1107::m2101,translation,ico_07,full_reassociation,500,161803,65310330942161335927603683770349710547,0,0.0,,,,false,INSUFFICIENT_UNCENSORED_BOOTSTRAPS
END_FACE_TRANSITION_PRESENT,1107,2101,dev::END_FACE_TRANSITION_PRESENT::g1107::m2101,translation,ico_08,full_reassociation,500,161803,123249885236870811340393385274879420392,0,0.0,,,,false,INSUFFICIENT_UNCENSORED_BOOTSTRAPS
END_FACE_TRANSITION_PRESENT,1107,2101,dev::END_FACE_TRANSITION_PRESENT::g1107::m2101,translation,ico_09,full_reassociation,500,161803,231089137668833189649702029005461299173,0,0.0,,,,false,INSUFFICIENT_UNCENSORED_BOOTSTRAPS
END_FACE_TRANSITION_PRESENT,1107,2101,dev::END_FACE_TRANSITION_PRESENT::g1107::m2101,translation,ico_10,full_reassociation,500,161803,15508701599092950075969300438825842098,0,0.0,,,,false,INSUFFICIENT_UNCENSORED_BOOTSTRAPS
END_FACE_TRANSITION_PRESENT,1107,2101,dev::END_FACE_TRANSITION_PRESENT::g1107::m2101,translation,ico_11,full_reassociation,500,161803,48176253326787592113114673670688220044,0,0.0,,,,false,INSUFFICIENT_UNCENSORED_BOOTSTRAPS
END_FACE_TRANSITION_PRESENT,1107,2101,dev::END_FACE_TRANSITION_PRESENT::g1107::m2101,translation,neg_x,full_reassociation,500,161803,104684570038727224214494077656863611164,0,0.0,,,,false,INSUFFICIENT_UNCENSORED_BOOTSTRAPS
END_FACE_TRANSITION_PRESENT,1107,2101,dev::END_FACE_TRANSITION_PRESENT::g1107::m2101,translation,neg_y,full_reassociation,500,161803,184763792706579254325333436096886127618,0,0.0,,,,false,INSUFFICIENT_UNCENSORED_BOOTSTRAPS
END_FACE_TRANSITION_PRESENT,1107,2101,dev::END_FACE_TRANSITION_PRESENT::g1107::m2101,translation,neg_z,full_reassociation,500,161803,75738601650255710567626486749831516130,0,0.0,,,,false,INSUFFICIENT_UNCENSORED_BOOTSTRAPS
END_FACE_TRANSITION_PRESENT,1107,2101,dev::END_FACE_TRANSITION_PRESENT::g1107::m2101,translation,pos_x,full_reassociation,500,161803,307131093318312004258368208193699914986,0,0.0,,,,false,INSUFFICIENT_UNCENSORED_BOOTSTRAPS
END_FACE_TRANSITION_PRESENT,1107,2101,dev::END_FACE_TRANSITION_PRESENT::g1107::m2101,translation,pos_y,full_reassociation,500,161803,44583189977638979832923259079820332807,0,0.0,,,,false,INSUFFICIENT_UNCENSORED_BOOTSTRAPS
END_FACE_TRANSITION_PRESENT,1107,2101,dev::END_FACE_TRANSITION_PRESENT::g1107::m2101,translation,pos_z,full_reassociation,500,161803,251091804042810546944532404863708117904,0,0.0,,,,false,INSUFFICIENT_UNCENSORED_BOOTSTRAPS
END_FACE_TRANSITION_PRESENT,1107,2111,dev::END_FACE_TRANSITION_PRESENT::g1107::m2111,translation,ico_00,full_reassociation,500,161803,156973229786220948470647139567216018437,0,0.0,,,,false,INSUFFICIENT_UNCENSORED_BOOTSTRAPS
END_FACE_TRANSITION_PRESENT,1107,2111,dev::END_FACE_TRANSITION_PRESENT::g1107::m2111,translation,ico_01,full_reassociation,500,161803,166889589460900354776379151737202839737,0,0.0,,,,false,INSUFFICIENT_UNCENSORED_BOOTSTRAPS
END_FACE_TRANSITION_PRESENT,1107,2111,dev::END_FACE_TRANSITION_PRESENT::g1107::m2111,translation,ico_02,full_reassociation,500,161803,146184178697894091920666438737425030114,0,0.0,,,,false,INSUFFICIENT_UNCENSORED_BOOTSTRAPS
END_FACE_TRANSITION_PRESENT,1107,2111,dev::END_FACE_TRANSITION_PRESENT::g1107::m2111,translation,ico_03,full_reassociation,500,161803,27471220893199124557150551705564776187,0,0.0,,,,false,INSUFFICIENT_UNCENSORED_BOOTSTRAPS
END_FACE_TRANSITION_PRESENT,1107,2111,dev::END_FACE_TRANSITION_PRESENT::g1107::m2111,translation,ico_04,full_reassociation,500,161803,119603874206378946830351904653254432662,0,0.0,,,,false,INSUFFICIENT_UNCENSORED_BOOTSTRAPS
END_FACE_TRANSITION_PRESENT,1107,2111,dev::END_FACE_TRANSITION_PRESENT::g1107::m2111,translation,ico_05,full_reassociation,500,161803,124375363565793477486885357169195181276,0,0.0,,,,false,INSUFFICIENT_UNCENSORED_BOOTSTRAPS
END_FACE_TRANSITION_PRESENT,1107,2111,dev::END_FACE_TRANSITION_PRESENT::g1107::m2111,translation,ico_06,full_reassociation,500,161803,50156085056032473912054735378612253723,0,0.0,,,,false,INSUFFICIENT_UNCENSORED_BOOTSTRAPS
END_FACE_TRANSITION_PRESENT,1107,2111,dev::END_FACE_TRANSITION_PRESENT::g1107::m2111,translation,ico_07,full_reassociation,500,161803,140325174609871538169019574094451572439,0,0.0,,,,false,INSUFFICIENT_UNCENSORED_BOOTSTRAPS
END_FACE_TRANSITION_PRESENT,1107,2111,dev::END_FACE_TRANSITION_PRESENT::g1107::m2111,translation,ico_08,full_reassociation,500,161803,42911249475292130467265149664504168183,0,0.0,,,,false,INSUFFICIENT_UNCENSORED_BOOTSTRAPS
END_FACE_TRANSITION_PRESENT,1107,2111,dev::END_FACE_TRANSITION_PRESENT::g1107::m2111,translation,ico_09,full_reassociation,500,161803,186719821962142108844714031688315396362,0,0.0,,,,false,INSUFFICIENT_UNCENSORED_BOOTSTRAPS
END_FACE_TRANSITION_PRESENT,1107,2111,dev::END_FACE_TRANSITION_PRESENT::g1107::m2111,translation,ico_10,full_reassociation,500,161803,297718200708012071935742865556860257968,0,0.0,,,,false,INSUFFICIENT_UNCENSORED_BOOTSTRAPS
END_FACE_TRANSITION_PRESENT,1107,2111,dev::END_FACE_TRANSITION_PRESENT::g1107::m2111,translation,ico_11,full_reassociation,500,161803,220430603947508817798873467758046886492,0,0.0,,,,false,INSUFFICIENT_UNCENSORED_BOOTSTRAPS
END_FACE_TRANSITION_PRESENT,1107,2111,dev::END_FACE_TRANSITION_PRESENT::g1107::m2111,translation,neg_x,full_reassociation,500,161803,209597464334057986633467506374159571834,0,0.0,,,,false,INSUFFICIENT_UNCENSORED_BOOTSTRAPS
END_FACE_TRANSITION_PRESENT,1107,2111,dev::END_FACE_TRANSITION_PRESENT::g1107::m2111,translation,neg_y,full_reassociation,500,161803,277975852430920571990637983074377177989,0,0.0,,,,false,INSUFFICIENT_UNCENSORED_BOOTSTRAPS
END_FACE_TRANSITION_PRESENT,1107,2111,dev::END_FACE_TRANSITION_PRESENT::g1107::m2111,translation,neg_z,full_reassociation,500,161803,56726323965867411472748356270449413199,0,0.0,,,,false,INSUFFICIENT_UNCENSORED_BOOTSTRAPS
END_FACE_TRANSITION_PRESENT,1107,2111,dev::END_FACE_TRANSITION_PRESENT::g1107::m2111,translation,pos_x,full_reassociation,500,161803,89694807591099503366945180983075344643,0,0.0,,,,false,INSUFFICIENT_UNCENSORED_BOOTSTRAPS
END_FACE_TRANSITION_PRESENT,1107,2111,dev::END_FACE_TRANSITION_PRESENT::g1107::m2111,translation,pos_y,full_reassociation,500,161803,196564658581597215756815715318037596173,0,0.0,,,,false,INSUFFICIENT_UNCENSORED_BOOTSTRAPS
END_FACE_TRANSITION_PRESENT,1107,2111,dev::END_FACE_TRANSITION_PRESENT::g1107::m2111,translation,pos_z,full_reassociation,500,161803,328651607866932346360551538067229995946,0,0.0,,,,false,INSUFFICIENT_UNCENSORED_BOOTSTRAPS
END_FACE_TRANSITION_WEAK,1101,2101,dev::END_FACE_TRANSITION_WEAK::g1101::m2101,translation,ico_00,full_reassociation,500,161803,311388094342995986261857635793162451249,500,1.0,0.0,0.0,,false,ZERO_MEAN_D50
END_FACE_TRANSITION_WEAK,1101,2101,dev::END_FACE_TRANSITION_WEAK::g1101::m2101,translation,ico_01,full_reassociation,500,161803,60562966028682955533494556242232967223,500,1.0,0.0,0.0,,false,ZERO_MEAN_D50
END_FACE_TRANSITION_WEAK,1101,2101,dev::END_FACE_TRANSITION_WEAK::g1101::m2101,translation,ico_02,full_reassociation,500,161803,185549682291649975370206583940264157976,500,1.0,0.0,0.0,,false,ZERO_MEAN_D50
END_FACE_TRANSITION_WEAK,1101,2101,dev::END_FACE_TRANSITION_WEAK::g1101::m2101,translation,ico_03,full_reassociation,500,161803,231043371414977181537035397977412596204,500,1.0,0.0,0.0,,false,ZERO_MEAN_D50
END_FACE_TRANSITION_WEAK,1101,2101,dev::END_FACE_TRANSITION_WEAK::g1101::m2101,translation,ico_04,full_reassociation,500,161803,225845367045423145069171220363459484461,500,1.0,0.0,0.0,,false,ZERO_MEAN_D50
END_FACE_TRANSITION_WEAK,1101,2101,dev::END_FACE_TRANSITION_WEAK::g1101::m2101,translation,ico_05,full_reassociation,500,161803,278478529252638677651744019322807887655,500,1.0,0.0,0.0,,false,ZERO_MEAN_D50
END_FACE_TRANSITION_WEAK,1101,2101,dev::END_FACE_TRANSITION_WEAK::g1101::m2101,translation,ico_06,full_reassociation,500,161803,72490722450602664118298354012218526540,500,1.0,0.0,0.0,,false,ZERO_MEAN_D50
END_FACE_TRANSITION_WEAK,1101,2101,dev::END_FACE_TRANSITION_WEAK::g1101::m2101,translation,ico_07,full_reassociation,500,161803,210232488293686521808755939672300473617,500,1.0,0.0,0.0,,false,ZERO_MEAN_D50
END_FACE_TRANSITION_WEAK,1101,2101,dev::END_FACE_TRANSITION_WEAK::g1101::m2101,translation,ico_08,full_reassociation,500,161803,339937747411888966136534704576973966375,500,1.0,0.0,0.0,,false,ZERO_MEAN_D50
END_FACE_TRANSITION_WEAK,1101,2101,dev::END_FACE_TRANSITION_WEAK::g1101::m2101,translation,ico_09,full_reassociation,500,161803,42367406597006896629003957756885257434,500,1.0,0.0,0.0,,false,ZERO_MEAN_D50
END_FACE_TRANSITION_WEAK,1101,2101,dev::END_FACE_TRANSITION_WEAK::g1101::m2101,translation,ico_10,full_reassociation,500,161803,271951661544068468156369520111661592730,500,1.0,0.0,0.0,,false,ZERO_MEAN_D50
END_FACE_TRANSITION_WEAK,1101,2101,dev::END_FACE_TRANSITION_WEAK::g1101::m2101,translation,ico_11,full_reassociation,500,161803,174174644261862792588617615830340608625,500,1.0,0.0,0.0,,false,ZERO_MEAN_D50
END_FACE_TRANSITION_WEAK,1101,2101,dev::END_FACE_TRANSITION_WEAK::g1101::m2101,translation,neg_x,full_reassociation,500,161803,11714335424085744210906335182971030924,500,1.0,0.0,0.0,,false,ZERO_MEAN_D50
END_FACE_TRANSITION_WEAK,1101,2101,dev::END_FACE_TRANSITION_WEAK::g1101::m2101,translation,neg_y,full_reassociation,500,161803,146354123795623391567116830529616514861,500,1.0,0.0,0.0,,false,ZERO_MEAN_D50
END_FACE_TRANSITION_WEAK,1101,2101,dev::END_FACE_TRANSITION_WEAK::g1101::m2101,translation,neg_z,full_reassociation,500,161803,315707519554189349583749723637831376836,500,1.0,0.0,0.0,,false,ZERO_MEAN_D50
END_FACE_TRANSITION_WEAK,1101,2101,dev::END_FACE_TRANSITION_WEAK::g1101::m2101,translation,pos_x,full_reassociation,500,161803,212321407270268391742849501598809891927,500,1.0,0.0,0.0,,false,ZERO_MEAN_D50
END_FACE_TRANSITION_WEAK,1101,2101,dev::END_FACE_TRANSITION_WEAK::g1101::m2101,translation,pos_y,full_reassociation,500,161803,288003418134169332566774304842460028459,500,1.0,0.0,0.0,,false,ZERO_MEAN_D50
END_FACE_TRANSITION_WEAK,1101,2101,dev::END_FACE_TRANSITION_WEAK::g1101::m2101,translation,pos_z,full_reassociation,500,161803,290492372958337063221864576449503036047,500,1.0,0.0,0.0,,false,ZERO_MEAN_D50
END_FACE_TRANSITION_WEAK,1101,2111,dev::END_FACE_TRANSITION_WEAK::g1101::m2111,translation,ico_00,full_reassociation,500,161803,264305699005054952978490996800243942034,500,1.0,0.0,0.0,,false,ZERO_MEAN_D50
END_FACE_TRANSITION_WEAK,1101,2111,dev::END_FACE_TRANSITION_WEAK::g1101::m2111,translation,ico_01,full_reassociation,500,161803,133744902034858495878730951185723332241,500,1.0,0.0,0.0,,false,ZERO_MEAN_D50
END_FACE_TRANSITION_WEAK,1101,2111,dev::END_FACE_TRANSITION_WEAK::g1101::m2111,translation,ico_02,full_reassociation,500,161803,140882559376620686544834214060894068102,500,1.0,0.0,0.0,,false,ZERO_MEAN_D50
END_FACE_TRANSITION_WEAK,1101,2111,dev::END_FACE_TRANSITION_WEAK::g1101::m2111,translation,ico_03,full_reassociation,500,161803,323674465606333953360609068946678070220,500,1.0,0.0,0.0,,false,ZERO_MEAN_D50
END_FACE_TRANSITION_WEAK,1101,2111,dev::END_FACE_TRANSITION_WEAK::g1101::m2111,translation,ico_04,full_reassociation,500,161803,38782258632232544386753969363310991301,500,1.0,0.0,0.0,,false,ZERO_MEAN_D50
END_FACE_TRANSITION_WEAK,1101,2111,dev::END_FACE_TRANSITION_WEAK::g1101::m2111,translation,ico_05,full_reassociation,500,161803,140374801483837102711683889750491457803,500,1.0,0.0,0.0,,false,ZERO_MEAN_D50
END_FACE_TRANSITION_WEAK,1101,2111,dev::END_FACE_TRANSITION_WEAK::g1101::m2111,translation,ico_06,full_reassociation,500,161803,260376728288300705005907576811979314445,500,1.0,0.0,0.0,,false,ZERO_MEAN_D50
END_FACE_TRANSITION_WEAK,1101,2111,dev::END_FACE_TRANSITION_WEAK::g1101::m2111,translation,ico_07,full_reassociation,500,161803,2972639706296376613464031123692025136,500,1.0,0.0,0.0,,false,ZERO_MEAN_D50
END_FACE_TRANSITION_WEAK,1101,2111,dev::END_FACE_TRANSITION_WEAK::g1101::m2111,translation,ico_08,full_reassociation,500,161803,35442340416189819521035120243998590148,500,1.0,0.0,0.0,,false,ZERO_MEAN_D50
END_FACE_TRANSITION_WEAK,1101,2111,dev::END_FACE_TRANSITION_WEAK::g1101::m2111,translation,ico_09,full_reassociation,500,161803,24932787219824215008477332392851922478,500,1.0,0.0,0.0,,false,ZERO_MEAN_D50
END_FACE_TRANSITION_WEAK,1101,2111,dev::END_FACE_TRANSITION_WEAK::g1101::m2111,translation,ico_10,full_reassociation,500,161803,13437557529084330657438655905082261871,500,1.0,0.0,0.0,,false,ZERO_MEAN_D50
END_FACE_TRANSITION_WEAK,1101,2111,dev::END_FACE_TRANSITION_WEAK::g1101::m2111,translation,ico_11,full_reassociation,500,161803,301172646436610908462033192357188676248,500,1.0,0.0,0.0,,false,ZERO_MEAN_D50
END_FACE_TRANSITION_WEAK,1101,2111,dev::END_FACE_TRANSITION_WEAK::g1101::m2111,translation,neg_x,full_reassociation,500,161803,190475250785135670470692318086410047407,500,1.0,0.0,0.0,,false,ZERO_MEAN_D50
END_FACE_TRANSITION_WEAK,1101,2111,dev::END_FACE_TRANSITION_WEAK::g1101::m2111,translation,neg_y,full_reassociation,500,161803,152669826371796779963691977882753169165,500,1.0,0.0,0.0,,false,ZERO_MEAN_D50
END_FACE_TRANSITION_WEAK,1101,2111,dev::END_FACE_TRANSITION_WEAK::g1101::m2111,translation,neg_z,full_reassociation,500,161803,93016346754931286875954374273898467385,500,1.0,0.0,0.0,,false,ZERO_MEAN_D50
END_FACE_TRANSITION_WEAK,1101,2111,dev::END_FACE_TRANSITION_WEAK::g1101::m2111,translation,pos_x,full_reassociation,500,161803,273713700100076993975544468689792265857,500,1.0,0.0,0.0,,false,ZERO_MEAN_D50
END_FACE_TRANSITION_WEAK,1101,2111,dev::END_FACE_TRANSITION_WEAK::g1101::m2111,translation,pos_y,full_reassociation,500,161803,202442101943404384925506634374110929785,500,1.0,0.0,0.0,,false,ZERO_MEAN_D50
END_FACE_TRANSITION_WEAK,1101,2111,dev::END_FACE_TRANSITION_WEAK::g1101::m2111,translation,pos_z,full_reassociation,500,161803,131086039847913747369949197450649423952,500,1.0,0.0,0.0,,false,ZERO_MEAN_D50
END_FACE_TRANSITION_WEAK,1103,2101,dev::END_FACE_TRANSITION_WEAK::g1103::m2101,translation,ico_00,full_reassociation,500,161803,82996905479790944709992150648116959437,500,1.0,0.0,0.0,,false,ZERO_MEAN_D50
END_FACE_TRANSITION_WEAK,1103,2101,dev::END_FACE_TRANSITION_WEAK::g1103::m2101,translation,ico_01,full_reassociation,500,161803,237251689365742699422485746138302534996,500,1.0,0.0,0.0,,false,ZERO_MEAN_D50
END_FACE_TRANSITION_WEAK,1103,2101,dev::END_FACE_TRANSITION_WEAK::g1103::m2101,translation,ico_02,full_reassociation,500,161803,73117713690188552119097987995224601633,500,1.0,0.0,0.0,,false,ZERO_MEAN_D50
END_FACE_TRANSITION_WEAK,1103,2101,dev::END_FACE_TRANSITION_WEAK::g1103::m2101,translation,ico_03,full_reassociation,500,161803,35549326867019103244483325553995606350,500,1.0,0.0,0.0,,false,ZERO_MEAN_D50
END_FACE_TRANSITION_WEAK,1103,2101,dev::END_FACE_TRANSITION_WEAK::g1103::m2101,translation,ico_04,full_reassociation,500,161803,46801033116327246131336040995424860643,500,1.0,0.0,0.0,,false,ZERO_MEAN_D50
END_FACE_TRANSITION_WEAK,1103,2101,dev::END_FACE_TRANSITION_WEAK::g1103::m2101,translation,ico_05,full_reassociation,500,161803,135622345041516931133797438750668733155,500,1.0,0.0,0.0,,false,ZERO_MEAN_D50
END_FACE_TRANSITION_WEAK,1103,2101,dev::END_FACE_TRANSITION_WEAK::g1103::m2101,translation,ico_06,full_reassociation,500,161803,62846321018617199912644338284060650411,500,1.0,0.0,0.0,,false,ZERO_MEAN_D50
END_FACE_TRANSITION_WEAK,1103,2101,dev::END_FACE_TRANSITION_WEAK::g1103::m2101,translation,ico_07,full_reassociation,500,161803,236052319203431180884300635995253616600,500,1.0,0.0,0.0,,false,ZERO_MEAN_D50
END_FACE_TRANSITION_WEAK,1103,2101,dev::END_FACE_TRANSITION_WEAK::g1103::m2101,translation,ico_08,full_reassociation,500,161803,258713033884180436719321316919891642367,500,1.0,0.0,0.0,,false,ZERO_MEAN_D50
END_FACE_TRANSITION_WEAK,1103,2101,dev::END_FACE_TRANSITION_WEAK::g1103::m2101,translation,ico_09,full_reassociation,500,161803,182487122638189298411462758646105431811,500,1.0,0.0,0.0,,false,ZERO_MEAN_D50
END_FACE_TRANSITION_WEAK,1103,2101,dev::END_FACE_TRANSITION_WEAK::g1103::m2101,translation,ico_10,full_reassociation,500,161803,77008183158746114457518017420487084743,500,1.0,0.0,0.0,,false,ZERO_MEAN_D50
END_FACE_TRANSITION_WEAK,1103,2101,dev::END_FACE_TRANSITION_WEAK::g1103::m2101,translation,ico_11,full_reassociation,500,161803,201818291241381947512266062218393726206,500,1.0,0.0,0.0,,false,ZERO_MEAN_D50
END_FACE_TRANSITION_WEAK,1103,2101,dev::END_FACE_TRANSITION_WEAK::g1103::m2101,translation,neg_x,full_reassociation,500,161803,75739222791274576016240512757375006657,500,1.0,0.0,0.0,,false,ZERO_MEAN_D50
END_FACE_TRANSITION_WEAK,1103,2101,dev::END_FACE_TRANSITION_WEAK::g1103::m2101,translation,neg_y,full_reassociation,500,161803,207207040512762337155951712293830793818,500,1.0,0.0,0.0,,false,ZERO_MEAN_D50
END_FACE_TRANSITION_WEAK,1103,2101,dev::END_FACE_TRANSITION_WEAK::g1103::m2101,translation,neg_z,full_reassociation,500,161803,122971392550980475328153790403716358630,500,1.0,0.0,0.0,,false,ZERO_MEAN_D50
END_FACE_TRANSITION_WEAK,1103,2101,dev::END_FACE_TRANSITION_WEAK::g1103::m2101,translation,pos_x,full_reassociation,500,161803,50806123613773194820267402538913812562,500,1.0,0.0,0.0,,false,ZERO_MEAN_D50
END_FACE_TRANSITION_WEAK,1103,2101,dev::END_FACE_TRANSITION_WEAK::g1103::m2101,translation,pos_y,full_reassociation,500,161803,83063358793084096193049789420370148054,500,1.0,0.0,0.0,,false,ZERO_MEAN_D50
END_FACE_TRANSITION_WEAK,1103,2101,dev::END_FACE_TRANSITION_WEAK::g1103::m2101,translation,pos_z,full_reassociation,500,161803,278062474073078446052289765695154954891,500,1.0,0.0,0.0,,false,ZERO_MEAN_D50
END_FACE_TRANSITION_WEAK,1103,2111,dev::END_FACE_TRANSITION_WEAK::g1103::m2111,translation,ico_00,full_reassociation,500,161803,264579572035416381067133956792195666620,500,1.0,0.0,0.0,,false,ZERO_MEAN_D50
END_FACE_TRANSITION_WEAK,1103,2111,dev::END_FACE_TRANSITION_WEAK::g1103::m2111,translation,ico_01,full_reassociation,500,161803,127519118326548469111638455193241885351,500,1.0,0.0,0.0,,false,ZERO_MEAN_D50
END_FACE_TRANSITION_WEAK,1103,2111,dev::END_FACE_TRANSITION_WEAK::g1103::m2111,translation,ico_02,full_reassociation,500,161803,54085794039452250890046630149252063459,500,1.0,0.0,0.0,,false,ZERO_MEAN_D50
END_FACE_TRANSITION_WEAK,1103,2111,dev::END_FACE_TRANSITION_WEAK::g1103::m2111,translation,ico_03,full_reassociation,500,161803,152237200024053958758591901074829263654,500,1.0,0.0,0.0,,false,ZERO_MEAN_D50
END_FACE_TRANSITION_WEAK,1103,2111,dev::END_FACE_TRANSITION_WEAK::g1103::m2111,translation,ico_04,full_reassociation,500,161803,171367668455793888409093801116738918024,500,1.0,0.0,0.0,,false,ZERO_MEAN_D50
END_FACE_TRANSITION_WEAK,1103,2111,dev::END_FACE_TRANSITION_WEAK::g1103::m2111,translation,ico_05,full_reassociation,500,161803,140778985992918505389421994645179829091,500,1.0,0.0,0.0,,false,ZERO_MEAN_D50
END_FACE_TRANSITION_WEAK,1103,2111,dev::END_FACE_TRANSITION_WEAK::g1103::m2111,translation,ico_06,full_reassociation,500,161803,165565697613155539287453916858019027408,500,1.0,0.0,0.0,,false,ZERO_MEAN_D50
END_FACE_TRANSITION_WEAK,1103,2111,dev::END_FACE_TRANSITION_WEAK::g1103::m2111,translation,ico_07,full_reassociation,500,161803,92228481080977113278494676784746172727,500,1.0,0.0,0.0,,false,ZERO_MEAN_D50
END_FACE_TRANSITION_WEAK,1103,2111,dev::END_FACE_TRANSITION_WEAK::g1103::m2111,translation,ico_08,full_reassociation,500,161803,254276315403842598258011257545979198851,500,1.0,0.0,0.0,,false,ZERO_MEAN_D50
END_FACE_TRANSITION_WEAK,1103,2111,dev::END_FACE_TRANSITION_WEAK::g1103::m2111,translation,ico_09,full_reassociation,500,161803,127407178676432674022320891339994391730,500,1.0,0.0,0.0,,false,ZERO_MEAN_D50
END_FACE_TRANSITION_WEAK,1103,2111,dev::END_FACE_TRANSITION_WEAK::g1103::m2111,translation,ico_10,full_reassociation,500,161803,245978910743286501851214718662692255890,500,1.0,0.0,0.0,,false,ZERO_MEAN_D50
END_FACE_TRANSITION_WEAK,1103,2111,dev::END_FACE_TRANSITION_WEAK::g1103::m2111,translation,ico_11,full_reassociation,500,161803,151936248840026072987750603276263807579,500,1.0,0.0,0.0,,false,ZERO_MEAN_D50
END_FACE_TRANSITION_WEAK,1103,2111,dev::END_FACE_TRANSITION_WEAK::g1103::m2111,translation,neg_x,full_reassociation,500,161803,51139188436410265468434328856535666464,500,1.0,0.0,0.0,,false,ZERO_MEAN_D50
END_FACE_TRANSITION_WEAK,1103,2111,dev::END_FACE_TRANSITION_WEAK::g1103::m2111,translation,neg_y,full_reassociation,500,161803,248692028052554545388251247546865646158,500,1.0,0.0,0.0,,false,ZERO_MEAN_D50
END_FACE_TRANSITION_WEAK,1103,2111,dev::END_FACE_TRANSITION_WEAK::g1103::m2111,translation,neg_z,full_reassociation,500,161803,314947052050919643777931908347348642125,500,1.0,0.0,0.0,,false,ZERO_MEAN_D50
END_FACE_TRANSITION_WEAK,1103,2111,dev::END_FACE_TRANSITION_WEAK::g1103::m2111,translation,pos_x,full_reassociation,500,161803,186084366950839432734018310664584699576,500,1.0,0.0,0.0,,false,ZERO_MEAN_D50
END_FACE_TRANSITION_WEAK,1103,2111,dev::END_FACE_TRANSITION_WEAK::g1103::m2111,translation,pos_y,full_reassociation,500,161803,236371821164679973691632776296092577299,500,1.0,0.0,0.0,,false,ZERO_MEAN_D50
END_FACE_TRANSITION_WEAK,1103,2111,dev::END_FACE_TRANSITION_WEAK::g1103::m2111,translation,pos_z,full_reassociation,500,161803,316985830269802554431722741148090151497,500,1.0,0.0,0.0,,false,ZERO_MEAN_D50
END_FACE_TRANSITION_WEAK,1107,2101,dev::END_FACE_TRANSITION_WEAK::g1107::m2101,translation,ico_00,full_reassociation,500,161803,118398775258858191115585039475133645766,500,1.0,0.0,0.0,,false,ZERO_MEAN_D50
END_FACE_TRANSITION_WEAK,1107,2101,dev::END_FACE_TRANSITION_WEAK::g1107::m2101,translation,ico_01,full_reassociation,500,161803,50829853048636778641466450766622561454,500,1.0,0.0,0.0,,false,ZERO_MEAN_D50
END_FACE_TRANSITION_WEAK,1107,2101,dev::END_FACE_TRANSITION_WEAK::g1107::m2101,translation,ico_02,full_reassociation,500,161803,89424016663574706093271847463138919305,500,1.0,0.0,0.0,,false,ZERO_MEAN_D50
END_FACE_TRANSITION_WEAK,1107,2101,dev::END_FACE_TRANSITION_WEAK::g1107::m2101,translation,ico_03,full_reassociation,500,161803,59293159821292404307349118546621713713,500,1.0,0.0,0.0,,false,ZERO_MEAN_D50
END_FACE_TRANSITION_WEAK,1107,2101,dev::END_FACE_TRANSITION_WEAK::g1107::m2101,translation,ico_04,full_reassociation,500,161803,166094050923023600536466283169457607591,500,1.0,0.0,0.0,,false,ZERO_MEAN_D50
END_FACE_TRANSITION_WEAK,1107,2101,dev::END_FACE_TRANSITION_WEAK::g1107::m2101,translation,ico_05,full_reassociation,500,161803,44359379381411185353277438809831165862,500,1.0,0.0,0.0,,false,ZERO_MEAN_D50
END_FACE_TRANSITION_WEAK,1107,2101,dev::END_FACE_TRANSITION_WEAK::g1107::m2101,translation,ico_06,full_reassociation,500,161803,59364234179521980901981782862159348353,500,1.0,0.0,0.0,,false,ZERO_MEAN_D50
END_FACE_TRANSITION_WEAK,1107,2101,dev::END_FACE_TRANSITION_WEAK::g1107::m2101,translation,ico_07,full_reassociation,500,161803,339749381722192796838709583086646044532,500,1.0,0.0,0.0,,false,ZERO_MEAN_D50
END_FACE_TRANSITION_WEAK,1107,2101,dev::END_FACE_TRANSITION_WEAK::g1107::m2101,translation,ico_08,full_reassociation,500,161803,43066695502109692653391716202991524787,500,1.0,0.0,0.0,,false,ZERO_MEAN_D50
END_FACE_TRANSITION_WEAK,1107,2101,dev::END_FACE_TRANSITION_WEAK::g1107::m2101,translation,ico_09,full_reassociation,500,161803,48645384632410095099679882915122376322,500,1.0,0.0,0.0,,false,ZERO_MEAN_D50
END_FACE_TRANSITION_WEAK,1107,2101,dev::END_FACE_TRANSITION_WEAK::g1107::m2101,translation,ico_10,full_reassociation,500,161803,288548342791847480390062833532533669185,500,1.0,0.0,0.0,,false,ZERO_MEAN_D50
END_FACE_TRANSITION_WEAK,1107,2101,dev::END_FACE_TRANSITION_WEAK::g1107::m2101,translation,ico_11,full_reassociation,500,161803,332198932250904992166119432492695870373,500,1.0,0.0,0.0,,false,ZERO_MEAN_D50
END_FACE_TRANSITION_WEAK,1107,2101,dev::END_FACE_TRANSITION_WEAK::g1107::m2101,translation,neg_x,full_reassociation,500,161803,289172628275424020627482270145360972661,500,1.0,0.0,0.0,,false,ZERO_MEAN_D50
END_FACE_TRANSITION_WEAK,1107,2101,dev::END_FACE_TRANSITION_WEAK::g1107::m2101,translation,neg_y,full_reassociation,500,161803,129389529213236747502807550521087700089,500,1.0,0.0,0.0,,false,ZERO_MEAN_D50
END_FACE_TRANSITION_WEAK,1107,2101,dev::END_FACE_TRANSITION_WEAK::g1107::m2101,translation,neg_z,full_reassociation,500,161803,42154677095545838882068567446377136250,500,1.0,0.0,0.0,,false,ZERO_MEAN_D50
END_FACE_TRANSITION_WEAK,1107,2101,dev::END_FACE_TRANSITION_WEAK::g1107::m2101,translation,pos_x,full_reassociation,500,161803,112974513505264433683244873942673640474,500,1.0,0.0,0.0,,false,ZERO_MEAN_D50
END_FACE_TRANSITION_WEAK,1107,2101,dev::END_FACE_TRANSITION_WEAK::g1107::m2101,translation,pos_y,full_reassociation,500,161803,227501797466275659492288275175767472971,500,1.0,0.0,0.0,,false,ZERO_MEAN_D50
END_FACE_TRANSITION_WEAK,1107,2101,dev::END_FACE_TRANSITION_WEAK::g1107::m2101,translation,pos_z,full_reassociation,500,161803,273975474753722256724426588140520057086,500,1.0,0.0,0.0,,false,ZERO_MEAN_D50
END_FACE_TRANSITION_WEAK,1107,2111,dev::END_FACE_TRANSITION_WEAK::g1107::m2111,translation,ico_00,full_reassociation,500,161803,228578412267206042176652922863897024624,500,1.0,0.0,0.0,,false,ZERO_MEAN_D50
END_FACE_TRANSITION_WEAK,1107,2111,dev::END_FACE_TRANSITION_WEAK::g1107::m2111,translation,ico_01,full_reassociation,500,161803,238764361595135946559393416664676095036,500,1.0,0.0,0.0,,false,ZERO_MEAN_D50
END_FACE_TRANSITION_WEAK,1107,2111,dev::END_FACE_TRANSITION_WEAK::g1107::m2111,translation,ico_02,full_reassociation,500,161803,234390821043887415626447436004118864928,500,1.0,0.0,0.0,,false,ZERO_MEAN_D50
END_FACE_TRANSITION_WEAK,1107,2111,dev::END_FACE_TRANSITION_WEAK::g1107::m2111,translation,ico_03,full_reassociation,500,161803,301470745406465318663329633824211544551,500,1.0,0.0,0.0,,false,ZERO_MEAN_D50
END_FACE_TRANSITION_WEAK,1107,2111,dev::END_FACE_TRANSITION_WEAK::g1107::m2111,translation,ico_04,full_reassociation,500,161803,56068977475023621195005090456767912052,500,1.0,0.0,0.0,,false,ZERO_MEAN_D50
END_FACE_TRANSITION_WEAK,1107,2111,dev::END_FACE_TRANSITION_WEAK::g1107::m2111,translation,ico_05,full_reassociation,500,161803,295879044453639638354585430989598181812,500,1.0,0.0,0.0,,false,ZERO_MEAN_D50
END_FACE_TRANSITION_WEAK,1107,2111,dev::END_FACE_TRANSITION_WEAK::g1107::m2111,translation,ico_06,full_reassociation,500,161803,294745147033209693727084452065370494102,500,1.0,0.0,0.0,,false,ZERO_MEAN_D50
END_FACE_TRANSITION_WEAK,1107,2111,dev::END_FACE_TRANSITION_WEAK::g1107::m2111,translation,ico_07,full_reassociation,500,161803,41431420581037077039483065030814457743,500,1.0,0.0,0.0,,false,ZERO_MEAN_D50
END_FACE_TRANSITION_WEAK,1107,2111,dev::END_FACE_TRANSITION_WEAK::g1107::m2111,translation,ico_08,full_reassociation,500,161803,190791258507763580746284464824670116178,500,1.0,0.0,0.0,,false,ZERO_MEAN_D50
END_FACE_TRANSITION_WEAK,1107,2111,dev::END_FACE_TRANSITION_WEAK::g1107::m2111,translation,ico_09,full_reassociation,500,161803,92297575587035709593328655213734609890,500,1.0,0.0,0.0,,false,ZERO_MEAN_D50
END_FACE_TRANSITION_WEAK,1107,2111,dev::END_FACE_TRANSITION_WEAK::g1107::m2111,translation,ico_10,full_reassociation,500,161803,202442883694920587657283142318733121564,500,1.0,0.0,0.0,,false,ZERO_MEAN_D50
END_FACE_TRANSITION_WEAK,1107,2111,dev::END_FACE_TRANSITION_WEAK::g1107::m2111,translation,ico_11,full_reassociation,500,161803,184691467000444720090290702112152898959,500,1.0,0.0,0.0,,false,ZERO_MEAN_D50
END_FACE_TRANSITION_WEAK,1107,2111,dev::END_FACE_TRANSITION_WEAK::g1107::m2111,translation,neg_x,full_reassociation,500,161803,52274801835129460076511479585206348714,500,1.0,0.0,0.0,,false,ZERO_MEAN_D50
END_FACE_TRANSITION_WEAK,1107,2111,dev::END_FACE_TRANSITION_WEAK::g1107::m2111,translation,neg_y,full_reassociation,500,161803,149838730881646896385176230018141245071,500,1.0,0.0,0.0,,false,ZERO_MEAN_D50
END_FACE_TRANSITION_WEAK,1107,2111,dev::END_FACE_TRANSITION_WEAK::g1107::m2111,translation,neg_z,full_reassociation,500,161803,246884313622770109620790643913725528600,500,1.0,0.0,0.0,,false,ZERO_MEAN_D50
END_FACE_TRANSITION_WEAK,1107,2111,dev::END_FACE_TRANSITION_WEAK::g1107::m2111,translation,pos_x,full_reassociation,500,161803,165601861883775951274280688288217268224,500,1.0,0.0,0.0,,false,ZERO_MEAN_D50
END_FACE_TRANSITION_WEAK,1107,2111,dev::END_FACE_TRANSITION_WEAK::g1107::m2111,translation,pos_y,full_reassociation,500,161803,118500127491682237855190440915559623454,500,1.0,0.0,0.0,,false,ZERO_MEAN_D50
END_FACE_TRANSITION_WEAK,1107,2111,dev::END_FACE_TRANSITION_WEAK::g1107::m2111,translation,pos_z,full_reassociation,500,161803,137853446910839410073409968640304114199,500,1.0,0.0,0.0,,false,ZERO_MEAN_D50
GEOMETRY_RICH_ROOM,1101,2101,dev::GEOMETRY_RICH_ROOM::g1101::m2101,translation,ico_00,full_reassociation,500,161803,174031012638935614154516366844718105912,0,0.0,,,,false,INSUFFICIENT_UNCENSORED_BOOTSTRAPS
GEOMETRY_RICH_ROOM,1101,2101,dev::GEOMETRY_RICH_ROOM::g1101::m2101,translation,ico_01,full_reassociation,500,161803,72600064643694458629073863343845471362,0,0.0,,,,false,INSUFFICIENT_UNCENSORED_BOOTSTRAPS
GEOMETRY_RICH_ROOM,1101,2101,dev::GEOMETRY_RICH_ROOM::g1101::m2101,translation,ico_02,full_reassociation,500,161803,331782875946924901996479903748862076255,0,0.0,,,,false,INSUFFICIENT_UNCENSORED_BOOTSTRAPS
GEOMETRY_RICH_ROOM,1101,2101,dev::GEOMETRY_RICH_ROOM::g1101::m2101,translation,ico_03,full_reassociation,500,161803,123338945983447568891288518433951584898,0,0.0,,,,false,INSUFFICIENT_UNCENSORED_BOOTSTRAPS
GEOMETRY_RICH_ROOM,1101,2101,dev::GEOMETRY_RICH_ROOM::g1101::m2101,translation,ico_04,full_reassociation,500,161803,263316485566147184208188311391205711153,0,0.0,,,,false,INSUFFICIENT_UNCENSORED_BOOTSTRAPS
GEOMETRY_RICH_ROOM,1101,2101,dev::GEOMETRY_RICH_ROOM::g1101::m2101,translation,ico_05,full_reassociation,500,161803,13161451317180120957120469315481835598,0,0.0,,,,false,INSUFFICIENT_UNCENSORED_BOOTSTRAPS
GEOMETRY_RICH_ROOM,1101,2101,dev::GEOMETRY_RICH_ROOM::g1101::m2101,translation,ico_06,full_reassociation,500,161803,109682256174492063019718553083187496552,0,0.0,,,,false,INSUFFICIENT_UNCENSORED_BOOTSTRAPS
GEOMETRY_RICH_ROOM,1101,2101,dev::GEOMETRY_RICH_ROOM::g1101::m2101,translation,ico_07,full_reassociation,500,161803,308229361207554936683221005199670686934,0,0.0,,,,false,INSUFFICIENT_UNCENSORED_BOOTSTRAPS
GEOMETRY_RICH_ROOM,1101,2101,dev::GEOMETRY_RICH_ROOM::g1101::m2101,translation,ico_08,full_reassociation,500,161803,56256528534251959870763064166869679991,0,0.0,,,,false,INSUFFICIENT_UNCENSORED_BOOTSTRAPS
GEOMETRY_RICH_ROOM,1101,2101,dev::GEOMETRY_RICH_ROOM::g1101::m2101,translation,ico_09,full_reassociation,500,161803,15794552761898948415134491438083626152,0,0.0,,,,false,INSUFFICIENT_UNCENSORED_BOOTSTRAPS
GEOMETRY_RICH_ROOM,1101,2101,dev::GEOMETRY_RICH_ROOM::g1101::m2101,translation,ico_10,full_reassociation,500,161803,87225977405071533587739601801200904406,0,0.0,,,,false,INSUFFICIENT_UNCENSORED_BOOTSTRAPS
GEOMETRY_RICH_ROOM,1101,2101,dev::GEOMETRY_RICH_ROOM::g1101::m2101,translation,ico_11,full_reassociation,500,161803,183247453508941742438780927566381407572,0,0.0,,,,false,INSUFFICIENT_UNCENSORED_BOOTSTRAPS
GEOMETRY_RICH_ROOM,1101,2101,dev::GEOMETRY_RICH_ROOM::g1101::m2101,translation,neg_x,full_reassociation,500,161803,180290851666632855256162752285901861559,0,0.0,,,,false,INSUFFICIENT_UNCENSORED_BOOTSTRAPS
GEOMETRY_RICH_ROOM,1101,2101,dev::GEOMETRY_RICH_ROOM::g1101::m2101,translation,neg_y,full_reassociation,500,161803,309498567569214006711552670571827099484,0,0.0,,,,false,INSUFFICIENT_UNCENSORED_BOOTSTRAPS
GEOMETRY_RICH_ROOM,1101,2101,dev::GEOMETRY_RICH_ROOM::g1101::m2101,translation,neg_z,full_reassociation,500,161803,33513043612812642488896363294755163289,0,0.0,,,,false,INSUFFICIENT_UNCENSORED_BOOTSTRAPS
GEOMETRY_RICH_ROOM,1101,2101,dev::GEOMETRY_RICH_ROOM::g1101::m2101,translation,pos_x,full_reassociation,500,161803,184889783330419666378911094743231426468,0,0.0,,,,false,INSUFFICIENT_UNCENSORED_BOOTSTRAPS
GEOMETRY_RICH_ROOM,1101,2101,dev::GEOMETRY_RICH_ROOM::g1101::m2101,translation,pos_y,full_reassociation,500,161803,83444745686056300473040111440345437511,0,0.0,,,,false,INSUFFICIENT_UNCENSORED_BOOTSTRAPS
GEOMETRY_RICH_ROOM,1101,2101,dev::GEOMETRY_RICH_ROOM::g1101::m2101,translation,pos_z,full_reassociation,500,161803,176588603086855882365505540797503379023,0,0.0,,,,false,INSUFFICIENT_UNCENSORED_BOOTSTRAPS
GEOMETRY_RICH_ROOM,1101,2111,dev::GEOMETRY_RICH_ROOM::g1101::m2111,translation,ico_00,full_reassociation,500,161803,161581481130112537739853263820714907662,0,0.0,,,,false,INSUFFICIENT_UNCENSORED_BOOTSTRAPS
GEOMETRY_RICH_ROOM,1101,2111,dev::GEOMETRY_RICH_ROOM::g1101::m2111,translation,ico_01,full_reassociation,500,161803,221687389090344403975719904069207222526,0,0.0,,,,false,INSUFFICIENT_UNCENSORED_BOOTSTRAPS
GEOMETRY_RICH_ROOM,1101,2111,dev::GEOMETRY_RICH_ROOM::g1101::m2111,translation,ico_02,full_reassociation,500,161803,88832562296133213174801455867746462456,0,0.0,,,,false,INSUFFICIENT_UNCENSORED_BOOTSTRAPS
GEOMETRY_RICH_ROOM,1101,2111,dev::GEOMETRY_RICH_ROOM::g1101::m2111,translation,ico_03,full_reassociation,500,161803,27215827959720889452553913495862071927,0,0.0,,,,false,INSUFFICIENT_UNCENSORED_BOOTSTRAPS
GEOMETRY_RICH_ROOM,1101,2111,dev::GEOMETRY_RICH_ROOM::g1101::m2111,translation,ico_04,full_reassociation,500,161803,44032387888401569699068626018883248603,0,0.0,,,,false,INSUFFICIENT_UNCENSORED_BOOTSTRAPS
GEOMETRY_RICH_ROOM,1101,2111,dev::GEOMETRY_RICH_ROOM::g1101::m2111,translation,ico_05,full_reassociation,500,161803,214365465632845686561562673301017513294,0,0.0,,,,false,INSUFFICIENT_UNCENSORED_BOOTSTRAPS
GEOMETRY_RICH_ROOM,1101,2111,dev::GEOMETRY_RICH_ROOM::g1101::m2111,translation,ico_06,full_reassociation,500,161803,180486369415681654465398989148331355068,0,0.0,,,,false,INSUFFICIENT_UNCENSORED_BOOTSTRAPS
GEOMETRY_RICH_ROOM,1101,2111,dev::GEOMETRY_RICH_ROOM::g1101::m2111,translation,ico_07,full_reassociation,500,161803,34881184945965095120932359869166053278,0,0.0,,,,false,INSUFFICIENT_UNCENSORED_BOOTSTRAPS
GEOMETRY_RICH_ROOM,1101,2111,dev::GEOMETRY_RICH_ROOM::g1101::m2111,translation,ico_08,full_reassociation,500,161803,148473020344629870458757154558047442782,0,0.0,,,,false,INSUFFICIENT_UNCENSORED_BOOTSTRAPS
GEOMETRY_RICH_ROOM,1101,2111,dev::GEOMETRY_RICH_ROOM::g1101::m2111,translation,ico_09,full_reassociation,500,161803,92419097598044895127484512678799732135,0,0.0,,,,false,INSUFFICIENT_UNCENSORED_BOOTSTRAPS
GEOMETRY_RICH_ROOM,1101,2111,dev::GEOMETRY_RICH_ROOM::g1101::m2111,translation,ico_10,full_reassociation,500,161803,268844824567375486392643400134779286045,0,0.0,,,,false,INSUFFICIENT_UNCENSORED_BOOTSTRAPS
GEOMETRY_RICH_ROOM,1101,2111,dev::GEOMETRY_RICH_ROOM::g1101::m2111,translation,ico_11,full_reassociation,500,161803,193719741056036463041056186582145628945,0,0.0,,,,false,INSUFFICIENT_UNCENSORED_BOOTSTRAPS
GEOMETRY_RICH_ROOM,1101,2111,dev::GEOMETRY_RICH_ROOM::g1101::m2111,translation,neg_x,full_reassociation,500,161803,100276757530700548433207868589317915471,0,0.0,,,,false,INSUFFICIENT_UNCENSORED_BOOTSTRAPS
GEOMETRY_RICH_ROOM,1101,2111,dev::GEOMETRY_RICH_ROOM::g1101::m2111,translation,neg_y,full_reassociation,500,161803,282668170433098099740107237305641048903,0,0.0,,,,false,INSUFFICIENT_UNCENSORED_BOOTSTRAPS
GEOMETRY_RICH_ROOM,1101,2111,dev::GEOMETRY_RICH_ROOM::g1101::m2111,translation,neg_z,full_reassociation,500,161803,156918162014269244924925516222988069740,0,0.0,,,,false,INSUFFICIENT_UNCENSORED_BOOTSTRAPS
GEOMETRY_RICH_ROOM,1101,2111,dev::GEOMETRY_RICH_ROOM::g1101::m2111,translation,pos_x,full_reassociation,500,161803,273695450629462861394739999597439617869,0,0.0,,,,false,INSUFFICIENT_UNCENSORED_BOOTSTRAPS
GEOMETRY_RICH_ROOM,1101,2111,dev::GEOMETRY_RICH_ROOM::g1101::m2111,translation,pos_y,full_reassociation,500,161803,73799599959119411842510964852436798215,0,0.0,,,,false,INSUFFICIENT_UNCENSORED_BOOTSTRAPS
GEOMETRY_RICH_ROOM,1101,2111,dev::GEOMETRY_RICH_ROOM::g1101::m2111,translation,pos_z,full_reassociation,500,161803,232769042463085725634454303049276461613,0,0.0,,,,false,INSUFFICIENT_UNCENSORED_BOOTSTRAPS
GEOMETRY_RICH_ROOM,1103,2101,dev::GEOMETRY_RICH_ROOM::g1103::m2101,translation,ico_00,full_reassociation,500,161803,63413368537823667332783178713025104255,0,0.0,,,,false,INSUFFICIENT_UNCENSORED_BOOTSTRAPS
GEOMETRY_RICH_ROOM,1103,2101,dev::GEOMETRY_RICH_ROOM::g1103::m2101,translation,ico_01,full_reassociation,500,161803,44718954635392759515803069604458092839,0,0.0,,,,false,INSUFFICIENT_UNCENSORED_BOOTSTRAPS
GEOMETRY_RICH_ROOM,1103,2101,dev::GEOMETRY_RICH_ROOM::g1103::m2101,translation,ico_02,full_reassociation,500,161803,227418760396793330177184513695664429786,0,0.0,,,,false,INSUFFICIENT_UNCENSORED_BOOTSTRAPS
GEOMETRY_RICH_ROOM,1103,2101,dev::GEOMETRY_RICH_ROOM::g1103::m2101,translation,ico_03,full_reassociation,500,161803,10491534323894177817742789120790408111,0,0.0,,,,false,INSUFFICIENT_UNCENSORED_BOOTSTRAPS
GEOMETRY_RICH_ROOM,1103,2101,dev::GEOMETRY_RICH_ROOM::g1103::m2101,translation,ico_04,full_reassociation,500,161803,179317802648632412298747894581034265774,0,0.0,,,,false,INSUFFICIENT_UNCENSORED_BOOTSTRAPS
GEOMETRY_RICH_ROOM,1103,2101,dev::GEOMETRY_RICH_ROOM::g1103::m2101,translation,ico_05,full_reassociation,500,161803,183230239213152901704824199700902572148,0,0.0,,,,false,INSUFFICIENT_UNCENSORED_BOOTSTRAPS
GEOMETRY_RICH_ROOM,1103,2101,dev::GEOMETRY_RICH_ROOM::g1103::m2101,translation,ico_06,full_reassociation,500,161803,333666753792988567975752752592104648977,0,0.0,,,,false,INSUFFICIENT_UNCENSORED_BOOTSTRAPS
GEOMETRY_RICH_ROOM,1103,2101,dev::GEOMETRY_RICH_ROOM::g1103::m2101,translation,ico_07,full_reassociation,500,161803,2721326903064075825590046672285262054,0,0.0,,,,false,INSUFFICIENT_UNCENSORED_BOOTSTRAPS
GEOMETRY_RICH_ROOM,1103,2101,dev::GEOMETRY_RICH_ROOM::g1103::m2101,translation,ico_08,full_reassociation,500,161803,189615560326412244317945539888778904500,0,0.0,,,,false,INSUFFICIENT_UNCENSORED_BOOTSTRAPS
GEOMETRY_RICH_ROOM,1103,2101,dev::GEOMETRY_RICH_ROOM::g1103::m2101,translation,ico_09,full_reassociation,500,161803,30965721207774186658698941513021526030,0,0.0,,,,false,INSUFFICIENT_UNCENSORED_BOOTSTRAPS
GEOMETRY_RICH_ROOM,1103,2101,dev::GEOMETRY_RICH_ROOM::g1103::m2101,translation,ico_10,full_reassociation,500,161803,191320171355960825405534086870765212003,0,0.0,,,,false,INSUFFICIENT_UNCENSORED_BOOTSTRAPS
GEOMETRY_RICH_ROOM,1103,2101,dev::GEOMETRY_RICH_ROOM::g1103::m2101,translation,ico_11,full_reassociation,500,161803,120973210260915994452451344586380549643,0,0.0,,,,false,INSUFFICIENT_UNCENSORED_BOOTSTRAPS
GEOMETRY_RICH_ROOM,1103,2101,dev::GEOMETRY_RICH_ROOM::g1103::m2101,translation,neg_x,full_reassociation,500,161803,43075619081807757582673746469260530428,0,0.0,,,,false,INSUFFICIENT_UNCENSORED_BOOTSTRAPS
GEOMETRY_RICH_ROOM,1103,2101,dev::GEOMETRY_RICH_ROOM::g1103::m2101,translation,neg_y,full_reassociation,500,161803,326385507107591087080040693820038124325,0,0.0,,,,false,INSUFFICIENT_UNCENSORED_BOOTSTRAPS
GEOMETRY_RICH_ROOM,1103,2101,dev::GEOMETRY_RICH_ROOM::g1103::m2101,translation,neg_z,full_reassociation,500,161803,193621710798216733490626630337664102835,0,0.0,,,,false,INSUFFICIENT_UNCENSORED_BOOTSTRAPS
GEOMETRY_RICH_ROOM,1103,2101,dev::GEOMETRY_RICH_ROOM::g1103::m2101,translation,pos_x,full_reassociation,500,161803,105276553965633572494004259074515672351,0,0.0,,,,false,INSUFFICIENT_UNCENSORED_BOOTSTRAPS
GEOMETRY_RICH_ROOM,1103,2101,dev::GEOMETRY_RICH_ROOM::g1103::m2101,translation,pos_y,full_reassociation,500,161803,91467104683546171443244000479012396242,0,0.0,,,,false,INSUFFICIENT_UNCENSORED_BOOTSTRAPS
GEOMETRY_RICH_ROOM,1103,2101,dev::GEOMETRY_RICH_ROOM::g1103::m2101,translation,pos_z,full_reassociation,500,161803,75222271861792306618289285805530829449,0,0.0,,,,false,INSUFFICIENT_UNCENSORED_BOOTSTRAPS
GEOMETRY_RICH_ROOM,1103,2111,dev::GEOMETRY_RICH_ROOM::g1103::m2111,translation,ico_00,full_reassociation,500,161803,170669517430500328216846879176378638166,0,0.0,,,,false,INSUFFICIENT_UNCENSORED_BOOTSTRAPS
GEOMETRY_RICH_ROOM,1103,2111,dev::GEOMETRY_RICH_ROOM::g1103::m2111,translation,ico_01,full_reassociation,500,161803,50064600629889156139962223807566825800,0,0.0,,,,false,INSUFFICIENT_UNCENSORED_BOOTSTRAPS
GEOMETRY_RICH_ROOM,1103,2111,dev::GEOMETRY_RICH_ROOM::g1103::m2111,translation,ico_02,full_reassociation,500,161803,64832956205156921098238331958179673740,0,0.0,,,,false,INSUFFICIENT_UNCENSORED_BOOTSTRAPS
GEOMETRY_RICH_ROOM,1103,2111,dev::GEOMETRY_RICH_ROOM::g1103::m2111,translation,ico_03,full_reassociation,500,161803,291621868166821467386681305624278914332,0,0.0,,,,false,INSUFFICIENT_UNCENSORED_BOOTSTRAPS
GEOMETRY_RICH_ROOM,1103,2111,dev::GEOMETRY_RICH_ROOM::g1103::m2111,translation,ico_04,full_reassociation,500,161803,202820671195385801264083473242525963158,0,0.0,,,,false,INSUFFICIENT_UNCENSORED_BOOTSTRAPS
GEOMETRY_RICH_ROOM,1103,2111,dev::GEOMETRY_RICH_ROOM::g1103::m2111,translation,ico_05,full_reassociation,500,161803,136068235741457148436376527856617028405,0,0.0,,,,false,INSUFFICIENT_UNCENSORED_BOOTSTRAPS
GEOMETRY_RICH_ROOM,1103,2111,dev::GEOMETRY_RICH_ROOM::g1103::m2111,translation,ico_06,full_reassociation,500,161803,285099276251293681172266095828587446526,0,0.0,,,,false,INSUFFICIENT_UNCENSORED_BOOTSTRAPS
GEOMETRY_RICH_ROOM,1103,2111,dev::GEOMETRY_RICH_ROOM::g1103::m2111,translation,ico_07,full_reassociation,500,161803,159602519887997702990118369164246645610,0,0.0,,,,false,INSUFFICIENT_UNCENSORED_BOOTSTRAPS
GEOMETRY_RICH_ROOM,1103,2111,dev::GEOMETRY_RICH_ROOM::g1103::m2111,translation,ico_08,full_reassociation,500,161803,262655537260811857804289673923502656098,0,0.0,,,,false,INSUFFICIENT_UNCENSORED_BOOTSTRAPS
GEOMETRY_RICH_ROOM,1103,2111,dev::GEOMETRY_RICH_ROOM::g1103::m2111,translation,ico_09,full_reassociation,500,161803,223703813247708020706594257183959316274,0,0.0,,,,false,INSUFFICIENT_UNCENSORED_BOOTSTRAPS
GEOMETRY_RICH_ROOM,1103,2111,dev::GEOMETRY_RICH_ROOM::g1103::m2111,translation,ico_10,full_reassociation,500,161803,41766421201790946371581230566139557270,0,0.0,,,,false,INSUFFICIENT_UNCENSORED_BOOTSTRAPS
GEOMETRY_RICH_ROOM,1103,2111,dev::GEOMETRY_RICH_ROOM::g1103::m2111,translation,ico_11,full_reassociation,500,161803,187479855142415820445466113328105336353,0,0.0,,,,false,INSUFFICIENT_UNCENSORED_BOOTSTRAPS
GEOMETRY_RICH_ROOM,1103,2111,dev::GEOMETRY_RICH_ROOM::g1103::m2111,translation,neg_x,full_reassociation,500,161803,185234731139873956666048889994156200690,0,0.0,,,,false,INSUFFICIENT_UNCENSORED_BOOTSTRAPS
GEOMETRY_RICH_ROOM,1103,2111,dev::GEOMETRY_RICH_ROOM::g1103::m2111,translation,neg_y,full_reassociation,500,161803,5178040204295620329492364299410559672,0,0.0,,,,false,INSUFFICIENT_UNCENSORED_BOOTSTRAPS
GEOMETRY_RICH_ROOM,1103,2111,dev::GEOMETRY_RICH_ROOM::g1103::m2111,translation,neg_z,full_reassociation,500,161803,191644504263674537266357120370279148932,0,0.0,,,,false,INSUFFICIENT_UNCENSORED_BOOTSTRAPS
GEOMETRY_RICH_ROOM,1103,2111,dev::GEOMETRY_RICH_ROOM::g1103::m2111,translation,pos_x,full_reassociation,500,161803,151049875287951618571437206791979298859,0,0.0,,,,false,INSUFFICIENT_UNCENSORED_BOOTSTRAPS
GEOMETRY_RICH_ROOM,1103,2111,dev::GEOMETRY_RICH_ROOM::g1103::m2111,translation,pos_y,full_reassociation,500,161803,127065815307426733069946726212545614477,0,0.0,,,,false,INSUFFICIENT_UNCENSORED_BOOTSTRAPS
GEOMETRY_RICH_ROOM,1103,2111,dev::GEOMETRY_RICH_ROOM::g1103::m2111,translation,pos_z,full_reassociation,500,161803,51415030049965211092786754096349830324,0,0.0,,,,false,INSUFFICIENT_UNCENSORED_BOOTSTRAPS
GEOMETRY_RICH_ROOM,1107,2101,dev::GEOMETRY_RICH_ROOM::g1107::m2101,translation,ico_00,full_reassociation,500,161803,311489143542534067453281513148710967348,0,0.0,,,,false,INSUFFICIENT_UNCENSORED_BOOTSTRAPS
GEOMETRY_RICH_ROOM,1107,2101,dev::GEOMETRY_RICH_ROOM::g1107::m2101,translation,ico_01,full_reassociation,500,161803,159366917417921441923811117191726740640,0,0.0,,,,false,INSUFFICIENT_UNCENSORED_BOOTSTRAPS
GEOMETRY_RICH_ROOM,1107,2101,dev::GEOMETRY_RICH_ROOM::g1107::m2101,translation,ico_02,full_reassociation,500,161803,265347550840156555951565330671041669219,0,0.0,,,,false,INSUFFICIENT_UNCENSORED_BOOTSTRAPS
GEOMETRY_RICH_ROOM,1107,2101,dev::GEOMETRY_RICH_ROOM::g1107::m2101,translation,ico_03,full_reassociation,500,161803,124839909721719638147759816924863195363,0,0.0,,,,false,INSUFFICIENT_UNCENSORED_BOOTSTRAPS
GEOMETRY_RICH_ROOM,1107,2101,dev::GEOMETRY_RICH_ROOM::g1107::m2101,translation,ico_04,full_reassociation,500,161803,160225675784854594919434107673238448061,0,0.0,,,,false,INSUFFICIENT_UNCENSORED_BOOTSTRAPS
GEOMETRY_RICH_ROOM,1107,2101,dev::GEOMETRY_RICH_ROOM::g1107::m2101,translation,ico_05,full_reassociation,500,161803,238138865249825740252726141895122881716,0,0.0,,,,false,INSUFFICIENT_UNCENSORED_BOOTSTRAPS
GEOMETRY_RICH_ROOM,1107,2101,dev::GEOMETRY_RICH_ROOM::g1107::m2101,translation,ico_06,full_reassociation,500,161803,107475202235944984026889080944448002713,0,0.0,,,,false,INSUFFICIENT_UNCENSORED_BOOTSTRAPS
GEOMETRY_RICH_ROOM,1107,2101,dev::GEOMETRY_RICH_ROOM::g1107::m2101,translation,ico_07,full_reassociation,500,161803,140040735875787441294102266587932306574,0,0.0,,,,false,INSUFFICIENT_UNCENSORED_BOOTSTRAPS
GEOMETRY_RICH_ROOM,1107,2101,dev::GEOMETRY_RICH_ROOM::g1107::m2101,translation,ico_08,full_reassociation,500,161803,60437800301774972881898058347810832608,0,0.0,,,,false,INSUFFICIENT_UNCENSORED_BOOTSTRAPS
GEOMETRY_RICH_ROOM,1107,2101,dev::GEOMETRY_RICH_ROOM::g1107::m2101,translation,ico_09,full_reassociation,500,161803,174126869752097508050924915432261660816,0,0.0,,,,false,INSUFFICIENT_UNCENSORED_BOOTSTRAPS
GEOMETRY_RICH_ROOM,1107,2101,dev::GEOMETRY_RICH_ROOM::g1107::m2101,translation,ico_10,full_reassociation,500,161803,194486907228905905418631124823027412349,0,0.0,,,,false,INSUFFICIENT_UNCENSORED_BOOTSTRAPS
GEOMETRY_RICH_ROOM,1107,2101,dev::GEOMETRY_RICH_ROOM::g1107::m2101,translation,ico_11,full_reassociation,500,161803,141216072835834803555836826873072874785,0,0.0,,,,false,INSUFFICIENT_UNCENSORED_BOOTSTRAPS
GEOMETRY_RICH_ROOM,1107,2101,dev::GEOMETRY_RICH_ROOM::g1107::m2101,translation,neg_x,full_reassociation,500,161803,20349917765954398287008138433324875070,0,0.0,,,,false,INSUFFICIENT_UNCENSORED_BOOTSTRAPS
GEOMETRY_RICH_ROOM,1107,2101,dev::GEOMETRY_RICH_ROOM::g1107::m2101,translation,neg_y,full_reassociation,500,161803,233247962057308114343831393517831163747,0,0.0,,,,false,INSUFFICIENT_UNCENSORED_BOOTSTRAPS
GEOMETRY_RICH_ROOM,1107,2101,dev::GEOMETRY_RICH_ROOM::g1107::m2101,translation,neg_z,full_reassociation,500,161803,234305079750224084545188682535473253757,0,0.0,,,,false,INSUFFICIENT_UNCENSORED_BOOTSTRAPS
GEOMETRY_RICH_ROOM,1107,2101,dev::GEOMETRY_RICH_ROOM::g1107::m2101,translation,pos_x,full_reassociation,500,161803,128720265186956233262767047802394267670,0,0.0,,,,false,INSUFFICIENT_UNCENSORED_BOOTSTRAPS
GEOMETRY_RICH_ROOM,1107,2101,dev::GEOMETRY_RICH_ROOM::g1107::m2101,translation,pos_y,full_reassociation,500,161803,300059571529209410399783442664120232228,0,0.0,,,,false,INSUFFICIENT_UNCENSORED_BOOTSTRAPS
GEOMETRY_RICH_ROOM,1107,2101,dev::GEOMETRY_RICH_ROOM::g1107::m2101,translation,pos_z,full_reassociation,500,161803,9426580099731976542182436408335972981,0,0.0,,,,false,INSUFFICIENT_UNCENSORED_BOOTSTRAPS
GEOMETRY_RICH_ROOM,1107,2111,dev::GEOMETRY_RICH_ROOM::g1107::m2111,translation,ico_00,full_reassociation,500,161803,302503510836568403120113563555156781563,0,0.0,,,,false,INSUFFICIENT_UNCENSORED_BOOTSTRAPS
GEOMETRY_RICH_ROOM,1107,2111,dev::GEOMETRY_RICH_ROOM::g1107::m2111,translation,ico_01,full_reassociation,500,161803,327495378965147131563864623319843921016,0,0.0,,,,false,INSUFFICIENT_UNCENSORED_BOOTSTRAPS
GEOMETRY_RICH_ROOM,1107,2111,dev::GEOMETRY_RICH_ROOM::g1107::m2111,translation,ico_02,full_reassociation,500,161803,261912808535925950239144905744201066526,0,0.0,,,,false,INSUFFICIENT_UNCENSORED_BOOTSTRAPS
GEOMETRY_RICH_ROOM,1107,2111,dev::GEOMETRY_RICH_ROOM::g1107::m2111,translation,ico_03,full_reassociation,500,161803,147665690089076089492800399953922046135,0,0.0,,,,false,INSUFFICIENT_UNCENSORED_BOOTSTRAPS
GEOMETRY_RICH_ROOM,1107,2111,dev::GEOMETRY_RICH_ROOM::g1107::m2111,translation,ico_04,full_reassociation,500,161803,270509461554939370267043789218113008012,0,0.0,,,,false,INSUFFICIENT_UNCENSORED_BOOTSTRAPS
GEOMETRY_RICH_ROOM,1107,2111,dev::GEOMETRY_RICH_ROOM::g1107::m2111,translation,ico_05,full_reassociation,500,161803,212687157540784235670172773671768879693,0,0.0,,,,false,INSUFFICIENT_UNCENSORED_BOOTSTRAPS
GEOMETRY_RICH_ROOM,1107,2111,dev::GEOMETRY_RICH_ROOM::g1107::m2111,translation,ico_06,full_reassociation,500,161803,117257867841984378929615269430077514792,0,0.0,,,,false,INSUFFICIENT_UNCENSORED_BOOTSTRAPS
GEOMETRY_RICH_ROOM,1107,2111,dev::GEOMETRY_RICH_ROOM::g1107::m2111,translation,ico_07,full_reassociation,500,161803,278567658678976795456867228540918340553,0,0.0,,,,false,INSUFFICIENT_UNCENSORED_BOOTSTRAPS
GEOMETRY_RICH_ROOM,1107,2111,dev::GEOMETRY_RICH_ROOM::g1107::m2111,translation,ico_08,full_reassociation,500,161803,37660974786406887375275514907855470150,0,0.0,,,,false,INSUFFICIENT_UNCENSORED_BOOTSTRAPS
GEOMETRY_RICH_ROOM,1107,2111,dev::GEOMETRY_RICH_ROOM::g1107::m2111,translation,ico_09,full_reassociation,500,161803,318457357906315900381636242833133506167,0,0.0,,,,false,INSUFFICIENT_UNCENSORED_BOOTSTRAPS
GEOMETRY_RICH_ROOM,1107,2111,dev::GEOMETRY_RICH_ROOM::g1107::m2111,translation,ico_10,full_reassociation,500,161803,190368864738562830475356928507667358651,0,0.0,,,,false,INSUFFICIENT_UNCENSORED_BOOTSTRAPS
GEOMETRY_RICH_ROOM,1107,2111,dev::GEOMETRY_RICH_ROOM::g1107::m2111,translation,ico_11,full_reassociation,500,161803,48463189265850552358068164341884938631,0,0.0,,,,false,INSUFFICIENT_UNCENSORED_BOOTSTRAPS
GEOMETRY_RICH_ROOM,1107,2111,dev::GEOMETRY_RICH_ROOM::g1107::m2111,translation,neg_x,full_reassociation,500,161803,32991812440498666376613890627087592729,0,0.0,,,,false,INSUFFICIENT_UNCENSORED_BOOTSTRAPS
GEOMETRY_RICH_ROOM,1107,2111,dev::GEOMETRY_RICH_ROOM::g1107::m2111,translation,neg_y,full_reassociation,500,161803,222571991021771946905645091093689808285,0,0.0,,,,false,INSUFFICIENT_UNCENSORED_BOOTSTRAPS
GEOMETRY_RICH_ROOM,1107,2111,dev::GEOMETRY_RICH_ROOM::g1107::m2111,translation,neg_z,full_reassociation,500,161803,148548081271067858164013239756653466420,0,0.0,,,,false,INSUFFICIENT_UNCENSORED_BOOTSTRAPS
GEOMETRY_RICH_ROOM,1107,2111,dev::GEOMETRY_RICH_ROOM::g1107::m2111,translation,pos_x,full_reassociation,500,161803,200146639662101985914368509062958347982,0,0.0,,,,false,INSUFFICIENT_UNCENSORED_BOOTSTRAPS
GEOMETRY_RICH_ROOM,1107,2111,dev::GEOMETRY_RICH_ROOM::g1107::m2111,translation,pos_y,full_reassociation,500,161803,13548125240100705267317581789271032351,0,0.0,,,,false,INSUFFICIENT_UNCENSORED_BOOTSTRAPS
GEOMETRY_RICH_ROOM,1107,2111,dev::GEOMETRY_RICH_ROOM::g1107::m2111,translation,pos_z,full_reassociation,500,161803,96425503595615083360618755325548118098,0,0.0,,,,false,INSUFFICIENT_UNCENSORED_BOOTSTRAPS
LONG_CORRIDOR,1101,2101,dev::LONG_CORRIDOR::g1101::m2101,translation,ico_00,full_reassociation,500,161803,214041998368332487535231314507673442186,500,1.0,0.0,0.0,,false,ZERO_MEAN_D50
LONG_CORRIDOR,1101,2101,dev::LONG_CORRIDOR::g1101::m2101,translation,ico_01,full_reassociation,500,161803,116545730277460544314392819202167268855,500,1.0,0.0,0.0,,false,ZERO_MEAN_D50
LONG_CORRIDOR,1101,2101,dev::LONG_CORRIDOR::g1101::m2101,translation,ico_02,full_reassociation,500,161803,247308980957300867501498308766538131087,500,1.0,0.0,0.0,,false,ZERO_MEAN_D50
LONG_CORRIDOR,1101,2101,dev::LONG_CORRIDOR::g1101::m2101,translation,ico_03,full_reassociation,500,161803,254568298391528524040942230418933418071,500,1.0,0.0,0.0,,false,ZERO_MEAN_D50
LONG_CORRIDOR,1101,2101,dev::LONG_CORRIDOR::g1101::m2101,translation,ico_04,full_reassociation,500,161803,224650910177687719768768731208525832219,500,1.0,0.0,0.0,,false,ZERO_MEAN_D50
LONG_CORRIDOR,1101,2101,dev::LONG_CORRIDOR::g1101::m2101,translation,ico_05,full_reassociation,500,161803,190774335419509141269119613744973260418,500,1.0,0.0,0.0,,false,ZERO_MEAN_D50
LONG_CORRIDOR,1101,2101,dev::LONG_CORRIDOR::g1101::m2101,translation,ico_06,full_reassociation,500,161803,163874368330680760745338712173861734269,500,1.0,0.0,0.0,,false,ZERO_MEAN_D50
LONG_CORRIDOR,1101,2101,dev::LONG_CORRIDOR::g1101::m2101,translation,ico_07,full_reassociation,500,161803,126586727348110295862593248647481373277,500,1.0,0.0,0.0,,false,ZERO_MEAN_D50
LONG_CORRIDOR,1101,2101,dev::LONG_CORRIDOR::g1101::m2101,translation,ico_08,full_reassociation,500,161803,203318580452606974958427364991648153105,500,1.0,0.0,0.0,,false,ZERO_MEAN_D50
LONG_CORRIDOR,1101,2101,dev::LONG_CORRIDOR::g1101::m2101,translation,ico_09,full_reassociation,500,161803,151911396886233791651596960374565759080,500,1.0,0.0,0.0,,false,ZERO_MEAN_D50
LONG_CORRIDOR,1101,2101,dev::LONG_CORRIDOR::g1101::m2101,translation,ico_10,full_reassociation,500,161803,145196537539585309058999267193763375321,500,1.0,0.0,0.0,,false,ZERO_MEAN_D50
LONG_CORRIDOR,1101,2101,dev::LONG_CORRIDOR::g1101::m2101,translation,ico_11,full_reassociation,500,161803,127870311476246417969263709455086837283,500,1.0,0.0,0.0,,false,ZERO_MEAN_D50
LONG_CORRIDOR,1101,2101,dev::LONG_CORRIDOR::g1101::m2101,translation,neg_x,full_reassociation,500,161803,218391373320849488327943130903353660295,500,1.0,0.0,0.0,,false,ZERO_MEAN_D50
LONG_CORRIDOR,1101,2101,dev::LONG_CORRIDOR::g1101::m2101,translation,neg_y,full_reassociation,500,161803,194186703923676596454934417349189880033,500,1.0,0.0,0.0,,false,ZERO_MEAN_D50
LONG_CORRIDOR,1101,2101,dev::LONG_CORRIDOR::g1101::m2101,translation,neg_z,full_reassociation,500,161803,127203447549046510744620792015740446713,500,1.0,0.0,0.0,,false,ZERO_MEAN_D50
LONG_CORRIDOR,1101,2101,dev::LONG_CORRIDOR::g1101::m2101,translation,pos_x,full_reassociation,500,161803,317751909626003185917791581868258240178,500,1.0,0.0,0.0,,false,ZERO_MEAN_D50
LONG_CORRIDOR,1101,2101,dev::LONG_CORRIDOR::g1101::m2101,translation,pos_y,full_reassociation,500,161803,316240739789609117802184504801192497725,500,1.0,0.0,0.0,,false,ZERO_MEAN_D50
LONG_CORRIDOR,1101,2101,dev::LONG_CORRIDOR::g1101::m2101,translation,pos_z,full_reassociation,500,161803,85302136933696466056499650680788706395,500,1.0,0.0,0.0,,false,ZERO_MEAN_D50
LONG_CORRIDOR,1101,2111,dev::LONG_CORRIDOR::g1101::m2111,translation,ico_00,full_reassociation,500,161803,174810907761477225819903197288301892302,500,1.0,0.0,0.0,,false,ZERO_MEAN_D50
LONG_CORRIDOR,1101,2111,dev::LONG_CORRIDOR::g1101::m2111,translation,ico_01,full_reassociation,500,161803,124288062577872338349538864145734507511,500,1.0,0.0,0.0,,false,ZERO_MEAN_D50
LONG_CORRIDOR,1101,2111,dev::LONG_CORRIDOR::g1101::m2111,translation,ico_02,full_reassociation,500,161803,38456868410120954727887620785550074046,500,1.0,0.0,0.0,,false,ZERO_MEAN_D50
LONG_CORRIDOR,1101,2111,dev::LONG_CORRIDOR::g1101::m2111,translation,ico_03,full_reassociation,500,161803,251190841258964094141545222881074299137,500,1.0,0.0,0.0,,false,ZERO_MEAN_D50
LONG_CORRIDOR,1101,2111,dev::LONG_CORRIDOR::g1101::m2111,translation,ico_04,full_reassociation,500,161803,123623967021970406518714892874875618248,500,1.0,0.0,0.0,,false,ZERO_MEAN_D50
LONG_CORRIDOR,1101,2111,dev::LONG_CORRIDOR::g1101::m2111,translation,ico_05,full_reassociation,500,161803,18940949919137628333785379756137893992,500,1.0,0.0,0.0,,false,ZERO_MEAN_D50
LONG_CORRIDOR,1101,2111,dev::LONG_CORRIDOR::g1101::m2111,translation,ico_06,full_reassociation,500,161803,239972270021247125743230946595671643393,500,1.0,0.0,0.0,,false,ZERO_MEAN_D50
LONG_CORRIDOR,1101,2111,dev::LONG_CORRIDOR::g1101::m2111,translation,ico_07,full_reassociation,500,161803,201449846262567684360879944222787969021,500,1.0,0.0,0.0,,false,ZERO_MEAN_D50
LONG_CORRIDOR,1101,2111,dev::LONG_CORRIDOR::g1101::m2111,translation,ico_08,full_reassociation,500,161803,28690548948107693671037538133381148441,500,1.0,0.0,0.0,,false,ZERO_MEAN_D50
LONG_CORRIDOR,1101,2111,dev::LONG_CORRIDOR::g1101::m2111,translation,ico_09,full_reassociation,500,161803,317776297669205741531892643577349234758,500,1.0,0.0,0.0,,false,ZERO_MEAN_D50
LONG_CORRIDOR,1101,2111,dev::LONG_CORRIDOR::g1101::m2111,translation,ico_10,full_reassociation,500,161803,237616321935273189322082414653900314723,500,1.0,0.0,0.0,,false,ZERO_MEAN_D50
LONG_CORRIDOR,1101,2111,dev::LONG_CORRIDOR::g1101::m2111,translation,ico_11,full_reassociation,500,161803,13876175358237411503187063535154476906,500,1.0,0.0,0.0,,false,ZERO_MEAN_D50
LONG_CORRIDOR,1101,2111,dev::LONG_CORRIDOR::g1101::m2111,translation,neg_x,full_reassociation,500,161803,175323513179114470477750306405453480263,500,1.0,0.0,0.0,,false,ZERO_MEAN_D50
LONG_CORRIDOR,1101,2111,dev::LONG_CORRIDOR::g1101::m2111,translation,neg_y,full_reassociation,500,161803,308639726986172647978942028024389686685,500,1.0,0.0,0.0,,false,ZERO_MEAN_D50
LONG_CORRIDOR,1101,2111,dev::LONG_CORRIDOR::g1101::m2111,translation,neg_z,full_reassociation,500,161803,164155460695541924465567711981901110210,500,1.0,0.0,0.0,,false,ZERO_MEAN_D50
LONG_CORRIDOR,1101,2111,dev::LONG_CORRIDOR::g1101::m2111,translation,pos_x,full_reassociation,500,161803,174981023973922705454444396445992611428,500,1.0,0.0,0.0,,false,ZERO_MEAN_D50
LONG_CORRIDOR,1101,2111,dev::LONG_CORRIDOR::g1101::m2111,translation,pos_y,full_reassociation,500,161803,322938453979489734753016004489068252980,500,1.0,0.0,0.0,,false,ZERO_MEAN_D50
LONG_CORRIDOR,1101,2111,dev::LONG_CORRIDOR::g1101::m2111,translation,pos_z,full_reassociation,500,161803,246018139197206620306213794584632706642,500,1.0,0.0,0.0,,false,ZERO_MEAN_D50
LONG_CORRIDOR,1103,2101,dev::LONG_CORRIDOR::g1103::m2101,translation,ico_00,full_reassociation,500,161803,39981620939676360567207523138331513139,500,1.0,0.01566,0.0484567902470034,3.0943033363348276,true,ELIGIBLE
LONG_CORRIDOR,1103,2101,dev::LONG_CORRIDOR::g1103::m2101,translation,ico_01,full_reassociation,500,161803,277468955635411383568564994090806183692,500,1.0,0.017380000000000003,0.044480249382960316,2.559277870135806,true,ELIGIBLE
LONG_CORRIDOR,1103,2101,dev::LONG_CORRIDOR::g1103::m2101,translation,ico_02,full_reassociation,500,161803,179752906270451376930087173186097426133,500,1.0,0.02036,0.07521692343576866,3.694347909418893,true,ELIGIBLE
LONG_CORRIDOR,1103,2101,dev::LONG_CORRIDOR::g1103::m2101,translation,ico_03,full_reassociation,500,161803,149606846188923704359434086597808056012,500,1.0,0.00304,0.0046044328210113365,1.5146160595432028,true,ELIGIBLE
LONG_CORRIDOR,1103,2101,dev::LONG_CORRIDOR::g1103::m2101,translation,ico_04,full_reassociation,500,161803,54785728859890550899959394493243305067,500,1.0,0.00688,0.009510336113196627,1.3823162955227655,true,ELIGIBLE
LONG_CORRIDOR,1103,2101,dev::LONG_CORRIDOR::g1103::m2101,translation,ico_05,full_reassociation,500,161803,75275537607080536030484405279230226517,500,1.0,0.0058000000000000005,0.03102071193796617,5.348398609994167,true,ELIGIBLE
LONG_CORRIDOR,1103,2101,dev::LONG_CORRIDOR::g1103::m2101,translation,ico_06,full_reassociation,500,161803,238297121253881131356984568143618824624,500,1.0,0.1272,0.18646634923974245,1.4659304185514344,true,ELIGIBLE
LONG_CORRIDOR,1103,2101,dev::LONG_CORRIDOR::g1103::m2101,translation,ico_07,full_reassociation,500,161803,267988957481893826355631352828512559067,500,1.0,0.0031,0.0046295643133520605,1.4934078430167939,true,ELIGIBLE
LONG_CORRIDOR,1103,2101,dev::LONG_CORRIDOR::g1103::m2101,translation,ico_08,full_reassociation,500,161803,141000768895394337689874538784945019851,500,1.0,0.00316,0.004653785064961824,1.4727167927094378,true,ELIGIBLE
LONG_CORRIDOR,1103,2101,dev::LONG_CORRIDOR::g1103::m2101,translation,ico_09,full_reassociation,500,161803,179860321824142126646620175903575337747,500,1.0,0.00898,0.01320258370292973,1.470220902330705,true,ELIGIBLE
LONG_CORRIDOR,1103,2101,dev::LONG_CORRIDOR::g1103::m2101,translation,ico_10,full_reassociation,500,161803,322581389287190804659326796685339952161,500,1.0,0.0305,0.024411920935631735,0.8003908503485815,true,ELIGIBLE
LONG_CORRIDOR,1103,2101,dev::LONG_CORRIDOR::g1103::m2101,translation,ico_11,full_reassociation,500,161803,249300669830312767631058315698077560776,500,1.0,0.035,0.06703721336654668,1.915348953329905,true,ELIGIBLE
LONG_CORRIDOR,1103,2101,dev::LONG_CORRIDOR::g1103::m2101,translation,neg_x,full_reassociation,500,161803,214508346752492172146757721065526062079,500,1.0,0.00836,0.015690851016156596,1.8768960545641862,true,ELIGIBLE
LONG_CORRIDOR,1103,2101,dev::LONG_CORRIDOR::g1103::m2101,translation,neg_y,full_reassociation,500,161803,177593502440007191710068128786451075180,500,1.0,0.0083,0.03286746934405149,3.9599360655483724,true,ELIGIBLE
LONG_CORRIDOR,1103,2101,dev::LONG_CORRIDOR::g1103::m2101,translation,neg_z,full_reassociation,500,161803,2263257994313627921131034666006959744,500,1.0,0.04084,0.0964421930131536,2.3614640796560624,true,ELIGIBLE
LONG_CORRIDOR,1103,2101,dev::LONG_CORRIDOR::g1103::m2101,translation,pos_x,full_reassociation,500,161803,188718625197921812426209031299933583415,500,1.0,0.00706,0.01460077962065938,2.068099096410677,true,ELIGIBLE
LONG_CORRIDOR,1103,2101,dev::LONG_CORRIDOR::g1103::m2101,translation,pos_y,full_reassociation,500,161803,167061747219788073702117883063888070518,500,1.0,0.01256,0.01876567881540142,1.4940827082325971,true,ELIGIBLE
LONG_CORRIDOR,1103,2101,dev::LONG_CORRIDOR::g1103::m2101,translation,pos_z,full_reassociation,500,161803,279937506529648031979954846205454745463,500,1.0,0.054060000000000004,0.19040647481454667,3.522132349510667,true,ELIGIBLE
LONG_CORRIDOR,1103,2111,dev::LONG_CORRIDOR::g1103::m2111,translation,ico_00,full_reassociation,500,161803,152047527458126520386027448978356257227,500,1.0,0.0056,0.02301519929954106,4.109857017775189,true,ELIGIBLE
LONG_CORRIDOR,1103,2111,dev::LONG_CORRIDOR::g1103::m2111,translation,ico_01,full_reassociation,500,161803,271159352421127452237022516203423511817,500,1.0,0.0038,0.023805322656362947,6.264558593779723,true,ELIGIBLE
LONG_CORRIDOR,1103,2111,dev::LONG_CORRIDOR::g1103::m2111,translation,ico_02,full_reassociation,500,161803,190269615307813923689632841442292995632,500,1.0,0.0088,0.028357861990519435,3.222484317104481,true,ELIGIBLE
LONG_CORRIDOR,1103,2111,dev::LONG_CORRIDOR::g1103::m2111,translation,ico_03,full_reassociation,500,161803,195311969121526747295791764145201824415,500,1.0,0.0005200000000000001,0.0022224938600400746,4.27402665392322,true,ELIGIBLE
LONG_CORRIDOR,1103,2111,dev::LONG_CORRIDOR::g1103::m2111,translation,ico_04,full_reassociation,500,161803,147975418503079402771516200236215195675,500,1.0,0.00528,0.0211332635827815,4.002512042193466,true,ELIGIBLE
LONG_CORRIDOR,1103,2111,dev::LONG_CORRIDOR::g1103::m2111,translation,ico_05,full_reassociation,500,161803,270115233948291287020533640122448779981,500,1.0,0.00058,0.002339775437557287,4.034095581995322,true,ELIGIBLE
LONG_CORRIDOR,1103,2111,dev::LONG_CORRIDOR::g1103::m2111,translation,ico_06,full_reassociation,500,161803,329156611830880094002558134430439279088,500,1.0,0.018400000000000003,0.08387795313456382,4.558584409487164,true,ELIGIBLE
LONG_CORRIDOR,1103,2111,dev::LONG_CORRIDOR::g1103::m2111,translation,ico_07,full_reassociation,500,161803,304239026404365430273569055821800784024,500,1.0,0.0005800000000000001,0.002339775437557287,4.034095581995322,true,ELIGIBLE
LONG_CORRIDOR,1103,2111,dev::LONG_CORRIDOR::g1103::m2111,translation,ico_08,full_reassociation,500,161803,281593437089863259842403808293584114431,500,1.0,0.0038000000000000004,0.01326317547374288,3.4903093351954944,true,ELIGIBLE
LONG_CORRIDOR,1103,2111,dev::LONG_CORRIDOR::g1103::m2111,translation,ico_09,full_reassociation,500,161803,187123904375363250538724338972814140203,500,1.0,0.0007,0.002554025468194154,3.6486078117059346,true,ELIGIBLE
LONG_CORRIDOR,1103,2111,dev::LONG_CORRIDOR::g1103::m2111,translation,ico_10,full_reassociation,500,161803,331908586407502565391930465520174101898,500,1.0,0.0025000000000000005,0.010908160979372456,4.363264391748982,true,ELIGIBLE
LONG_CORRIDOR,1103,2111,dev::LONG_CORRIDOR::g1103::m2111,translation,ico_11,full_reassociation,500,161803,215149085560939513012050173351936060025,500,1.0,0.006,0.023772468540751972,3.9620780901253285,true,ELIGIBLE
LONG_CORRIDOR,1103,2111,dev::LONG_CORRIDOR::g1103::m2111,translation,neg_x,full_reassociation,500,161803,251569096736231506503519984547324340759,500,1.0,0.00076,0.0026526350947485757,3.4903093351954944,true,ELIGIBLE
LONG_CORRIDOR,1103,2111,dev::LONG_CORRIDOR::g1103::m2111,translation,neg_y,full_reassociation,500,161803,103289997700872009555155926821418836467,500,1.0,0.00062,0.0024139706934878137,3.893501118528732,true,ELIGIBLE
LONG_CORRIDOR,1103,2111,dev::LONG_CORRIDOR::g1103::m2111,translation,neg_z,full_reassociation,500,161803,331367327169795123198854231751796236195,497,0.994,0.0034205231388329984,0.012635165235651873,3.6939277188935176,true,ELIGIBLE
LONG_CORRIDOR,1103,2111,dev::LONG_CORRIDOR::g1103::m2111,translation,pos_x,full_reassociation,500,161803,80821838572763485897131001622268532205,500,1.0,0.0029000000000000002,0.011698877187786434,4.034095581995322,true,ELIGIBLE
LONG_CORRIDOR,1103,2111,dev::LONG_CORRIDOR::g1103::m2111,translation,pos_y,full_reassociation,500,161803,322689595025578191683648683247699920009,500,1.0,0.00132,0.0049706150553081585,3.7656174661425443,true,ELIGIBLE
LONG_CORRIDOR,1103,2111,dev::LONG_CORRIDOR::g1103::m2111,translation,pos_z,full_reassociation,500,161803,289098955252336497922756587045048612233,500,1.0,0.00204,0.017913128155647225,8.780945174336875,true,ELIGIBLE
LONG_CORRIDOR,1107,2101,dev::LONG_CORRIDOR::g1107::m2101,translation,ico_00,full_reassociation,500,161803,221273775112742342781327673436238812612,500,1.0,0.0,0.0,,false,ZERO_MEAN_D50
LONG_CORRIDOR,1107,2101,dev::LONG_CORRIDOR::g1107::m2101,translation,ico_01,full_reassociation,500,161803,208301576641822147568843771695924151482,500,1.0,0.0,0.0,,false,ZERO_MEAN_D50
LONG_CORRIDOR,1107,2101,dev::LONG_CORRIDOR::g1107::m2101,translation,ico_02,full_reassociation,500,161803,133519639008354958259522286859182727955,500,1.0,0.0,0.0,,false,ZERO_MEAN_D50
LONG_CORRIDOR,1107,2101,dev::LONG_CORRIDOR::g1107::m2101,translation,ico_03,full_reassociation,500,161803,301855982565648610828755550067432209813,500,1.0,0.0,0.0,,false,ZERO_MEAN_D50
LONG_CORRIDOR,1107,2101,dev::LONG_CORRIDOR::g1107::m2101,translation,ico_04,full_reassociation,500,161803,176894636708443945353218216894217610820,500,1.0,0.0,0.0,,false,ZERO_MEAN_D50
LONG_CORRIDOR,1107,2101,dev::LONG_CORRIDOR::g1107::m2101,translation,ico_05,full_reassociation,500,161803,8787805035136553341974141436354382233,500,1.0,0.0,0.0,,false,ZERO_MEAN_D50
LONG_CORRIDOR,1107,2101,dev::LONG_CORRIDOR::g1107::m2101,translation,ico_06,full_reassociation,500,161803,115331009380359962868404983541387526826,500,1.0,0.0,0.0,,false,ZERO_MEAN_D50
LONG_CORRIDOR,1107,2101,dev::LONG_CORRIDOR::g1107::m2101,translation,ico_07,full_reassociation,500,161803,137585884213337655591357792519708402933,500,1.0,0.0,0.0,,false,ZERO_MEAN_D50
LONG_CORRIDOR,1107,2101,dev::LONG_CORRIDOR::g1107::m2101,translation,ico_08,full_reassociation,500,161803,160323409444527583825566492450073643274,500,1.0,0.0,0.0,,false,ZERO_MEAN_D50
LONG_CORRIDOR,1107,2101,dev::LONG_CORRIDOR::g1107::m2101,translation,ico_09,full_reassociation,500,161803,282148445165738003045460118470343841062,500,1.0,0.0,0.0,,false,ZERO_MEAN_D50
LONG_CORRIDOR,1107,2101,dev::LONG_CORRIDOR::g1107::m2101,translation,ico_10,full_reassociation,500,161803,36450325287199185290016576576332840041,500,1.0,0.0,0.0,,false,ZERO_MEAN_D50
LONG_CORRIDOR,1107,2101,dev::LONG_CORRIDOR::g1107::m2101,translation,ico_11,full_reassociation,500,161803,175952454478713011369975002806186155700,500,1.0,0.0,0.0,,false,ZERO_MEAN_D50
LONG_CORRIDOR,1107,2101,dev::LONG_CORRIDOR::g1107::m2101,translation,neg_x,full_reassociation,500,161803,233832533886710856549126626087712469753,500,1.0,0.0,0.0,,false,ZERO_MEAN_D50
LONG_CORRIDOR,1107,2101,dev::LONG_CORRIDOR::g1107::m2101,translation,neg_y,full_reassociation,500,161803,243700808700788346612901689939044784848,500,1.0,0.0,0.0,,false,ZERO_MEAN_D50
LONG_CORRIDOR,1107,2101,dev::LONG_CORRIDOR::g1107::m2101,translation,neg_z,full_reassociation,500,161803,105216378030900870360688330378407720115,500,1.0,0.0,0.0,,false,ZERO_MEAN_D50
LONG_CORRIDOR,1107,2101,dev::LONG_CORRIDOR::g1107::m2101,translation,pos_x,full_reassociation,500,161803,136462338094004856753569935854777307955,500,1.0,0.0,0.0,,false,ZERO_MEAN_D50
LONG_CORRIDOR,1107,2101,dev::LONG_CORRIDOR::g1107::m2101,translation,pos_y,full_reassociation,500,161803,194467675176109881327833614873962153890,500,1.0,0.0,0.0,,false,ZERO_MEAN_D50
LONG_CORRIDOR,1107,2101,dev::LONG_CORRIDOR::g1107::m2101,translation,pos_z,full_reassociation,500,161803,223766558184528819286083571578940425120,500,1.0,0.0,0.0,,false,ZERO_MEAN_D50
LONG_CORRIDOR,1107,2111,dev::LONG_CORRIDOR::g1107::m2111,translation,ico_00,full_reassociation,500,161803,184166308489140161949555091895137727471,500,1.0,0.0,0.0,,false,ZERO_MEAN_D50
LONG_CORRIDOR,1107,2111,dev::LONG_CORRIDOR::g1107::m2111,translation,ico_01,full_reassociation,500,161803,208517875754698147768469567741975534468,500,1.0,0.0,0.0,,false,ZERO_MEAN_D50
LONG_CORRIDOR,1107,2111,dev::LONG_CORRIDOR::g1107::m2111,translation,ico_02,full_reassociation,500,161803,2810931246272656847840589706981103827,500,1.0,0.0,0.0,,false,ZERO_MEAN_D50
LONG_CORRIDOR,1107,2111,dev::LONG_CORRIDOR::g1107::m2111,translation,ico_03,full_reassociation,500,161803,195860643671325453834318708680543767292,500,1.0,0.0,0.0,,false,ZERO_MEAN_D50
LONG_CORRIDOR,1107,2111,dev::LONG_CORRIDOR::g1107::m2111,translation,ico_04,full_reassociation,500,161803,297527851173827974712154371228283955194,500,1.0,0.0,0.0,,false,ZERO_MEAN_D50
LONG_CORRIDOR,1107,2111,dev::LONG_CORRIDOR::g1107::m2111,translation,ico_05,full_reassociation,500,161803,21604938071157344341593789159809694565,500,1.0,0.0,0.0,,false,ZERO_MEAN_D50
LONG_CORRIDOR,1107,2111,dev::LONG_CORRIDOR::g1107::m2111,translation,ico_06,full_reassociation,500,161803,311733364427914775749501700877762868317,500,1.0,0.0,0.0,,false,ZERO_MEAN_D50
LONG_CORRIDOR,1107,2111,dev::LONG_CORRIDOR::g1107::m2111,translation,ico_07,full_reassociation,500,161803,315553990805264575608301622640599565696,500,1.0,0.0,0.0,,false,ZERO_MEAN_D50
LONG_CORRIDOR,1107,2111,dev::LONG_CORRIDOR::g1107::m2111,translation,ico_08,full_reassociation,500,161803,228848477778868490149407583500836476404,500,1.0,0.0,0.0,,false,ZERO_MEAN_D50
LONG_CORRIDOR,1107,2111,dev::LONG_CORRIDOR::g1107::m2111,translation,ico_09,full_reassociation,500,161803,161699746529340922862546179708767067940,500,1.0,0.0,0.0,,false,ZERO_MEAN_D50
LONG_CORRIDOR,1107,2111,dev::LONG_CORRIDOR::g1107::m2111,translation,ico_10,full_reassociation,500,161803,262968245756786446685691919735997027494,500,1.0,0.0,0.0,,false,ZERO_MEAN_D50
LONG_CORRIDOR,1107,2111,dev::LONG_CORRIDOR::g1107::m2111,translation,ico_11,full_reassociation,500,161803,75489804407273587728717115941938297003,500,1.0,0.0,0.0,,false,ZERO_MEAN_D50
LONG_CORRIDOR,1107,2111,dev::LONG_CORRIDOR::g1107::m2111,translation,neg_x,full_reassociation,500,161803,293694586209238873178239168265727388148,500,1.0,0.0,0.0,,false,ZERO_MEAN_D50
LONG_CORRIDOR,1107,2111,dev::LONG_CORRIDOR::g1107::m2111,translation,neg_y,full_reassociation,500,161803,478171000856799633936057931452816334,500,1.0,0.0,0.0,,false,ZERO_MEAN_D50
LONG_CORRIDOR,1107,2111,dev::LONG_CORRIDOR::g1107::m2111,translation,neg_z,full_reassociation,500,161803,222894478752025686700112867972586843822,500,1.0,0.0,0.0,,false,ZERO_MEAN_D50
LONG_CORRIDOR,1107,2111,dev::LONG_CORRIDOR::g1107::m2111,translation,pos_x,full_reassociation,500,161803,316064330300931448810183811065635122462,500,1.0,0.0,0.0,,false,ZERO_MEAN_D50
LONG_CORRIDOR,1107,2111,dev::LONG_CORRIDOR::g1107::m2111,translation,pos_y,full_reassociation,500,161803,256637017743562564248373106711226907385,500,1.0,0.0,0.0,,false,ZERO_MEAN_D50
LONG_CORRIDOR,1107,2111,dev::LONG_CORRIDOR::g1107::m2111,translation,pos_z,full_reassociation,500,161803,142463668378658979552618566245775195432,500,1.0,0.0,0.0,,false,ZERO_MEAN_D50
PARALLEL_WALLS,1101,2101,dev::PARALLEL_WALLS::g1101::m2101,translation,ico_00,full_reassociation,500,161803,280460201529952266073594936624886578324,500,1.0,0.0,0.0,,false,ZERO_MEAN_D50
PARALLEL_WALLS,1101,2101,dev::PARALLEL_WALLS::g1101::m2101,translation,ico_01,full_reassociation,500,161803,172199080327755356408389594038313159800,500,1.0,0.0,0.0,,false,ZERO_MEAN_D50
PARALLEL_WALLS,1101,2101,dev::PARALLEL_WALLS::g1101::m2101,translation,ico_02,full_reassociation,500,161803,107253624655980221037759035689669669671,500,1.0,0.0,0.0,,false,ZERO_MEAN_D50
PARALLEL_WALLS,1101,2101,dev::PARALLEL_WALLS::g1101::m2101,translation,ico_03,full_reassociation,500,161803,266474215587604722214127297052036540168,500,1.0,0.0,0.0,,false,ZERO_MEAN_D50
PARALLEL_WALLS,1101,2101,dev::PARALLEL_WALLS::g1101::m2101,translation,ico_04,full_reassociation,500,161803,36835947639231225428262487760780372142,500,1.0,0.0,0.0,,false,ZERO_MEAN_D50
PARALLEL_WALLS,1101,2101,dev::PARALLEL_WALLS::g1101::m2101,translation,ico_05,full_reassociation,500,161803,128032869563692199947600924919905005705,500,1.0,0.0,0.0,,false,ZERO_MEAN_D50
PARALLEL_WALLS,1101,2101,dev::PARALLEL_WALLS::g1101::m2101,translation,ico_06,full_reassociation,500,161803,215958750339407923175850219332502874835,500,1.0,0.0,0.0,,false,ZERO_MEAN_D50
PARALLEL_WALLS,1101,2101,dev::PARALLEL_WALLS::g1101::m2101,translation,ico_07,full_reassociation,500,161803,39225145992322953356518148938902575030,500,1.0,0.0,0.0,,false,ZERO_MEAN_D50
PARALLEL_WALLS,1101,2101,dev::PARALLEL_WALLS::g1101::m2101,translation,ico_08,full_reassociation,500,161803,163169080728026123950629710555262443303,500,1.0,0.0,0.0,,false,ZERO_MEAN_D50
PARALLEL_WALLS,1101,2101,dev::PARALLEL_WALLS::g1101::m2101,translation,ico_09,full_reassociation,500,161803,55042092795196000448557502707346926724,500,1.0,0.0,0.0,,false,ZERO_MEAN_D50
PARALLEL_WALLS,1101,2101,dev::PARALLEL_WALLS::g1101::m2101,translation,ico_10,full_reassociation,500,161803,75401181221705063874748390704277893843,500,1.0,0.0,0.0,,false,ZERO_MEAN_D50
PARALLEL_WALLS,1101,2101,dev::PARALLEL_WALLS::g1101::m2101,translation,ico_11,full_reassociation,500,161803,137947512104238558813599424519745147155,500,1.0,0.0,0.0,,false,ZERO_MEAN_D50
PARALLEL_WALLS,1101,2101,dev::PARALLEL_WALLS::g1101::m2101,translation,neg_x,full_reassociation,500,161803,161868661622494101479575143959213396897,500,1.0,0.0,0.0,,false,ZERO_MEAN_D50
PARALLEL_WALLS,1101,2101,dev::PARALLEL_WALLS::g1101::m2101,translation,neg_y,full_reassociation,500,161803,335649180823689143062448650953880895454,500,1.0,0.0,0.0,,false,ZERO_MEAN_D50
PARALLEL_WALLS,1101,2101,dev::PARALLEL_WALLS::g1101::m2101,translation,neg_z,full_reassociation,500,161803,200223534393052308073482243059710401304,500,1.0,0.0,0.0,,false,ZERO_MEAN_D50
PARALLEL_WALLS,1101,2101,dev::PARALLEL_WALLS::g1101::m2101,translation,pos_x,full_reassociation,500,161803,143538341890506897839320267266746532552,500,1.0,0.0,0.0,,false,ZERO_MEAN_D50
PARALLEL_WALLS,1101,2101,dev::PARALLEL_WALLS::g1101::m2101,translation,pos_y,full_reassociation,500,161803,141503922803358946519253062234853864540,500,1.0,0.0,0.0,,false,ZERO_MEAN_D50
PARALLEL_WALLS,1101,2101,dev::PARALLEL_WALLS::g1101::m2101,translation,pos_z,full_reassociation,500,161803,187406129082130974875927803272533762304,500,1.0,0.0,0.0,,false,ZERO_MEAN_D50
PARALLEL_WALLS,1101,2111,dev::PARALLEL_WALLS::g1101::m2111,translation,ico_00,full_reassociation,500,161803,81788343735319442366750587327218975326,500,1.0,0.0,0.0,,false,ZERO_MEAN_D50
PARALLEL_WALLS,1101,2111,dev::PARALLEL_WALLS::g1101::m2111,translation,ico_01,full_reassociation,500,161803,255367284364881820615797794509677345319,500,1.0,0.0,0.0,,false,ZERO_MEAN_D50
PARALLEL_WALLS,1101,2111,dev::PARALLEL_WALLS::g1101::m2111,translation,ico_02,full_reassociation,500,161803,11562171826453809663377756488941562152,500,1.0,0.0,0.0,,false,ZERO_MEAN_D50
PARALLEL_WALLS,1101,2111,dev::PARALLEL_WALLS::g1101::m2111,translation,ico_03,full_reassociation,500,161803,225165709808831211010459119558244795576,500,1.0,0.0,0.0,,false,ZERO_MEAN_D50
PARALLEL_WALLS,1101,2111,dev::PARALLEL_WALLS::g1101::m2111,translation,ico_04,full_reassociation,500,161803,255451108044295855551024306576516806600,500,1.0,0.0,0.0,,false,ZERO_MEAN_D50
PARALLEL_WALLS,1101,2111,dev::PARALLEL_WALLS::g1101::m2111,translation,ico_05,full_reassociation,500,161803,292811563580830291366309798375092936373,500,1.0,0.0,0.0,,false,ZERO_MEAN_D50
PARALLEL_WALLS,1101,2111,dev::PARALLEL_WALLS::g1101::m2111,translation,ico_06,full_reassociation,500,161803,314052298484365255792915221968889614490,500,1.0,0.0,0.0,,false,ZERO_MEAN_D50
PARALLEL_WALLS,1101,2111,dev::PARALLEL_WALLS::g1101::m2111,translation,ico_07,full_reassociation,500,161803,333164191904836435951670195174844570313,500,1.0,0.0,0.0,,false,ZERO_MEAN_D50
PARALLEL_WALLS,1101,2111,dev::PARALLEL_WALLS::g1101::m2111,translation,ico_08,full_reassociation,500,161803,143445102526362384039860474411606039326,500,1.0,0.0,0.0,,false,ZERO_MEAN_D50
PARALLEL_WALLS,1101,2111,dev::PARALLEL_WALLS::g1101::m2111,translation,ico_09,full_reassociation,500,161803,70602985277009568942789101888062882924,500,1.0,0.0,0.0,,false,ZERO_MEAN_D50
PARALLEL_WALLS,1101,2111,dev::PARALLEL_WALLS::g1101::m2111,translation,ico_10,full_reassociation,500,161803,175138764258945110528564186371036887792,500,1.0,0.0,0.0,,false,ZERO_MEAN_D50
PARALLEL_WALLS,1101,2111,dev::PARALLEL_WALLS::g1101::m2111,translation,ico_11,full_reassociation,500,161803,19156588730450308253334913101136111372,500,1.0,0.0,0.0,,false,ZERO_MEAN_D50
PARALLEL_WALLS,1101,2111,dev::PARALLEL_WALLS::g1101::m2111,translation,neg_x,full_reassociation,500,161803,58862403394354087123033030120786209039,500,1.0,0.0,0.0,,false,ZERO_MEAN_D50
PARALLEL_WALLS,1101,2111,dev::PARALLEL_WALLS::g1101::m2111,translation,neg_y,full_reassociation,500,161803,100196297091742429985890658774697222375,500,1.0,0.0,0.0,,false,ZERO_MEAN_D50
PARALLEL_WALLS,1101,2111,dev::PARALLEL_WALLS::g1101::m2111,translation,neg_z,full_reassociation,500,161803,266542208958462961596694526566838841305,500,1.0,0.0,0.0,,false,ZERO_MEAN_D50
PARALLEL_WALLS,1101,2111,dev::PARALLEL_WALLS::g1101::m2111,translation,pos_x,full_reassociation,500,161803,88092272660010713556238402267162767407,500,1.0,0.0,0.0,,false,ZERO_MEAN_D50
PARALLEL_WALLS,1101,2111,dev::PARALLEL_WALLS::g1101::m2111,translation,pos_y,full_reassociation,500,161803,108869463297029326063825213377262088504,500,1.0,0.0,0.0,,false,ZERO_MEAN_D50
PARALLEL_WALLS,1101,2111,dev::PARALLEL_WALLS::g1101::m2111,translation,pos_z,full_reassociation,500,161803,100022593643927736068953134526053590769,500,1.0,0.0,0.0,,false,ZERO_MEAN_D50
PARALLEL_WALLS,1103,2101,dev::PARALLEL_WALLS::g1103::m2101,translation,ico_00,full_reassociation,500,161803,309268238652709436145145528697423411122,500,1.0,0.0,0.0,,false,ZERO_MEAN_D50
PARALLEL_WALLS,1103,2101,dev::PARALLEL_WALLS::g1103::m2101,translation,ico_01,full_reassociation,500,161803,294110943013719346903412159901899450275,500,1.0,0.0,0.0,,false,ZERO_MEAN_D50
PARALLEL_WALLS,1103,2101,dev::PARALLEL_WALLS::g1103::m2101,translation,ico_02,full_reassociation,500,161803,274351514960300537616863287466554535548,500,1.0,0.0,0.0,,false,ZERO_MEAN_D50
PARALLEL_WALLS,1103,2101,dev::PARALLEL_WALLS::g1103::m2101,translation,ico_03,full_reassociation,500,161803,196912793141921435778379156486091904904,500,1.0,0.0,0.0,,false,ZERO_MEAN_D50
PARALLEL_WALLS,1103,2101,dev::PARALLEL_WALLS::g1103::m2101,translation,ico_04,full_reassociation,500,161803,73825166736133092535113752520725256466,500,1.0,0.0,0.0,,false,ZERO_MEAN_D50
PARALLEL_WALLS,1103,2101,dev::PARALLEL_WALLS::g1103::m2101,translation,ico_05,full_reassociation,500,161803,20274761759921812484556679740043104531,500,1.0,0.0,0.0,,false,ZERO_MEAN_D50
PARALLEL_WALLS,1103,2101,dev::PARALLEL_WALLS::g1103::m2101,translation,ico_06,full_reassociation,500,161803,39593801121038472825382773392925494499,500,1.0,0.0,0.0,,false,ZERO_MEAN_D50
PARALLEL_WALLS,1103,2101,dev::PARALLEL_WALLS::g1103::m2101,translation,ico_07,full_reassociation,500,161803,238571500236828550748990853901868738259,500,1.0,0.0,0.0,,false,ZERO_MEAN_D50
PARALLEL_WALLS,1103,2101,dev::PARALLEL_WALLS::g1103::m2101,translation,ico_08,full_reassociation,500,161803,107983540011392276139283178823016612511,500,1.0,0.0,0.0,,false,ZERO_MEAN_D50
PARALLEL_WALLS,1103,2101,dev::PARALLEL_WALLS::g1103::m2101,translation,ico_09,full_reassociation,500,161803,172762976103397160783810418820148346548,500,1.0,0.0,0.0,,false,ZERO_MEAN_D50
PARALLEL_WALLS,1103,2101,dev::PARALLEL_WALLS::g1103::m2101,translation,ico_10,full_reassociation,500,161803,220463427426532874675788914845598037269,500,1.0,0.0,0.0,,false,ZERO_MEAN_D50
PARALLEL_WALLS,1103,2101,dev::PARALLEL_WALLS::g1103::m2101,translation,ico_11,full_reassociation,500,161803,28341898600505563754933365349706772636,500,1.0,0.0,0.0,,false,ZERO_MEAN_D50
PARALLEL_WALLS,1103,2101,dev::PARALLEL_WALLS::g1103::m2101,translation,neg_x,full_reassociation,500,161803,118850864182197220796998454224990581328,500,1.0,0.0,0.0,,false,ZERO_MEAN_D50
PARALLEL_WALLS,1103,2101,dev::PARALLEL_WALLS::g1103::m2101,translation,neg_y,full_reassociation,500,161803,95223317394272859976253144654300253767,500,1.0,0.0,0.0,,false,ZERO_MEAN_D50
PARALLEL_WALLS,1103,2101,dev::PARALLEL_WALLS::g1103::m2101,translation,neg_z,full_reassociation,500,161803,43096356186395380708126302086087009987,500,1.0,0.0,0.0,,false,ZERO_MEAN_D50
PARALLEL_WALLS,1103,2101,dev::PARALLEL_WALLS::g1103::m2101,translation,pos_x,full_reassociation,500,161803,169677680640972951110382935868421947445,500,1.0,0.0,0.0,,false,ZERO_MEAN_D50
PARALLEL_WALLS,1103,2101,dev::PARALLEL_WALLS::g1103::m2101,translation,pos_y,full_reassociation,500,161803,303967099756373886813890829887628882494,500,1.0,0.0,0.0,,false,ZERO_MEAN_D50
PARALLEL_WALLS,1103,2101,dev::PARALLEL_WALLS::g1103::m2101,translation,pos_z,full_reassociation,500,161803,305443001951634259337435341998860974853,500,1.0,0.0,0.0,,false,ZERO_MEAN_D50
PARALLEL_WALLS,1103,2111,dev::PARALLEL_WALLS::g1103::m2111,translation,ico_00,full_reassociation,500,161803,317689064480074689762244578158586921198,500,1.0,0.0,0.0,,false,ZERO_MEAN_D50
PARALLEL_WALLS,1103,2111,dev::PARALLEL_WALLS::g1103::m2111,translation,ico_01,full_reassociation,500,161803,28017088268193028370475376424184531695,500,1.0,0.0,0.0,,false,ZERO_MEAN_D50
PARALLEL_WALLS,1103,2111,dev::PARALLEL_WALLS::g1103::m2111,translation,ico_02,full_reassociation,500,161803,137858778266020478765927851745161832071,500,1.0,0.0,0.0,,false,ZERO_MEAN_D50
PARALLEL_WALLS,1103,2111,dev::PARALLEL_WALLS::g1103::m2111,translation,ico_03,full_reassociation,500,161803,115797633373307332644031138776362892561,500,1.0,0.0,0.0,,false,ZERO_MEAN_D50
PARALLEL_WALLS,1103,2111,dev::PARALLEL_WALLS::g1103::m2111,translation,ico_04,full_reassociation,500,161803,224403692463732199086458450989861968501,500,1.0,0.0,0.0,,false,ZERO_MEAN_D50
PARALLEL_WALLS,1103,2111,dev::PARALLEL_WALLS::g1103::m2111,translation,ico_05,full_reassociation,500,161803,173209777315229506152344164427166810252,500,1.0,0.0,0.0,,false,ZERO_MEAN_D50
PARALLEL_WALLS,1103,2111,dev::PARALLEL_WALLS::g1103::m2111,translation,ico_06,full_reassociation,500,161803,133040023986844911930834060981156182804,500,1.0,0.0,0.0,,false,ZERO_MEAN_D50
PARALLEL_WALLS,1103,2111,dev::PARALLEL_WALLS::g1103::m2111,translation,ico_07,full_reassociation,500,161803,247941081459985240938780557884157657401,500,1.0,0.0,0.0,,false,ZERO_MEAN_D50
PARALLEL_WALLS,1103,2111,dev::PARALLEL_WALLS::g1103::m2111,translation,ico_08,full_reassociation,500,161803,72631775143816826124416976360769653527,500,1.0,0.0,0.0,,false,ZERO_MEAN_D50
PARALLEL_WALLS,1103,2111,dev::PARALLEL_WALLS::g1103::m2111,translation,ico_09,full_reassociation,500,161803,89135204290138301811391462695705213220,500,1.0,0.0,0.0,,false,ZERO_MEAN_D50
PARALLEL_WALLS,1103,2111,dev::PARALLEL_WALLS::g1103::m2111,translation,ico_10,full_reassociation,500,161803,4624232815105075069544427264421108006,500,1.0,0.0,0.0,,false,ZERO_MEAN_D50
PARALLEL_WALLS,1103,2111,dev::PARALLEL_WALLS::g1103::m2111,translation,ico_11,full_reassociation,500,161803,116390995134658896711856965238025799095,500,1.0,0.0,0.0,,false,ZERO_MEAN_D50
PARALLEL_WALLS,1103,2111,dev::PARALLEL_WALLS::g1103::m2111,translation,neg_x,full_reassociation,500,161803,14491226704625674914504589050030727505,500,1.0,0.0,0.0,,false,ZERO_MEAN_D50
PARALLEL_WALLS,1103,2111,dev::PARALLEL_WALLS::g1103::m2111,translation,neg_y,full_reassociation,500,161803,31087340639238268933270261101472883109,500,1.0,0.0,0.0,,false,ZERO_MEAN_D50
PARALLEL_WALLS,1103,2111,dev::PARALLEL_WALLS::g1103::m2111,translation,neg_z,full_reassociation,500,161803,4606518974942001000431609925858369428,500,1.0,0.0,0.0,,false,ZERO_MEAN_D50
PARALLEL_WALLS,1103,2111,dev::PARALLEL_WALLS::g1103::m2111,translation,pos_x,full_reassociation,500,161803,258279058435739098600349303480071663938,500,1.0,0.0,0.0,,false,ZERO_MEAN_D50
PARALLEL_WALLS,1103,2111,dev::PARALLEL_WALLS::g1103::m2111,translation,pos_y,full_reassociation,500,161803,185477263856289341191729816225558412605,500,1.0,0.0,0.0,,false,ZERO_MEAN_D50
PARALLEL_WALLS,1103,2111,dev::PARALLEL_WALLS::g1103::m2111,translation,pos_z,full_reassociation,500,161803,336301229891156300509118336525547797557,500,1.0,0.0,0.0,,false,ZERO_MEAN_D50
PARALLEL_WALLS,1107,2101,dev::PARALLEL_WALLS::g1107::m2101,translation,ico_00,full_reassociation,500,161803,49235293657706779192687005414818874553,500,1.0,0.0,0.0,,false,ZERO_MEAN_D50
PARALLEL_WALLS,1107,2101,dev::PARALLEL_WALLS::g1107::m2101,translation,ico_01,full_reassociation,500,161803,243012066074594723039631232467656688069,500,1.0,0.0,0.0,,false,ZERO_MEAN_D50
PARALLEL_WALLS,1107,2101,dev::PARALLEL_WALLS::g1107::m2101,translation,ico_02,full_reassociation,500,161803,261570547270817748742145597570667370798,500,1.0,0.0,0.0,,false,ZERO_MEAN_D50
PARALLEL_WALLS,1107,2101,dev::PARALLEL_WALLS::g1107::m2101,translation,ico_03,full_reassociation,500,161803,37579694111722795599472774852367456324,500,1.0,0.0,0.0,,false,ZERO_MEAN_D50
PARALLEL_WALLS,1107,2101,dev::PARALLEL_WALLS::g1107::m2101,translation,ico_04,full_reassociation,500,161803,213679481227497474737558932700280666855,500,1.0,0.0,0.0,,false,ZERO_MEAN_D50
PARALLEL_WALLS,1107,2101,dev::PARALLEL_WALLS::g1107::m2101,translation,ico_05,full_reassociation,500,161803,69529840998905993020768153000318523711,500,1.0,0.0,0.0,,false,ZERO_MEAN_D50
PARALLEL_WALLS,1107,2101,dev::PARALLEL_WALLS::g1107::m2101,translation,ico_06,full_reassociation,500,161803,62374252341177517348640326029320752816,500,1.0,0.0,0.0,,false,ZERO_MEAN_D50
PARALLEL_WALLS,1107,2101,dev::PARALLEL_WALLS::g1107::m2101,translation,ico_07,full_reassociation,500,161803,224464984320067592584119037493127329835,500,1.0,0.0,0.0,,false,ZERO_MEAN_D50
PARALLEL_WALLS,1107,2101,dev::PARALLEL_WALLS::g1107::m2101,translation,ico_08,full_reassociation,500,161803,323629730773954519915979713865316023796,500,1.0,0.0,0.0,,false,ZERO_MEAN_D50
PARALLEL_WALLS,1107,2101,dev::PARALLEL_WALLS::g1107::m2101,translation,ico_09,full_reassociation,500,161803,127662706033425957448290828886565535192,500,1.0,0.0,0.0,,false,ZERO_MEAN_D50
PARALLEL_WALLS,1107,2101,dev::PARALLEL_WALLS::g1107::m2101,translation,ico_10,full_reassociation,500,161803,141295269433023978900092744151699205143,500,1.0,0.0,0.0,,false,ZERO_MEAN_D50
PARALLEL_WALLS,1107,2101,dev::PARALLEL_WALLS::g1107::m2101,translation,ico_11,full_reassociation,500,161803,209216608112171073735553378259496916522,500,1.0,0.0,0.0,,false,ZERO_MEAN_D50
PARALLEL_WALLS,1107,2101,dev::PARALLEL_WALLS::g1107::m2101,translation,neg_x,full_reassociation,500,161803,170035656088302789544099778013102637366,500,1.0,0.0,0.0,,false,ZERO_MEAN_D50
PARALLEL_WALLS,1107,2101,dev::PARALLEL_WALLS::g1107::m2101,translation,neg_y,full_reassociation,500,161803,89084304885787855233092348689490805088,500,1.0,0.0,0.0,,false,ZERO_MEAN_D50
PARALLEL_WALLS,1107,2101,dev::PARALLEL_WALLS::g1107::m2101,translation,neg_z,full_reassociation,500,161803,65054813465350283067024622917927285603,500,1.0,0.0,0.0,,false,ZERO_MEAN_D50
PARALLEL_WALLS,1107,2101,dev::PARALLEL_WALLS::g1107::m2101,translation,pos_x,full_reassociation,500,161803,19832198388007711724796805401388160986,500,1.0,0.0,0.0,,false,ZERO_MEAN_D50
PARALLEL_WALLS,1107,2101,dev::PARALLEL_WALLS::g1107::m2101,translation,pos_y,full_reassociation,500,161803,99735827699470438601134222014428436349,500,1.0,0.0,0.0,,false,ZERO_MEAN_D50
PARALLEL_WALLS,1107,2101,dev::PARALLEL_WALLS::g1107::m2101,translation,pos_z,full_reassociation,500,161803,151954418852502390874215293784689990005,500,1.0,0.0,0.0,,false,ZERO_MEAN_D50
PARALLEL_WALLS,1107,2111,dev::PARALLEL_WALLS::g1107::m2111,translation,ico_00,full_reassociation,500,161803,286137704666748095590416385798762219602,500,1.0,0.0,0.0,,false,ZERO_MEAN_D50
PARALLEL_WALLS,1107,2111,dev::PARALLEL_WALLS::g1107::m2111,translation,ico_01,full_reassociation,500,161803,286616581633827302946646136335185819373,500,1.0,0.0,0.0,,false,ZERO_MEAN_D50
PARALLEL_WALLS,1107,2111,dev::PARALLEL_WALLS::g1107::m2111,translation,ico_02,full_reassociation,500,161803,78023964194577239645618648157073569200,500,1.0,0.0,0.0,,false,ZERO_MEAN_D50
PARALLEL_WALLS,1107,2111,dev::PARALLEL_WALLS::g1107::m2111,translation,ico_03,full_reassociation,500,161803,278034812430585494396126490880314648153,500,1.0,0.0,0.0,,false,ZERO_MEAN_D50
PARALLEL_WALLS,1107,2111,dev::PARALLEL_WALLS::g1107::m2111,translation,ico_04,full_reassociation,500,161803,314707182126245364645629985629683522711,500,1.0,0.0,0.0,,false,ZERO_MEAN_D50
PARALLEL_WALLS,1107,2111,dev::PARALLEL_WALLS::g1107::m2111,translation,ico_05,full_reassociation,500,161803,287433251601681381008968586252972577225,500,1.0,0.0,0.0,,false,ZERO_MEAN_D50
PARALLEL_WALLS,1107,2111,dev::PARALLEL_WALLS::g1107::m2111,translation,ico_06,full_reassociation,500,161803,196963633425365314967667981764557626976,500,1.0,0.0,0.0,,false,ZERO_MEAN_D50
PARALLEL_WALLS,1107,2111,dev::PARALLEL_WALLS::g1107::m2111,translation,ico_07,full_reassociation,500,161803,153312186110296439789314034919221653946,500,1.0,0.0,0.0,,false,ZERO_MEAN_D50
PARALLEL_WALLS,1107,2111,dev::PARALLEL_WALLS::g1107::m2111,translation,ico_08,full_reassociation,500,161803,114335802031513114354920718239981834610,500,1.0,0.0,0.0,,false,ZERO_MEAN_D50
PARALLEL_WALLS,1107,2111,dev::PARALLEL_WALLS::g1107::m2111,translation,ico_09,full_reassociation,500,161803,302832542198865923028906106886001111683,500,1.0,0.0,0.0,,false,ZERO_MEAN_D50
PARALLEL_WALLS,1107,2111,dev::PARALLEL_WALLS::g1107::m2111,translation,ico_10,full_reassociation,500,161803,137881790863844672957647539176753612244,500,1.0,0.0,0.0,,false,ZERO_MEAN_D50
PARALLEL_WALLS,1107,2111,dev::PARALLEL_WALLS::g1107::m2111,translation,ico_11,full_reassociation,500,161803,268595587247758463286803585845132987062,500,1.0,0.0,0.0,,false,ZERO_MEAN_D50
PARALLEL_WALLS,1107,2111,dev::PARALLEL_WALLS::g1107::m2111,translation,neg_x,full_reassociation,500,161803,124518798682394829440076441191024952312,500,1.0,0.0,0.0,,false,ZERO_MEAN_D50
PARALLEL_WALLS,1107,2111,dev::PARALLEL_WALLS::g1107::m2111,translation,neg_y,full_reassociation,500,161803,314560718717100934410351796555276086699,500,1.0,0.0,0.0,,false,ZERO_MEAN_D50
PARALLEL_WALLS,1107,2111,dev::PARALLEL_WALLS::g1107::m2111,translation,neg_z,full_reassociation,500,161803,338066460999769490873649142619494774564,500,1.0,0.0,0.0,,false,ZERO_MEAN_D50
PARALLEL_WALLS,1107,2111,dev::PARALLEL_WALLS::g1107::m2111,translation,pos_x,full_reassociation,500,161803,46875675835190649543339309027927513627,500,1.0,0.0,0.0,,false,ZERO_MEAN_D50
PARALLEL_WALLS,1107,2111,dev::PARALLEL_WALLS::g1107::m2111,translation,pos_y,full_reassociation,500,161803,70822511943826043960876096063060871266,500,1.0,0.0,0.0,,false,ZERO_MEAN_D50
PARALLEL_WALLS,1107,2111,dev::PARALLEL_WALLS::g1107::m2111,translation,pos_z,full_reassociation,500,161803,248082835873205875997645041279242850169,500,1.0,0.0,0.0,,false,ZERO_MEAN_D50
REPEATED_STRUCTURE,1101,2101,dev::REPEATED_STRUCTURE::g1101::m2101,translation,ico_00,full_reassociation,500,161803,228327260231395233120215879999711698115,0,0.0,,,,false,INSUFFICIENT_UNCENSORED_BOOTSTRAPS
REPEATED_STRUCTURE,1101,2101,dev::REPEATED_STRUCTURE::g1101::m2101,translation,ico_01,full_reassociation,500,161803,311506624578615534687938049160956532162,0,0.0,,,,false,INSUFFICIENT_UNCENSORED_BOOTSTRAPS
REPEATED_STRUCTURE,1101,2101,dev::REPEATED_STRUCTURE::g1101::m2101,translation,ico_02,full_reassociation,500,161803,259006744655363711979281233541023583348,0,0.0,,,,false,INSUFFICIENT_UNCENSORED_BOOTSTRAPS
REPEATED_STRUCTURE,1101,2101,dev::REPEATED_STRUCTURE::g1101::m2101,translation,ico_03,full_reassociation,500,161803,284027519478781065962759398564062937054,0,0.0,,,,false,INSUFFICIENT_UNCENSORED_BOOTSTRAPS
REPEATED_STRUCTURE,1101,2101,dev::REPEATED_STRUCTURE::g1101::m2101,translation,ico_04,full_reassociation,500,161803,52597762171288721451621194810710596161,500,1.0,0.4,0.0,0.0,true,ELIGIBLE
REPEATED_STRUCTURE,1101,2101,dev::REPEATED_STRUCTURE::g1101::m2101,translation,ico_05,full_reassociation,500,161803,129199899740761789859175942253582457489,500,1.0,0.4,0.0,0.0,true,ELIGIBLE
REPEATED_STRUCTURE,1101,2101,dev::REPEATED_STRUCTURE::g1101::m2101,translation,ico_06,full_reassociation,500,161803,282488928560479474500112086729494751602,500,1.0,0.4,0.0,0.0,true,ELIGIBLE
REPEATED_STRUCTURE,1101,2101,dev::REPEATED_STRUCTURE::g1101::m2101,translation,ico_07,full_reassociation,500,161803,176039122219859197724122509717364562580,500,1.0,0.4,0.0,0.0,true,ELIGIBLE
REPEATED_STRUCTURE,1101,2101,dev::REPEATED_STRUCTURE::g1101::m2101,translation,ico_08,full_reassociation,500,161803,152012207264718282908101475985467531779,500,1.0,0.4,0.0,0.0,true,ELIGIBLE
REPEATED_STRUCTURE,1101,2101,dev::REPEATED_STRUCTURE::g1101::m2101,translation,ico_09,full_reassociation,500,161803,19753486240199188289999853944845367268,500,1.0,0.4,0.0,0.0,true,ELIGIBLE
REPEATED_STRUCTURE,1101,2101,dev::REPEATED_STRUCTURE::g1101::m2101,translation,ico_10,full_reassociation,500,161803,268795402251781252748402917421491582055,500,1.0,0.2,0.0,0.0,true,ELIGIBLE
REPEATED_STRUCTURE,1101,2101,dev::REPEATED_STRUCTURE::g1101::m2101,translation,ico_11,full_reassociation,500,161803,51400373121634858478273150164624931863,500,1.0,0.2,0.0,0.0,true,ELIGIBLE
REPEATED_STRUCTURE,1101,2101,dev::REPEATED_STRUCTURE::g1101::m2101,translation,neg_x,full_reassociation,500,161803,87021910007115026760079409461713366463,500,1.0,0.2,0.0,0.0,true,ELIGIBLE
REPEATED_STRUCTURE,1101,2101,dev::REPEATED_STRUCTURE::g1101::m2101,translation,neg_y,full_reassociation,500,161803,331689812245989752658765976724881626825,0,0.0,,,,false,INSUFFICIENT_UNCENSORED_BOOTSTRAPS
REPEATED_STRUCTURE,1101,2101,dev::REPEATED_STRUCTURE::g1101::m2101,translation,neg_z,full_reassociation,500,161803,111678936863210166068859260486585576593,0,0.0,,,,false,INSUFFICIENT_UNCENSORED_BOOTSTRAPS
REPEATED_STRUCTURE,1101,2101,dev::REPEATED_STRUCTURE::g1101::m2101,translation,pos_x,full_reassociation,500,161803,224854675727123700794143055051006551380,500,1.0,0.2,0.0,0.0,true,ELIGIBLE
REPEATED_STRUCTURE,1101,2101,dev::REPEATED_STRUCTURE::g1101::m2101,translation,pos_y,full_reassociation,500,161803,43929903093580861090287514312054615341,0,0.0,,,,false,INSUFFICIENT_UNCENSORED_BOOTSTRAPS
REPEATED_STRUCTURE,1101,2101,dev::REPEATED_STRUCTURE::g1101::m2101,translation,pos_z,full_reassociation,500,161803,62059763333921854151441908254223129508,0,0.0,,,,false,INSUFFICIENT_UNCENSORED_BOOTSTRAPS
REPEATED_STRUCTURE,1101,2111,dev::REPEATED_STRUCTURE::g1101::m2111,translation,ico_00,full_reassociation,500,161803,286626945468832629114737859324132953722,0,0.0,,,,false,INSUFFICIENT_UNCENSORED_BOOTSTRAPS
REPEATED_STRUCTURE,1101,2111,dev::REPEATED_STRUCTURE::g1101::m2111,translation,ico_01,full_reassociation,500,161803,46982148953086619548226471286726426265,0,0.0,,,,false,INSUFFICIENT_UNCENSORED_BOOTSTRAPS
REPEATED_STRUCTURE,1101,2111,dev::REPEATED_STRUCTURE::g1101::m2111,translation,ico_02,full_reassociation,500,161803,57721664145021307200806755057403252793,0,0.0,,,,false,INSUFFICIENT_UNCENSORED_BOOTSTRAPS
REPEATED_STRUCTURE,1101,2111,dev::REPEATED_STRUCTURE::g1101::m2111,translation,ico_03,full_reassociation,500,161803,286228868509360857168894197289463096372,0,0.0,,,,false,INSUFFICIENT_UNCENSORED_BOOTSTRAPS
REPEATED_STRUCTURE,1101,2111,dev::REPEATED_STRUCTURE::g1101::m2111,translation,ico_04,full_reassociation,500,161803,166848004518450202656000772150576797573,500,1.0,0.4,0.0,0.0,true,ELIGIBLE
REPEATED_STRUCTURE,1101,2111,dev::REPEATED_STRUCTURE::g1101::m2111,translation,ico_05,full_reassociation,500,161803,204870159758558114806424681368663268015,500,1.0,0.4,0.0,0.0,true,ELIGIBLE
REPEATED_STRUCTURE,1101,2111,dev::REPEATED_STRUCTURE::g1101::m2111,translation,ico_06,full_reassociation,500,161803,189362164469842438875766502905231244337,500,1.0,0.4,0.0,0.0,true,ELIGIBLE
REPEATED_STRUCTURE,1101,2111,dev::REPEATED_STRUCTURE::g1101::m2111,translation,ico_07,full_reassociation,500,161803,10390672418029634968814171094315993034,500,1.0,0.4,0.0,0.0,true,ELIGIBLE
REPEATED_STRUCTURE,1101,2111,dev::REPEATED_STRUCTURE::g1101::m2111,translation,ico_08,full_reassociation,500,161803,287150367972195625593534234010908235713,500,1.0,0.4,0.0,0.0,true,ELIGIBLE
REPEATED_STRUCTURE,1101,2111,dev::REPEATED_STRUCTURE::g1101::m2111,translation,ico_09,full_reassociation,500,161803,236764434572656256535547964310885988828,500,1.0,0.4,0.0,0.0,true,ELIGIBLE
REPEATED_STRUCTURE,1101,2111,dev::REPEATED_STRUCTURE::g1101::m2111,translation,ico_10,full_reassociation,500,161803,266889735466006532515449028850786955869,500,1.0,0.2,0.0,0.0,true,ELIGIBLE
REPEATED_STRUCTURE,1101,2111,dev::REPEATED_STRUCTURE::g1101::m2111,translation,ico_11,full_reassociation,500,161803,23915612958485671918700765178411337141,500,1.0,0.2,0.0,0.0,true,ELIGIBLE
REPEATED_STRUCTURE,1101,2111,dev::REPEATED_STRUCTURE::g1101::m2111,translation,neg_x,full_reassociation,500,161803,195541362083213643000953333846517109442,500,1.0,0.2,0.0,0.0,true,ELIGIBLE
REPEATED_STRUCTURE,1101,2111,dev::REPEATED_STRUCTURE::g1101::m2111,translation,neg_y,full_reassociation,500,161803,65042039706889146525057336718584984871,0,0.0,,,,false,INSUFFICIENT_UNCENSORED_BOOTSTRAPS
REPEATED_STRUCTURE,1101,2111,dev::REPEATED_STRUCTURE::g1101::m2111,translation,neg_z,full_reassociation,500,161803,53268973472128861452962553289925292838,0,0.0,,,,false,INSUFFICIENT_UNCENSORED_BOOTSTRAPS
REPEATED_STRUCTURE,1101,2111,dev::REPEATED_STRUCTURE::g1101::m2111,translation,pos_x,full_reassociation,500,161803,258991914446933601253784592420905090780,500,1.0,0.2,0.0,0.0,true,ELIGIBLE
REPEATED_STRUCTURE,1101,2111,dev::REPEATED_STRUCTURE::g1101::m2111,translation,pos_y,full_reassociation,500,161803,117980691085669729212110807171867934761,0,0.0,,,,false,INSUFFICIENT_UNCENSORED_BOOTSTRAPS
REPEATED_STRUCTURE,1101,2111,dev::REPEATED_STRUCTURE::g1101::m2111,translation,pos_z,full_reassociation,500,161803,155029181368380011597500163580497821718,0,0.0,,,,false,INSUFFICIENT_UNCENSORED_BOOTSTRAPS
REPEATED_STRUCTURE,1103,2101,dev::REPEATED_STRUCTURE::g1103::m2101,translation,ico_00,full_reassociation,500,161803,312283922820936246721542924403138138075,0,0.0,,,,false,INSUFFICIENT_UNCENSORED_BOOTSTRAPS
REPEATED_STRUCTURE,1103,2101,dev::REPEATED_STRUCTURE::g1103::m2101,translation,ico_01,full_reassociation,500,161803,316158086196274064222277046614185602725,0,0.0,,,,false,INSUFFICIENT_UNCENSORED_BOOTSTRAPS
REPEATED_STRUCTURE,1103,2101,dev::REPEATED_STRUCTURE::g1103::m2101,translation,ico_02,full_reassociation,500,161803,125542487220307873562643754397459432434,0,0.0,,,,false,INSUFFICIENT_UNCENSORED_BOOTSTRAPS
REPEATED_STRUCTURE,1103,2101,dev::REPEATED_STRUCTURE::g1103::m2101,translation,ico_03,full_reassociation,500,161803,50935067653402121532953874480442733305,0,0.0,,,,false,INSUFFICIENT_UNCENSORED_BOOTSTRAPS
REPEATED_STRUCTURE,1103,2101,dev::REPEATED_STRUCTURE::g1103::m2101,translation,ico_04,full_reassociation,500,161803,78516278550650862344351066433127107592,500,1.0,0.4,0.0,0.0,true,ELIGIBLE
REPEATED_STRUCTURE,1103,2101,dev::REPEATED_STRUCTURE::g1103::m2101,translation,ico_05,full_reassociation,500,161803,12561861056795966599621921310226418753,500,1.0,0.4,0.0,0.0,true,ELIGIBLE
REPEATED_STRUCTURE,1103,2101,dev::REPEATED_STRUCTURE::g1103::m2101,translation,ico_06,full_reassociation,500,161803,232267621164777851017992260579760564980,500,1.0,0.4,0.0,0.0,true,ELIGIBLE
REPEATED_STRUCTURE,1103,2101,dev::REPEATED_STRUCTURE::g1103::m2101,translation,ico_07,full_reassociation,500,161803,93271282039347921087688753111097265758,500,1.0,0.6912,0.178174218404932,0.2577752002386169,true,ELIGIBLE
REPEATED_STRUCTURE,1103,2101,dev::REPEATED_STRUCTURE::g1103::m2101,translation,ico_08,full_reassociation,500,161803,130797144089720926964118970243137856189,500,1.0,0.4,0.0,0.0,true,ELIGIBLE
REPEATED_STRUCTURE,1103,2101,dev::REPEATED_STRUCTURE::g1103::m2101,translation,ico_09,full_reassociation,500,161803,218500760757546198155069655305574416733,500,1.0,0.4,0.0,0.0,true,ELIGIBLE
REPEATED_STRUCTURE,1103,2101,dev::REPEATED_STRUCTURE::g1103::m2101,translation,ico_10,full_reassociation,500,161803,276482187642994166587643919577965525794,500,1.0,0.4,0.0,0.0,true,ELIGIBLE
REPEATED_STRUCTURE,1103,2101,dev::REPEATED_STRUCTURE::g1103::m2101,translation,ico_11,full_reassociation,500,161803,16018553330547241162523377526319448740,500,1.0,0.4,0.0,0.0,true,ELIGIBLE
REPEATED_STRUCTURE,1103,2101,dev::REPEATED_STRUCTURE::g1103::m2101,translation,neg_x,full_reassociation,500,161803,228255024503280710571322575486356204584,500,1.0,0.4,0.0,0.0,true,ELIGIBLE
REPEATED_STRUCTURE,1103,2101,dev::REPEATED_STRUCTURE::g1103::m2101,translation,neg_y,full_reassociation,500,161803,201148877229430848137922993162325971877,0,0.0,,,,false,INSUFFICIENT_UNCENSORED_BOOTSTRAPS
REPEATED_STRUCTURE,1103,2101,dev::REPEATED_STRUCTURE::g1103::m2101,translation,neg_z,full_reassociation,500,161803,196218421155231723748291037161844885713,0,0.0,,,,false,INSUFFICIENT_UNCENSORED_BOOTSTRAPS
REPEATED_STRUCTURE,1103,2101,dev::REPEATED_STRUCTURE::g1103::m2101,translation,pos_x,full_reassociation,500,161803,20294806311539051181146381125212799714,500,1.0,0.4,0.0,0.0,true,ELIGIBLE
REPEATED_STRUCTURE,1103,2101,dev::REPEATED_STRUCTURE::g1103::m2101,translation,pos_y,full_reassociation,500,161803,27014937273090579084172343611586221892,0,0.0,,,,false,INSUFFICIENT_UNCENSORED_BOOTSTRAPS
REPEATED_STRUCTURE,1103,2101,dev::REPEATED_STRUCTURE::g1103::m2101,translation,pos_z,full_reassociation,500,161803,127473431965880598846879904224236038946,0,0.0,,,,false,INSUFFICIENT_UNCENSORED_BOOTSTRAPS
REPEATED_STRUCTURE,1103,2111,dev::REPEATED_STRUCTURE::g1103::m2111,translation,ico_00,full_reassociation,500,161803,180035521244837398825877166730290373329,0,0.0,,,,false,INSUFFICIENT_UNCENSORED_BOOTSTRAPS
REPEATED_STRUCTURE,1103,2111,dev::REPEATED_STRUCTURE::g1103::m2111,translation,ico_01,full_reassociation,500,161803,172871670990021749297389009764778670747,0,0.0,,,,false,INSUFFICIENT_UNCENSORED_BOOTSTRAPS
REPEATED_STRUCTURE,1103,2111,dev::REPEATED_STRUCTURE::g1103::m2111,translation,ico_02,full_reassociation,500,161803,64818005812744702695324545589557966483,0,0.0,,,,false,INSUFFICIENT_UNCENSORED_BOOTSTRAPS
REPEATED_STRUCTURE,1103,2111,dev::REPEATED_STRUCTURE::g1103::m2111,translation,ico_03,full_reassociation,500,161803,9827782068446271634433016283751473635,0,0.0,,,,false,INSUFFICIENT_UNCENSORED_BOOTSTRAPS
REPEATED_STRUCTURE,1103,2111,dev::REPEATED_STRUCTURE::g1103::m2111,translation,ico_04,full_reassociation,500,161803,269880143591026618849256813436514471058,500,1.0,0.4,0.0,0.0,true,ELIGIBLE
REPEATED_STRUCTURE,1103,2111,dev::REPEATED_STRUCTURE::g1103::m2111,translation,ico_05,full_reassociation,500,161803,251477192411197802170471394390538106814,500,1.0,0.4,0.0,0.0,true,ELIGIBLE
REPEATED_STRUCTURE,1103,2111,dev::REPEATED_STRUCTURE::g1103::m2111,translation,ico_06,full_reassociation,500,161803,169168689914172986375756065100234346218,500,1.0,0.4,0.0,0.0,true,ELIGIBLE
REPEATED_STRUCTURE,1103,2111,dev::REPEATED_STRUCTURE::g1103::m2111,translation,ico_07,full_reassociation,500,161803,132137214069801796445727490080261703884,500,1.0,0.7744,0.09799922293258646,0.12654858333236887,true,ELIGIBLE
REPEATED_STRUCTURE,1103,2111,dev::REPEATED_STRUCTURE::g1103::m2111,translation,ico_08,full_reassociation,500,161803,103948769626517538071229472457818467435,500,1.0,0.4,0.0,0.0,true,ELIGIBLE
REPEATED_STRUCTURE,1103,2111,dev::REPEATED_STRUCTURE::g1103::m2111,translation,ico_09,full_reassociation,500,161803,293608654637989047458263962157057988216,500,1.0,0.4,0.0,0.0,true,ELIGIBLE
REPEATED_STRUCTURE,1103,2111,dev::REPEATED_STRUCTURE::g1103::m2111,translation,ico_10,full_reassociation,500,161803,235556023646232205330102526747356964461,500,1.0,0.4,0.0,0.0,true,ELIGIBLE
REPEATED_STRUCTURE,1103,2111,dev::REPEATED_STRUCTURE::g1103::m2111,translation,ico_11,full_reassociation,500,161803,150910362256069156876814696576858665370,500,1.0,0.4,0.0,0.0,true,ELIGIBLE
REPEATED_STRUCTURE,1103,2111,dev::REPEATED_STRUCTURE::g1103::m2111,translation,neg_x,full_reassociation,500,161803,164529107876629530008290833034475762544,500,1.0,0.4,0.0,0.0,true,ELIGIBLE
REPEATED_STRUCTURE,1103,2111,dev::REPEATED_STRUCTURE::g1103::m2111,translation,neg_y,full_reassociation,500,161803,309432024460441932838632619014727109768,0,0.0,,,,false,INSUFFICIENT_UNCENSORED_BOOTSTRAPS
REPEATED_STRUCTURE,1103,2111,dev::REPEATED_STRUCTURE::g1103::m2111,translation,neg_z,full_reassociation,500,161803,21091752987894525081362139356570297739,0,0.0,,,,false,INSUFFICIENT_UNCENSORED_BOOTSTRAPS
REPEATED_STRUCTURE,1103,2111,dev::REPEATED_STRUCTURE::g1103::m2111,translation,pos_x,full_reassociation,500,161803,46742650240422691900005228159301581897,500,1.0,0.38680000000000003,0.04970615055308157,0.12850607692110022,true,ELIGIBLE
REPEATED_STRUCTURE,1103,2111,dev::REPEATED_STRUCTURE::g1103::m2111,translation,pos_y,full_reassociation,500,161803,52927138201241145122914830227674697562,0,0.0,,,,false,INSUFFICIENT_UNCENSORED_BOOTSTRAPS
REPEATED_STRUCTURE,1103,2111,dev::REPEATED_STRUCTURE::g1103::m2111,translation,pos_z,full_reassociation,500,161803,260185399664287198268208569159108671715,0,0.0,,,,false,INSUFFICIENT_UNCENSORED_BOOTSTRAPS
REPEATED_STRUCTURE,1107,2101,dev::REPEATED_STRUCTURE::g1107::m2101,translation,ico_00,full_reassociation,500,161803,242497790031970446083813943211785827627,0,0.0,,,,false,INSUFFICIENT_UNCENSORED_BOOTSTRAPS
REPEATED_STRUCTURE,1107,2101,dev::REPEATED_STRUCTURE::g1107::m2101,translation,ico_01,full_reassociation,500,161803,225792524230324993843068540641151497490,0,0.0,,,,false,INSUFFICIENT_UNCENSORED_BOOTSTRAPS
REPEATED_STRUCTURE,1107,2101,dev::REPEATED_STRUCTURE::g1107::m2101,translation,ico_02,full_reassociation,500,161803,171209898103228932163459752268816113453,0,0.0,,,,false,INSUFFICIENT_UNCENSORED_BOOTSTRAPS
REPEATED_STRUCTURE,1107,2101,dev::REPEATED_STRUCTURE::g1107::m2101,translation,ico_03,full_reassociation,500,161803,311002208744487248444148353855259332239,0,0.0,,,,false,INSUFFICIENT_UNCENSORED_BOOTSTRAPS
REPEATED_STRUCTURE,1107,2101,dev::REPEATED_STRUCTURE::g1107::m2101,translation,ico_04,full_reassociation,500,161803,74928575912449486385060751372880594037,500,1.0,0.4,0.0,0.0,true,ELIGIBLE
REPEATED_STRUCTURE,1107,2101,dev::REPEATED_STRUCTURE::g1107::m2101,translation,ico_05,full_reassociation,500,161803,83430258908927694195168357093559292412,500,1.0,0.4,0.0,0.0,true,ELIGIBLE
REPEATED_STRUCTURE,1107,2101,dev::REPEATED_STRUCTURE::g1107::m2101,translation,ico_06,full_reassociation,500,161803,321921387297700202938348863089286806978,500,1.0,0.4,0.0,0.0,true,ELIGIBLE
REPEATED_STRUCTURE,1107,2101,dev::REPEATED_STRUCTURE::g1107::m2101,translation,ico_07,full_reassociation,500,161803,65893114533241395628842122569305153855,500,1.0,0.4,0.0,0.0,true,ELIGIBLE
REPEATED_STRUCTURE,1107,2101,dev::REPEATED_STRUCTURE::g1107::m2101,translation,ico_08,full_reassociation,500,161803,161600243153318250726895962777518986342,500,1.0,0.4,0.0,0.0,true,ELIGIBLE
REPEATED_STRUCTURE,1107,2101,dev::REPEATED_STRUCTURE::g1107::m2101,translation,ico_09,full_reassociation,500,161803,30604457343019801391823496679788659421,500,1.0,0.33000000000000007,0.09548945739161938,0.2893619920958162,true,ELIGIBLE
REPEATED_STRUCTURE,1107,2101,dev::REPEATED_STRUCTURE::g1107::m2101,translation,ico_10,full_reassociation,500,161803,222771370320520284936936973756983473203,500,1.0,0.4,0.0,0.0,true,ELIGIBLE
REPEATED_STRUCTURE,1107,2101,dev::REPEATED_STRUCTURE::g1107::m2101,translation,ico_11,full_reassociation,500,161803,129975517202019426406933275698973594239,500,1.0,0.262,0.09259128626704119,0.3534018559810732,true,ELIGIBLE
REPEATED_STRUCTURE,1107,2101,dev::REPEATED_STRUCTURE::g1107::m2101,translation,neg_x,full_reassociation,500,161803,221298569612103598209238043895288096849,500,1.0,0.2,0.0,0.0,true,ELIGIBLE
REPEATED_STRUCTURE,1107,2101,dev::REPEATED_STRUCTURE::g1107::m2101,translation,neg_y,full_reassociation,500,161803,65241048381895182582448912971374822241,0,0.0,,,,false,INSUFFICIENT_UNCENSORED_BOOTSTRAPS
REPEATED_STRUCTURE,1107,2101,dev::REPEATED_STRUCTURE::g1107::m2101,translation,neg_z,full_reassociation,500,161803,138485224945065268276859271423477821503,0,0.0,,,,false,INSUFFICIENT_UNCENSORED_BOOTSTRAPS
REPEATED_STRUCTURE,1107,2101,dev::REPEATED_STRUCTURE::g1107::m2101,translation,pos_x,full_reassociation,500,161803,250775705145079742025070444949055944344,500,1.0,0.2,0.0,0.0,true,ELIGIBLE
REPEATED_STRUCTURE,1107,2101,dev::REPEATED_STRUCTURE::g1107::m2101,translation,pos_y,full_reassociation,500,161803,164919579956952239831692659814741515335,0,0.0,,,,false,INSUFFICIENT_UNCENSORED_BOOTSTRAPS
REPEATED_STRUCTURE,1107,2101,dev::REPEATED_STRUCTURE::g1107::m2101,translation,pos_z,full_reassociation,500,161803,149686167968051889175015380485033905670,0,0.0,,,,false,INSUFFICIENT_UNCENSORED_BOOTSTRAPS
REPEATED_STRUCTURE,1107,2111,dev::REPEATED_STRUCTURE::g1107::m2111,translation,ico_00,full_reassociation,500,161803,137606913570334128629930388550334581282,0,0.0,,,,false,INSUFFICIENT_UNCENSORED_BOOTSTRAPS
REPEATED_STRUCTURE,1107,2111,dev::REPEATED_STRUCTURE::g1107::m2111,translation,ico_01,full_reassociation,500,161803,133286474928558873358891506612198720857,0,0.0,,,,false,INSUFFICIENT_UNCENSORED_BOOTSTRAPS
REPEATED_STRUCTURE,1107,2111,dev::REPEATED_STRUCTURE::g1107::m2111,translation,ico_02,full_reassociation,500,161803,51034993474957763163357451814098895946,0,0.0,,,,false,INSUFFICIENT_UNCENSORED_BOOTSTRAPS
REPEATED_STRUCTURE,1107,2111,dev::REPEATED_STRUCTURE::g1107::m2111,translation,ico_03,full_reassociation,500,161803,270006072596978351756699509141776301259,0,0.0,,,,false,INSUFFICIENT_UNCENSORED_BOOTSTRAPS
REPEATED_STRUCTURE,1107,2111,dev::REPEATED_STRUCTURE::g1107::m2111,translation,ico_04,full_reassociation,500,161803,17177294476330352727360489397824098605,500,1.0,0.4,0.0,0.0,true,ELIGIBLE
REPEATED_STRUCTURE,1107,2111,dev::REPEATED_STRUCTURE::g1107::m2111,translation,ico_05,full_reassociation,500,161803,100162172480702415098052123859484461274,500,1.0,0.4,0.0,0.0,true,ELIGIBLE
REPEATED_STRUCTURE,1107,2111,dev::REPEATED_STRUCTURE::g1107::m2111,translation,ico_06,full_reassociation,500,161803,338524882577446280756110314223123025213,500,1.0,0.4,0.0,0.0,true,ELIGIBLE
REPEATED_STRUCTURE,1107,2111,dev::REPEATED_STRUCTURE::g1107::m2111,translation,ico_07,full_reassociation,500,161803,246106220481845555255333371942062466386,500,1.0,0.4,0.0,0.0,true,ELIGIBLE
REPEATED_STRUCTURE,1107,2111,dev::REPEATED_STRUCTURE::g1107::m2111,translation,ico_08,full_reassociation,500,161803,168846946186879647316134540717905059319,500,1.0,0.4,0.0,0.0,true,ELIGIBLE
REPEATED_STRUCTURE,1107,2111,dev::REPEATED_STRUCTURE::g1107::m2111,translation,ico_09,full_reassociation,500,161803,111832066859663099392905920787259519246,500,1.0,0.392,0.039231086606320575,0.10007930256714433,true,ELIGIBLE
REPEATED_STRUCTURE,1107,2111,dev::REPEATED_STRUCTURE::g1107::m2111,translation,ico_10,full_reassociation,500,161803,130532194276725782989729091842602145649,500,1.0,0.4,0.0,0.0,true,ELIGIBLE
REPEATED_STRUCTURE,1107,2111,dev::REPEATED_STRUCTURE::g1107::m2111,translation,ico_11,full_reassociation,500,161803,320453720395069386471749462552367399689,500,1.0,0.264,0.0933886657243348,0.3537449459255106,true,ELIGIBLE
REPEATED_STRUCTURE,1107,2111,dev::REPEATED_STRUCTURE::g1107::m2111,translation,neg_x,full_reassociation,500,161803,72638203282448418882608192752454731210,500,1.0,0.2,0.0,0.0,true,ELIGIBLE
REPEATED_STRUCTURE,1107,2111,dev::REPEATED_STRUCTURE::g1107::m2111,translation,neg_y,full_reassociation,500,161803,49234046077052298002581994748685729991,0,0.0,,,,false,INSUFFICIENT_UNCENSORED_BOOTSTRAPS
REPEATED_STRUCTURE,1107,2111,dev::REPEATED_STRUCTURE::g1107::m2111,translation,neg_z,full_reassociation,500,161803,48286642392183872991397067041813917277,0,0.0,,,,false,INSUFFICIENT_UNCENSORED_BOOTSTRAPS
REPEATED_STRUCTURE,1107,2111,dev::REPEATED_STRUCTURE::g1107::m2111,translation,pos_x,full_reassociation,500,161803,118378723415663464824125507420024851,500,1.0,0.2,0.0,0.0,true,ELIGIBLE
REPEATED_STRUCTURE,1107,2111,dev::REPEATED_STRUCTURE::g1107::m2111,translation,pos_y,full_reassociation,500,161803,338686573568440996245152007477063812237,0,0.0,,,,false,INSUFFICIENT_UNCENSORED_BOOTSTRAPS
REPEATED_STRUCTURE,1107,2111,dev::REPEATED_STRUCTURE::g1107::m2111,translation,pos_z,full_reassociation,500,161803,204696808453283984221763040534780836323,0,0.0,,,,false,INSUFFICIENT_UNCENSORED_BOOTSTRAPS
