scope,path,category,size_bytes
untracked,"artifacts/current/harmful_bias_multihyp_dev/day5/day5_gate_summary.json",compact_artifacts,1000
untracked,"artifacts/current/harmful_bias_multihyp_dev/day5/day5_run_manifest.json",compact_artifacts,3634
untracked,"artifacts/current/harmful_bias_multihyp_dev/day5/day5_runtime_equivalence_summary.json",compact_artifacts,3116
untracked,"artifacts/current/harmful_bias_multihyp_dev/day5/detector_runtime_summary.csv",compact_artifacts,1838
untracked,"artifacts/current/harmful_bias_multihyp_dev/day5/equivalence_summary.csv",compact_artifacts,2017
untracked,"artifacts/current/harmful_bias_multihyp_dev/day5/full_log_index.csv",compact_artifacts,9620
untracked,"artifacts/current/harmful_bias_multihyp_dev/day5/gate_summary.csv",compact_artifacts,877
untracked,"artifacts/current/harmful_bias_multihyp_dev/day5/no_gt_runtime_audit.csv",compact_artifacts,381
untracked,"artifacts/current/harmful_bias_multihyp_dev/day5/parameter_diff_audit.csv",compact_artifacts,485
untracked,"artifacts/current/harmful_bias_multihyp_dev/day5/record_completeness.csv",compact_artifacts,523
untracked,"artifacts/current/harmful_bias_multihyp_dev/day5/runtime_overhead_summary.csv",compact_artifacts,615
untracked,"artifacts/current/harmful_bias_multihyp_dev/day5/within_mode_repeatability.csv",compact_artifacts,2017
untracked,"artifacts/current/harmful_bias_multihyp_dev/day5_remediation/baseline_repeatability.csv",compact_artifacts,3154
untracked,"artifacts/current/harmful_bias_multihyp_dev/day5_remediation/binary_integrity_summary.csv",compact_artifacts,512
untracked,"artifacts/current/harmful_bias_multihyp_dev/day5_remediation/capture_only_equivalence.csv",compact_artifacts,145
untracked,"artifacts/current/harmful_bias_multihyp_dev/day5_remediation/compact_export_equivalence.csv",compact_artifacts,143
untracked,"artifacts/current/harmful_bias_multihyp_dev/day5_remediation/day5_remediation_gate_summary.json",compact_artifacts,1473
untracked,"artifacts/current/harmful_bias_multihyp_dev/day5_remediation/day5_remediation_run_manifest.json",compact_artifacts,3080
untracked,"artifacts/current/harmful_bias_multihyp_dev/day5_remediation/day5_remediation_summary.json",compact_artifacts,3659
untracked,"artifacts/current/harmful_bias_multihyp_dev/day5_remediation/detector_runtime_summary.csv",compact_artifacts,203
untracked,"artifacts/current/harmful_bias_multihyp_dev/day5_remediation/first_divergence_summary.csv",compact_artifacts,676
untracked,"artifacts/current/harmful_bias_multihyp_dev/day5_remediation/full_log_index.csv",compact_artifacts,3571
untracked,"artifacts/current/harmful_bias_multihyp_dev/day5_remediation/gate_summary.csv",compact_artifacts,1296
untracked,"artifacts/current/harmful_bias_multihyp_dev/day5_remediation/no_gt_runtime_audit.csv",compact_artifacts,394
untracked,"artifacts/current/harmful_bias_multihyp_dev/day5_remediation/parameter_diff_audit.csv",compact_artifacts,572
untracked,"artifacts/current/harmful_bias_multihyp_dev/day5_remediation/record_completeness.csv",compact_artifacts,667
untracked,"artifacts/current/harmful_bias_multihyp_dev/day5_remediation/runtime_overhead_summary.csv",compact_artifacts,475
untracked,"artifacts/current/harmful_bias_multihyp_dev/day5_startup_sync/baseline_pairwise_equivalence.csv",compact_artifacts,122
untracked,"artifacts/current/harmful_bias_multihyp_dev/day5_startup_sync/baseline_repeatability_summary.csv",compact_artifacts,203
untracked,"artifacts/current/harmful_bias_multihyp_dev/day5_startup_sync/connection_handshake_summary.csv",compact_artifacts,349
untracked,"artifacts/current/harmful_bias_multihyp_dev/day5_startup_sync/day5_startup_sync_gate_summary.json",compact_artifacts,1107
untracked,"artifacts/current/harmful_bias_multihyp_dev/day5_startup_sync/day5_startup_sync_run_manifest.json",compact_artifacts,583
untracked,"artifacts/current/harmful_bias_multihyp_dev/day5_startup_sync/day5_startup_sync_summary.json",compact_artifacts,1243
untracked,"artifacts/current/harmful_bias_multihyp_dev/day5_startup_sync/first_divergence_summary.csv",compact_artifacts,149
untracked,"artifacts/current/harmful_bias_multihyp_dev/day5_startup_sync/first_input_boundary_summary.csv",compact_artifacts,581
untracked,"artifacts/current/harmful_bias_multihyp_dev/day5_startup_sync/full_log_index.csv",compact_artifacts,2005
untracked,"artifacts/current/harmful_bias_multihyp_dev/day5_startup_sync/gate_summary.csv",compact_artifacts,949
untracked,"artifacts/current/harmful_bias_multihyp_dev/day5_startup_sync/no_gt_runtime_audit.csv",compact_artifacts,91
untracked,"artifacts/current/harmful_bias_multihyp_dev/day5_startup_sync/parameter_identity_audit.csv",compact_artifacts,100
untracked,"artifacts/current/harmful_bias_multihyp_dev/day5_startup_sync/replay_clip_manifest.json",compact_artifacts,2840
untracked,"artifacts/current/harmful_bias_multihyp_dev/day5_startup_sync/source_binary_clip_lock_audit.csv",compact_artifacts,252
untracked,"artifacts/current/harmful_bias_multihyp_dev/day5_startup_sync_v2/baseline_pairwise_equivalence.csv",compact_artifacts,699
untracked,"artifacts/current/harmful_bias_multihyp_dev/day5_startup_sync_v2/baseline_repeatability_summary.csv",compact_artifacts,269
untracked,"artifacts/current/harmful_bias_multihyp_dev/day5_startup_sync_v2/connection_handshake_summary.csv",compact_artifacts,612
untracked,"artifacts/current/harmful_bias_multihyp_dev/day5_startup_sync_v2/day5_startup_sync_v2_gate_summary.json",compact_artifacts,1436
untracked,"artifacts/current/harmful_bias_multihyp_dev/day5_startup_sync_v2/day5_startup_sync_v2_run_manifest.json",compact_artifacts,472
untracked,"artifacts/current/harmful_bias_multihyp_dev/day5_startup_sync_v2/day5_startup_sync_v2_summary.json",compact_artifacts,995
untracked,"artifacts/current/harmful_bias_multihyp_dev/day5_startup_sync_v2/first_divergence_summary.csv",compact_artifacts,203
untracked,"artifacts/current/harmful_bias_multihyp_dev/day5_startup_sync_v2/first_input_boundary_summary.csv",compact_artifacts,616
untracked,"artifacts/current/harmful_bias_multihyp_dev/day5_startup_sync_v2/full_log_index.csv",compact_artifacts,1240
untracked,"artifacts/current/harmful_bias_multihyp_dev/day5_startup_sync_v2/gate_summary.csv",compact_artifacts,1295
untracked,"artifacts/current/harmful_bias_multihyp_dev/day5_startup_sync_v2/monotonic_timing_summary.csv",compact_artifacts,544
untracked,"artifacts/current/harmful_bias_multihyp_dev/day5_startup_sync_v2/no_gt_runtime_audit.csv",compact_artifacts,302
untracked,"artifacts/current/harmful_bias_multihyp_dev/day5_startup_sync_v2/parameter_identity_audit.csv",compact_artifacts,491
untracked,"artifacts/current/harmful_bias_multihyp_dev/day5_startup_sync_v2/runtime_output_allowlist_audit.csv",compact_artifacts,293
untracked,"artifacts/current/harmful_bias_multihyp_dev/day5_startup_sync_v2/source_binary_clip_lock_audit.csv",compact_artifacts,701
untracked,"artifacts/current/harmful_bias_multihyp_dev/day5_startup_sync_v2/source_lock_summary.csv",compact_artifacts,314
untracked,"artifacts/current/harmful_bias_multihyp_dev/day5_startup_sync_v3/absolute_path_audit.csv",compact_artifacts,626
untracked,"artifacts/current/harmful_bias_multihyp_dev/day5_startup_sync_v3/baseline_pairwise_equivalence.csv",compact_artifacts,764
untracked,"artifacts/current/harmful_bias_multihyp_dev/day5_startup_sync_v3/baseline_repeatability_summary.csv",compact_artifacts,3114
untracked,"artifacts/current/harmful_bias_multihyp_dev/day5_startup_sync_v3/binary_trailer_validation.csv",compact_artifacts,786
untracked,"artifacts/current/harmful_bias_multihyp_dev/day5_startup_sync_v3/connection_handshake_summary.csv",compact_artifacts,479
untracked,"artifacts/current/harmful_bias_multihyp_dev/day5_startup_sync_v3/day5_startup_sync_v3_gate_summary.json",compact_artifacts,1459
untracked,"artifacts/current/harmful_bias_multihyp_dev/day5_startup_sync_v3/day5_startup_sync_v3_run_manifest.json",compact_artifacts,6603
untracked,"artifacts/current/harmful_bias_multihyp_dev/day5_startup_sync_v3/day5_startup_sync_v3_summary.json",compact_artifacts,3813
untracked,"artifacts/current/harmful_bias_multihyp_dev/day5_startup_sync_v3/first_divergence_summary.csv",compact_artifacts,236
untracked,"artifacts/current/harmful_bias_multihyp_dev/day5_startup_sync_v3/first_input_boundary_summary.csv",compact_artifacts,943
untracked,"artifacts/current/harmful_bias_multihyp_dev/day5_startup_sync_v3/full_log_index.csv",compact_artifacts,6532
untracked,"artifacts/current/harmful_bias_multihyp_dev/day5_startup_sync_v3/gate_summary.csv",compact_artifacts,1278
untracked,"artifacts/current/harmful_bias_multihyp_dev/day5_startup_sync_v3/graceful_shutdown_summary.csv",compact_artifacts,1022
untracked,"artifacts/current/harmful_bias_multihyp_dev/day5_startup_sync_v3/no_gt_runtime_audit.csv",compact_artifacts,100
untracked,"artifacts/current/harmful_bias_multihyp_dev/day5_startup_sync_v3/parameter_identity_audit.csv",compact_artifacts,92
untracked,"artifacts/current/harmful_bias_multihyp_dev/day5_startup_sync_v3/runtime_output_allowlist_audit.csv",compact_artifacts,692
untracked,"artifacts/current/harmful_bias_multihyp_dev/day5_startup_sync_v3/runtime_output_source_scan.csv",compact_artifacts,3080
untracked,"artifacts/current/harmful_bias_multihyp_dev/day5_startup_sync_v3/runtime_product_completeness.csv",compact_artifacts,786
untracked,"artifacts/current/harmful_bias_multihyp_dev/day5_startup_sync_v3/source_binary_clip_lock_audit.csv",compact_artifacts,295
untracked,"artifacts/current/harmful_bias_multihyp_dev/day5_startup_sync_v4/baseline_pairwise_equivalence.csv",compact_artifacts,101
untracked,"artifacts/current/harmful_bias_multihyp_dev/day5_startup_sync_v4/baseline_repeatability_summary.csv",compact_artifacts,101
untracked,"artifacts/current/harmful_bias_multihyp_dev/day5_startup_sync_v4/callback_endpoint_summary.csv",compact_artifacts,554
untracked,"artifacts/current/harmful_bias_multihyp_dev/day5_startup_sync_v4/connection_handshake_summary.csv",compact_artifacts,3255
untracked,"artifacts/current/harmful_bias_multihyp_dev/day5_startup_sync_v4/day5_startup_sync_v4_gate_summary.json",compact_artifacts,667
untracked,"artifacts/current/harmful_bias_multihyp_dev/day5_startup_sync_v4/day5_startup_sync_v4_run_manifest.json",compact_artifacts,609
untracked,"artifacts/current/harmful_bias_multihyp_dev/day5_startup_sync_v4/day5_startup_sync_v4_summary.json",compact_artifacts,2685
untracked,"artifacts/current/harmful_bias_multihyp_dev/day5_startup_sync_v4/end_of_stream_drain_summary.csv",compact_artifacts,554
untracked,"artifacts/current/harmful_bias_multihyp_dev/day5_startup_sync_v4/end_of_stream_failure_diagnosis.json",compact_artifacts,767
untracked,"artifacts/current/harmful_bias_multihyp_dev/day5_startup_sync_v4/endpoint_contract_validation.json",compact_artifacts,184
untracked,"artifacts/current/harmful_bias_multihyp_dev/day5_startup_sync_v4/first_divergence_summary.csv",compact_artifacts,101
untracked,"artifacts/current/harmful_bias_multihyp_dev/day5_startup_sync_v4/first_input_boundary_summary.csv",compact_artifacts,101
untracked,"artifacts/current/harmful_bias_multihyp_dev/day5_startup_sync_v4/full_log_index.csv",compact_artifacts,3619
untracked,"artifacts/current/harmful_bias_multihyp_dev/day5_startup_sync_v4/gate_summary.csv",compact_artifacts,602
untracked,"artifacts/current/harmful_bias_multihyp_dev/day5_startup_sync_v4/last_input_boundary_summary.csv",compact_artifacts,101
untracked,"artifacts/current/harmful_bias_multihyp_dev/day5_startup_sync_v4/no_gt_runtime_audit.csv",compact_artifacts,93
untracked,"artifacts/current/harmful_bias_multihyp_dev/day5_startup_sync_v4/replay_endpoint_contract_v1.json",compact_artifacts,3297
untracked,"artifacts/current/harmful_bias_multihyp_dev/day5_startup_sync_v4/runtime_product_completeness.csv",compact_artifacts,207
untracked,"artifacts/current/harmful_bias_multihyp_dev/day5_startup_sync_v4/single_run_inventory.csv",compact_artifacts,316
untracked,"artifacts/current/harmful_bias_multihyp_dev/day5_startup_sync_v4/source_binary_clip_lock_audit.csv",compact_artifacts,123
untracked,"artifacts/current/harmful_bias_multihyp_dev/day5_startup_sync_v4/supervisor_final_state.json",compact_artifacts,1228
untracked,"artifacts/current/harmful_bias_multihyp_dev/day5_startup_sync_v4/supervisor_heartbeat_summary.csv",compact_artifacts,134
untracked,"artifacts/current/harmful_bias_multihyp_dev/day5_startup_sync_v5/baseline_pairwise_equivalence.csv",compact_artifacts,8
untracked,"artifacts/current/harmful_bias_multihyp_dev/day5_startup_sync_v5/baseline_repeatability_summary.csv",compact_artifacts,8
untracked,"artifacts/current/harmful_bias_multihyp_dev/day5_startup_sync_v5/callback_endpoint_summary.csv",compact_artifacts,377
untracked,"artifacts/current/harmful_bias_multihyp_dev/day5_startup_sync_v5/clock_publisher_transition_audit.csv",compact_artifacts,474
untracked,"artifacts/current/harmful_bias_multihyp_dev/day5_startup_sync_v5/connection_handshake_summary.csv",compact_artifacts,3420
untracked,"artifacts/current/harmful_bias_multihyp_dev/day5_startup_sync_v5/day5_startup_sync_v5_gate_summary.json",compact_artifacts,1149
untracked,"artifacts/current/harmful_bias_multihyp_dev/day5_startup_sync_v5/day5_startup_sync_v5_run_manifest.json",compact_artifacts,241
untracked,"artifacts/current/harmful_bias_multihyp_dev/day5_startup_sync_v5/day5_startup_sync_v5_summary.json",compact_artifacts,3995
untracked,"artifacts/current/harmful_bias_multihyp_dev/day5_startup_sync_v5/drain_service_timeout_summary.csv",compact_artifacts,180
untracked,"artifacts/current/harmful_bias_multihyp_dev/day5_startup_sync_v5/end_of_stream_drain_summary.csv",compact_artifacts,1038
untracked,"artifacts/current/harmful_bias_multihyp_dev/day5_startup_sync_v5/endpoint_contract_validation.json",compact_artifacts,184
untracked,"artifacts/current/harmful_bias_multihyp_dev/day5_startup_sync_v5/first_divergence_summary.csv",compact_artifacts,8
untracked,"artifacts/current/harmful_bias_multihyp_dev/day5_startup_sync_v5/first_input_boundary_summary.csv",compact_artifacts,8
untracked,"artifacts/current/harmful_bias_multihyp_dev/day5_startup_sync_v5/full_log_index.csv",compact_artifacts,988
untracked,"artifacts/current/harmful_bias_multihyp_dev/day5_startup_sync_v5/gate_summary.csv",compact_artifacts,1025
untracked,"artifacts/current/harmful_bias_multihyp_dev/day5_startup_sync_v5/last_input_boundary_summary.csv",compact_artifacts,8
untracked,"artifacts/current/harmful_bias_multihyp_dev/day5_startup_sync_v5/no_gt_runtime_audit.csv",compact_artifacts,104
untracked,"artifacts/current/harmful_bias_multihyp_dev/day5_startup_sync_v5/post_run_failure_adjudication.json",compact_artifacts,923
untracked,"artifacts/current/harmful_bias_multihyp_dev/day5_startup_sync_v5/replay_endpoint_contract_v1.json",compact_artifacts,3297
untracked,"artifacts/current/harmful_bias_multihyp_dev/day5_startup_sync_v5/runtime_product_completeness.csv",compact_artifacts,8
untracked,"artifacts/current/harmful_bias_multihyp_dev/day5_startup_sync_v5/single_run_inventory.csv",compact_artifacts,109
untracked,"artifacts/current/harmful_bias_multihyp_dev/day5_startup_sync_v5/source_binary_clip_lock_audit.csv",compact_artifacts,8
untracked,"artifacts/current/harmful_bias_multihyp_dev/day5_startup_sync_v5/supervisor_final_state.json",compact_artifacts,1199
untracked,"artifacts/current/harmful_bias_multihyp_dev/day5_startup_sync_v5/supervisor_summary.csv",compact_artifacts,156
untracked,"artifacts/current/harmful_bias_multihyp_dev/day5_startup_sync_v5/tail_clock_handoff_summary.csv",compact_artifacts,316
untracked,"artifacts/current/harmful_bias_multihyp_dev/day5_startup_sync_v5/tail_clock_monotonicity_audit.csv",compact_artifacts,140
untracked,"artifacts/current/harmful_bias_multihyp_dev/day5_v5_adjudication/SHA256SUMS",compact_artifacts,986
untracked,"artifacts/current/harmful_bias_multihyp_dev/day5_v5_adjudication/clock_counter_semantics.csv",compact_artifacts,2151
untracked,"artifacts/current/harmful_bias_multihyp_dev/day5_v5_adjudication/day5_v5_adjudication_manifest.json",compact_artifacts,10590
untracked,"artifacts/current/harmful_bias_multihyp_dev/day5_v5_adjudication/day5_v5_adjudication_summary.json",compact_artifacts,10590
untracked,"artifacts/current/harmful_bias_multihyp_dev/day5_v5_adjudication/evidence_resolution.json",compact_artifacts,6459
untracked,"artifacts/current/harmful_bias_multihyp_dev/day5_v5_adjudication/executed_run_gate_adjudication.json",compact_artifacts,943
untracked,"artifacts/current/harmful_bias_multihyp_dev/day5_v5_adjudication/fallback_protocol_summary.json",compact_artifacts,678
untracked,"artifacts/current/harmful_bias_multihyp_dev/day5_v5_adjudication/fallback_readonly_evidence_protocol_v1.json",compact_artifacts,2366
untracked,"artifacts/current/harmful_bias_multihyp_dev/day5_v5_adjudication/full_matrix_status.json",compact_artifacts,713
untracked,"artifacts/current/harmful_bias_multihyp_dev/day5_v5_adjudication/route_closure_summary.json",compact_artifacts,1054
untracked,"artifacts/current/harmful_bias_multihyp_dev/day5_v5_adjudication/tail_clock_independent_recalculation.json",compact_artifacts,1301
untracked,"artifacts/current/harmful_bias_multihyp_dev/day6_branch_divergence_root_cause/day6_branch_divergence_root_cause_gate_summary.json",compact_artifacts,1754
untracked,"artifacts/current/harmful_bias_multihyp_dev/day6_branch_divergence_root_cause/day6_branch_divergence_root_cause_manifest.json",compact_artifacts,16104
untracked,"artifacts/current/harmful_bias_multihyp_dev/day6_branch_divergence_root_cause/day6_branch_divergence_root_cause_report.md",compact_artifacts,3312
untracked,"artifacts/current/harmful_bias_multihyp_dev/day6_branch_divergence_root_cause/divergence_onset/divergence_onset_window.csv",compact_artifacts,66773
untracked,"artifacts/current/harmful_bias_multihyp_dev/day6_branch_divergence_root_cause/divergence_onset/divergence_onset_window.json",compact_artifacts,187578
untracked,"artifacts/current/harmful_bias_multihyp_dev/day6_branch_divergence_root_cause/divergence_onset/first_divergence_record_run1.json",compact_artifacts,84848
untracked,"artifacts/current/harmful_bias_multihyp_dev/day6_branch_divergence_root_cause/divergence_onset/first_divergence_record_run2.json",compact_artifacts,84848
untracked,"artifacts/current/harmful_bias_multihyp_dev/day6_branch_divergence_root_cause/divergence_onset/first_divergence_record_run3.json",compact_artifacts,85439
untracked,"artifacts/current/harmful_bias_multihyp_dev/day6_branch_divergence_root_cause/eigenspace/cross_run_eigenspace_alignment.csv",compact_artifacts,249927
untracked,"artifacts/current/harmful_bias_multihyp_dev/day6_branch_divergence_root_cause/eigenspace/cross_run_eigenspace_summary.json",compact_artifacts,18018
untracked,"artifacts/current/harmful_bias_multihyp_dev/day6_branch_divergence_root_cause/eigenspace/gap_bin_angle_summary.csv",compact_artifacts,2793
untracked,"artifacts/current/harmful_bias_multihyp_dev/day6_branch_divergence_root_cause/eigenspace/information_matrix_reconstruction.csv",compact_artifacts,939513
untracked,"artifacts/current/harmful_bias_multihyp_dev/day6_branch_divergence_root_cause/eigenspace/information_matrix_reconstruction_summary.json",compact_artifacts,4645
untracked,"artifacts/current/harmful_bias_multihyp_dev/day6_branch_divergence_root_cause/eigenspace/time_continuity_association_summary.json",compact_artifacts,16115
untracked,"artifacts/current/harmful_bias_multihyp_dev/day6_branch_divergence_root_cause/eigenspace/weak_vector_vs_subspace_stability.csv",compact_artifacts,259135
untracked,"artifacts/current/harmful_bias_multihyp_dev/day6_branch_divergence_root_cause/eigenspace/weak_vector_vs_subspace_summary.json",compact_artifacts,42092
untracked,"artifacts/current/harmful_bias_multihyp_dev/day6_branch_divergence_root_cause/hypotheses/branch_divergence_hypothesis_matrix.csv",compact_artifacts,4281
untracked,"artifacts/current/harmful_bias_multihyp_dev/day6_branch_divergence_root_cause/hypotheses/branch_divergence_hypothesis_matrix.json",compact_artifacts,6558
untracked,"artifacts/current/harmful_bias_multihyp_dev/day6_branch_divergence_root_cause/hypotheses/next_minimal_divergence_experiment.json",compact_artifacts,2771
untracked,"artifacts/current/harmful_bias_multihyp_dev/day6_branch_divergence_root_cause/next_experiment/next_minimal_divergence_experiment.json",compact_artifacts,2771
untracked,"artifacts/current/harmful_bias_multihyp_dev/day6_branch_divergence_root_cause/next_experiment/next_minimal_divergence_experiment.md",compact_artifacts,2363
untracked,"artifacts/current/harmful_bias_multihyp_dev/day6_branch_divergence_root_cause/next_minimal_divergence_experiment.md",compact_artifacts,2363
untracked,"artifacts/current/harmful_bias_multihyp_dev/day6_branch_divergence_root_cause/plots/angle_distribution_by_gap_bin.png",compact_artifacts,39770
untracked,"artifacts/current/harmful_bias_multihyp_dev/day6_branch_divergence_root_cause/plots/cross_run_subspace_angle_timeline.png",compact_artifacts,63911
untracked,"artifacts/current/harmful_bias_multihyp_dev/day6_branch_divergence_root_cause/plots/cross_run_v1_angle_timeline.png",compact_artifacts,90482
untracked,"artifacts/current/harmful_bias_multihyp_dev/day6_branch_divergence_root_cause/plots/divergence_window_metric_comparison.png",compact_artifacts,92382
untracked,"artifacts/current/harmful_bias_multihyp_dev/day6_branch_divergence_root_cause/plots/first_divergence_field_timeline.png",compact_artifacts,48122
untracked,"artifacts/current/harmful_bias_multihyp_dev/day6_branch_divergence_root_cause/plots/hypothesis_evidence_summary.png",compact_artifacts,41033
untracked,"artifacts/current/harmful_bias_multihyp_dev/day6_branch_divergence_root_cause/plots/information_matrix_perturbation_timeline.png",compact_artifacts,71281
untracked,"artifacts/current/harmful_bias_multihyp_dev/day6_branch_divergence_root_cause/plots/jacobian_difference_around_divergence.png",compact_artifacts,70945
untracked,"artifacts/current/harmful_bias_multihyp_dev/day6_branch_divergence_root_cause/plots/plot_summary.json",compact_artifacts,211
untracked,"artifacts/current/harmful_bias_multihyp_dev/day6_branch_divergence_root_cause/plots/prior_state_difference_around_divergence.png",compact_artifacts,65179
untracked,"artifacts/current/harmful_bias_multihyp_dev/day6_branch_divergence_root_cause/plots/relative_gap12_timeline_run1.png",compact_artifacts,147360
untracked,"artifacts/current/harmful_bias_multihyp_dev/day6_branch_divergence_root_cause/plots/relative_gap12_timeline_run3.png",compact_artifacts,146349
untracked,"artifacts/current/harmful_bias_multihyp_dev/day6_branch_divergence_root_cause/plots/valid_correspondence_count_around_divergence.png",compact_artifacts,79645
untracked,"artifacts/current/harmful_bias_multihyp_dev/day6_branch_divergence_root_cause/plots/weak_vector_angle_vs_gap12.png",compact_artifacts,110122
untracked,"artifacts/current/harmful_bias_multihyp_dev/day6_branch_divergence_root_cause/plots/weak_vector_vs_subspace_angle_timeline.png",compact_artifacts,185430
untracked,"artifacts/current/harmful_bias_multihyp_dev/day6_branch_divergence_root_cause/semantic_comparison/first_divergence_by_field.json",compact_artifacts,3816
untracked,"artifacts/current/harmful_bias_multihyp_dev/day6_branch_divergence_root_cause/semantic_comparison/first_divergence_by_pair.csv",compact_artifacts,2675
untracked,"artifacts/current/harmful_bias_multihyp_dev/day6_branch_divergence_root_cause/semantic_comparison/semantic_comparison_summary.json",compact_artifacts,7614
untracked,"artifacts/current/harmful_bias_multihyp_dev/day6_branch_divergence_root_cause/semantic_comparison/semantic_observation_pairwise_comparison.csv",compact_artifacts,654087
untracked,"artifacts/current/harmful_bias_multihyp_dev/day6_branch_divergence_root_cause/source_audit/cross_run_environment_identity.csv",compact_artifacts,1675
untracked,"artifacts/current/harmful_bias_multihyp_dev/day6_branch_divergence_root_cause/source_audit/cross_run_environment_identity_summary.json",compact_artifacts,497
untracked,"artifacts/current/harmful_bias_multihyp_dev/day6_branch_divergence_root_cause/source_audit/evidence_granularity_matrix.csv",compact_artifacts,978
untracked,"artifacts/current/harmful_bias_multihyp_dev/day6_branch_divergence_root_cause/source_audit/evidence_granularity_summary.json",compact_artifacts,2113
untracked,"artifacts/current/harmful_bias_multihyp_dev/day6_branch_divergence_root_cause/source_audit/fastlio2_divergence_path_source_audit.md",compact_artifacts,1690
untracked,"artifacts/current/harmful_bias_multihyp_dev/day6_branch_divergence_root_cause/source_audit/fastlio2_divergence_path_symbols.csv",compact_artifacts,3010
untracked,"artifacts/current/harmful_bias_multihyp_dev/day6_experiment_a_input_map_hashes/day6_experiment_a_input_map_hash_manifest.json",compact_artifacts,6009
untracked,"artifacts/current/harmful_bias_multihyp_dev/day6_experiment_a_input_map_hashes/day6_experiment_a_input_map_hash_report.md",compact_artifacts,2352
untracked,"artifacts/current/harmful_bias_multihyp_dev/day6_experiment_a_input_map_hashes/experiment_a_first_divergence.json",compact_artifacts,194
untracked,"artifacts/current/harmful_bias_multihyp_dev/day6_experiment_a_input_map_hashes/experiment_a_identity_summary.json",compact_artifacts,861
untracked,"artifacts/current/harmful_bias_multihyp_dev/day6_experiment_a_input_map_hashes/experiment_a_pairwise_stage_hash_comparison.csv",compact_artifacts,4021
untracked,"artifacts/current/harmful_bias_multihyp_dev/day6_experiment_a_input_map_hashes/experiment_a_stage_classification.json",compact_artifacts,756
untracked,"artifacts/current/harmful_bias_multihyp_dev/day6_experiment_a_input_map_hashes/run_1_summary.json",compact_artifacts,2151
untracked,"artifacts/current/harmful_bias_multihyp_dev/day6_experiment_a_input_map_hashes/run_2_summary.json",compact_artifacts,2043
untracked,"artifacts/current/harmful_bias_multihyp_dev/day6_fallback_functional_diagnostics/day6_fallback_functional_diagnostics_gate_summary.json",compact_artifacts,2994
untracked,"artifacts/current/harmful_bias_multihyp_dev/day6_fallback_functional_diagnostics/day6_fallback_functional_diagnostics_manifest.json",compact_artifacts,49557
untracked,"artifacts/current/harmful_bias_multihyp_dev/day6_fallback_functional_diagnostics/day6_fallback_functional_diagnostics_report.md",compact_artifacts,3140
untracked,"artifacts/current/harmful_bias_multihyp_dev/day6_fallback_functional_diagnostics/day6_fallback_functional_diagnostics_summary.json",compact_artifacts,18449
untracked,"artifacts/current/harmful_bias_multihyp_dev/day6_fallback_functional_diagnostics/multihyp_day6_fallback_quick_r1_summary.json",compact_artifacts,11793
untracked,"artifacts/current/harmful_bias_multihyp_dev/day6_fallback_functional_diagnostics/multihyp_day6_fallback_quick_r2_summary.json",compact_artifacts,11770
untracked,"artifacts/current/harmful_bias_multihyp_dev/day6_fallback_functional_diagnostics/multihyp_day6_fallback_quick_r3_summary.json",compact_artifacts,11772
untracked,"artifacts/current/harmful_bias_multihyp_dev/day6_fallback_functional_diagnostics/plots/ais_timeline_run1.png",compact_artifacts,87136
untracked,"artifacts/current/harmful_bias_multihyp_dev/day6_fallback_functional_diagnostics/plots/condition_number_timeline_run1.png",compact_artifacts,52359
untracked,"artifacts/current/harmful_bias_multihyp_dev/day6_fallback_functional_diagnostics/plots/cross_run_direction_angle_distribution.png",compact_artifacts,38383
untracked,"artifacts/current/harmful_bias_multihyp_dev/day6_fallback_functional_diagnostics/plots/detector_flags_timeline_run1.png",compact_artifacts,49723
untracked,"artifacts/current/harmful_bias_multihyp_dev/day6_fallback_functional_diagnostics/plots/detector_latency_distribution_run1.png",compact_artifacts,42335
untracked,"artifacts/current/harmful_bias_multihyp_dev/day6_fallback_functional_diagnostics/plots/flag_fractions_across_runs.png",compact_artifacts,60771
untracked,"artifacts/current/harmful_bias_multihyp_dev/day6_fallback_functional_diagnostics/plots/metric_quantiles_across_runs.png",compact_artifacts,53047
untracked,"artifacts/current/harmful_bias_multihyp_dev/day6_fallback_functional_diagnostics/plots/odi_timeline_run1.png",compact_artifacts,105355
untracked,"artifacts/current/harmful_bias_multihyp_dev/day6_fallback_functional_diagnostics/plots/odi_timeline_run2.png",compact_artifacts,105650
untracked,"artifacts/current/harmful_bias_multihyp_dev/day6_fallback_functional_diagnostics/plots/odi_timeline_run3.png",compact_artifacts,106197
untracked,"artifacts/current/harmful_bias_multihyp_dev/day6_fallback_functional_diagnostics/plots/plot_summary.json",compact_artifacts,684
untracked,"artifacts/current/harmful_bias_multihyp_dev/day6_fallback_functional_diagnostics/plots/reference_vs_run_odi_difference.png",compact_artifacts,36877
untracked,"artifacts/current/harmful_bias_multihyp_dev/day6_fallback_functional_diagnostics/plots/weak_direction_angle_timeline_run1.png",compact_artifacts,149721
untracked,"artifacts/current/harmful_bias_multihyp_dev/experiment_a_map_snapshot_coherence_remediation/authorization/experiment_a_previous_gate_summary.json",compact_artifacts,567
untracked,"artifacts/current/harmful_bias_multihyp_dev/experiment_a_map_snapshot_coherence_remediation/authorization/remediation_authorization_identity.json",compact_artifacts,583
untracked,"artifacts/current/harmful_bias_multihyp_dev/experiment_a_map_snapshot_coherence_remediation/evidence/static_readonly/experiment_a_map_snapshot_static_readonly_audit.txt",compact_artifacts,2819
untracked,"artifacts/current/harmful_bias_multihyp_dev/experiment_a_map_snapshot_coherence_remediation/lock_protocol/ikdtree_lock_order.csv",compact_artifacts,407
untracked,"artifacts/current/harmful_bias_multihyp_dev/experiment_a_map_snapshot_coherence_remediation/lock_protocol/snapshot_api_resolution.json",compact_artifacts,493
untracked,"artifacts/current/harmful_bias_multihyp_dev/experiment_a_map_snapshot_coherence_remediation/small_results/comparison_stdout.json",compact_artifacts,3031
untracked,"artifacts/current/harmful_bias_multihyp_dev/experiment_a_map_snapshot_coherence_remediation/small_results/comparison_stdout_after_rule_correction.json",compact_artifacts,3050
untracked,"artifacts/current/harmful_bias_multihyp_dev/experiment_a_map_snapshot_coherence_remediation/small_results/experiment_a_map_snapshot_coherence_manifest.json",compact_artifacts,5418
untracked,"artifacts/current/harmful_bias_multihyp_dev/experiment_a_map_snapshot_coherence_remediation/small_results/experiment_a_map_snapshot_coherence_report.md",compact_artifacts,2658
untracked,"artifacts/current/harmful_bias_multihyp_dev/experiment_a_map_snapshot_coherence_remediation/small_results/experiment_a_map_snapshot_first_divergence.json",compact_artifacts,209
untracked,"artifacts/current/harmful_bias_multihyp_dev/experiment_a_map_snapshot_coherence_remediation/small_results/experiment_a_map_snapshot_identity_summary.json",compact_artifacts,895
untracked,"artifacts/current/harmful_bias_multihyp_dev/experiment_a_map_snapshot_coherence_remediation/small_results/experiment_a_map_snapshot_pairwise_comparison.csv",compact_artifacts,4022
untracked,"artifacts/current/harmful_bias_multihyp_dev/experiment_a_map_snapshot_coherence_remediation/small_results/experiment_a_map_snapshot_stage_classification.json",compact_artifacts,2923
untracked,"artifacts/current/harmful_bias_multihyp_dev/experiment_a_map_snapshot_coherence_remediation/small_results/experiment_a_stage_classifier_pre_offline_rule_correction.py",compact_artifacts,11761
untracked,"artifacts/current/harmful_bias_multihyp_dev/experiment_a_map_snapshot_coherence_remediation/small_results/final_gate_evidence.json",compact_artifacts,1165
untracked,"artifacts/current/harmful_bias_multihyp_dev/fallback_frozen_observation/binary_validation_summary.json",compact_artifacts,1151
untracked,"artifacts/current/harmful_bias_multihyp_dev/fallback_frozen_observation/freeze_roundtrip_summary.json",compact_artifacts,782
untracked,"artifacts/current/harmful_bias_multihyp_dev/fallback_frozen_observation/freeze_summary.json",compact_artifacts,1164
untracked,"artifacts/current/harmful_bias_multihyp_dev/fallback_frozen_observation/gate_summary.json",compact_artifacts,704
untracked,"artifacts/current/harmful_bias_multihyp_dev/fallback_frozen_observation/lifecycle_summary.json",compact_artifacts,481
untracked,"artifacts/current/harmful_bias_multihyp_dev/fallback_frozen_observation/no_gt_audit.json",compact_artifacts,325
untracked,"artifacts/current/harmful_bias_multihyp_dev/fallback_frozen_observation/record_manifest.json",compact_artifacts,1200
untracked,"artifacts/current/harmful_bias_multihyp_dev/fallback_frozen_observation/run_completeness.json",compact_artifacts,385
untracked,"artifacts/current/harmful_bias_multihyp_dev/fallback_in_call_immutability/full_log_index.csv",compact_artifacts,338
untracked,"artifacts/current/harmful_bias_multihyp_dev/fallback_in_call_immutability/gate_summary.json",compact_artifacts,1385
untracked,"artifacts/current/harmful_bias_multihyp_dev/fallback_in_call_immutability/in_call_immutability_field_counts.csv",compact_artifacts,141
untracked,"artifacts/current/harmful_bias_multihyp_dev/fallback_in_call_immutability/in_call_immutability_first_mismatch.json",compact_artifacts,5
untracked,"artifacts/current/harmful_bias_multihyp_dev/fallback_in_call_immutability/in_call_immutability_summary.json",compact_artifacts,719
untracked,"artifacts/current/harmful_bias_multihyp_dev/fallback_in_call_immutability/no_gt_audit.json",compact_artifacts,159
untracked,"artifacts/current/harmful_bias_multihyp_dev/fallback_in_call_immutability/run_completeness.json",compact_artifacts,744
untracked,"artifacts/current/harmful_bias_multihyp_dev/fallback_in_call_immutability/source_binary_clip_lock.json",compact_artifacts,358
untracked,"artifacts/current/harmful_bias_multihyp_dev/fallback_offline_detector_determinism/completed_pair_detector_invalid_reason_summary.json",compact_artifacts,229
untracked,"artifacts/current/harmful_bias_multihyp_dev/fallback_offline_detector_determinism/completed_pair_detector_output_schema_summary.json",compact_artifacts,449
untracked,"artifacts/current/harmful_bias_multihyp_dev/fallback_offline_detector_determinism/completed_pair_no_gt_output_audit.json",compact_artifacts,192
untracked,"artifacts/current/harmful_bias_multihyp_dev/fallback_offline_detector_determinism/completed_pair_record_comparison.csv",compact_artifacts,9735
untracked,"artifacts/current/harmful_bias_multihyp_dev/fallback_offline_detector_determinism/completed_pair_record_input_immutability.csv",compact_artifacts,269845
untracked,"artifacts/current/harmful_bias_multihyp_dev/fallback_offline_detector_determinism/completed_pair_record_output_checksums.csv",compact_artifacts,146222
untracked,"artifacts/current/harmful_bias_multihyp_dev/fallback_offline_detector_determinism/completed_pair_run_2_detector_outputs_v3.jsonl",compact_artifacts,900720
untracked,"artifacts/current/harmful_bias_multihyp_dev/fallback_offline_detector_determinism/completed_pair_run_2_detector_outputs_v3.jsonl.sha256",compact_artifacts,92
untracked,"artifacts/current/harmful_bias_multihyp_dev/fallback_offline_detector_determinism/cross_run_failure_summary.json",compact_artifacts,1120
untracked,"artifacts/current/harmful_bias_multihyp_dev/fallback_offline_detector_determinism/direct_equivalence_failure.json",compact_artifacts,1145
untracked,"artifacts/current/harmful_bias_multihyp_dev/fallback_offline_detector_determinism/environment_identity.json",compact_artifacts,2578
untracked,"artifacts/current/harmful_bias_multihyp_dev/fallback_offline_detector_determinism/fallback_offline_detector_determinism_gate_summary.json",compact_artifacts,1193
untracked,"artifacts/current/harmful_bias_multihyp_dev/fallback_offline_detector_determinism/fallback_offline_detector_determinism_summary.json",compact_artifacts,3667
untracked,"artifacts/current/harmful_bias_multihyp_dev/fallback_offline_detector_determinism/full_log_index.csv",compact_artifacts,459
untracked,"artifacts/current/harmful_bias_multihyp_dev/fallback_offline_detector_determinism/source_identity.json",compact_artifacts,1527
untracked,"artifacts/current/harmful_bias_multihyp_dev/fallback_offline_detector_determinism_remediation/adapter_cross_run_record_comparison.csv",compact_artifacts,24527
untracked,"artifacts/current/harmful_bias_multihyp_dev/fallback_offline_detector_determinism_remediation/adapter_detector_outputs_v3.jsonl",compact_artifacts,900720
untracked,"artifacts/current/harmful_bias_multihyp_dev/fallback_offline_detector_determinism_remediation/adapter_detector_outputs_v3.jsonl.sha256",compact_artifacts,100
untracked,"artifacts/current/harmful_bias_multihyp_dev/fallback_offline_detector_determinism_remediation/adapter_invalid_reason_summary.json",compact_artifacts,199
untracked,"artifacts/current/harmful_bias_multihyp_dev/fallback_offline_detector_determinism_remediation/adapter_output_schema_summary.json",compact_artifacts,387
untracked,"artifacts/current/harmful_bias_multihyp_dev/fallback_offline_detector_determinism_remediation/adapter_record_output_checksums.csv",compact_artifacts,146221
untracked,"artifacts/current/harmful_bias_multihyp_dev/fallback_offline_detector_determinism_remediation/contract_aware_direct_equivalence.csv",compact_artifacts,108696
untracked,"artifacts/current/harmful_bias_multihyp_dev/fallback_offline_detector_determinism_remediation/cross_run_summary.json",compact_artifacts,1559
untracked,"artifacts/current/harmful_bias_multihyp_dev/fallback_offline_detector_determinism_remediation/direct_cross_run_record_comparison.csv",compact_artifacts,24527
untracked,"artifacts/current/harmful_bias_multihyp_dev/fallback_offline_detector_determinism_remediation/direct_equivalence_domain_summary.json",compact_artifacts,710
untracked,"artifacts/current/harmful_bias_multihyp_dev/fallback_offline_detector_determinism_remediation/direct_invalid_reason_summary.json",compact_artifacts,164
untracked,"artifacts/current/harmful_bias_multihyp_dev/fallback_offline_detector_determinism_remediation/direct_output_schema_summary.json",compact_artifacts,381
untracked,"artifacts/current/harmful_bias_multihyp_dev/fallback_offline_detector_determinism_remediation/direct_production_metrics_v1.jsonl",compact_artifacts,734776
untracked,"artifacts/current/harmful_bias_multihyp_dev/fallback_offline_detector_determinism_remediation/direct_production_metrics_v1.jsonl.sha256",compact_artifacts,101
untracked,"artifacts/current/harmful_bias_multihyp_dev/fallback_offline_detector_determinism_remediation/direct_record_output_checksums.csv",compact_artifacts,146220
untracked,"artifacts/current/harmful_bias_multihyp_dev/fallback_offline_detector_determinism_remediation/environment_identity.json",compact_artifacts,2578
untracked,"artifacts/current/harmful_bias_multihyp_dev/fallback_offline_detector_determinism_remediation/fallback_c_remediation_gate_summary.json",compact_artifacts,3437
untracked,"artifacts/current/harmful_bias_multihyp_dev/fallback_offline_detector_determinism_remediation/fallback_c_remediation_summary.json",compact_artifacts,2823
untracked,"artifacts/current/harmful_bias_multihyp_dev/fallback_offline_detector_determinism_remediation/full_log_index.csv",compact_artifacts,451
untracked,"artifacts/current/harmful_bias_multihyp_dev/fallback_offline_detector_determinism_remediation/no_gt_output_audit.json",compact_artifacts,220
untracked,"artifacts/current/harmful_bias_multihyp_dev/fallback_offline_detector_determinism_remediation/record_input_immutability.csv",compact_artifacts,406668
untracked,"artifacts/current/harmful_bias_multihyp_dev/fallback_offline_detector_determinism_remediation/source_identity.json",compact_artifacts,2188
untracked,"docs/harmful_bias/bounded_formal_branch_reproduction_contract.md",docs,1820
untracked,"docs/harmful_bias/bounded_formal_branch_reproduction_report.md",docs,3447
untracked,"docs/harmful_bias/day5_remediation_report.md",docs,6914
untracked,"docs/harmful_bias/day5_runtime_equivalence_contract.md",docs,2170
untracked,"docs/harmful_bias/day5_runtime_equivalence_report.md",docs,6238
untracked,"docs/harmful_bias/day5_startup_sync_contract.md",docs,2047
untracked,"docs/harmful_bias/day5_startup_sync_report.md",docs,5245
untracked,"docs/harmful_bias/day5_startup_sync_v2_contract.md",docs,4288
untracked,"docs/harmful_bias/day5_startup_sync_v2_report.md",docs,3782
untracked,"docs/harmful_bias/day5_startup_sync_v3_contract.md",docs,3535
untracked,"docs/harmful_bias/day5_startup_sync_v3_report.md",docs,4930
untracked,"docs/harmful_bias/day5_startup_sync_v4_contract.md",docs,3449
untracked,"docs/harmful_bias/day5_startup_sync_v4_report.md",docs,3361
untracked,"docs/harmful_bias/day5_startup_sync_v5_contract.md",docs,4756
untracked,"docs/harmful_bias/day5_startup_sync_v5_report.md",docs,3780
untracked,"docs/harmful_bias/day5_v5_adjudication_report.md",docs,4304
untracked,"docs/harmful_bias/day5_v5_clock_counter_semantics.md",docs,4249
untracked,"docs/harmful_bias/day6_branch_divergence_root_cause_contract.md",docs,5445
untracked,"docs/harmful_bias/day6_branch_divergence_root_cause_report.md",docs,3312
untracked,"docs/harmful_bias/day6_experiment_a_hook_resolution.md",docs,4339
untracked,"docs/harmful_bias/day6_experiment_a_input_map_hash_contract.md",docs,4343
untracked,"docs/harmful_bias/day6_experiment_a_input_map_hash_report.md",docs,2352
untracked,"docs/harmful_bias/day6_fallback_functional_diagnostics_contract.md",docs,2364
untracked,"docs/harmful_bias/day6_fallback_functional_diagnostics_report.md",docs,3140
untracked,"docs/harmful_bias/day7_map_mutation_outcome_taxonomy.md",docs,2419
untracked,"docs/harmful_bias/day7_map_update_root_cause_contract.md",docs,4089
untracked,"docs/harmful_bias/day7_map_update_root_cause_report.md",docs,3713
untracked,"docs/harmful_bias/day7_map_update_source_path_resolution.md",docs,8233
untracked,"docs/harmful_bias/day8_extended_token_window_contract.md",docs,2176
untracked,"docs/harmful_bias/day8_extended_token_window_report.md",docs,8365
untracked,"docs/harmful_bias/day8_final_full_window_contract.md",docs,892
untracked,"docs/harmful_bias/day8_final_full_window_report.md",docs,7758
untracked,"docs/harmful_bias/day8_focused_traversal_remediation_contract.md",docs,854
untracked,"docs/harmful_bias/day8_focused_traversal_remediation_report.md",docs,2291
untracked,"docs/harmful_bias/day8_ikdtree_range_search_source_path_resolution.md",docs,6539
untracked,"docs/harmful_bias/day8_materializer_remediation_and_completion_report.md",docs,6175
untracked,"docs/harmful_bias/day8_range_query_contract.md",docs,3654
untracked,"docs/harmful_bias/day8_range_query_root_cause_report.md",docs,5853
untracked,"docs/harmful_bias/day9_ikdtree_reader_rebuild_protocol_audit.md",docs,4890
untracked,"docs/harmful_bias/experiment_a_map_snapshot_coherence_contract.md",docs,1322
untracked,"docs/harmful_bias/experiment_a_map_snapshot_coherence_report.md",docs,4475
untracked,"docs/harmful_bias/experiment_a_map_snapshot_lock_protocol_resolution.md",docs,5945
untracked,"docs/harmful_bias/fallback_frozen_observation_contract.md",docs,1490
untracked,"docs/harmful_bias/fallback_frozen_observation_hook_resolution.md",docs,3259
untracked,"docs/harmful_bias/fallback_frozen_observation_remediation_report.md",docs,2325
untracked,"docs/harmful_bias/fallback_frozen_observation_report.md",docs,906
untracked,"docs/harmful_bias/fallback_in_call_hook_resolution.md",docs,2985
untracked,"docs/harmful_bias/fallback_in_call_immutability_contract.md",docs,2863
untracked,"docs/harmful_bias/fallback_in_call_immutability_report.md",docs,5669
untracked,"docs/harmful_bias/fallback_offline_detector_determinism_contract.md",docs,840
untracked,"docs/harmful_bias/fallback_offline_detector_determinism_remediation_contract.md",docs,1106
untracked,"docs/harmful_bias/fallback_offline_detector_determinism_remediation_report.md",docs,1241
untracked,"docs/harmful_bias/fallback_offline_detector_determinism_report.md",docs,1261
untracked,"docs/harmful_bias/fallback_readonly_evidence_protocol_v1.md",docs,2056
untracked,"docs/harmful_bias/focused_formal_branch_stage_localization_contract.md",docs,3715
untracked,"docs/harmful_bias/focused_formal_branch_stage_localization_report.md",docs,2875
untracked,"docs/harmful_bias/focused_stage_hash_capacity_remediation_contract.md",docs,1113
untracked,"docs/harmful_bias/focused_stage_hash_capacity_remediation_report.md",docs,6636
untracked,"docs/harmful_bias/next_minimal_divergence_experiment.md",docs,2363
untracked,"docs/harmful_bias/strict_replay_route_closure.md",docs,2185
untracked,"manifests/harmful_bias/bounded_formal_branch_reproduction_manifest.json",docs,13375
untracked,"manifests/harmful_bias/day5_remediation_manifest.json",docs,6715
untracked,"manifests/harmful_bias/day5_runtime_equivalence_manifest.json",docs,6247
untracked,"manifests/harmful_bias/day5_startup_sync_manifest.json",docs,7312
untracked,"manifests/harmful_bias/day5_startup_sync_v2_manifest.json",docs,6006
untracked,"manifests/harmful_bias/day5_startup_sync_v3_manifest.json",docs,7186
untracked,"manifests/harmful_bias/day5_startup_sync_v4_manifest.json",docs,4973
untracked,"manifests/harmful_bias/day5_startup_sync_v5_manifest.json",docs,5850
untracked,"manifests/harmful_bias/day5_v5_adjudication_manifest.json",docs,9277
untracked,"manifests/harmful_bias/day6_branch_divergence_root_cause_manifest.json",docs,16104
untracked,"manifests/harmful_bias/day6_experiment_a_input_map_hash_manifest.json",docs,6009
untracked,"manifests/harmful_bias/day6_fallback_functional_diagnostics_manifest.json",docs,49557
untracked,"manifests/harmful_bias/day7_map_mutation_outcome_taxonomy.json",docs,2655
untracked,"manifests/harmful_bias/day7_map_update_root_cause_manifest.json",docs,27805
untracked,"manifests/harmful_bias/day8_extended_token_window_manifest.json",docs,434593
untracked,"manifests/harmful_bias/day8_final_full_window_manifest.json",docs,55594
untracked,"manifests/harmful_bias/day8_focused_traversal_remediation_manifest.json",docs,2267
untracked,"manifests/harmful_bias/day8_materializer_remediation_and_completion_manifest.json",docs,9409
untracked,"manifests/harmful_bias/day8_range_query_root_cause_manifest.json",docs,1535
untracked,"manifests/harmful_bias/experiment_a_map_snapshot_coherence_manifest.json",docs,7762
untracked,"manifests/harmful_bias/fallback_frozen_observation_manifest.json",docs,3878
untracked,"manifests/harmful_bias/fallback_frozen_observation_remediation_manifest.json",docs,3530
untracked,"manifests/harmful_bias/fallback_in_call_immutability_manifest.json",docs,4914
untracked,"manifests/harmful_bias/fallback_offline_detector_determinism_manifest.json",docs,7716
untracked,"manifests/harmful_bias/fallback_offline_detector_determinism_remediation_manifest.json",docs,11362
untracked,"manifests/harmful_bias/fallback_readonly_evidence_protocol_v1.json",docs,2366
untracked,"manifests/harmful_bias/focused_formal_branch_stage_localization_manifest.json",docs,8707
untracked,"manifests/harmful_bias/focused_stage_hash_capacity_remediation_manifest.json",docs,7688
untracked,"reports/worktree_inventory.csv",docs,47278
untracked,"schemas/harmful_bias/day8_token_capture_semantics_v2.schema.json",docs,2473
untracked,"schemas/harmful_bias/offline_direct_production_metrics_v1.schema.json",docs,3714
untracked,"schemas/harmful_bias/readonly_detector_output_v2.schema.json",docs,3350
untracked,"schemas/harmful_bias/readonly_detector_output_v3.schema.json",docs,3332
untracked,"schemas/harmful_bias/readonly_observation_v2.schema.json",docs,5845
untracked,"schemas/harmful_bias/readonly_observation_v3.schema.json",docs,4572
untracked,"scripts/100_render_focused_branch_stage_localization.py",scripts,5411
untracked,"scripts/101_run_focused_branch_capacity_remediation.py",scripts,13138
untracked,"scripts/102_finalize_focused_branch_capacity_remediation.py",scripts,3487
untracked,"scripts/103_run_day7_map_update_diagnostics.py",scripts,18813
untracked,"scripts/104_compare_day7_map_update_runs.py",scripts,17024
untracked,"scripts/105_localize_day7_map_update_root_cause.py",scripts,6557
untracked,"scripts/106_render_day7_map_update_plots.py",scripts,9571
untracked,"scripts/107_finalize_day7.py",scripts,18166
untracked,"scripts/108_run_day8_range_query_diagnostics.py",scripts,20628
untracked,"scripts/109_compare_day8_range_queries.py",scripts,15071
untracked,"scripts/110_analyze_day8_query_root_cause.py",scripts,10413
untracked,"scripts/111_render_day8_plots.py",scripts,9318
untracked,"scripts/112_finalize_day8.py",scripts,14383
untracked,"scripts/113_materialize_day8_existing_replay.py",scripts,6964
untracked,"scripts/113_run_day8_focused_traversal.py",scripts,10372
untracked,"scripts/114_compare_day8_focused_traversal.py",scripts,13373
untracked,"scripts/115_finalize_day8_focused_traversal.py",scripts,15153
untracked,"scripts/116_render_day8_focused_traversal.py",scripts,3327
untracked,"scripts/117_materialize_day8_focused_run.py",scripts,6315
untracked,"scripts/118_run_day8_extended_token_window.py",scripts,12278
untracked,"scripts/119_compare_day8_extended_token_window.py",scripts,23645
untracked,"scripts/120_finalize_day8_extended_token_window.py",scripts,19801
untracked,"scripts/121_render_day8_extended_token_window.py",scripts,9497
untracked,"scripts/122_run_day8_final_full_window.py",scripts,16517
untracked,"scripts/123_compare_day8_final_full_window.py",scripts,22066
untracked,"scripts/124_finalize_day8_final_full_window.py",scripts,18889
untracked,"scripts/125_render_day8_final_full_window.py",scripts,4970
untracked,"scripts/126_validate_day8_final_outputs.py",scripts,1584
untracked,"scripts/43_run_fastlio2_quick_equivalence.sh",scripts,13855
untracked,"scripts/44_compare_fastlio2_quick_equivalence.py",scripts,32334
untracked,"scripts/45_evaluate_fastlio2_runtime_records.py",scripts,7349
untracked,"scripts/46_convert_fastlio2_runtime_binary.py",scripts,15843
untracked,"scripts/47_run_day5_remediation_matrix.sh",scripts,6793
untracked,"scripts/48_wait_rosbag_connections.py",scripts,13511
untracked,"scripts/49_prepare_day5_frozen_replay_clips.py",scripts,7582
untracked,"scripts/50_run_day5_startup_sync_matrix.py",scripts,54995
untracked,"scripts/51_verify_fastlio2_source_lock.py",scripts,3943
untracked,"scripts/52_verify_fastlio2_runtime_outputs.py",scripts,1321
untracked,"scripts/53_validate_runtime_audit_products.py",scripts,8868
untracked,"scripts/54_build_replay_endpoint_contract.py",scripts,1258
untracked,"scripts/55_wait_fastlio2_end_of_stream_drain.py",scripts,5763
untracked,"scripts/56_run_single_startup_sync_v4.py",scripts,27110
untracked,"scripts/57_run_day5_startup_sync_v4_supervisor.py",scripts,18526
untracked,"scripts/58_finalize_day5_startup_sync_v4.py",scripts,28669
untracked,"scripts/59_day5_tail_clock_node.py",scripts,13100
untracked,"scripts/60_run_single_startup_sync_v5.py",scripts,38223
untracked,"scripts/61_run_day5_startup_sync_v5_supervisor.py",scripts,22600
untracked,"scripts/62_finalize_day5_startup_sync_v5.py",scripts,62184
untracked,"scripts/63_adjudicate_day5_v5.py",scripts,1966
untracked,"scripts/64_run_fallback_in_call_immutability.py",scripts,6027
untracked,"scripts/65_validate_fallback_in_call_immutability.py",scripts,11731
untracked,"scripts/66_run_fallback_frozen_observation.py",scripts,6022
untracked,"scripts/67_validate_frozen_observation.py",scripts,6811
untracked,"scripts/68_build_frozen_observation_archive.py",scripts,24428
untracked,"scripts/69_run_fallback_offline_detector_determinism.py",scripts,17024
untracked,"scripts/70_compare_fallback_detector_runs.py",scripts,6209
untracked,"scripts/71_finalize_fallback_detector_determinism.py",scripts,27769
untracked,"scripts/72_run_fallback_c_remediation.py",scripts,27165
untracked,"scripts/73_compare_fallback_c_remediation_runs.py",scripts,9311
untracked,"scripts/74_finalize_fallback_c_remediation.py",scripts,36488
untracked,"scripts/75_run_day6_fallback_real_replay.py",scripts,22616
untracked,"scripts/76_process_day6_fallback_detector.py",scripts,18440
untracked,"scripts/77_compare_day6_fallback_runs.py",scripts,8220
untracked,"scripts/78_render_day6_fallback_diagnostics.py",scripts,10417
untracked,"scripts/79_finalize_day6_fallback.py",scripts,54936
untracked,"scripts/80_extract_day6_branch_inputs.py",scripts,15253
untracked,"scripts/81_compare_day6_semantic_observations.py",scripts,18673
untracked,"scripts/82_analyze_day6_eigenspace_stability.py",scripts,22495
untracked,"scripts/83_finalize_day6_branch_root_cause.py",scripts,55999
untracked,"scripts/84_render_day6_branch_root_cause_plots.py",scripts,13958
untracked,"scripts/85_run_experiment_a_stage_hash_pair.py",scripts,16349
untracked,"scripts/86_compare_experiment_a_stage_hash_pair.py",scripts,1090
untracked,"scripts/87_finalize_experiment_a.py",scripts,16749
untracked,"scripts/88_render_experiment_a_plots.py",scripts,5329
untracked,"scripts/89_run_experiment_a_map_snapshot_remediation.py",scripts,7571
untracked,"scripts/90_compare_experiment_a_map_snapshot_remediation.py",scripts,1137
untracked,"scripts/91_finalize_experiment_a_map_snapshot_remediation.py",scripts,17134
untracked,"scripts/92_render_experiment_a_map_snapshot_plots.py",scripts,8645
untracked,"scripts/93_run_bounded_branch_reproduction.py",scripts,6511
untracked,"scripts/94_compare_bounded_branch_reproduction.py",scripts,2261
untracked,"scripts/95_finalize_bounded_branch_reproduction.py",scripts,3968
untracked,"scripts/96_render_bounded_branch_reproduction.py",scripts,5840
untracked,"scripts/97_run_focused_branch_stage_localization.py",scripts,11958
untracked,"scripts/98_compare_focused_branch_stage_localization.py",scripts,2237
untracked,"scripts/99_finalize_focused_branch_stage_localization.py",scripts,2191
untracked,"src/eval/day5_v5_adjudication.py",source_code,46100
untracked,"src/fastlio2_adapter/bounded_branch_reproduction.py",source_code,18603
untracked,"src/fastlio2_adapter/canonical_detector_output.py",source_code,7398
untracked,"src/fastlio2_adapter/contract_aware_direct_comparison.py",source_code,12287
untracked,"src/fastlio2_adapter/day6_branch_divergence.py",source_code,8730
untracked,"src/fastlio2_adapter/day6_continuity_metrics.py",source_code,8149
untracked,"src/fastlio2_adapter/day6_divergence_hypotheses.py",source_code,9163
untracked,"src/fastlio2_adapter/day6_eigenspace_stability.py",source_code,10283
untracked,"src/fastlio2_adapter/day6_fallback_functional_diagnostics.py",source_code,17769
untracked,"src/fastlio2_adapter/day6_reference_alignment.py",source_code,6171
untracked,"src/fastlio2_adapter/day6_semantic_observation.py",source_code,15946
untracked,"src/fastlio2_adapter/day6_statistical_characterization.py",source_code,9263
untracked,"src/fastlio2_adapter/day7_map_point_identity.py",source_code,7162
untracked,"src/fastlio2_adapter/day7_map_update_events.py",source_code,15696
untracked,"src/fastlio2_adapter/day7_map_update_root_cause.py",source_code,16256
untracked,"src/fastlio2_adapter/day7_rebuild_logger_analysis.py",source_code,6081
untracked,"src/fastlio2_adapter/day8_extended_query_root_cause.py",source_code,12190
untracked,"src/fastlio2_adapter/day8_extended_token_window.py",source_code,7574
untracked,"src/fastlio2_adapter/day8_extended_traversal_analysis.py",source_code,4729
untracked,"src/fastlio2_adapter/day8_final_full_window_analysis.py",source_code,14288
untracked,"src/fastlio2_adapter/day8_final_plot_contract.py",source_code,11368
untracked,"src/fastlio2_adapter/day8_final_traversal_root_cause.py",source_code,10153
untracked,"src/fastlio2_adapter/day8_focused_traversal_remediation.py",source_code,4983
untracked,"src/fastlio2_adapter/day8_overflow_summary.py",source_code,3212
untracked,"src/fastlio2_adapter/day8_query_root_cause.py",source_code,13881
untracked,"src/fastlio2_adapter/day8_range_query.py",source_code,16569
untracked,"src/fastlio2_adapter/day8_shadow_voxel_replay.py",source_code,11878
untracked,"src/fastlio2_adapter/day8_strict_query_identity_v2.py",source_code,10645
untracked,"src/fastlio2_adapter/day8_token_capture_status.py",source_code,3106
untracked,"src/fastlio2_adapter/day8_token_comparison_v2.py",source_code,6712
untracked,"src/fastlio2_adapter/day8_token_semantics_v3.py",source_code,8051
untracked,"src/fastlio2_adapter/day8_traversal_analysis.py",source_code,5392
untracked,"src/fastlio2_adapter/direct_production_diagnostic.py",source_code,6958
untracked,"src/fastlio2_adapter/end_of_stream_drain.py",source_code,18428
untracked,"src/fastlio2_adapter/experiment_a_map_snapshot_coherence.py",source_code,13379
untracked,"src/fastlio2_adapter/experiment_a_stage_classifier.py",source_code,11732
untracked,"src/fastlio2_adapter/experiment_a_stage_hash.py",source_code,19598
untracked,"src/fastlio2_adapter/focused_branch_stage_classifier.py",source_code,10728
untracked,"src/fastlio2_adapter/focused_branch_stage_localization.py",source_code,13362
untracked,"src/fastlio2_adapter/formal_trajectory_clustering.py",source_code,3789
untracked,"src/fastlio2_adapter/frozen_observation.py",source_code,24064
untracked,"src/fastlio2_adapter/frozen_observation_archive.py",source_code,16920
untracked,"src/fastlio2_adapter/in_call_immutability.py",source_code,8880
untracked,"src/fastlio2_adapter/offline_detector_determinism.py",source_code,17748
untracked,"src/fastlio2_adapter/readonly_runtime_observation_schema.py",source_code,3987
untracked,"src/fastlio2_adapter/replay_endpoint_contract.py",source_code,8809
untracked,"src/fastlio2_adapter/runtime_detector_adapter.py",source_code,5133
untracked,"src/fastlio2_adapter/runtime_detector_adapter_v3.py",source_code,4884
untracked,"src/fastlio2_adapter/runtime_equivalence.py",source_code,19336
untracked,"src/fastlio2_adapter/runtime_observation_v3.py",source_code,10149
untracked,"src/fastlio2_adapter/runtime_output_contract.py",source_code,6948
untracked,"src/fastlio2_adapter/runtime_paths.py",source_code,4692
untracked,"src/fastlio2_adapter/source_lock.py",source_code,13317
untracked,"src/fastlio2_adapter/tail_clock_protocol.py",source_code,8793
untracked,"tests/test_adapter_precondition_domain.py",tests,3518
untracked,"tests/test_bounded_branch_reproduction.py",tests,2313
untracked,"tests/test_branch_reproduction_gate.py",tests,3279
untracked,"tests/test_branch_reproduction_materialization.py",tests,4726
untracked,"tests/test_canonical_detector_output.py",tests,2515
untracked,"tests/test_day5_absolute_runtime_paths.py",tests,2533
untracked,"tests/test_day5_frozen_replay_clips.py",tests,1824
untracked,"tests/test_day5_graceful_shutdown.py",tests,1781
untracked,"tests/test_day5_real_record_pipeline.py",tests,1966
untracked,"tests/test_day5_remediation_pipeline.py",tests,2519
untracked,"tests/test_day5_remediation_run_lock.py",tests,944
untracked,"tests/test_day5_run_lock.py",tests,671
untracked,"tests/test_day5_startup_sync_gate.py",tests,4050
untracked,"tests/test_day5_startup_sync_runner.py",tests,2906
untracked,"tests/test_day5_startup_sync_v4_gate.py",tests,1790
untracked,"tests/test_day5_startup_sync_v4_supervisor.py",tests,3612
untracked,"tests/test_day5_startup_sync_v5_gate.py",tests,5370
untracked,"tests/test_day5_startup_sync_v5_runner.py",tests,2790
untracked,"tests/test_day5_startup_sync_v5_supervisor.py",tests,3666
untracked,"tests/test_day5_v5_adjudication.py",tests,5836
untracked,"tests/test_day5_v5_mixed_clock_counter.py",tests,3149
untracked,"tests/test_day6_adapter_direct_contract.py",tests,715
untracked,"tests/test_day6_branch_root_cause_gate.py",tests,2121
untracked,"tests/test_day6_cross_run_statistics.py",tests,1214
untracked,"tests/test_day6_descriptive_statistics.py",tests,1629
untracked,"tests/test_day6_detector_processing.py",tests,1310
untracked,"tests/test_day6_direction_continuity.py",tests,1263
untracked,"tests/test_day6_divergence_order.py",tests,1168
untracked,"tests/test_day6_eigenspace_reconstruction.py",tests,1213
untracked,"tests/test_day6_evidence_granularity.py",tests,1030
untracked,"tests/test_day6_fallback_authorization.py",tests,1146
untracked,"tests/test_day6_fallback_gate.py",tests,1348
untracked,"tests/test_day6_fallback_runner.py",tests,1903
untracked,"tests/test_day6_first_divergence.py",tests,1462
untracked,"tests/test_day6_hypothesis_matrix.py",tests,661
untracked,"tests/test_day6_observation_completeness.py",tests,1192
untracked,"tests/test_day6_output_continuity.py",tests,1174
untracked,"tests/test_day6_reference_alignment.py",tests,1460
untracked,"tests/test_day6_semantic_observation.py",tests,2319
untracked,"tests/test_day6_sign_invariant_angles.py",tests,383
untracked,"tests/test_day6_weak_subspace_angles.py",tests,953
untracked,"tests/test_day7_event_schema.py",tests,2456
untracked,"tests/test_day7_first_divergent_event.py",tests,1624
untracked,"tests/test_day7_gate.py",tests,2667
untracked,"tests/test_day7_map_delta_accounting.py",tests,1706
untracked,"tests/test_day7_map_point_identity.py",tests,1237
untracked,"tests/test_day7_outcome_taxonomy.py",tests,971
untracked,"tests/test_day7_rebuild_logger_trace.py",tests,3421
untracked,"tests/test_day7_root_cause_classifier.py",tests,2196
untracked,"tests/test_day8_extended_first_query.py",tests,3505
untracked,"tests/test_day8_extended_gate.py",tests,1821
untracked,"tests/test_day8_extended_root_cause.py",tests,3771
untracked,"tests/test_day8_extended_token_window.py",tests,2207
untracked,"tests/test_day8_final_full_window.py",tests,2042
untracked,"tests/test_day8_final_gate.py",tests,987
untracked,"tests/test_day8_final_plot_contract.py",tests,2412
untracked,"tests/test_day8_final_root_cause.py",tests,1289
untracked,"tests/test_day8_first_divergent_query.py",tests,1356
untracked,"tests/test_day8_focused_traversal_gate.py",tests,1088
untracked,"tests/test_day8_focused_traversal_window.py",tests,950
untracked,"tests/test_day8_gate.py",tests,1022
untracked,"tests/test_day8_overflow_summary_materializer.py",tests,3292
untracked,"tests/test_day8_query_completeness.py",tests,1007
untracked,"tests/test_day8_query_schema.py",tests,3251
untracked,"tests/test_day8_root_cause_classifier.py",tests,2963
untracked,"tests/test_day8_shadow_delta_adjudication.py",tests,720
untracked,"tests/test_day8_shadow_voxel_replay.py",tests,3521
untracked,"tests/test_day8_strict_query_identity_v2.py",tests,4153
untracked,"tests/test_day8_token_capture_status.py",tests,2479
untracked,"tests/test_day8_token_comparison_v2.py",tests,3831
untracked,"tests/test_day8_token_semantics_v3.py",tests,2509
untracked,"tests/test_day8_traversal_tokens.py",tests,1989
untracked,"tests/test_direct_production_diagnostic.py",tests,2105
untracked,"tests/test_drain_service_wall_timeout.py",tests,7041
untracked,"tests/test_end_of_stream_drain.py",tests,3443
untracked,"tests/test_end_of_stream_drain_gate.py",tests,2811
untracked,"tests/test_experiment_a_coherent_map_snapshot.py",tests,2035
untracked,"tests/test_experiment_a_gate.py",tests,3843
untracked,"tests/test_experiment_a_input_identity.py",tests,3375
untracked,"tests/test_experiment_a_map_digest.py",tests,684
untracked,"tests/test_experiment_a_map_snapshot_continuity.py",tests,2076
untracked,"tests/test_experiment_a_map_snapshot_generation.py",tests,1273
untracked,"tests/test_experiment_a_map_snapshot_remediation_gate.py",tests,2480
untracked,"tests/test_experiment_a_stage_classifier.py",tests,5535
untracked,"tests/test_experiment_a_stage_hash_schema.py",tests,3670
untracked,"tests/test_experiment_a_stage_hash_window.py",tests,3371
untracked,"tests/test_fallback_c_remediation_fresh_process.py",tests,1983
untracked,"tests/test_fallback_c_remediation_gate.py",tests,2821
untracked,"tests/test_fallback_detector_direct_equivalence.py",tests,1397
untracked,"tests/test_fallback_detector_fresh_process.py",tests,1521
untracked,"tests/test_fallback_detector_gate.py",tests,3673
untracked,"tests/test_fallback_detector_input_immutability.py",tests,1326
untracked,"tests/test_fallback_evidence_protocol.py",tests,2341
untracked,"tests/test_fallback_frozen_observation_gate.py",tests,3499
untracked,"tests/test_fallback_frozen_observation_runner.py",tests,1398
untracked,"tests/test_fallback_in_call_runner.py",tests,1505
untracked,"tests/test_fastlio2_runtime_output_contract.py",tests,2110
untracked,"tests/test_fastlio2_source_lock.py",tests,6199
untracked,"tests/test_focused_branch_gate.py",tests,3301
untracked,"tests/test_focused_branch_pairwise_comparison.py",tests,1349
untracked,"tests/test_focused_branch_stage_localization.py",tests,1913
untracked,"tests/test_focused_branch_window.py",tests,1234
untracked,"tests/test_focused_stage_hash_capacity_remediation.py",tests,4465
untracked,"tests/test_formal_trajectory_clustering.py",tests,1298
untracked,"tests/test_frozen_observation_archive.py",tests,2453
untracked,"tests/test_frozen_observation_content_paths.py",tests,2702
untracked,"tests/test_frozen_observation_manifest.py",tests,2387
untracked,"tests/test_frozen_observation_modes.py",tests,1163
untracked,"tests/test_frozen_observation_no_gt.py",tests,729
untracked,"tests/test_frozen_observation_offline_remediation.py",tests,2260
untracked,"tests/test_frozen_observation_record_index.py",tests,1514
untracked,"tests/test_in_call_immutability_gate.py",tests,2616
untracked,"tests/test_in_call_immutability_schema.py",tests,2306
untracked,"tests/test_monotonic_unpause_handshake.py",tests,4279
untracked,"tests/test_null_safe_detector_comparison.py",tests,2104
untracked,"tests/test_offline_detector_determinism.py",tests,2827
untracked,"tests/test_readonly_runtime_observation_schema.py",tests,3024
untracked,"tests/test_replay_endpoint_contract.py",tests,3882
untracked,"tests/test_rosbag_connection_handshake.py",tests,4528
untracked,"tests/test_runtime_binary_conversion.py",tests,5423
untracked,"tests/test_runtime_detector_adapter.py",tests,2242
untracked,"tests/test_runtime_detector_adapter_v3.py",tests,2312
untracked,"tests/test_runtime_equivalence.py",tests,7028
untracked,"tests/test_runtime_observation_v3.py",tests,5098
untracked,"tests/test_runtime_product_completeness.py",tests,4557
untracked,"tests/test_strict_replay_route_closure.py",tests,1423
untracked,"tests/test_tail_clock_handoff.py",tests,3271
untracked,"tests/test_tail_clock_protocol.py",tests,6141
ignored,".pytest_cache/.gitignore",python_cache,37
ignored,".pytest_cache/CACHEDIR.TAG",python_cache,191
ignored,".pytest_cache/README.md",python_cache,302
ignored,".pytest_cache/v/cache/lastfailed",python_cache,2
ignored,".pytest_cache/v/cache/nodeids",python_cache,128744
ignored,".pytest_cache/v/cache/stepwise",python_cache,2
ignored,"PACKAGE_AUDIT.md",unknown,3193
ignored,"PACKAGE_CONTENTS.txt",unknown,20885
ignored,"REVIEW_INDEX.md",unknown,3520
ignored,"REVIEW_MANIFEST.csv",unknown,5782
ignored,"_backups/git_bundles/Degen-LIO-full-history.bundle",unknown,7535967
ignored,"_backups/manifests/day1-logs-sha256.txt",unknown,278
ignored,"_backups/manifests/private_stage1_manifest.json",unknown,31904
ignored,"_backups/manifests/private_stage1_sha256.txt",unknown,6885
ignored,"_backups/manifests/single_root_migration_20260722.json",unknown,34023
ignored,"_backups/test_logs/pytest_full_20260720.log",temporary_logs,751
ignored,"_backups/test_logs/pytest_full_initial_20260720.log",temporary_logs,751
ignored,"_data",unknown,17
ignored,"_package/README_PACKAGE.md",unknown,1061
ignored,"_package/full_manifest.json",unknown,173330
ignored,"_package/full_sha256.txt",unknown,49354
ignored,"_package/packaging_report.json",unknown,2286
ignored,"_package/packaging_report.md",unknown,2006
ignored,"_package/project_state.md",unknown,2367
ignored,"_private/README_PRIVATE.md",private_patent_material,811
ignored,"_private/patent1/agent_review_package_B/00_README_AGENT_PACKAGE.md",private_patent_material,3364
ignored,"_private/patent1/agent_review_package_B/01_patent1_current_v1_2.docx",private_patent_material,689223
ignored,"_private/patent1/agent_review_package_B/02_claim_boundary_B.md",private_patent_material,4406
ignored,"_private/patent1/agent_review_package_B/03_candidate_independent_claim_B.md",private_patent_material,4684
ignored,"_private/patent1/agent_review_package_B/04_dependent_claims_structure_B.md",private_patent_material,10768
ignored,"_private/patent1/agent_review_package_B/05_claim_support_matrix_B.csv",private_patent_material,13195
ignored,"_private/patent1/agent_review_package_B/06_claim_support_matrix_B.md",private_patent_material,2882
ignored,"_private/patent1/agent_review_package_B/07_prior_art_difference_B.md",private_patent_material,6969
ignored,"_private/patent1/agent_review_package_B/08_inventive_step_argument_B.md",private_patent_material,8641
ignored,"_private/patent1/agent_review_package_B/09_claim_chart_closest_references_B.md",private_patent_material,5215
ignored,"_private/patent1/agent_review_package_B/10_backup_limitations_C.md",private_patent_material,4334
ignored,"_private/patent1/agent_review_package_B/11_patent1_patent2_boundary.md",private_patent_material,3177
ignored,"_private/patent1/agent_review_package_B/12_agent_review_questions.md",private_patent_material,2974
ignored,"_private/patent1/agent_review_package_B/13_agent_cover_note.md",private_patent_material,2037
ignored,"_private/patent1/agent_review_package_B/14_risk_register_B.md",private_patent_material,3455
ignored,"_private/patent1/agent_review_package_B/15_package_manifest.json",private_patent_material,6552
ignored,"_private/patent1/agent_review_package_B/16_package_sha256.txt",private_patent_material,1522
ignored,"_private/patent1/current/patent1_degen_lio_v1_2_agent_review.docx",private_patent_material,689223
ignored,"_private/patent1/current/patent1_v1_2_change_summary.md",private_patent_material,3489
ignored,"_private/patent1/current/patent1_v1_2_revision_report.md",private_patent_material,5271
ignored,"_private/patent1/current/一种隧道退化环境下激光惯性里程计退化检测与弱方向识别方法_专利技术交底书_V1.2_代理人送审版.docx",private_patent_material,689223
ignored,"_private/patent1/history/patent1_degen_lio_v1_1_source.docx",private_patent_material,702086
ignored,"_private/patent1/history/patent1_degen_lio_v1_1_source_rollback.docx",private_patent_material,702086
ignored,"_private/patent1/prior_art/01_search_protocol.md",private_patent_material,8306
ignored,"_private/patent1/prior_art/02_search_log.csv",private_patent_material,10480
ignored,"_private/patent1/prior_art/03_patent_candidates.csv",private_patent_material,24595
ignored,"_private/patent1/prior_art/04_non_patent_candidates.csv",private_patent_material,13013
ignored,"_private/patent1/prior_art/05_top_patent_claim_charts.md",private_patent_material,15440
ignored,"_private/patent1/prior_art/06_closest_prior_art_matrix.md",private_patent_material,5685
ignored,"_private/patent1/prior_art/07_combination_attack_matrix.md",private_patent_material,7920
ignored,"_private/patent1/prior_art/08_novelty_inventiveness_risk.md",private_patent_material,8017
ignored,"_private/patent1/prior_art/09_recommended_claim_boundary.md",private_patent_material,6492
ignored,"_private/patent1/prior_art/10_agent_questions.md",private_patent_material,3839
ignored,"_private/patent1/prior_art/day3_prior_art_gate_20260722.md",private_patent_material,3169
ignored,"_private/stage1/README_PRIVATE_STAGE1_LEGACY.md",private_patent_material,2500
ignored,"_private/stage1/reports_copy/baseline_audit_20260720.md",private_patent_material,8778
ignored,"_private/stage1/reports_copy/day2_traceability_gate_20260721.md",private_patent_material,6433
ignored,"_private/stage1/reports_copy/day2_traceability_gate_20260721_revision1.json",private_patent_material,3387
ignored,"_private/stage1/reports_copy/day2_traceability_gate_20260721_revision1.md",private_patent_material,5809
ignored,"_private/stage1/reports_copy/day2_traceability_gate_20260721_revision2.json",private_patent_material,3857
ignored,"_private/stage1/reports_copy/day2_traceability_gate_20260721_revision2.md",private_patent_material,6975
ignored,"_private/stage1/reports_copy/day3_prior_art_gate_20260722.json",private_patent_material,3172
ignored,"_private/stage1/reports_copy/day3_prior_art_gate_20260722.md",private_patent_material,3169
ignored,"_private/stage1/reports_copy/environment_provenance.json",private_patent_material,721
ignored,"_private/stage1/reports_copy/formula_code_traceability_20260721.csv",private_patent_material,18032
ignored,"_private/stage1/reports_copy/formula_code_traceability_20260721.md",private_patent_material,11920
ignored,"_private/stage1/reports_copy/freeze_manifest.json",private_patent_material,6790
ignored,"_private/stage1/reports_copy/git_bundle_sha256.txt",private_patent_material,135
ignored,"_private/stage1/reports_copy/patent1_claim_support_matrix_20260721.csv",private_patent_material,5725
ignored,"_private/stage1/reports_copy/patent1_claim_support_matrix_20260721.md",private_patent_material,3556
ignored,"_private/stage1/reports_copy/patent1_formula_inventory_20260721.csv",private_patent_material,44919
ignored,"_private/stage1/reports_copy/patent1_overclaim_audit_20260721.csv",private_patent_material,2536
ignored,"_private/stage1/reports_copy/patent1_structure_inventory_20260721.md",private_patent_material,83806
ignored,"_private/stage1/reports_copy/pytest_exit_code.txt",private_patent_material,2
ignored,"_private/stage1/reports_copy/pytest_full_20260720.log",temporary_logs,751
ignored,"_private/stage1/reports_copy/pytest_full_initial_20260720.log",temporary_logs,751
ignored,"_private/stage1/reports_copy/pytest_initial_exit_code.txt",private_patent_material,2
ignored,"_private/stage1/reports_copy/pytest_provenance.json",private_patent_material,836
ignored,"_private/stage1/reports_copy/pytest_revision1_20260721.json",private_patent_material,728
ignored,"_private/stage1/reports_copy/source_manifest.json",private_patent_material,30796
ignored,"_private/stage1/reports_copy/source_sha256.txt",private_patent_material,16849
ignored,"_private/stage1/reports_copy/stage1c_manifest.json",private_patent_material,5719
ignored,"_private/stage1/reports_copy/stage1c_sha256.txt",private_patent_material,3455
ignored,"_private/stage1/reports_copy/stage2a_manifest.json",private_patent_material,3703
ignored,"_private/stage1/reports_copy/stage2a_sha256.txt",private_patent_material,2118
ignored,"_private/stage1/reports_copy/stage2b_manifest.json",private_patent_material,2719
ignored,"_private/stage1/reports_copy/stage2b_sha256.txt",private_patent_material,1531
ignored,"_private/stage1/reports_copy/stage2c_manifest.json",private_patent_material,3890
ignored,"_private/stage1/reports_copy/stage2c_sha256.txt",private_patent_material,2217
ignored,"_private/stage1/stage1_consolidation_report_20260722.md",private_patent_material,3585
ignored,"data/stage2_failure_analysis/day13_new_seed/stage2_failure_day13_new_seed_v1/calibration/case_cache/day13_calibration_geometry_L3_clean_G148529353_S442833702_P1592645163.json.gz",generated_results,74829
ignored,"data/stage2_failure_analysis/day13_new_seed/stage2_failure_day13_new_seed_v1/calibration/case_cache/day13_calibration_geometry_L3_clean_G148529353_S442833702_P631534438.json.gz",generated_results,75099
ignored,"data/stage2_failure_analysis/day13_new_seed/stage2_failure_day13_new_seed_v1/calibration/case_cache/day13_calibration_geometry_L3_clean_G148529353_S513591578_P1592645163.json.gz",generated_results,74851
ignored,"data/stage2_failure_analysis/day13_new_seed/stage2_failure_day13_new_seed_v1/calibration/case_cache/day13_calibration_geometry_L3_clean_G148529353_S513591578_P631534438.json.gz",generated_results,74741
ignored,"data/stage2_failure_analysis/day13_new_seed/stage2_failure_day13_new_seed_v1/calibration/case_cache/day13_calibration_geometry_L3_clean_G1697711877_S442833702_P1592645163.json.gz",generated_results,74848
ignored,"data/stage2_failure_analysis/day13_new_seed/stage2_failure_day13_new_seed_v1/calibration/case_cache/day13_calibration_geometry_L3_clean_G1697711877_S442833702_P631534438.json.gz",generated_results,74718
ignored,"data/stage2_failure_analysis/day13_new_seed/stage2_failure_day13_new_seed_v1/calibration/case_cache/day13_calibration_geometry_L3_clean_G1697711877_S513591578_P1592645163.json.gz",generated_results,75200
ignored,"data/stage2_failure_analysis/day13_new_seed/stage2_failure_day13_new_seed_v1/calibration/case_cache/day13_calibration_geometry_L3_clean_G1697711877_S513591578_P631534438.json.gz",generated_results,74875
ignored,"data/stage2_failure_analysis/day13_new_seed/stage2_failure_day13_new_seed_v1/calibration/case_cache/day13_calibration_geometry_L3_clean_G1765595935_S442833702_P1592645163.json.gz",generated_results,74762
ignored,"data/stage2_failure_analysis/day13_new_seed/stage2_failure_day13_new_seed_v1/calibration/case_cache/day13_calibration_geometry_L3_clean_G1765595935_S442833702_P631534438.json.gz",generated_results,75355
ignored,"data/stage2_failure_analysis/day13_new_seed/stage2_failure_day13_new_seed_v1/calibration/case_cache/day13_calibration_geometry_L3_clean_G1765595935_S513591578_P1592645163.json.gz",generated_results,74741
ignored,"data/stage2_failure_analysis/day13_new_seed/stage2_failure_day13_new_seed_v1/calibration/case_cache/day13_calibration_geometry_L3_clean_G1765595935_S513591578_P631534438.json.gz",generated_results,74266
ignored,"data/stage2_failure_analysis/day13_new_seed/stage2_failure_day13_new_seed_v1/calibration/case_cache/day13_calibration_geometry_L3_clean_G1797477789_S442833702_P1592645163.json.gz",generated_results,74651
ignored,"data/stage2_failure_analysis/day13_new_seed/stage2_failure_day13_new_seed_v1/calibration/case_cache/day13_calibration_geometry_L3_clean_G1797477789_S442833702_P631534438.json.gz",generated_results,74377
ignored,"data/stage2_failure_analysis/day13_new_seed/stage2_failure_day13_new_seed_v1/calibration/case_cache/day13_calibration_geometry_L3_clean_G1797477789_S513591578_P1592645163.json.gz",generated_results,75279
ignored,"data/stage2_failure_analysis/day13_new_seed/stage2_failure_day13_new_seed_v1/calibration/case_cache/day13_calibration_geometry_L3_clean_G1797477789_S513591578_P631534438.json.gz",generated_results,74940
ignored,"data/stage2_failure_analysis/day13_new_seed/stage2_failure_day13_new_seed_v1/calibration/case_cache/day13_calibration_geometry_L3_clean_G2099270786_S442833702_P1592645163.json.gz",generated_results,74896
ignored,"data/stage2_failure_analysis/day13_new_seed/stage2_failure_day13_new_seed_v1/calibration/case_cache/day13_calibration_geometry_L3_clean_G2099270786_S442833702_P631534438.json.gz",generated_results,75305
ignored,"data/stage2_failure_analysis/day13_new_seed/stage2_failure_day13_new_seed_v1/calibration/case_cache/day13_calibration_geometry_L3_clean_G2099270786_S513591578_P1592645163.json.gz",generated_results,74929
ignored,"data/stage2_failure_analysis/day13_new_seed/stage2_failure_day13_new_seed_v1/calibration/case_cache/day13_calibration_geometry_L3_clean_G2099270786_S513591578_P631534438.json.gz",generated_results,74742
ignored,"data/stage2_failure_analysis/day13_new_seed/stage2_failure_day13_new_seed_v1/calibration/case_cache/day13_calibration_geometry_L3_coherent_subhuber_slip_G148529353_S442833702_P1592645163.json.gz",generated_results,77885
ignored,"data/stage2_failure_analysis/day13_new_seed/stage2_failure_day13_new_seed_v1/calibration/case_cache/day13_calibration_geometry_L3_coherent_subhuber_slip_G148529353_S442833702_P631534438.json.gz",generated_results,78207
ignored,"data/stage2_failure_analysis/day13_new_seed/stage2_failure_day13_new_seed_v1/calibration/case_cache/day13_calibration_geometry_L3_coherent_subhuber_slip_G148529353_S513591578_P1592645163.json.gz",generated_results,77790
ignored,"data/stage2_failure_analysis/day13_new_seed/stage2_failure_day13_new_seed_v1/calibration/case_cache/day13_calibration_geometry_L3_coherent_subhuber_slip_G148529353_S513591578_P631534438.json.gz",generated_results,77412
ignored,"data/stage2_failure_analysis/day13_new_seed/stage2_failure_day13_new_seed_v1/calibration/case_cache/day13_calibration_geometry_L3_coherent_subhuber_slip_G1697711877_S442833702_P1592645163.json.gz",generated_results,78080
ignored,"data/stage2_failure_analysis/day13_new_seed/stage2_failure_day13_new_seed_v1/calibration/case_cache/day13_calibration_geometry_L3_coherent_subhuber_slip_G1697711877_S442833702_P631534438.json.gz",generated_results,78056
ignored,"data/stage2_failure_analysis/day13_new_seed/stage2_failure_day13_new_seed_v1/calibration/case_cache/day13_calibration_geometry_L3_coherent_subhuber_slip_G1697711877_S513591578_P1592645163.json.gz",generated_results,78064
ignored,"data/stage2_failure_analysis/day13_new_seed/stage2_failure_day13_new_seed_v1/calibration/case_cache/day13_calibration_geometry_L3_coherent_subhuber_slip_G1697711877_S513591578_P631534438.json.gz",generated_results,78005
ignored,"data/stage2_failure_analysis/day13_new_seed/stage2_failure_day13_new_seed_v1/calibration/case_cache/day13_calibration_geometry_L3_coherent_subhuber_slip_G1765595935_S442833702_P1592645163.json.gz",generated_results,77633
ignored,"data/stage2_failure_analysis/day13_new_seed/stage2_failure_day13_new_seed_v1/calibration/case_cache/day13_calibration_geometry_L3_coherent_subhuber_slip_G1765595935_S442833702_P631534438.json.gz",generated_results,78296
ignored,"data/stage2_failure_analysis/day13_new_seed/stage2_failure_day13_new_seed_v1/calibration/case_cache/day13_calibration_geometry_L3_coherent_subhuber_slip_G1765595935_S513591578_P1592645163.json.gz",generated_results,77493
ignored,"data/stage2_failure_analysis/day13_new_seed/stage2_failure_day13_new_seed_v1/calibration/case_cache/day13_calibration_geometry_L3_coherent_subhuber_slip_G1765595935_S513591578_P631534438.json.gz",generated_results,76958
ignored,"data/stage2_failure_analysis/day13_new_seed/stage2_failure_day13_new_seed_v1/calibration/case_cache/day13_calibration_geometry_L3_coherent_subhuber_slip_G1797477789_S442833702_P1592645163.json.gz",generated_results,77512
ignored,"data/stage2_failure_analysis/day13_new_seed/stage2_failure_day13_new_seed_v1/calibration/case_cache/day13_calibration_geometry_L3_coherent_subhuber_slip_G1797477789_S442833702_P631534438.json.gz",generated_results,77433
ignored,"data/stage2_failure_analysis/day13_new_seed/stage2_failure_day13_new_seed_v1/calibration/case_cache/day13_calibration_geometry_L3_coherent_subhuber_slip_G1797477789_S513591578_P1592645163.json.gz",generated_results,78179
ignored,"data/stage2_failure_analysis/day13_new_seed/stage2_failure_day13_new_seed_v1/calibration/case_cache/day13_calibration_geometry_L3_coherent_subhuber_slip_G1797477789_S513591578_P631534438.json.gz",generated_results,77680
ignored,"data/stage2_failure_analysis/day13_new_seed/stage2_failure_day13_new_seed_v1/calibration/case_cache/day13_calibration_geometry_L3_coherent_subhuber_slip_G2099270786_S442833702_P1592645163.json.gz",generated_results,78500
ignored,"data/stage2_failure_analysis/day13_new_seed/stage2_failure_day13_new_seed_v1/calibration/case_cache/day13_calibration_geometry_L3_coherent_subhuber_slip_G2099270786_S442833702_P631534438.json.gz",generated_results,78297
ignored,"data/stage2_failure_analysis/day13_new_seed/stage2_failure_day13_new_seed_v1/calibration/case_cache/day13_calibration_geometry_L3_coherent_subhuber_slip_G2099270786_S513591578_P1592645163.json.gz",generated_results,77891
ignored,"data/stage2_failure_analysis/day13_new_seed/stage2_failure_day13_new_seed_v1/calibration/case_cache/day13_calibration_geometry_L3_coherent_subhuber_slip_G2099270786_S513591578_P631534438.json.gz",generated_results,77504
ignored,"data/stage2_failure_analysis/day13_new_seed/stage2_failure_day13_new_seed_v1/calibration/case_cache/day13_calibration_geometry_L3_gross_outlier_control_G148529353_S442833702_P1592645163.json.gz",generated_results,76848
ignored,"data/stage2_failure_analysis/day13_new_seed/stage2_failure_day13_new_seed_v1/calibration/case_cache/day13_calibration_geometry_L3_gross_outlier_control_G148529353_S442833702_P631534438.json.gz",generated_results,76975
ignored,"data/stage2_failure_analysis/day13_new_seed/stage2_failure_day13_new_seed_v1/calibration/case_cache/day13_calibration_geometry_L3_gross_outlier_control_G148529353_S513591578_P1592645163.json.gz",generated_results,76901
ignored,"data/stage2_failure_analysis/day13_new_seed/stage2_failure_day13_new_seed_v1/calibration/case_cache/day13_calibration_geometry_L3_gross_outlier_control_G148529353_S513591578_P631534438.json.gz",generated_results,76773
ignored,"data/stage2_failure_analysis/day13_new_seed/stage2_failure_day13_new_seed_v1/calibration/case_cache/day13_calibration_geometry_L3_gross_outlier_control_G1697711877_S442833702_P1592645163.json.gz",generated_results,76932
ignored,"data/stage2_failure_analysis/day13_new_seed/stage2_failure_day13_new_seed_v1/calibration/case_cache/day13_calibration_geometry_L3_gross_outlier_control_G1697711877_S442833702_P631534438.json.gz",generated_results,76701
ignored,"data/stage2_failure_analysis/day13_new_seed/stage2_failure_day13_new_seed_v1/calibration/case_cache/day13_calibration_geometry_L3_gross_outlier_control_G1697711877_S513591578_P1592645163.json.gz",generated_results,77021
ignored,"data/stage2_failure_analysis/day13_new_seed/stage2_failure_day13_new_seed_v1/calibration/case_cache/day13_calibration_geometry_L3_gross_outlier_control_G1697711877_S513591578_P631534438.json.gz",generated_results,76940
ignored,"data/stage2_failure_analysis/day13_new_seed/stage2_failure_day13_new_seed_v1/calibration/case_cache/day13_calibration_geometry_L3_gross_outlier_control_G1765595935_S442833702_P1592645163.json.gz",generated_results,76619
ignored,"data/stage2_failure_analysis/day13_new_seed/stage2_failure_day13_new_seed_v1/calibration/case_cache/day13_calibration_geometry_L3_gross_outlier_control_G1765595935_S442833702_P631534438.json.gz",generated_results,76993
ignored,"data/stage2_failure_analysis/day13_new_seed/stage2_failure_day13_new_seed_v1/calibration/case_cache/day13_calibration_geometry_L3_gross_outlier_control_G1765595935_S513591578_P1592645163.json.gz",generated_results,76546
ignored,"data/stage2_failure_analysis/day13_new_seed/stage2_failure_day13_new_seed_v1/calibration/case_cache/day13_calibration_geometry_L3_gross_outlier_control_G1765595935_S513591578_P631534438.json.gz",generated_results,76366
ignored,"data/stage2_failure_analysis/day13_new_seed/stage2_failure_day13_new_seed_v1/calibration/case_cache/day13_calibration_geometry_L3_gross_outlier_control_G1797477789_S442833702_P1592645163.json.gz",generated_results,76588
ignored,"data/stage2_failure_analysis/day13_new_seed/stage2_failure_day13_new_seed_v1/calibration/case_cache/day13_calibration_geometry_L3_gross_outlier_control_G1797477789_S442833702_P631534438.json.gz",generated_results,76427
ignored,"data/stage2_failure_analysis/day13_new_seed/stage2_failure_day13_new_seed_v1/calibration/case_cache/day13_calibration_geometry_L3_gross_outlier_control_G1797477789_S513591578_P1592645163.json.gz",generated_results,76906
ignored,"data/stage2_failure_analysis/day13_new_seed/stage2_failure_day13_new_seed_v1/calibration/case_cache/day13_calibration_geometry_L3_gross_outlier_control_G1797477789_S513591578_P631534438.json.gz",generated_results,77028
ignored,"data/stage2_failure_analysis/day13_new_seed/stage2_failure_day13_new_seed_v1/calibration/case_cache/day13_calibration_geometry_L3_gross_outlier_control_G2099270786_S442833702_P1592645163.json.gz",generated_results,76828
ignored,"data/stage2_failure_analysis/day13_new_seed/stage2_failure_day13_new_seed_v1/calibration/case_cache/day13_calibration_geometry_L3_gross_outlier_control_G2099270786_S442833702_P631534438.json.gz",generated_results,77099
ignored,"data/stage2_failure_analysis/day13_new_seed/stage2_failure_day13_new_seed_v1/calibration/case_cache/day13_calibration_geometry_L3_gross_outlier_control_G2099270786_S513591578_P1592645163.json.gz",generated_results,76943
ignored,"data/stage2_failure_analysis/day13_new_seed/stage2_failure_day13_new_seed_v1/calibration/case_cache/day13_calibration_geometry_L3_gross_outlier_control_G2099270786_S513591578_P631534438.json.gz",generated_results,76548
ignored,"data/stage2_failure_analysis/day13_new_seed/stage2_failure_day13_new_seed_v1/calibration/case_cache/day13_calibration_geometry_L4_clean_G148529353_S442833702_P1592645163.json.gz",generated_results,74727
ignored,"data/stage2_failure_analysis/day13_new_seed/stage2_failure_day13_new_seed_v1/calibration/case_cache/day13_calibration_geometry_L4_clean_G148529353_S442833702_P631534438.json.gz",generated_results,75096
ignored,"data/stage2_failure_analysis/day13_new_seed/stage2_failure_day13_new_seed_v1/calibration/case_cache/day13_calibration_geometry_L4_clean_G148529353_S513591578_P1592645163.json.gz",generated_results,73985
ignored,"data/stage2_failure_analysis/day13_new_seed/stage2_failure_day13_new_seed_v1/calibration/case_cache/day13_calibration_geometry_L4_clean_G148529353_S513591578_P631534438.json.gz",generated_results,74274
ignored,"data/stage2_failure_analysis/day13_new_seed/stage2_failure_day13_new_seed_v1/calibration/case_cache/day13_calibration_geometry_L4_clean_G1697711877_S442833702_P1592645163.json.gz",generated_results,74270
ignored,"data/stage2_failure_analysis/day13_new_seed/stage2_failure_day13_new_seed_v1/calibration/case_cache/day13_calibration_geometry_L4_clean_G1697711877_S442833702_P631534438.json.gz",generated_results,74383
ignored,"data/stage2_failure_analysis/day13_new_seed/stage2_failure_day13_new_seed_v1/calibration/case_cache/day13_calibration_geometry_L4_clean_G1697711877_S513591578_P1592645163.json.gz",generated_results,75068
ignored,"data/stage2_failure_analysis/day13_new_seed/stage2_failure_day13_new_seed_v1/calibration/case_cache/day13_calibration_geometry_L4_clean_G1697711877_S513591578_P631534438.json.gz",generated_results,74284
ignored,"data/stage2_failure_analysis/day13_new_seed/stage2_failure_day13_new_seed_v1/calibration/case_cache/day13_calibration_geometry_L4_clean_G1765595935_S442833702_P1592645163.json.gz",generated_results,74309
ignored,"data/stage2_failure_analysis/day13_new_seed/stage2_failure_day13_new_seed_v1/calibration/case_cache/day13_calibration_geometry_L4_clean_G1765595935_S442833702_P631534438.json.gz",generated_results,74264
ignored,"data/stage2_failure_analysis/day13_new_seed/stage2_failure_day13_new_seed_v1/calibration/case_cache/day13_calibration_geometry_L4_clean_G1765595935_S513591578_P1592645163.json.gz",generated_results,74912
ignored,"data/stage2_failure_analysis/day13_new_seed/stage2_failure_day13_new_seed_v1/calibration/case_cache/day13_calibration_geometry_L4_clean_G1765595935_S513591578_P631534438.json.gz",generated_results,74340
ignored,"data/stage2_failure_analysis/day13_new_seed/stage2_failure_day13_new_seed_v1/calibration/case_cache/day13_calibration_geometry_L4_clean_G1797477789_S442833702_P1592645163.json.gz",generated_results,74574
ignored,"data/stage2_failure_analysis/day13_new_seed/stage2_failure_day13_new_seed_v1/calibration/case_cache/day13_calibration_geometry_L4_clean_G1797477789_S442833702_P631534438.json.gz",generated_results,74010
ignored,"data/stage2_failure_analysis/day13_new_seed/stage2_failure_day13_new_seed_v1/calibration/case_cache/day13_calibration_geometry_L4_clean_G1797477789_S513591578_P1592645163.json.gz",generated_results,74735
ignored,"data/stage2_failure_analysis/day13_new_seed/stage2_failure_day13_new_seed_v1/calibration/case_cache/day13_calibration_geometry_L4_clean_G1797477789_S513591578_P631534438.json.gz",generated_results,74110
ignored,"data/stage2_failure_analysis/day13_new_seed/stage2_failure_day13_new_seed_v1/calibration/case_cache/day13_calibration_geometry_L4_clean_G2099270786_S442833702_P1592645163.json.gz",generated_results,75552
ignored,"data/stage2_failure_analysis/day13_new_seed/stage2_failure_day13_new_seed_v1/calibration/case_cache/day13_calibration_geometry_L4_clean_G2099270786_S442833702_P631534438.json.gz",generated_results,75383
ignored,"data/stage2_failure_analysis/day13_new_seed/stage2_failure_day13_new_seed_v1/calibration/case_cache/day13_calibration_geometry_L4_clean_G2099270786_S513591578_P1592645163.json.gz",generated_results,74625
ignored,"data/stage2_failure_analysis/day13_new_seed/stage2_failure_day13_new_seed_v1/calibration/case_cache/day13_calibration_geometry_L4_clean_G2099270786_S513591578_P631534438.json.gz",generated_results,74766
ignored,"data/stage2_failure_analysis/day13_new_seed/stage2_failure_day13_new_seed_v1/calibration/case_cache/day13_calibration_geometry_L4_coherent_subhuber_slip_G148529353_S442833702_P1592645163.json.gz",generated_results,77705
ignored,"data/stage2_failure_analysis/day13_new_seed/stage2_failure_day13_new_seed_v1/calibration/case_cache/day13_calibration_geometry_L4_coherent_subhuber_slip_G148529353_S442833702_P631534438.json.gz",generated_results,77760
ignored,"data/stage2_failure_analysis/day13_new_seed/stage2_failure_day13_new_seed_v1/calibration/case_cache/day13_calibration_geometry_L4_coherent_subhuber_slip_G148529353_S513591578_P1592645163.json.gz",generated_results,77069
ignored,"data/stage2_failure_analysis/day13_new_seed/stage2_failure_day13_new_seed_v1/calibration/case_cache/day13_calibration_geometry_L4_coherent_subhuber_slip_G148529353_S513591578_P631534438.json.gz",generated_results,76907
ignored,"data/stage2_failure_analysis/day13_new_seed/stage2_failure_day13_new_seed_v1/calibration/case_cache/day13_calibration_geometry_L4_coherent_subhuber_slip_G1697711877_S442833702_P1592645163.json.gz",generated_results,77287
ignored,"data/stage2_failure_analysis/day13_new_seed/stage2_failure_day13_new_seed_v1/calibration/case_cache/day13_calibration_geometry_L4_coherent_subhuber_slip_G1697711877_S442833702_P631534438.json.gz",generated_results,77255
ignored,"data/stage2_failure_analysis/day13_new_seed/stage2_failure_day13_new_seed_v1/calibration/case_cache/day13_calibration_geometry_L4_coherent_subhuber_slip_G1697711877_S513591578_P1592645163.json.gz",generated_results,77636
ignored,"data/stage2_failure_analysis/day13_new_seed/stage2_failure_day13_new_seed_v1/calibration/case_cache/day13_calibration_geometry_L4_coherent_subhuber_slip_G1697711877_S513591578_P631534438.json.gz",generated_results,77514
ignored,"data/stage2_failure_analysis/day13_new_seed/stage2_failure_day13_new_seed_v1/calibration/case_cache/day13_calibration_geometry_L4_coherent_subhuber_slip_G1765595935_S442833702_P1592645163.json.gz",generated_results,76946
ignored,"data/stage2_failure_analysis/day13_new_seed/stage2_failure_day13_new_seed_v1/calibration/case_cache/day13_calibration_geometry_L4_coherent_subhuber_slip_G1765595935_S442833702_P631534438.json.gz",generated_results,77530
ignored,"data/stage2_failure_analysis/day13_new_seed/stage2_failure_day13_new_seed_v1/calibration/case_cache/day13_calibration_geometry_L4_coherent_subhuber_slip_G1765595935_S513591578_P1592645163.json.gz",generated_results,77310
ignored,"data/stage2_failure_analysis/day13_new_seed/stage2_failure_day13_new_seed_v1/calibration/case_cache/day13_calibration_geometry_L4_coherent_subhuber_slip_G1765595935_S513591578_P631534438.json.gz",generated_results,76907
ignored,"data/stage2_failure_analysis/day13_new_seed/stage2_failure_day13_new_seed_v1/calibration/case_cache/day13_calibration_geometry_L4_coherent_subhuber_slip_G1797477789_S442833702_P1592645163.json.gz",generated_results,76996
ignored,"data/stage2_failure_analysis/day13_new_seed/stage2_failure_day13_new_seed_v1/calibration/case_cache/day13_calibration_geometry_L4_coherent_subhuber_slip_G1797477789_S442833702_P631534438.json.gz",generated_results,76919
ignored,"data/stage2_failure_analysis/day13_new_seed/stage2_failure_day13_new_seed_v1/calibration/case_cache/day13_calibration_geometry_L4_coherent_subhuber_slip_G1797477789_S513591578_P1592645163.json.gz",generated_results,76998
ignored,"data/stage2_failure_analysis/day13_new_seed/stage2_failure_day13_new_seed_v1/calibration/case_cache/day13_calibration_geometry_L4_coherent_subhuber_slip_G1797477789_S513591578_P631534438.json.gz",generated_results,77051
ignored,"data/stage2_failure_analysis/day13_new_seed/stage2_failure_day13_new_seed_v1/calibration/case_cache/day13_calibration_geometry_L4_coherent_subhuber_slip_G2099270786_S442833702_P1592645163.json.gz",generated_results,78314
ignored,"data/stage2_failure_analysis/day13_new_seed/stage2_failure_day13_new_seed_v1/calibration/case_cache/day13_calibration_geometry_L4_coherent_subhuber_slip_G2099270786_S442833702_P631534438.json.gz",generated_results,77980
ignored,"data/stage2_failure_analysis/day13_new_seed/stage2_failure_day13_new_seed_v1/calibration/case_cache/day13_calibration_geometry_L4_coherent_subhuber_slip_G2099270786_S513591578_P1592645163.json.gz",generated_results,77391
ignored,"data/stage2_failure_analysis/day13_new_seed/stage2_failure_day13_new_seed_v1/calibration/case_cache/day13_calibration_geometry_L4_coherent_subhuber_slip_G2099270786_S513591578_P631534438.json.gz",generated_results,77463
ignored,"data/stage2_failure_analysis/day13_new_seed/stage2_failure_day13_new_seed_v1/calibration/case_cache/day13_calibration_geometry_L4_gross_outlier_control_G148529353_S442833702_P1592645163.json.gz",generated_results,76307
ignored,"data/stage2_failure_analysis/day13_new_seed/stage2_failure_day13_new_seed_v1/calibration/case_cache/day13_calibration_geometry_L4_gross_outlier_control_G148529353_S442833702_P631534438.json.gz",generated_results,76584
ignored,"data/stage2_failure_analysis/day13_new_seed/stage2_failure_day13_new_seed_v1/calibration/case_cache/day13_calibration_geometry_L4_gross_outlier_control_G148529353_S513591578_P1592645163.json.gz",generated_results,75613
ignored,"data/stage2_failure_analysis/day13_new_seed/stage2_failure_day13_new_seed_v1/calibration/case_cache/day13_calibration_geometry_L4_gross_outlier_control_G148529353_S513591578_P631534438.json.gz",generated_results,75930
ignored,"data/stage2_failure_analysis/day13_new_seed/stage2_failure_day13_new_seed_v1/calibration/case_cache/day13_calibration_geometry_L4_gross_outlier_control_G1697711877_S442833702_P1592645163.json.gz",generated_results,75896
ignored,"data/stage2_failure_analysis/day13_new_seed/stage2_failure_day13_new_seed_v1/calibration/case_cache/day13_calibration_geometry_L4_gross_outlier_control_G1697711877_S442833702_P631534438.json.gz",generated_results,75731
ignored,"data/stage2_failure_analysis/day13_new_seed/stage2_failure_day13_new_seed_v1/calibration/case_cache/day13_calibration_geometry_L4_gross_outlier_control_G1697711877_S513591578_P1592645163.json.gz",generated_results,76571
ignored,"data/stage2_failure_analysis/day13_new_seed/stage2_failure_day13_new_seed_v1/calibration/case_cache/day13_calibration_geometry_L4_gross_outlier_control_G1697711877_S513591578_P631534438.json.gz",generated_results,76098
ignored,"data/stage2_failure_analysis/day13_new_seed/stage2_failure_day13_new_seed_v1/calibration/case_cache/day13_calibration_geometry_L4_gross_outlier_control_G1765595935_S442833702_P1592645163.json.gz",generated_results,75856
ignored,"data/stage2_failure_analysis/day13_new_seed/stage2_failure_day13_new_seed_v1/calibration/case_cache/day13_calibration_geometry_L4_gross_outlier_control_G1765595935_S442833702_P631534438.json.gz",generated_results,76068
ignored,"data/stage2_failure_analysis/day13_new_seed/stage2_failure_day13_new_seed_v1/calibration/case_cache/day13_calibration_geometry_L4_gross_outlier_control_G1765595935_S513591578_P1592645163.json.gz",generated_results,76443
ignored,"data/stage2_failure_analysis/day13_new_seed/stage2_failure_day13_new_seed_v1/calibration/case_cache/day13_calibration_geometry_L4_gross_outlier_control_G1765595935_S513591578_P631534438.json.gz",generated_results,75986
ignored,"data/stage2_failure_analysis/day13_new_seed/stage2_failure_day13_new_seed_v1/calibration/case_cache/day13_calibration_geometry_L4_gross_outlier_control_G1797477789_S442833702_P1592645163.json.gz",generated_results,76427
ignored,"data/stage2_failure_analysis/day13_new_seed/stage2_failure_day13_new_seed_v1/calibration/case_cache/day13_calibration_geometry_L4_gross_outlier_control_G1797477789_S442833702_P631534438.json.gz",generated_results,75386
ignored,"data/stage2_failure_analysis/day13_new_seed/stage2_failure_day13_new_seed_v1/calibration/case_cache/day13_calibration_geometry_L4_gross_outlier_control_G1797477789_S513591578_P1592645163.json.gz",generated_results,76582
ignored,"data/stage2_failure_analysis/day13_new_seed/stage2_failure_day13_new_seed_v1/calibration/case_cache/day13_calibration_geometry_L4_gross_outlier_control_G1797477789_S513591578_P631534438.json.gz",generated_results,75921
ignored,"data/stage2_failure_analysis/day13_new_seed/stage2_failure_day13_new_seed_v1/calibration/case_cache/day13_calibration_geometry_L4_gross_outlier_control_G2099270786_S442833702_P1592645163.json.gz",generated_results,76835
ignored,"data/stage2_failure_analysis/day13_new_seed/stage2_failure_day13_new_seed_v1/calibration/case_cache/day13_calibration_geometry_L4_gross_outlier_control_G2099270786_S442833702_P631534438.json.gz",generated_results,76579
ignored,"data/stage2_failure_analysis/day13_new_seed/stage2_failure_day13_new_seed_v1/calibration/case_cache/day13_calibration_geometry_L4_gross_outlier_control_G2099270786_S513591578_P1592645163.json.gz",generated_results,76161
ignored,"data/stage2_failure_analysis/day13_new_seed/stage2_failure_day13_new_seed_v1/calibration/case_cache/day13_calibration_geometry_L4_gross_outlier_control_G2099270786_S513591578_P631534438.json.gz",generated_results,76557
ignored,"data/stage2_failure_analysis/day13_new_seed/stage2_failure_day13_new_seed_v1/calibration/case_cache/day13_calibration_observation_O3_clean_G148529353_S442833702_P1592645163.json.gz",generated_results,74895
ignored,"data/stage2_failure_analysis/day13_new_seed/stage2_failure_day13_new_seed_v1/calibration/case_cache/day13_calibration_observation_O3_clean_G148529353_S442833702_P631534438.json.gz",generated_results,75179
ignored,"data/stage2_failure_analysis/day13_new_seed/stage2_failure_day13_new_seed_v1/calibration/case_cache/day13_calibration_observation_O3_clean_G148529353_S513591578_P1592645163.json.gz",generated_results,74610
ignored,"data/stage2_failure_analysis/day13_new_seed/stage2_failure_day13_new_seed_v1/calibration/case_cache/day13_calibration_observation_O3_clean_G148529353_S513591578_P631534438.json.gz",generated_results,74775
ignored,"data/stage2_failure_analysis/day13_new_seed/stage2_failure_day13_new_seed_v1/calibration/case_cache/day13_calibration_observation_O3_clean_G1697711877_S442833702_P1592645163.json.gz",generated_results,75016
ignored,"data/stage2_failure_analysis/day13_new_seed/stage2_failure_day13_new_seed_v1/calibration/case_cache/day13_calibration_observation_O3_clean_G1697711877_S442833702_P631534438.json.gz",generated_results,74675
ignored,"data/stage2_failure_analysis/day13_new_seed/stage2_failure_day13_new_seed_v1/calibration/case_cache/day13_calibration_observation_O3_clean_G1697711877_S513591578_P1592645163.json.gz",generated_results,75368
ignored,"data/stage2_failure_analysis/day13_new_seed/stage2_failure_day13_new_seed_v1/calibration/case_cache/day13_calibration_observation_O3_clean_G1697711877_S513591578_P631534438.json.gz",generated_results,74463
ignored,"data/stage2_failure_analysis/day13_new_seed/stage2_failure_day13_new_seed_v1/calibration/case_cache/day13_calibration_observation_O3_clean_G1765595935_S442833702_P1592645163.json.gz",generated_results,74933
ignored,"data/stage2_failure_analysis/day13_new_seed/stage2_failure_day13_new_seed_v1/calibration/case_cache/day13_calibration_observation_O3_clean_G1765595935_S442833702_P631534438.json.gz",generated_results,75150
ignored,"data/stage2_failure_analysis/day13_new_seed/stage2_failure_day13_new_seed_v1/calibration/case_cache/day13_calibration_observation_O3_clean_G1765595935_S513591578_P1592645163.json.gz",generated_results,74840
ignored,"data/stage2_failure_analysis/day13_new_seed/stage2_failure_day13_new_seed_v1/calibration/case_cache/day13_calibration_observation_O3_clean_G1765595935_S513591578_P631534438.json.gz",generated_results,74767
ignored,"data/stage2_failure_analysis/day13_new_seed/stage2_failure_day13_new_seed_v1/calibration/case_cache/day13_calibration_observation_O3_clean_G1797477789_S442833702_P1592645163.json.gz",generated_results,75193
ignored,"data/stage2_failure_analysis/day13_new_seed/stage2_failure_day13_new_seed_v1/calibration/case_cache/day13_calibration_observation_O3_clean_G1797477789_S442833702_P631534438.json.gz",generated_results,75290
ignored,"data/stage2_failure_analysis/day13_new_seed/stage2_failure_day13_new_seed_v1/calibration/case_cache/day13_calibration_observation_O3_clean_G1797477789_S513591578_P1592645163.json.gz",generated_results,74883
ignored,"data/stage2_failure_analysis/day13_new_seed/stage2_failure_day13_new_seed_v1/calibration/case_cache/day13_calibration_observation_O3_clean_G1797477789_S513591578_P631534438.json.gz",generated_results,74550
ignored,"data/stage2_failure_analysis/day13_new_seed/stage2_failure_day13_new_seed_v1/calibration/case_cache/day13_calibration_observation_O3_clean_G2099270786_S442833702_P1592645163.json.gz",generated_results,75239
ignored,"data/stage2_failure_analysis/day13_new_seed/stage2_failure_day13_new_seed_v1/calibration/case_cache/day13_calibration_observation_O3_clean_G2099270786_S442833702_P631534438.json.gz",generated_results,74961
ignored,"data/stage2_failure_analysis/day13_new_seed/stage2_failure_day13_new_seed_v1/calibration/case_cache/day13_calibration_observation_O3_clean_G2099270786_S513591578_P1592645163.json.gz",generated_results,74894
ignored,"data/stage2_failure_analysis/day13_new_seed/stage2_failure_day13_new_seed_v1/calibration/case_cache/day13_calibration_observation_O3_clean_G2099270786_S513591578_P631534438.json.gz",generated_results,75123
ignored,"data/stage2_failure_analysis/day13_new_seed/stage2_failure_day13_new_seed_v1/calibration/case_cache/day13_calibration_observation_O3_coherent_subhuber_slip_G148529353_S442833702_P1592645163.json.gz",generated_results,79218
ignored,"data/stage2_failure_analysis/day13_new_seed/stage2_failure_day13_new_seed_v1/calibration/case_cache/day13_calibration_observation_O3_coherent_subhuber_slip_G148529353_S442833702_P631534438.json.gz",generated_results,79446
ignored,"data/stage2_failure_analysis/day13_new_seed/stage2_failure_day13_new_seed_v1/calibration/case_cache/day13_calibration_observation_O3_coherent_subhuber_slip_G148529353_S513591578_P1592645163.json.gz",generated_results,79047
ignored,"data/stage2_failure_analysis/day13_new_seed/stage2_failure_day13_new_seed_v1/calibration/case_cache/day13_calibration_observation_O3_coherent_subhuber_slip_G148529353_S513591578_P631534438.json.gz",generated_results,78560
ignored,"data/stage2_failure_analysis/day13_new_seed/stage2_failure_day13_new_seed_v1/calibration/case_cache/day13_calibration_observation_O3_coherent_subhuber_slip_G1697711877_S442833702_P1592645163.json.gz",generated_results,79292
ignored,"data/stage2_failure_analysis/day13_new_seed/stage2_failure_day13_new_seed_v1/calibration/case_cache/day13_calibration_observation_O3_coherent_subhuber_slip_G1697711877_S442833702_P631534438.json.gz",generated_results,79368
ignored,"data/stage2_failure_analysis/day13_new_seed/stage2_failure_day13_new_seed_v1/calibration/case_cache/day13_calibration_observation_O3_coherent_subhuber_slip_G1697711877_S513591578_P1592645163.json.gz",generated_results,79326
ignored,"data/stage2_failure_analysis/day13_new_seed/stage2_failure_day13_new_seed_v1/calibration/case_cache/day13_calibration_observation_O3_coherent_subhuber_slip_G1697711877_S513591578_P631534438.json.gz",generated_results,79297
ignored,"data/stage2_failure_analysis/day13_new_seed/stage2_failure_day13_new_seed_v1/calibration/case_cache/day13_calibration_observation_O3_coherent_subhuber_slip_G1765595935_S442833702_P1592645163.json.gz",generated_results,79166
ignored,"data/stage2_failure_analysis/day13_new_seed/stage2_failure_day13_new_seed_v1/calibration/case_cache/day13_calibration_observation_O3_coherent_subhuber_slip_G1765595935_S442833702_P631534438.json.gz",generated_results,79283
ignored,"data/stage2_failure_analysis/day13_new_seed/stage2_failure_day13_new_seed_v1/calibration/case_cache/day13_calibration_observation_O3_coherent_subhuber_slip_G1765595935_S513591578_P1592645163.json.gz",generated_results,79033
ignored,"data/stage2_failure_analysis/day13_new_seed/stage2_failure_day13_new_seed_v1/calibration/case_cache/day13_calibration_observation_O3_coherent_subhuber_slip_G1765595935_S513591578_P631534438.json.gz",generated_results,79219
ignored,"data/stage2_failure_analysis/day13_new_seed/stage2_failure_day13_new_seed_v1/calibration/case_cache/day13_calibration_observation_O3_coherent_subhuber_slip_G1797477789_S442833702_P1592645163.json.gz",generated_results,78994
ignored,"data/stage2_failure_analysis/day13_new_seed/stage2_failure_day13_new_seed_v1/calibration/case_cache/day13_calibration_observation_O3_coherent_subhuber_slip_G1797477789_S442833702_P631534438.json.gz",generated_results,79604
ignored,"data/stage2_failure_analysis/day13_new_seed/stage2_failure_day13_new_seed_v1/calibration/case_cache/day13_calibration_observation_O3_coherent_subhuber_slip_G1797477789_S513591578_P1592645163.json.gz",generated_results,78996
ignored,"data/stage2_failure_analysis/day13_new_seed/stage2_failure_day13_new_seed_v1/calibration/case_cache/day13_calibration_observation_O3_coherent_subhuber_slip_G1797477789_S513591578_P631534438.json.gz",generated_results,78959
ignored,"data/stage2_failure_analysis/day13_new_seed/stage2_failure_day13_new_seed_v1/calibration/case_cache/day13_calibration_observation_O3_coherent_subhuber_slip_G2099270786_S442833702_P1592645163.json.gz",generated_results,80150
ignored,"data/stage2_failure_analysis/day13_new_seed/stage2_failure_day13_new_seed_v1/calibration/case_cache/day13_calibration_observation_O3_coherent_subhuber_slip_G2099270786_S442833702_P631534438.json.gz",generated_results,79625
ignored,"data/stage2_failure_analysis/day13_new_seed/stage2_failure_day13_new_seed_v1/calibration/case_cache/day13_calibration_observation_O3_coherent_subhuber_slip_G2099270786_S513591578_P1592645163.json.gz",generated_results,79273
ignored,"data/stage2_failure_analysis/day13_new_seed/stage2_failure_day13_new_seed_v1/calibration/case_cache/day13_calibration_observation_O3_coherent_subhuber_slip_G2099270786_S513591578_P631534438.json.gz",generated_results,79056
ignored,"data/stage2_failure_analysis/day13_new_seed/stage2_failure_day13_new_seed_v1/calibration/case_cache/day13_calibration_observation_O3_gross_outlier_control_G148529353_S442833702_P1592645163.json.gz",generated_results,77339
ignored,"data/stage2_failure_analysis/day13_new_seed/stage2_failure_day13_new_seed_v1/calibration/case_cache/day13_calibration_observation_O3_gross_outlier_control_G148529353_S442833702_P631534438.json.gz",generated_results,77603
ignored,"data/stage2_failure_analysis/day13_new_seed/stage2_failure_day13_new_seed_v1/calibration/case_cache/day13_calibration_observation_O3_gross_outlier_control_G148529353_S513591578_P1592645163.json.gz",generated_results,77124
ignored,"data/stage2_failure_analysis/day13_new_seed/stage2_failure_day13_new_seed_v1/calibration/case_cache/day13_calibration_observation_O3_gross_outlier_control_G148529353_S513591578_P631534438.json.gz",generated_results,77175
ignored,"data/stage2_failure_analysis/day13_new_seed/stage2_failure_day13_new_seed_v1/calibration/case_cache/day13_calibration_observation_O3_gross_outlier_control_G1697711877_S442833702_P1592645163.json.gz",generated_results,77023
ignored,"data/stage2_failure_analysis/day13_new_seed/stage2_failure_day13_new_seed_v1/calibration/case_cache/day13_calibration_observation_O3_gross_outlier_control_G1697711877_S442833702_P631534438.json.gz",generated_results,77310
ignored,"data/stage2_failure_analysis/day13_new_seed/stage2_failure_day13_new_seed_v1/calibration/case_cache/day13_calibration_observation_O3_gross_outlier_control_G1697711877_S513591578_P1592645163.json.gz",generated_results,77657
ignored,"data/stage2_failure_analysis/day13_new_seed/stage2_failure_day13_new_seed_v1/calibration/case_cache/day13_calibration_observation_O3_gross_outlier_control_G1697711877_S513591578_P631534438.json.gz",generated_results,77099
ignored,"data/stage2_failure_analysis/day13_new_seed/stage2_failure_day13_new_seed_v1/calibration/case_cache/day13_calibration_observation_O3_gross_outlier_control_G1765595935_S442833702_P1592645163.json.gz",generated_results,77133
ignored,"data/stage2_failure_analysis/day13_new_seed/stage2_failure_day13_new_seed_v1/calibration/case_cache/day13_calibration_observation_O3_gross_outlier_control_G1765595935_S442833702_P631534438.json.gz",generated_results,77377
ignored,"data/stage2_failure_analysis/day13_new_seed/stage2_failure_day13_new_seed_v1/calibration/case_cache/day13_calibration_observation_O3_gross_outlier_control_G1765595935_S513591578_P1592645163.json.gz",generated_results,77067
ignored,"data/stage2_failure_analysis/day13_new_seed/stage2_failure_day13_new_seed_v1/calibration/case_cache/day13_calibration_observation_O3_gross_outlier_control_G1765595935_S513591578_P631534438.json.gz",generated_results,77156
ignored,"data/stage2_failure_analysis/day13_new_seed/stage2_failure_day13_new_seed_v1/calibration/case_cache/day13_calibration_observation_O3_gross_outlier_control_G1797477789_S442833702_P1592645163.json.gz",generated_results,77763
ignored,"data/stage2_failure_analysis/day13_new_seed/stage2_failure_day13_new_seed_v1/calibration/case_cache/day13_calibration_observation_O3_gross_outlier_control_G1797477789_S442833702_P631534438.json.gz",generated_results,77841
ignored,"data/stage2_failure_analysis/day13_new_seed/stage2_failure_day13_new_seed_v1/calibration/case_cache/day13_calibration_observation_O3_gross_outlier_control_G1797477789_S513591578_P1592645163.json.gz",generated_results,77528
ignored,"data/stage2_failure_analysis/day13_new_seed/stage2_failure_day13_new_seed_v1/calibration/case_cache/day13_calibration_observation_O3_gross_outlier_control_G1797477789_S513591578_P631534438.json.gz",generated_results,77120
ignored,"data/stage2_failure_analysis/day13_new_seed/stage2_failure_day13_new_seed_v1/calibration/case_cache/day13_calibration_observation_O3_gross_outlier_control_G2099270786_S442833702_P1592645163.json.gz",generated_results,77406
ignored,"data/stage2_failure_analysis/day13_new_seed/stage2_failure_day13_new_seed_v1/calibration/case_cache/day13_calibration_observation_O3_gross_outlier_control_G2099270786_S442833702_P631534438.json.gz",generated_results,77211
ignored,"data/stage2_failure_analysis/day13_new_seed/stage2_failure_day13_new_seed_v1/calibration/case_cache/day13_calibration_observation_O3_gross_outlier_control_G2099270786_S513591578_P1592645163.json.gz",generated_results,77634
ignored,"data/stage2_failure_analysis/day13_new_seed/stage2_failure_day13_new_seed_v1/calibration/case_cache/day13_calibration_observation_O3_gross_outlier_control_G2099270786_S513591578_P631534438.json.gz",generated_results,77666
ignored,"data/stage2_failure_analysis/day13_new_seed/stage2_failure_day13_new_seed_v1/calibration/case_cache/day13_calibration_observation_O4_clean_G148529353_S442833702_P1592645163.json.gz",generated_results,74516
ignored,"data/stage2_failure_analysis/day13_new_seed/stage2_failure_day13_new_seed_v1/calibration/case_cache/day13_calibration_observation_O4_clean_G148529353_S442833702_P631534438.json.gz",generated_results,74774
ignored,"data/stage2_failure_analysis/day13_new_seed/stage2_failure_day13_new_seed_v1/calibration/case_cache/day13_calibration_observation_O4_clean_G148529353_S513591578_P1592645163.json.gz",generated_results,74484
ignored,"data/stage2_failure_analysis/day13_new_seed/stage2_failure_day13_new_seed_v1/calibration/case_cache/day13_calibration_observation_O4_clean_G148529353_S513591578_P631534438.json.gz",generated_results,74247
ignored,"data/stage2_failure_analysis/day13_new_seed/stage2_failure_day13_new_seed_v1/calibration/case_cache/day13_calibration_observation_O4_clean_G1697711877_S442833702_P1592645163.json.gz",generated_results,73918
ignored,"data/stage2_failure_analysis/day13_new_seed/stage2_failure_day13_new_seed_v1/calibration/case_cache/day13_calibration_observation_O4_clean_G1697711877_S442833702_P631534438.json.gz",generated_results,74195
ignored,"data/stage2_failure_analysis/day13_new_seed/stage2_failure_day13_new_seed_v1/calibration/case_cache/day13_calibration_observation_O4_clean_G1697711877_S513591578_P1592645163.json.gz",generated_results,74702
ignored,"data/stage2_failure_analysis/day13_new_seed/stage2_failure_day13_new_seed_v1/calibration/case_cache/day13_calibration_observation_O4_clean_G1697711877_S513591578_P631534438.json.gz",generated_results,74111
ignored,"data/stage2_failure_analysis/day13_new_seed/stage2_failure_day13_new_seed_v1/calibration/case_cache/day13_calibration_observation_O4_clean_G1765595935_S442833702_P1592645163.json.gz",generated_results,74636
ignored,"data/stage2_failure_analysis/day13_new_seed/stage2_failure_day13_new_seed_v1/calibration/case_cache/day13_calibration_observation_O4_clean_G1765595935_S442833702_P631534438.json.gz",generated_results,74389
ignored,"data/stage2_failure_analysis/day13_new_seed/stage2_failure_day13_new_seed_v1/calibration/case_cache/day13_calibration_observation_O4_clean_G1765595935_S513591578_P1592645163.json.gz",generated_results,74222
ignored,"data/stage2_failure_analysis/day13_new_seed/stage2_failure_day13_new_seed_v1/calibration/case_cache/day13_calibration_observation_O4_clean_G1765595935_S513591578_P631534438.json.gz",generated_results,74207
ignored,"data/stage2_failure_analysis/day13_new_seed/stage2_failure_day13_new_seed_v1/calibration/case_cache/day13_calibration_observation_O4_clean_G1797477789_S442833702_P1592645163.json.gz",generated_results,74486
ignored,"data/stage2_failure_analysis/day13_new_seed/stage2_failure_day13_new_seed_v1/calibration/case_cache/day13_calibration_observation_O4_clean_G1797477789_S442833702_P631534438.json.gz",generated_results,73972
ignored,"data/stage2_failure_analysis/day13_new_seed/stage2_failure_day13_new_seed_v1/calibration/case_cache/day13_calibration_observation_O4_clean_G1797477789_S513591578_P1592645163.json.gz",generated_results,74454
ignored,"data/stage2_failure_analysis/day13_new_seed/stage2_failure_day13_new_seed_v1/calibration/case_cache/day13_calibration_observation_O4_clean_G1797477789_S513591578_P631534438.json.gz",generated_results,74418
ignored,"data/stage2_failure_analysis/day13_new_seed/stage2_failure_day13_new_seed_v1/calibration/case_cache/day13_calibration_observation_O4_clean_G2099270786_S442833702_P1592645163.json.gz",generated_results,74506
ignored,"data/stage2_failure_analysis/day13_new_seed/stage2_failure_day13_new_seed_v1/calibration/case_cache/day13_calibration_observation_O4_clean_G2099270786_S442833702_P631534438.json.gz",generated_results,74425
ignored,"data/stage2_failure_analysis/day13_new_seed/stage2_failure_day13_new_seed_v1/calibration/case_cache/day13_calibration_observation_O4_clean_G2099270786_S513591578_P1592645163.json.gz",generated_results,74251
ignored,"data/stage2_failure_analysis/day13_new_seed/stage2_failure_day13_new_seed_v1/calibration/case_cache/day13_calibration_observation_O4_clean_G2099270786_S513591578_P631534438.json.gz",generated_results,73993
ignored,"data/stage2_failure_analysis/day13_new_seed/stage2_failure_day13_new_seed_v1/calibration/case_cache/day13_calibration_observation_O4_coherent_subhuber_slip_G148529353_S442833702_P1592645163.json.gz",generated_results,78198
ignored,"data/stage2_failure_analysis/day13_new_seed/stage2_failure_day13_new_seed_v1/calibration/case_cache/day13_calibration_observation_O4_coherent_subhuber_slip_G148529353_S442833702_P631534438.json.gz",generated_results,78495
ignored,"data/stage2_failure_analysis/day13_new_seed/stage2_failure_day13_new_seed_v1/calibration/case_cache/day13_calibration_observation_O4_coherent_subhuber_slip_G148529353_S513591578_P1592645163.json.gz",generated_results,78651
ignored,"data/stage2_failure_analysis/day13_new_seed/stage2_failure_day13_new_seed_v1/calibration/case_cache/day13_calibration_observation_O4_coherent_subhuber_slip_G148529353_S513591578_P631534438.json.gz",generated_results,77846
ignored,"data/stage2_failure_analysis/day13_new_seed/stage2_failure_day13_new_seed_v1/calibration/case_cache/day13_calibration_observation_O4_coherent_subhuber_slip_G1697711877_S442833702_P1592645163.json.gz",generated_results,78180
ignored,"data/stage2_failure_analysis/day13_new_seed/stage2_failure_day13_new_seed_v1/calibration/case_cache/day13_calibration_observation_O4_coherent_subhuber_slip_G1697711877_S442833702_P631534438.json.gz",generated_results,78154
ignored,"data/stage2_failure_analysis/day13_new_seed/stage2_failure_day13_new_seed_v1/calibration/case_cache/day13_calibration_observation_O4_coherent_subhuber_slip_G1697711877_S513591578_P1592645163.json.gz",generated_results,78034
ignored,"data/stage2_failure_analysis/day13_new_seed/stage2_failure_day13_new_seed_v1/calibration/case_cache/day13_calibration_observation_O4_coherent_subhuber_slip_G1697711877_S513591578_P631534438.json.gz",generated_results,78323
ignored,"data/stage2_failure_analysis/day13_new_seed/stage2_failure_day13_new_seed_v1/calibration/case_cache/day13_calibration_observation_O4_coherent_subhuber_slip_G1765595935_S442833702_P1592645163.json.gz",generated_results,78205
ignored,"data/stage2_failure_analysis/day13_new_seed/stage2_failure_day13_new_seed_v1/calibration/case_cache/day13_calibration_observation_O4_coherent_subhuber_slip_G1765595935_S442833702_P631534438.json.gz",generated_results,78158
ignored,"data/stage2_failure_analysis/day13_new_seed/stage2_failure_day13_new_seed_v1/calibration/case_cache/day13_calibration_observation_O4_coherent_subhuber_slip_G1765595935_S513591578_P1592645163.json.gz",generated_results,77444
ignored,"data/stage2_failure_analysis/day13_new_seed/stage2_failure_day13_new_seed_v1/calibration/case_cache/day13_calibration_observation_O4_coherent_subhuber_slip_G1765595935_S513591578_P631534438.json.gz",generated_results,77904
ignored,"data/stage2_failure_analysis/day13_new_seed/stage2_failure_day13_new_seed_v1/calibration/case_cache/day13_calibration_observation_O4_coherent_subhuber_slip_G1797477789_S442833702_P1592645163.json.gz",generated_results,77899
ignored,"data/stage2_failure_analysis/day13_new_seed/stage2_failure_day13_new_seed_v1/calibration/case_cache/day13_calibration_observation_O4_coherent_subhuber_slip_G1797477789_S442833702_P631534438.json.gz",generated_results,77837
ignored,"data/stage2_failure_analysis/day13_new_seed/stage2_failure_day13_new_seed_v1/calibration/case_cache/day13_calibration_observation_O4_coherent_subhuber_slip_G1797477789_S513591578_P1592645163.json.gz",generated_results,77808
ignored,"data/stage2_failure_analysis/day13_new_seed/stage2_failure_day13_new_seed_v1/calibration/case_cache/day13_calibration_observation_O4_coherent_subhuber_slip_G1797477789_S513591578_P631534438.json.gz",generated_results,78079
ignored,"data/stage2_failure_analysis/day13_new_seed/stage2_failure_day13_new_seed_v1/calibration/case_cache/day13_calibration_observation_O4_coherent_subhuber_slip_G2099270786_S442833702_P1592645163.json.gz",generated_results,78636
ignored,"data/stage2_failure_analysis/day13_new_seed/stage2_failure_day13_new_seed_v1/calibration/case_cache/day13_calibration_observation_O4_coherent_subhuber_slip_G2099270786_S442833702_P631534438.json.gz",generated_results,78650
ignored,"data/stage2_failure_analysis/day13_new_seed/stage2_failure_day13_new_seed_v1/calibration/case_cache/day13_calibration_observation_O4_coherent_subhuber_slip_G2099270786_S513591578_P1592645163.json.gz",generated_results,78450
ignored,"data/stage2_failure_analysis/day13_new_seed/stage2_failure_day13_new_seed_v1/calibration/case_cache/day13_calibration_observation_O4_coherent_subhuber_slip_G2099270786_S513591578_P631534438.json.gz",generated_results,77906
ignored,"data/stage2_failure_analysis/day13_new_seed/stage2_failure_day13_new_seed_v1/calibration/case_cache/day13_calibration_observation_O4_gross_outlier_control_G148529353_S442833702_P1592645163.json.gz",generated_results,76311
ignored,"data/stage2_failure_analysis/day13_new_seed/stage2_failure_day13_new_seed_v1/calibration/case_cache/day13_calibration_observation_O4_gross_outlier_control_G148529353_S442833702_P631534438.json.gz",generated_results,76612
ignored,"data/stage2_failure_analysis/day13_new_seed/stage2_failure_day13_new_seed_v1/calibration/case_cache/day13_calibration_observation_O4_gross_outlier_control_G148529353_S513591578_P1592645163.json.gz",generated_results,76359
ignored,"data/stage2_failure_analysis/day13_new_seed/stage2_failure_day13_new_seed_v1/calibration/case_cache/day13_calibration_observation_O4_gross_outlier_control_G148529353_S513591578_P631534438.json.gz",generated_results,76350
ignored,"data/stage2_failure_analysis/day13_new_seed/stage2_failure_day13_new_seed_v1/calibration/case_cache/day13_calibration_observation_O4_gross_outlier_control_G1697711877_S442833702_P1592645163.json.gz",generated_results,75905
ignored,"data/stage2_failure_analysis/day13_new_seed/stage2_failure_day13_new_seed_v1/calibration/case_cache/day13_calibration_observation_O4_gross_outlier_control_G1697711877_S442833702_P631534438.json.gz",generated_results,76324
ignored,"data/stage2_failure_analysis/day13_new_seed/stage2_failure_day13_new_seed_v1/calibration/case_cache/day13_calibration_observation_O4_gross_outlier_control_G1697711877_S513591578_P1592645163.json.gz",generated_results,76545
ignored,"data/stage2_failure_analysis/day13_new_seed/stage2_failure_day13_new_seed_v1/calibration/case_cache/day13_calibration_observation_O4_gross_outlier_control_G1697711877_S513591578_P631534438.json.gz",generated_results,76355
ignored,"data/stage2_failure_analysis/day13_new_seed/stage2_failure_day13_new_seed_v1/calibration/case_cache/day13_calibration_observation_O4_gross_outlier_control_G1765595935_S442833702_P1592645163.json.gz",generated_results,76032
ignored,"data/stage2_failure_analysis/day13_new_seed/stage2_failure_day13_new_seed_v1/calibration/case_cache/day13_calibration_observation_O4_gross_outlier_control_G1765595935_S442833702_P631534438.json.gz",generated_results,76393
ignored,"data/stage2_failure_analysis/day13_new_seed/stage2_failure_day13_new_seed_v1/calibration/case_cache/day13_calibration_observation_O4_gross_outlier_control_G1765595935_S513591578_P1592645163.json.gz",generated_results,76127
ignored,"data/stage2_failure_analysis/day13_new_seed/stage2_failure_day13_new_seed_v1/calibration/case_cache/day13_calibration_observation_O4_gross_outlier_control_G1765595935_S513591578_P631534438.json.gz",generated_results,76297
ignored,"data/stage2_failure_analysis/day13_new_seed/stage2_failure_day13_new_seed_v1/calibration/case_cache/day13_calibration_observation_O4_gross_outlier_control_G1797477789_S442833702_P1592645163.json.gz",generated_results,76579
ignored,"data/stage2_failure_analysis/day13_new_seed/stage2_failure_day13_new_seed_v1/calibration/case_cache/day13_calibration_observation_O4_gross_outlier_control_G1797477789_S442833702_P631534438.json.gz",generated_results,76226
ignored,"data/stage2_failure_analysis/day13_new_seed/stage2_failure_day13_new_seed_v1/calibration/case_cache/day13_calibration_observation_O4_gross_outlier_control_G1797477789_S513591578_P1592645163.json.gz",generated_results,76745
ignored,"data/stage2_failure_analysis/day13_new_seed/stage2_failure_day13_new_seed_v1/calibration/case_cache/day13_calibration_observation_O4_gross_outlier_control_G1797477789_S513591578_P631534438.json.gz",generated_results,76492
ignored,"data/stage2_failure_analysis/day13_new_seed/stage2_failure_day13_new_seed_v1/calibration/case_cache/day13_calibration_observation_O4_gross_outlier_control_G2099270786_S442833702_P1592645163.json.gz",generated_results,76612
ignored,"data/stage2_failure_analysis/day13_new_seed/stage2_failure_day13_new_seed_v1/calibration/case_cache/day13_calibration_observation_O4_gross_outlier_control_G2099270786_S442833702_P631534438.json.gz",generated_results,76324
ignored,"data/stage2_failure_analysis/day13_new_seed/stage2_failure_day13_new_seed_v1/calibration/case_cache/day13_calibration_observation_O4_gross_outlier_control_G2099270786_S513591578_P1592645163.json.gz",generated_results,76120
ignored,"data/stage2_failure_analysis/day13_new_seed/stage2_failure_day13_new_seed_v1/calibration/case_cache/day13_calibration_observation_O4_gross_outlier_control_G2099270786_S513591578_P631534438.json.gz",generated_results,76220
ignored,"data/stage2_failure_analysis/day13_new_seed/stage2_failure_day13_new_seed_v1/calibration/case_cache/day13_calibration_open_control_OC_clean_G148529353_S442833702_P1592645163.json.gz",generated_results,70665
ignored,"data/stage2_failure_analysis/day13_new_seed/stage2_failure_day13_new_seed_v1/calibration/case_cache/day13_calibration_open_control_OC_clean_G148529353_S442833702_P631534438.json.gz",generated_results,70959
ignored,"data/stage2_failure_analysis/day13_new_seed/stage2_failure_day13_new_seed_v1/calibration/case_cache/day13_calibration_open_control_OC_clean_G148529353_S513591578_P1592645163.json.gz",generated_results,70255
ignored,"data/stage2_failure_analysis/day13_new_seed/stage2_failure_day13_new_seed_v1/calibration/case_cache/day13_calibration_open_control_OC_clean_G148529353_S513591578_P631534438.json.gz",generated_results,70624
ignored,"data/stage2_failure_analysis/day13_new_seed/stage2_failure_day13_new_seed_v1/calibration/case_cache/day13_calibration_open_control_OC_clean_G1697711877_S442833702_P1592645163.json.gz",generated_results,70461
ignored,"data/stage2_failure_analysis/day13_new_seed/stage2_failure_day13_new_seed_v1/calibration/case_cache/day13_calibration_open_control_OC_clean_G1697711877_S442833702_P631534438.json.gz",generated_results,70238
ignored,"data/stage2_failure_analysis/day13_new_seed/stage2_failure_day13_new_seed_v1/calibration/case_cache/day13_calibration_open_control_OC_clean_G1697711877_S513591578_P1592645163.json.gz",generated_results,70683
ignored,"data/stage2_failure_analysis/day13_new_seed/stage2_failure_day13_new_seed_v1/calibration/case_cache/day13_calibration_open_control_OC_clean_G1697711877_S513591578_P631534438.json.gz",generated_results,69688
ignored,"data/stage2_failure_analysis/day13_new_seed/stage2_failure_day13_new_seed_v1/calibration/case_cache/day13_calibration_open_control_OC_clean_G1765595935_S442833702_P1592645163.json.gz",generated_results,70618
ignored,"data/stage2_failure_analysis/day13_new_seed/stage2_failure_day13_new_seed_v1/calibration/case_cache/day13_calibration_open_control_OC_clean_G1765595935_S442833702_P631534438.json.gz",generated_results,70574
ignored,"data/stage2_failure_analysis/day13_new_seed/stage2_failure_day13_new_seed_v1/calibration/case_cache/day13_calibration_open_control_OC_clean_G1765595935_S513591578_P1592645163.json.gz",generated_results,70341
ignored,"data/stage2_failure_analysis/day13_new_seed/stage2_failure_day13_new_seed_v1/calibration/case_cache/day13_calibration_open_control_OC_clean_G1765595935_S513591578_P631534438.json.gz",generated_results,70288
ignored,"data/stage2_failure_analysis/day13_new_seed/stage2_failure_day13_new_seed_v1/calibration/case_cache/day13_calibration_open_control_OC_clean_G1797477789_S442833702_P1592645163.json.gz",generated_results,70297
ignored,"data/stage2_failure_analysis/day13_new_seed/stage2_failure_day13_new_seed_v1/calibration/case_cache/day13_calibration_open_control_OC_clean_G1797477789_S442833702_P631534438.json.gz",generated_results,70043
ignored,"data/stage2_failure_analysis/day13_new_seed/stage2_failure_day13_new_seed_v1/calibration/case_cache/day13_calibration_open_control_OC_clean_G1797477789_S513591578_P1592645163.json.gz",generated_results,69747
ignored,"data/stage2_failure_analysis/day13_new_seed/stage2_failure_day13_new_seed_v1/calibration/case_cache/day13_calibration_open_control_OC_clean_G1797477789_S513591578_P631534438.json.gz",generated_results,70039
ignored,"data/stage2_failure_analysis/day13_new_seed/stage2_failure_day13_new_seed_v1/calibration/case_cache/day13_calibration_open_control_OC_clean_G2099270786_S442833702_P1592645163.json.gz",generated_results,70363
ignored,"data/stage2_failure_analysis/day13_new_seed/stage2_failure_day13_new_seed_v1/calibration/case_cache/day13_calibration_open_control_OC_clean_G2099270786_S442833702_P631534438.json.gz",generated_results,70572
ignored,"data/stage2_failure_analysis/day13_new_seed/stage2_failure_day13_new_seed_v1/calibration/case_cache/day13_calibration_open_control_OC_clean_G2099270786_S513591578_P1592645163.json.gz",generated_results,70099
ignored,"data/stage2_failure_analysis/day13_new_seed/stage2_failure_day13_new_seed_v1/calibration/case_cache/day13_calibration_open_control_OC_clean_G2099270786_S513591578_P631534438.json.gz",generated_results,69843
ignored,"data/stage2_failure_analysis/day13_new_seed/stage2_failure_day13_new_seed_v1/evaluation/case_cache/day13_evaluation_geometry_L3_clean_G128077403_S2087974662_P1671729869.json.gz",generated_results,74996
ignored,"data/stage2_failure_analysis/day13_new_seed/stage2_failure_day13_new_seed_v1/evaluation/case_cache/day13_evaluation_geometry_L3_clean_G128077403_S2087974662_P788390312.json.gz",generated_results,74646
ignored,"data/stage2_failure_analysis/day13_new_seed/stage2_failure_day13_new_seed_v1/evaluation/case_cache/day13_evaluation_geometry_L3_clean_G128077403_S658360556_P1671729869.json.gz",generated_results,75094
ignored,"data/stage2_failure_analysis/day13_new_seed/stage2_failure_day13_new_seed_v1/evaluation/case_cache/day13_evaluation_geometry_L3_clean_G128077403_S658360556_P788390312.json.gz",generated_results,74521
ignored,"data/stage2_failure_analysis/day13_new_seed/stage2_failure_day13_new_seed_v1/evaluation/case_cache/day13_evaluation_geometry_L3_clean_G1573279497_S2087974662_P1671729869.json.gz",generated_results,75060
ignored,"data/stage2_failure_analysis/day13_new_seed/stage2_failure_day13_new_seed_v1/evaluation/case_cache/day13_evaluation_geometry_L3_clean_G1573279497_S2087974662_P788390312.json.gz",generated_results,74958
ignored,"data/stage2_failure_analysis/day13_new_seed/stage2_failure_day13_new_seed_v1/evaluation/case_cache/day13_evaluation_geometry_L3_clean_G1573279497_S658360556_P1671729869.json.gz",generated_results,74628
ignored,"data/stage2_failure_analysis/day13_new_seed/stage2_failure_day13_new_seed_v1/evaluation/case_cache/day13_evaluation_geometry_L3_clean_G1573279497_S658360556_P788390312.json.gz",generated_results,74974
ignored,"data/stage2_failure_analysis/day13_new_seed/stage2_failure_day13_new_seed_v1/evaluation/case_cache/day13_evaluation_geometry_L3_clean_G158012055_S2087974662_P1671729869.json.gz",generated_results,74517
ignored,"data/stage2_failure_analysis/day13_new_seed/stage2_failure_day13_new_seed_v1/evaluation/case_cache/day13_evaluation_geometry_L3_clean_G158012055_S2087974662_P788390312.json.gz",generated_results,74473
ignored,"data/stage2_failure_analysis/day13_new_seed/stage2_failure_day13_new_seed_v1/evaluation/case_cache/day13_evaluation_geometry_L3_clean_G158012055_S658360556_P1671729869.json.gz",generated_results,74776
ignored,"data/stage2_failure_analysis/day13_new_seed/stage2_failure_day13_new_seed_v1/evaluation/case_cache/day13_evaluation_geometry_L3_clean_G158012055_S658360556_P788390312.json.gz",generated_results,74998
ignored,"data/stage2_failure_analysis/day13_new_seed/stage2_failure_day13_new_seed_v1/evaluation/case_cache/day13_evaluation_geometry_L3_clean_G1608298725_S2087974662_P1671729869.json.gz",generated_results,74253
ignored,"data/stage2_failure_analysis/day13_new_seed/stage2_failure_day13_new_seed_v1/evaluation/case_cache/day13_evaluation_geometry_L3_clean_G1608298725_S2087974662_P788390312.json.gz",generated_results,74236
ignored,"data/stage2_failure_analysis/day13_new_seed/stage2_failure_day13_new_seed_v1/evaluation/case_cache/day13_evaluation_geometry_L3_clean_G1608298725_S658360556_P1671729869.json.gz",generated_results,74215
ignored,"data/stage2_failure_analysis/day13_new_seed/stage2_failure_day13_new_seed_v1/evaluation/case_cache/day13_evaluation_geometry_L3_clean_G1608298725_S658360556_P788390312.json.gz",generated_results,74645
ignored,"data/stage2_failure_analysis/day13_new_seed/stage2_failure_day13_new_seed_v1/evaluation/case_cache/day13_evaluation_geometry_L3_clean_G1610822625_S2087974662_P1671729869.json.gz",generated_results,74637
ignored,"data/stage2_failure_analysis/day13_new_seed/stage2_failure_day13_new_seed_v1/evaluation/case_cache/day13_evaluation_geometry_L3_clean_G1610822625_S2087974662_P788390312.json.gz",generated_results,74623
ignored,"data/stage2_failure_analysis/day13_new_seed/stage2_failure_day13_new_seed_v1/evaluation/case_cache/day13_evaluation_geometry_L3_clean_G1610822625_S658360556_P1671729869.json.gz",generated_results,74417
ignored,"data/stage2_failure_analysis/day13_new_seed/stage2_failure_day13_new_seed_v1/evaluation/case_cache/day13_evaluation_geometry_L3_clean_G1610822625_S658360556_P788390312.json.gz",generated_results,74557
ignored,"data/stage2_failure_analysis/day13_new_seed/stage2_failure_day13_new_seed_v1/evaluation/case_cache/day13_evaluation_geometry_L3_clean_G1803049395_S2087974662_P1671729869.json.gz",generated_results,75236
ignored,"data/stage2_failure_analysis/day13_new_seed/stage2_failure_day13_new_seed_v1/evaluation/case_cache/day13_evaluation_geometry_L3_clean_G1803049395_S2087974662_P788390312.json.gz",generated_results,74765
ignored,"data/stage2_failure_analysis/day13_new_seed/stage2_failure_day13_new_seed_v1/evaluation/case_cache/day13_evaluation_geometry_L3_clean_G1803049395_S658360556_P1671729869.json.gz",generated_results,74755
ignored,"data/stage2_failure_analysis/day13_new_seed/stage2_failure_day13_new_seed_v1/evaluation/case_cache/day13_evaluation_geometry_L3_clean_G1803049395_S658360556_P788390312.json.gz",generated_results,74802
ignored,"data/stage2_failure_analysis/day13_new_seed/stage2_failure_day13_new_seed_v1/evaluation/case_cache/day13_evaluation_geometry_L3_clean_G1933664818_S2087974662_P1671729869.json.gz",generated_results,75124
ignored,"data/stage2_failure_analysis/day13_new_seed/stage2_failure_day13_new_seed_v1/evaluation/case_cache/day13_evaluation_geometry_L3_clean_G1933664818_S2087974662_P788390312.json.gz",generated_results,75225
ignored,"data/stage2_failure_analysis/day13_new_seed/stage2_failure_day13_new_seed_v1/evaluation/case_cache/day13_evaluation_geometry_L3_clean_G1933664818_S658360556_P1671729869.json.gz",generated_results,74517
ignored,"data/stage2_failure_analysis/day13_new_seed/stage2_failure_day13_new_seed_v1/evaluation/case_cache/day13_evaluation_geometry_L3_clean_G1933664818_S658360556_P788390312.json.gz",generated_results,74988
ignored,"data/stage2_failure_analysis/day13_new_seed/stage2_failure_day13_new_seed_v1/evaluation/case_cache/day13_evaluation_geometry_L3_clean_G357735099_S2087974662_P1671729869.json.gz",generated_results,74761
ignored,"data/stage2_failure_analysis/day13_new_seed/stage2_failure_day13_new_seed_v1/evaluation/case_cache/day13_evaluation_geometry_L3_clean_G357735099_S2087974662_P788390312.json.gz",generated_results,74389
ignored,"data/stage2_failure_analysis/day13_new_seed/stage2_failure_day13_new_seed_v1/evaluation/case_cache/day13_evaluation_geometry_L3_clean_G357735099_S658360556_P1671729869.json.gz",generated_results,75148
ignored,"data/stage2_failure_analysis/day13_new_seed/stage2_failure_day13_new_seed_v1/evaluation/case_cache/day13_evaluation_geometry_L3_clean_G357735099_S658360556_P788390312.json.gz",generated_results,74499
ignored,"data/stage2_failure_analysis/day13_new_seed/stage2_failure_day13_new_seed_v1/evaluation/case_cache/day13_evaluation_geometry_L3_clean_G417860995_S2087974662_P1671729869.json.gz",generated_results,74242
ignored,"data/stage2_failure_analysis/day13_new_seed/stage2_failure_day13_new_seed_v1/evaluation/case_cache/day13_evaluation_geometry_L3_clean_G417860995_S2087974662_P788390312.json.gz",generated_results,74198
ignored,"data/stage2_failure_analysis/day13_new_seed/stage2_failure_day13_new_seed_v1/evaluation/case_cache/day13_evaluation_geometry_L3_clean_G417860995_S658360556_P1671729869.json.gz",generated_results,74733
ignored,"data/stage2_failure_analysis/day13_new_seed/stage2_failure_day13_new_seed_v1/evaluation/case_cache/day13_evaluation_geometry_L3_clean_G417860995_S658360556_P788390312.json.gz",generated_results,75567
ignored,"data/stage2_failure_analysis/day13_new_seed/stage2_failure_day13_new_seed_v1/evaluation/case_cache/day13_evaluation_geometry_L3_clean_G568461774_S2087974662_P1671729869.json.gz",generated_results,75032
ignored,"data/stage2_failure_analysis/day13_new_seed/stage2_failure_day13_new_seed_v1/evaluation/case_cache/day13_evaluation_geometry_L3_clean_G568461774_S2087974662_P788390312.json.gz",generated_results,74397
ignored,"data/stage2_failure_analysis/day13_new_seed/stage2_failure_day13_new_seed_v1/evaluation/case_cache/day13_evaluation_geometry_L3_clean_G568461774_S658360556_P1671729869.json.gz",generated_results,74598
ignored,"data/stage2_failure_analysis/day13_new_seed/stage2_failure_day13_new_seed_v1/evaluation/case_cache/day13_evaluation_geometry_L3_clean_G568461774_S658360556_P788390312.json.gz",generated_results,74701
ignored,"data/stage2_failure_analysis/day13_new_seed/stage2_failure_day13_new_seed_v1/evaluation/case_cache/day13_evaluation_geometry_L3_coherent_subhuber_slip_G128077403_S2087974662_P1671729869.json.gz",generated_results,78128
ignored,"data/stage2_failure_analysis/day13_new_seed/stage2_failure_day13_new_seed_v1/evaluation/case_cache/day13_evaluation_geometry_L3_coherent_subhuber_slip_G128077403_S2087974662_P788390312.json.gz",generated_results,77948
ignored,"data/stage2_failure_analysis/day13_new_seed/stage2_failure_day13_new_seed_v1/evaluation/case_cache/day13_evaluation_geometry_L3_coherent_subhuber_slip_G128077403_S658360556_P1671729869.json.gz",generated_results,78137
ignored,"data/stage2_failure_analysis/day13_new_seed/stage2_failure_day13_new_seed_v1/evaluation/case_cache/day13_evaluation_geometry_L3_coherent_subhuber_slip_G128077403_S658360556_P788390312.json.gz",generated_results,77639
ignored,"data/stage2_failure_analysis/day13_new_seed/stage2_failure_day13_new_seed_v1/evaluation/case_cache/day13_evaluation_geometry_L3_coherent_subhuber_slip_G1573279497_S2087974662_P1671729869.json.gz",generated_results,78071
ignored,"data/stage2_failure_analysis/day13_new_seed/stage2_failure_day13_new_seed_v1/evaluation/case_cache/day13_evaluation_geometry_L3_coherent_subhuber_slip_G1573279497_S2087974662_P788390312.json.gz",generated_results,77972
ignored,"data/stage2_failure_analysis/day13_new_seed/stage2_failure_day13_new_seed_v1/evaluation/case_cache/day13_evaluation_geometry_L3_coherent_subhuber_slip_G1573279497_S658360556_P1671729869.json.gz",generated_results,77687
ignored,"data/stage2_failure_analysis/day13_new_seed/stage2_failure_day13_new_seed_v1/evaluation/case_cache/day13_evaluation_geometry_L3_coherent_subhuber_slip_G1573279497_S658360556_P788390312.json.gz",generated_results,77886
ignored,"data/stage2_failure_analysis/day13_new_seed/stage2_failure_day13_new_seed_v1/evaluation/case_cache/day13_evaluation_geometry_L3_coherent_subhuber_slip_G158012055_S2087974662_P1671729869.json.gz",generated_results,77471
ignored,"data/stage2_failure_analysis/day13_new_seed/stage2_failure_day13_new_seed_v1/evaluation/case_cache/day13_evaluation_geometry_L3_coherent_subhuber_slip_G158012055_S2087974662_P788390312.json.gz",generated_results,77280
ignored,"data/stage2_failure_analysis/day13_new_seed/stage2_failure_day13_new_seed_v1/evaluation/case_cache/day13_evaluation_geometry_L3_coherent_subhuber_slip_G158012055_S658360556_P1671729869.json.gz",generated_results,77874
ignored,"data/stage2_failure_analysis/day13_new_seed/stage2_failure_day13_new_seed_v1/evaluation/case_cache/day13_evaluation_geometry_L3_coherent_subhuber_slip_G158012055_S658360556_P788390312.json.gz",generated_results,78330
ignored,"data/stage2_failure_analysis/day13_new_seed/stage2_failure_day13_new_seed_v1/evaluation/case_cache/day13_evaluation_geometry_L3_coherent_subhuber_slip_G1608298725_S2087974662_P1671729869.json.gz",generated_results,77543
ignored,"data/stage2_failure_analysis/day13_new_seed/stage2_failure_day13_new_seed_v1/evaluation/case_cache/day13_evaluation_geometry_L3_coherent_subhuber_slip_G1608298725_S2087974662_P788390312.json.gz",generated_results,77152
ignored,"data/stage2_failure_analysis/day13_new_seed/stage2_failure_day13_new_seed_v1/evaluation/case_cache/day13_evaluation_geometry_L3_coherent_subhuber_slip_G1608298725_S658360556_P1671729869.json.gz",generated_results,77427
ignored,"data/stage2_failure_analysis/day13_new_seed/stage2_failure_day13_new_seed_v1/evaluation/case_cache/day13_evaluation_geometry_L3_coherent_subhuber_slip_G1608298725_S658360556_P788390312.json.gz",generated_results,77567
ignored,"data/stage2_failure_analysis/day13_new_seed/stage2_failure_day13_new_seed_v1/evaluation/case_cache/day13_evaluation_geometry_L3_coherent_subhuber_slip_G1610822625_S2087974662_P1671729869.json.gz",generated_results,77810
ignored,"data/stage2_failure_analysis/day13_new_seed/stage2_failure_day13_new_seed_v1/evaluation/case_cache/day13_evaluation_geometry_L3_coherent_subhuber_slip_G1610822625_S2087974662_P788390312.json.gz",generated_results,77731
ignored,"data/stage2_failure_analysis/day13_new_seed/stage2_failure_day13_new_seed_v1/evaluation/case_cache/day13_evaluation_geometry_L3_coherent_subhuber_slip_G1610822625_S658360556_P1671729869.json.gz",generated_results,77474
ignored,"data/stage2_failure_analysis/day13_new_seed/stage2_failure_day13_new_seed_v1/evaluation/case_cache/day13_evaluation_geometry_L3_coherent_subhuber_slip_G1610822625_S658360556_P788390312.json.gz",generated_results,77840
ignored,"data/stage2_failure_analysis/day13_new_seed/stage2_failure_day13_new_seed_v1/evaluation/case_cache/day13_evaluation_geometry_L3_coherent_subhuber_slip_G1803049395_S2087974662_P1671729869.json.gz",generated_results,78186
ignored,"data/stage2_failure_analysis/day13_new_seed/stage2_failure_day13_new_seed_v1/evaluation/case_cache/day13_evaluation_geometry_L3_coherent_subhuber_slip_G1803049395_S2087974662_P788390312.json.gz",generated_results,77894
ignored,"data/stage2_failure_analysis/day13_new_seed/stage2_failure_day13_new_seed_v1/evaluation/case_cache/day13_evaluation_geometry_L3_coherent_subhuber_slip_G1803049395_S658360556_P1671729869.json.gz",generated_results,77872
ignored,"data/stage2_failure_analysis/day13_new_seed/stage2_failure_day13_new_seed_v1/evaluation/case_cache/day13_evaluation_geometry_L3_coherent_subhuber_slip_G1803049395_S658360556_P788390312.json.gz",generated_results,77663
ignored,"data/stage2_failure_analysis/day13_new_seed/stage2_failure_day13_new_seed_v1/evaluation/case_cache/day13_evaluation_geometry_L3_coherent_subhuber_slip_G1933664818_S2087974662_P1671729869.json.gz",generated_results,77948
ignored,"data/stage2_failure_analysis/day13_new_seed/stage2_failure_day13_new_seed_v1/evaluation/case_cache/day13_evaluation_geometry_L3_coherent_subhuber_slip_G1933664818_S2087974662_P788390312.json.gz",generated_results,78248
ignored,"data/stage2_failure_analysis/day13_new_seed/stage2_failure_day13_new_seed_v1/evaluation/case_cache/day13_evaluation_geometry_L3_coherent_subhuber_slip_G1933664818_S658360556_P1671729869.json.gz",generated_results,77989
ignored,"data/stage2_failure_analysis/day13_new_seed/stage2_failure_day13_new_seed_v1/evaluation/case_cache/day13_evaluation_geometry_L3_coherent_subhuber_slip_G1933664818_S658360556_P788390312.json.gz",generated_results,78188
ignored,"data/stage2_failure_analysis/day13_new_seed/stage2_failure_day13_new_seed_v1/evaluation/case_cache/day13_evaluation_geometry_L3_coherent_subhuber_slip_G357735099_S2087974662_P1671729869.json.gz",generated_results,77720
ignored,"data/stage2_failure_analysis/day13_new_seed/stage2_failure_day13_new_seed_v1/evaluation/case_cache/day13_evaluation_geometry_L3_coherent_subhuber_slip_G357735099_S2087974662_P788390312.json.gz",generated_results,77044
ignored,"data/stage2_failure_analysis/day13_new_seed/stage2_failure_day13_new_seed_v1/evaluation/case_cache/day13_evaluation_geometry_L3_coherent_subhuber_slip_G357735099_S658360556_P1671729869.json.gz",generated_results,78051
ignored,"data/stage2_failure_analysis/day13_new_seed/stage2_failure_day13_new_seed_v1/evaluation/case_cache/day13_evaluation_geometry_L3_coherent_subhuber_slip_G357735099_S658360556_P788390312.json.gz",generated_results,77543
ignored,"data/stage2_failure_analysis/day13_new_seed/stage2_failure_day13_new_seed_v1/evaluation/case_cache/day13_evaluation_geometry_L3_coherent_subhuber_slip_G417860995_S2087974662_P1671729869.json.gz",generated_results,77386
ignored,"data/stage2_failure_analysis/day13_new_seed/stage2_failure_day13_new_seed_v1/evaluation/case_cache/day13_evaluation_geometry_L3_coherent_subhuber_slip_G417860995_S2087974662_P788390312.json.gz",generated_results,77420
ignored,"data/stage2_failure_analysis/day13_new_seed/stage2_failure_day13_new_seed_v1/evaluation/case_cache/day13_evaluation_geometry_L3_coherent_subhuber_slip_G417860995_S658360556_P1671729869.json.gz",generated_results,77787
ignored,"data/stage2_failure_analysis/day13_new_seed/stage2_failure_day13_new_seed_v1/evaluation/case_cache/day13_evaluation_geometry_L3_coherent_subhuber_slip_G417860995_S658360556_P788390312.json.gz",generated_results,78636
ignored,"data/stage2_failure_analysis/day13_new_seed/stage2_failure_day13_new_seed_v1/evaluation/case_cache/day13_evaluation_geometry_L3_coherent_subhuber_slip_G568461774_S2087974662_P1671729869.json.gz",generated_results,77713
ignored,"data/stage2_failure_analysis/day13_new_seed/stage2_failure_day13_new_seed_v1/evaluation/case_cache/day13_evaluation_geometry_L3_coherent_subhuber_slip_G568461774_S2087974662_P788390312.json.gz",generated_results,77505
ignored,"data/stage2_failure_analysis/day13_new_seed/stage2_failure_day13_new_seed_v1/evaluation/case_cache/day13_evaluation_geometry_L3_coherent_subhuber_slip_G568461774_S658360556_P1671729869.json.gz",generated_results,77737
ignored,"data/stage2_failure_analysis/day13_new_seed/stage2_failure_day13_new_seed_v1/evaluation/case_cache/day13_evaluation_geometry_L3_coherent_subhuber_slip_G568461774_S658360556_P788390312.json.gz",generated_results,77439
ignored,"data/stage2_failure_analysis/day13_new_seed/stage2_failure_day13_new_seed_v1/evaluation/case_cache/day13_evaluation_geometry_L3_gross_outlier_control_G128077403_S2087974662_P1671729869.json.gz",generated_results,76976
ignored,"data/stage2_failure_analysis/day13_new_seed/stage2_failure_day13_new_seed_v1/evaluation/case_cache/day13_evaluation_geometry_L3_gross_outlier_control_G128077403_S2087974662_P788390312.json.gz",generated_results,76575
ignored,"data/stage2_failure_analysis/day13_new_seed/stage2_failure_day13_new_seed_v1/evaluation/case_cache/day13_evaluation_geometry_L3_gross_outlier_control_G128077403_S658360556_P1671729869.json.gz",generated_results,76925
ignored,"data/stage2_failure_analysis/day13_new_seed/stage2_failure_day13_new_seed_v1/evaluation/case_cache/day13_evaluation_geometry_L3_gross_outlier_control_G128077403_S658360556_P788390312.json.gz",generated_results,76882
ignored,"data/stage2_failure_analysis/day13_new_seed/stage2_failure_day13_new_seed_v1/evaluation/case_cache/day13_evaluation_geometry_L3_gross_outlier_control_G1573279497_S2087974662_P1671729869.json.gz",generated_results,77226
ignored,"data/stage2_failure_analysis/day13_new_seed/stage2_failure_day13_new_seed_v1/evaluation/case_cache/day13_evaluation_geometry_L3_gross_outlier_control_G1573279497_S2087974662_P788390312.json.gz",generated_results,76649
ignored,"data/stage2_failure_analysis/day13_new_seed/stage2_failure_day13_new_seed_v1/evaluation/case_cache/day13_evaluation_geometry_L3_gross_outlier_control_G1573279497_S658360556_P1671729869.json.gz",generated_results,76662
ignored,"data/stage2_failure_analysis/day13_new_seed/stage2_failure_day13_new_seed_v1/evaluation/case_cache/day13_evaluation_geometry_L3_gross_outlier_control_G1573279497_S658360556_P788390312.json.gz",generated_results,76779
ignored,"data/stage2_failure_analysis/day13_new_seed/stage2_failure_day13_new_seed_v1/evaluation/case_cache/day13_evaluation_geometry_L3_gross_outlier_control_G158012055_S2087974662_P1671729869.json.gz",generated_results,76382
ignored,"data/stage2_failure_analysis/day13_new_seed/stage2_failure_day13_new_seed_v1/evaluation/case_cache/day13_evaluation_geometry_L3_gross_outlier_control_G158012055_S2087974662_P788390312.json.gz",generated_results,76419
ignored,"data/stage2_failure_analysis/day13_new_seed/stage2_failure_day13_new_seed_v1/evaluation/case_cache/day13_evaluation_geometry_L3_gross_outlier_control_G158012055_S658360556_P1671729869.json.gz",generated_results,76654
ignored,"data/stage2_failure_analysis/day13_new_seed/stage2_failure_day13_new_seed_v1/evaluation/case_cache/day13_evaluation_geometry_L3_gross_outlier_control_G158012055_S658360556_P788390312.json.gz",generated_results,76488
ignored,"data/stage2_failure_analysis/day13_new_seed/stage2_failure_day13_new_seed_v1/evaluation/case_cache/day13_evaluation_geometry_L3_gross_outlier_control_G1608298725_S2087974662_P1671729869.json.gz",generated_results,76252
ignored,"data/stage2_failure_analysis/day13_new_seed/stage2_failure_day13_new_seed_v1/evaluation/case_cache/day13_evaluation_geometry_L3_gross_outlier_control_G1608298725_S2087974662_P788390312.json.gz",generated_results,76221
ignored,"data/stage2_failure_analysis/day13_new_seed/stage2_failure_day13_new_seed_v1/evaluation/case_cache/day13_evaluation_geometry_L3_gross_outlier_control_G1608298725_S658360556_P1671729869.json.gz",generated_results,76641
ignored,"data/stage2_failure_analysis/day13_new_seed/stage2_failure_day13_new_seed_v1/evaluation/case_cache/day13_evaluation_geometry_L3_gross_outlier_control_G1608298725_S658360556_P788390312.json.gz",generated_results,76645
ignored,"data/stage2_failure_analysis/day13_new_seed/stage2_failure_day13_new_seed_v1/evaluation/case_cache/day13_evaluation_geometry_L3_gross_outlier_control_G1610822625_S2087974662_P1671729869.json.gz",generated_results,76617
ignored,"data/stage2_failure_analysis/day13_new_seed/stage2_failure_day13_new_seed_v1/evaluation/case_cache/day13_evaluation_geometry_L3_gross_outlier_control_G1610822625_S2087974662_P788390312.json.gz",generated_results,76493
ignored,"data/stage2_failure_analysis/day13_new_seed/stage2_failure_day13_new_seed_v1/evaluation/case_cache/day13_evaluation_geometry_L3_gross_outlier_control_G1610822625_S658360556_P1671729869.json.gz",generated_results,76355
ignored,"data/stage2_failure_analysis/day13_new_seed/stage2_failure_day13_new_seed_v1/evaluation/case_cache/day13_evaluation_geometry_L3_gross_outlier_control_G1610822625_S658360556_P788390312.json.gz",generated_results,76333
ignored,"data/stage2_failure_analysis/day13_new_seed/stage2_failure_day13_new_seed_v1/evaluation/case_cache/day13_evaluation_geometry_L3_gross_outlier_control_G1803049395_S2087974662_P1671729869.json.gz",generated_results,77191
ignored,"data/stage2_failure_analysis/day13_new_seed/stage2_failure_day13_new_seed_v1/evaluation/case_cache/day13_evaluation_geometry_L3_gross_outlier_control_G1803049395_S2087974662_P788390312.json.gz",generated_results,77015
ignored,"data/stage2_failure_analysis/day13_new_seed/stage2_failure_day13_new_seed_v1/evaluation/case_cache/day13_evaluation_geometry_L3_gross_outlier_control_G1803049395_S658360556_P1671729869.json.gz",generated_results,76773
ignored,"data/stage2_failure_analysis/day13_new_seed/stage2_failure_day13_new_seed_v1/evaluation/case_cache/day13_evaluation_geometry_L3_gross_outlier_control_G1803049395_S658360556_P788390312.json.gz",generated_results,76757
ignored,"data/stage2_failure_analysis/day13_new_seed/stage2_failure_day13_new_seed_v1/evaluation/case_cache/day13_evaluation_geometry_L3_gross_outlier_control_G1933664818_S2087974662_P1671729869.json.gz",generated_results,76668
ignored,"data/stage2_failure_analysis/day13_new_seed/stage2_failure_day13_new_seed_v1/evaluation/case_cache/day13_evaluation_geometry_L3_gross_outlier_control_G1933664818_S2087974662_P788390312.json.gz",generated_results,77085
ignored,"data/stage2_failure_analysis/day13_new_seed/stage2_failure_day13_new_seed_v1/evaluation/case_cache/day13_evaluation_geometry_L3_gross_outlier_control_G1933664818_S658360556_P1671729869.json.gz",generated_results,76596
ignored,"data/stage2_failure_analysis/day13_new_seed/stage2_failure_day13_new_seed_v1/evaluation/case_cache/day13_evaluation_geometry_L3_gross_outlier_control_G1933664818_S658360556_P788390312.json.gz",generated_results,76992
ignored,"data/stage2_failure_analysis/day13_new_seed/stage2_failure_day13_new_seed_v1/evaluation/case_cache/day13_evaluation_geometry_L3_gross_outlier_control_G357735099_S2087974662_P1671729869.json.gz",generated_results,76855
ignored,"data/stage2_failure_analysis/day13_new_seed/stage2_failure_day13_new_seed_v1/evaluation/case_cache/day13_evaluation_geometry_L3_gross_outlier_control_G357735099_S2087974662_P788390312.json.gz",generated_results,76254
ignored,"data/stage2_failure_analysis/day13_new_seed/stage2_failure_day13_new_seed_v1/evaluation/case_cache/day13_evaluation_geometry_L3_gross_outlier_control_G357735099_S658360556_P1671729869.json.gz",generated_results,77016
ignored,"data/stage2_failure_analysis/day13_new_seed/stage2_failure_day13_new_seed_v1/evaluation/case_cache/day13_evaluation_geometry_L3_gross_outlier_control_G357735099_S658360556_P788390312.json.gz",generated_results,76700
ignored,"data/stage2_failure_analysis/day13_new_seed/stage2_failure_day13_new_seed_v1/evaluation/case_cache/day13_evaluation_geometry_L3_gross_outlier_control_G417860995_S2087974662_P1671729869.json.gz",generated_results,76738
ignored,"data/stage2_failure_analysis/day13_new_seed/stage2_failure_day13_new_seed_v1/evaluation/case_cache/day13_evaluation_geometry_L3_gross_outlier_control_G417860995_S2087974662_P788390312.json.gz",generated_results,76532
ignored,"data/stage2_failure_analysis/day13_new_seed/stage2_failure_day13_new_seed_v1/evaluation/case_cache/day13_evaluation_geometry_L3_gross_outlier_control_G417860995_S658360556_P1671729869.json.gz",generated_results,76647
ignored,"data/stage2_failure_analysis/day13_new_seed/stage2_failure_day13_new_seed_v1/evaluation/case_cache/day13_evaluation_geometry_L3_gross_outlier_control_G417860995_S658360556_P788390312.json.gz",generated_results,77224
ignored,"data/stage2_failure_analysis/day13_new_seed/stage2_failure_day13_new_seed_v1/evaluation/case_cache/day13_evaluation_geometry_L3_gross_outlier_control_G568461774_S2087974662_P1671729869.json.gz",generated_results,76983
ignored,"data/stage2_failure_analysis/day13_new_seed/stage2_failure_day13_new_seed_v1/evaluation/case_cache/day13_evaluation_geometry_L3_gross_outlier_control_G568461774_S2087974662_P788390312.json.gz",generated_results,76349
ignored,"data/stage2_failure_analysis/day13_new_seed/stage2_failure_day13_new_seed_v1/evaluation/case_cache/day13_evaluation_geometry_L3_gross_outlier_control_G568461774_S658360556_P1671729869.json.gz",generated_results,76772
ignored,"data/stage2_failure_analysis/day13_new_seed/stage2_failure_day13_new_seed_v1/evaluation/case_cache/day13_evaluation_geometry_L3_gross_outlier_control_G568461774_S658360556_P788390312.json.gz",generated_results,76658
ignored,"data/stage2_failure_analysis/day13_new_seed/stage2_failure_day13_new_seed_v1/evaluation/case_cache/day13_evaluation_geometry_L4_clean_G128077403_S2087974662_P1671729869.json.gz",generated_results,74396
ignored,"data/stage2_failure_analysis/day13_new_seed/stage2_failure_day13_new_seed_v1/evaluation/case_cache/day13_evaluation_geometry_L4_clean_G128077403_S2087974662_P788390312.json.gz",generated_results,74297
ignored,"data/stage2_failure_analysis/day13_new_seed/stage2_failure_day13_new_seed_v1/evaluation/case_cache/day13_evaluation_geometry_L4_clean_G128077403_S658360556_P1671729869.json.gz",generated_results,74478
ignored,"data/stage2_failure_analysis/day13_new_seed/stage2_failure_day13_new_seed_v1/evaluation/case_cache/day13_evaluation_geometry_L4_clean_G128077403_S658360556_P788390312.json.gz",generated_results,74464
ignored,"data/stage2_failure_analysis/day13_new_seed/stage2_failure_day13_new_seed_v1/evaluation/case_cache/day13_evaluation_geometry_L4_clean_G1573279497_S2087974662_P1671729869.json.gz",generated_results,74632
ignored,"data/stage2_failure_analysis/day13_new_seed/stage2_failure_day13_new_seed_v1/evaluation/case_cache/day13_evaluation_geometry_L4_clean_G1573279497_S2087974662_P788390312.json.gz",generated_results,74066
ignored,"data/stage2_failure_analysis/day13_new_seed/stage2_failure_day13_new_seed_v1/evaluation/case_cache/day13_evaluation_geometry_L4_clean_G1573279497_S658360556_P1671729869.json.gz",generated_results,74117
ignored,"data/stage2_failure_analysis/day13_new_seed/stage2_failure_day13_new_seed_v1/evaluation/case_cache/day13_evaluation_geometry_L4_clean_G1573279497_S658360556_P788390312.json.gz",generated_results,74043
ignored,"data/stage2_failure_analysis/day13_new_seed/stage2_failure_day13_new_seed_v1/evaluation/case_cache/day13_evaluation_geometry_L4_clean_G158012055_S2087974662_P1671729869.json.gz",generated_results,74172
ignored,"data/stage2_failure_analysis/day13_new_seed/stage2_failure_day13_new_seed_v1/evaluation/case_cache/day13_evaluation_geometry_L4_clean_G158012055_S2087974662_P788390312.json.gz",generated_results,74083
ignored,"data/stage2_failure_analysis/day13_new_seed/stage2_failure_day13_new_seed_v1/evaluation/case_cache/day13_evaluation_geometry_L4_clean_G158012055_S658360556_P1671729869.json.gz",generated_results,74102
ignored,"data/stage2_failure_analysis/day13_new_seed/stage2_failure_day13_new_seed_v1/evaluation/case_cache/day13_evaluation_geometry_L4_clean_G158012055_S658360556_P788390312.json.gz",generated_results,74129
ignored,"data/stage2_failure_analysis/day13_new_seed/stage2_failure_day13_new_seed_v1/evaluation/case_cache/day13_evaluation_geometry_L4_clean_G1608298725_S2087974662_P1671729869.json.gz",generated_results,73346
ignored,"data/stage2_failure_analysis/day13_new_seed/stage2_failure_day13_new_seed_v1/evaluation/case_cache/day13_evaluation_geometry_L4_clean_G1608298725_S2087974662_P788390312.json.gz",generated_results,74285
ignored,"data/stage2_failure_analysis/day13_new_seed/stage2_failure_day13_new_seed_v1/evaluation/case_cache/day13_evaluation_geometry_L4_clean_G1608298725_S658360556_P1671729869.json.gz",generated_results,73909
ignored,"data/stage2_failure_analysis/day13_new_seed/stage2_failure_day13_new_seed_v1/evaluation/case_cache/day13_evaluation_geometry_L4_clean_G1608298725_S658360556_P788390312.json.gz",generated_results,73907
ignored,"data/stage2_failure_analysis/day13_new_seed/stage2_failure_day13_new_seed_v1/evaluation/case_cache/day13_evaluation_geometry_L4_clean_G1610822625_S2087974662_P1671729869.json.gz",generated_results,74687
ignored,"data/stage2_failure_analysis/day13_new_seed/stage2_failure_day13_new_seed_v1/evaluation/case_cache/day13_evaluation_geometry_L4_clean_G1610822625_S2087974662_P788390312.json.gz",generated_results,74656
ignored,"data/stage2_failure_analysis/day13_new_seed/stage2_failure_day13_new_seed_v1/evaluation/case_cache/day13_evaluation_geometry_L4_clean_G1610822625_S658360556_P1671729869.json.gz",generated_results,74376
ignored,"data/stage2_failure_analysis/day13_new_seed/stage2_failure_day13_new_seed_v1/evaluation/case_cache/day13_evaluation_geometry_L4_clean_G1610822625_S658360556_P788390312.json.gz",generated_results,74574
ignored,"data/stage2_failure_analysis/day13_new_seed/stage2_failure_day13_new_seed_v1/evaluation/case_cache/day13_evaluation_geometry_L4_clean_G1803049395_S2087974662_P1671729869.json.gz",generated_results,75061
ignored,"data/stage2_failure_analysis/day13_new_seed/stage2_failure_day13_new_seed_v1/evaluation/case_cache/day13_evaluation_geometry_L4_clean_G1803049395_S2087974662_P788390312.json.gz",generated_results,74099
ignored,"data/stage2_failure_analysis/day13_new_seed/stage2_failure_day13_new_seed_v1/evaluation/case_cache/day13_evaluation_geometry_L4_clean_G1803049395_S658360556_P1671729869.json.gz",generated_results,74061
ignored,"data/stage2_failure_analysis/day13_new_seed/stage2_failure_day13_new_seed_v1/evaluation/case_cache/day13_evaluation_geometry_L4_clean_G1803049395_S658360556_P788390312.json.gz",generated_results,74199
ignored,"data/stage2_failure_analysis/day13_new_seed/stage2_failure_day13_new_seed_v1/evaluation/case_cache/day13_evaluation_geometry_L4_clean_G1933664818_S2087974662_P1671729869.json.gz",generated_results,73996
ignored,"data/stage2_failure_analysis/day13_new_seed/stage2_failure_day13_new_seed_v1/evaluation/case_cache/day13_evaluation_geometry_L4_clean_G1933664818_S2087974662_P788390312.json.gz",generated_results,75102
ignored,"data/stage2_failure_analysis/day13_new_seed/stage2_failure_day13_new_seed_v1/evaluation/case_cache/day13_evaluation_geometry_L4_clean_G1933664818_S658360556_P1671729869.json.gz",generated_results,74220
ignored,"data/stage2_failure_analysis/day13_new_seed/stage2_failure_day13_new_seed_v1/evaluation/case_cache/day13_evaluation_geometry_L4_clean_G1933664818_S658360556_P788390312.json.gz",generated_results,74706
ignored,"data/stage2_failure_analysis/day13_new_seed/stage2_failure_day13_new_seed_v1/evaluation/case_cache/day13_evaluation_geometry_L4_clean_G357735099_S2087974662_P1671729869.json.gz",generated_results,75015
ignored,"data/stage2_failure_analysis/day13_new_seed/stage2_failure_day13_new_seed_v1/evaluation/case_cache/day13_evaluation_geometry_L4_clean_G357735099_S2087974662_P788390312.json.gz",generated_results,74012
ignored,"data/stage2_failure_analysis/day13_new_seed/stage2_failure_day13_new_seed_v1/evaluation/case_cache/day13_evaluation_geometry_L4_clean_G357735099_S658360556_P1671729869.json.gz",generated_results,74429
ignored,"data/stage2_failure_analysis/day13_new_seed/stage2_failure_day13_new_seed_v1/evaluation/case_cache/day13_evaluation_geometry_L4_clean_G357735099_S658360556_P788390312.json.gz",generated_results,74160
ignored,"data/stage2_failure_analysis/day13_new_seed/stage2_failure_day13_new_seed_v1/evaluation/case_cache/day13_evaluation_geometry_L4_clean_G417860995_S2087974662_P1671729869.json.gz",generated_results,74549
ignored,"data/stage2_failure_analysis/day13_new_seed/stage2_failure_day13_new_seed_v1/evaluation/case_cache/day13_evaluation_geometry_L4_clean_G417860995_S2087974662_P788390312.json.gz",generated_results,73904
ignored,"data/stage2_failure_analysis/day13_new_seed/stage2_failure_day13_new_seed_v1/evaluation/case_cache/day13_evaluation_geometry_L4_clean_G417860995_S658360556_P1671729869.json.gz",generated_results,75030
ignored,"data/stage2_failure_analysis/day13_new_seed/stage2_failure_day13_new_seed_v1/evaluation/case_cache/day13_evaluation_geometry_L4_clean_G417860995_S658360556_P788390312.json.gz",generated_results,74991
ignored,"data/stage2_failure_analysis/day13_new_seed/stage2_failure_day13_new_seed_v1/evaluation/case_cache/day13_evaluation_geometry_L4_clean_G568461774_S2087974662_P1671729869.json.gz",generated_results,74262
ignored,"data/stage2_failure_analysis/day13_new_seed/stage2_failure_day13_new_seed_v1/evaluation/case_cache/day13_evaluation_geometry_L4_clean_G568461774_S2087974662_P788390312.json.gz",generated_results,73844
ignored,"data/stage2_failure_analysis/day13_new_seed/stage2_failure_day13_new_seed_v1/evaluation/case_cache/day13_evaluation_geometry_L4_clean_G568461774_S658360556_P1671729869.json.gz",generated_results,73812
ignored,"data/stage2_failure_analysis/day13_new_seed/stage2_failure_day13_new_seed_v1/evaluation/case_cache/day13_evaluation_geometry_L4_clean_G568461774_S658360556_P788390312.json.gz",generated_results,74324
ignored,"data/stage2_failure_analysis/day13_new_seed/stage2_failure_day13_new_seed_v1/evaluation/case_cache/day13_evaluation_geometry_L4_coherent_subhuber_slip_G128077403_S2087974662_P1671729869.json.gz",generated_results,77650
ignored,"data/stage2_failure_analysis/day13_new_seed/stage2_failure_day13_new_seed_v1/evaluation/case_cache/day13_evaluation_geometry_L4_coherent_subhuber_slip_G128077403_S2087974662_P788390312.json.gz",generated_results,77070
ignored,"data/stage2_failure_analysis/day13_new_seed/stage2_failure_day13_new_seed_v1/evaluation/case_cache/day13_evaluation_geometry_L4_coherent_subhuber_slip_G128077403_S658360556_P1671729869.json.gz",generated_results,76922
ignored,"data/stage2_failure_analysis/day13_new_seed/stage2_failure_day13_new_seed_v1/evaluation/case_cache/day13_evaluation_geometry_L4_coherent_subhuber_slip_G128077403_S658360556_P788390312.json.gz",generated_results,76802
ignored,"data/stage2_failure_analysis/day13_new_seed/stage2_failure_day13_new_seed_v1/evaluation/case_cache/day13_evaluation_geometry_L4_coherent_subhuber_slip_G1573279497_S2087974662_P1671729869.json.gz",generated_results,77601
ignored,"data/stage2_failure_analysis/day13_new_seed/stage2_failure_day13_new_seed_v1/evaluation/case_cache/day13_evaluation_geometry_L4_coherent_subhuber_slip_G1573279497_S2087974662_P788390312.json.gz",generated_results,76985
ignored,"data/stage2_failure_analysis/day13_new_seed/stage2_failure_day13_new_seed_v1/evaluation/case_cache/day13_evaluation_geometry_L4_coherent_subhuber_slip_G1573279497_S658360556_P1671729869.json.gz",generated_results,76999
ignored,"data/stage2_failure_analysis/day13_new_seed/stage2_failure_day13_new_seed_v1/evaluation/case_cache/day13_evaluation_geometry_L4_coherent_subhuber_slip_G1573279497_S658360556_P788390312.json.gz",generated_results,76721
ignored,"data/stage2_failure_analysis/day13_new_seed/stage2_failure_day13_new_seed_v1/evaluation/case_cache/day13_evaluation_geometry_L4_coherent_subhuber_slip_G158012055_S2087974662_P1671729869.json.gz",generated_results,76948
ignored,"data/stage2_failure_analysis/day13_new_seed/stage2_failure_day13_new_seed_v1/evaluation/case_cache/day13_evaluation_geometry_L4_coherent_subhuber_slip_G158012055_S2087974662_P788390312.json.gz",generated_results,76485
ignored,"data/stage2_failure_analysis/day13_new_seed/stage2_failure_day13_new_seed_v1/evaluation/case_cache/day13_evaluation_geometry_L4_coherent_subhuber_slip_G158012055_S658360556_P1671729869.json.gz",generated_results,76991
ignored,"data/stage2_failure_analysis/day13_new_seed/stage2_failure_day13_new_seed_v1/evaluation/case_cache/day13_evaluation_geometry_L4_coherent_subhuber_slip_G158012055_S658360556_P788390312.json.gz",generated_results,76949
ignored,"data/stage2_failure_analysis/day13_new_seed/stage2_failure_day13_new_seed_v1/evaluation/case_cache/day13_evaluation_geometry_L4_coherent_subhuber_slip_G1608298725_S2087974662_P1671729869.json.gz",generated_results,76580
ignored,"data/stage2_failure_analysis/day13_new_seed/stage2_failure_day13_new_seed_v1/evaluation/case_cache/day13_evaluation_geometry_L4_coherent_subhuber_slip_G1608298725_S2087974662_P788390312.json.gz",generated_results,77064
ignored,"data/stage2_failure_analysis/day13_new_seed/stage2_failure_day13_new_seed_v1/evaluation/case_cache/day13_evaluation_geometry_L4_coherent_subhuber_slip_G1608298725_S658360556_P1671729869.json.gz",generated_results,76835
ignored,"data/stage2_failure_analysis/day13_new_seed/stage2_failure_day13_new_seed_v1/evaluation/case_cache/day13_evaluation_geometry_L4_coherent_subhuber_slip_G1608298725_S658360556_P788390312.json.gz",generated_results,76570
ignored,"data/stage2_failure_analysis/day13_new_seed/stage2_failure_day13_new_seed_v1/evaluation/case_cache/day13_evaluation_geometry_L4_coherent_subhuber_slip_G1610822625_S2087974662_P1671729869.json.gz",generated_results,77688
ignored,"data/stage2_failure_analysis/day13_new_seed/stage2_failure_day13_new_seed_v1/evaluation/case_cache/day13_evaluation_geometry_L4_coherent_subhuber_slip_G1610822625_S2087974662_P788390312.json.gz",generated_results,77295
ignored,"data/stage2_failure_analysis/day13_new_seed/stage2_failure_day13_new_seed_v1/evaluation/case_cache/day13_evaluation_geometry_L4_coherent_subhuber_slip_G1610822625_S658360556_P1671729869.json.gz",generated_results,76908
ignored,"data/stage2_failure_analysis/day13_new_seed/stage2_failure_day13_new_seed_v1/evaluation/case_cache/day13_evaluation_geometry_L4_coherent_subhuber_slip_G1610822625_S658360556_P788390312.json.gz",generated_results,77462
ignored,"data/stage2_failure_analysis/day13_new_seed/stage2_failure_day13_new_seed_v1/evaluation/case_cache/day13_evaluation_geometry_L4_coherent_subhuber_slip_G1803049395_S2087974662_P1671729869.json.gz",generated_results,77591
ignored,"data/stage2_failure_analysis/day13_new_seed/stage2_failure_day13_new_seed_v1/evaluation/case_cache/day13_evaluation_geometry_L4_coherent_subhuber_slip_G1803049395_S2087974662_P788390312.json.gz",generated_results,77103
ignored,"data/stage2_failure_analysis/day13_new_seed/stage2_failure_day13_new_seed_v1/evaluation/case_cache/day13_evaluation_geometry_L4_coherent_subhuber_slip_G1803049395_S658360556_P1671729869.json.gz",generated_results,76746
ignored,"data/stage2_failure_analysis/day13_new_seed/stage2_failure_day13_new_seed_v1/evaluation/case_cache/day13_evaluation_geometry_L4_coherent_subhuber_slip_G1803049395_S658360556_P788390312.json.gz",generated_results,77043
ignored,"data/stage2_failure_analysis/day13_new_seed/stage2_failure_day13_new_seed_v1/evaluation/case_cache/day13_evaluation_geometry_L4_coherent_subhuber_slip_G1933664818_S2087974662_P1671729869.json.gz",generated_results,76622
ignored,"data/stage2_failure_analysis/day13_new_seed/stage2_failure_day13_new_seed_v1/evaluation/case_cache/day13_evaluation_geometry_L4_coherent_subhuber_slip_G1933664818_S2087974662_P788390312.json.gz",generated_results,77794
ignored,"data/stage2_failure_analysis/day13_new_seed/stage2_failure_day13_new_seed_v1/evaluation/case_cache/day13_evaluation_geometry_L4_coherent_subhuber_slip_G1933664818_S658360556_P1671729869.json.gz",generated_results,77237
ignored,"data/stage2_failure_analysis/day13_new_seed/stage2_failure_day13_new_seed_v1/evaluation/case_cache/day13_evaluation_geometry_L4_coherent_subhuber_slip_G1933664818_S658360556_P788390312.json.gz",generated_results,77534
ignored,"data/stage2_failure_analysis/day13_new_seed/stage2_failure_day13_new_seed_v1/evaluation/case_cache/day13_evaluation_geometry_L4_coherent_subhuber_slip_G357735099_S2087974662_P1671729869.json.gz",generated_results,77476
ignored,"data/stage2_failure_analysis/day13_new_seed/stage2_failure_day13_new_seed_v1/evaluation/case_cache/day13_evaluation_geometry_L4_coherent_subhuber_slip_G357735099_S2087974662_P788390312.json.gz",generated_results,76290
ignored,"data/stage2_failure_analysis/day13_new_seed/stage2_failure_day13_new_seed_v1/evaluation/case_cache/day13_evaluation_geometry_L4_coherent_subhuber_slip_G357735099_S658360556_P1671729869.json.gz",generated_results,77143
ignored,"data/stage2_failure_analysis/day13_new_seed/stage2_failure_day13_new_seed_v1/evaluation/case_cache/day13_evaluation_geometry_L4_coherent_subhuber_slip_G357735099_S658360556_P788390312.json.gz",generated_results,76852
ignored,"data/stage2_failure_analysis/day13_new_seed/stage2_failure_day13_new_seed_v1/evaluation/case_cache/day13_evaluation_geometry_L4_coherent_subhuber_slip_G417860995_S2087974662_P1671729869.json.gz",generated_results,77262
ignored,"data/stage2_failure_analysis/day13_new_seed/stage2_failure_day13_new_seed_v1/evaluation/case_cache/day13_evaluation_geometry_L4_coherent_subhuber_slip_G417860995_S2087974662_P788390312.json.gz",generated_results,76752
ignored,"data/stage2_failure_analysis/day13_new_seed/stage2_failure_day13_new_seed_v1/evaluation/case_cache/day13_evaluation_geometry_L4_coherent_subhuber_slip_G417860995_S658360556_P1671729869.json.gz",generated_results,77764
ignored,"data/stage2_failure_analysis/day13_new_seed/stage2_failure_day13_new_seed_v1/evaluation/case_cache/day13_evaluation_geometry_L4_coherent_subhuber_slip_G417860995_S658360556_P788390312.json.gz",generated_results,77765
ignored,"data/stage2_failure_analysis/day13_new_seed/stage2_failure_day13_new_seed_v1/evaluation/case_cache/day13_evaluation_geometry_L4_coherent_subhuber_slip_G568461774_S2087974662_P1671729869.json.gz",generated_results,77099
ignored,"data/stage2_failure_analysis/day13_new_seed/stage2_failure_day13_new_seed_v1/evaluation/case_cache/day13_evaluation_geometry_L4_coherent_subhuber_slip_G568461774_S2087974662_P788390312.json.gz",generated_results,77068
ignored,"data/stage2_failure_analysis/day13_new_seed/stage2_failure_day13_new_seed_v1/evaluation/case_cache/day13_evaluation_geometry_L4_coherent_subhuber_slip_G568461774_S658360556_P1671729869.json.gz",generated_results,76852
ignored,"data/stage2_failure_analysis/day13_new_seed/stage2_failure_day13_new_seed_v1/evaluation/case_cache/day13_evaluation_geometry_L4_coherent_subhuber_slip_G568461774_S658360556_P788390312.json.gz",generated_results,77008
ignored,"data/stage2_failure_analysis/day13_new_seed/stage2_failure_day13_new_seed_v1/evaluation/case_cache/day13_evaluation_geometry_L4_gross_outlier_control_G128077403_S2087974662_P1671729869.json.gz",generated_results,75880
ignored,"data/stage2_failure_analysis/day13_new_seed/stage2_failure_day13_new_seed_v1/evaluation/case_cache/day13_evaluation_geometry_L4_gross_outlier_control_G128077403_S2087974662_P788390312.json.gz",generated_results,75847
ignored,"data/stage2_failure_analysis/day13_new_seed/stage2_failure_day13_new_seed_v1/evaluation/case_cache/day13_evaluation_geometry_L4_gross_outlier_control_G128077403_S658360556_P1671729869.json.gz",generated_results,76119
ignored,"data/stage2_failure_analysis/day13_new_seed/stage2_failure_day13_new_seed_v1/evaluation/case_cache/day13_evaluation_geometry_L4_gross_outlier_control_G128077403_S658360556_P788390312.json.gz",generated_results,76860
ignored,"data/stage2_failure_analysis/day13_new_seed/stage2_failure_day13_new_seed_v1/evaluation/case_cache/day13_evaluation_geometry_L4_gross_outlier_control_G1573279497_S2087974662_P1671729869.json.gz",generated_results,76464
ignored,"data/stage2_failure_analysis/day13_new_seed/stage2_failure_day13_new_seed_v1/evaluation/case_cache/day13_evaluation_geometry_L4_gross_outlier_control_G1573279497_S2087974662_P788390312.json.gz",generated_results,76391
ignored,"data/stage2_failure_analysis/day13_new_seed/stage2_failure_day13_new_seed_v1/evaluation/case_cache/day13_evaluation_geometry_L4_gross_outlier_control_G1573279497_S658360556_P1671729869.json.gz",generated_results,75961
ignored,"data/stage2_failure_analysis/day13_new_seed/stage2_failure_day13_new_seed_v1/evaluation/case_cache/day13_evaluation_geometry_L4_gross_outlier_control_G1573279497_S658360556_P788390312.json.gz",generated_results,76568
ignored,"data/stage2_failure_analysis/day13_new_seed/stage2_failure_day13_new_seed_v1/evaluation/case_cache/day13_evaluation_geometry_L4_gross_outlier_control_G158012055_S2087974662_P1671729869.json.gz",generated_results,75758
ignored,"data/stage2_failure_analysis/day13_new_seed/stage2_failure_day13_new_seed_v1/evaluation/case_cache/day13_evaluation_geometry_L4_gross_outlier_control_G158012055_S2087974662_P788390312.json.gz",generated_results,75531
ignored,"data/stage2_failure_analysis/day13_new_seed/stage2_failure_day13_new_seed_v1/evaluation/case_cache/day13_evaluation_geometry_L4_gross_outlier_control_G158012055_S658360556_P1671729869.json.gz",generated_results,75806
ignored,"data/stage2_failure_analysis/day13_new_seed/stage2_failure_day13_new_seed_v1/evaluation/case_cache/day13_evaluation_geometry_L4_gross_outlier_control_G158012055_S658360556_P788390312.json.gz",generated_results,75830
ignored,"data/stage2_failure_analysis/day13_new_seed/stage2_failure_day13_new_seed_v1/evaluation/case_cache/day13_evaluation_geometry_L4_gross_outlier_control_G1608298725_S2087974662_P1671729869.json.gz",generated_results,75015
ignored,"data/stage2_failure_analysis/day13_new_seed/stage2_failure_day13_new_seed_v1/evaluation/case_cache/day13_evaluation_geometry_L4_gross_outlier_control_G1608298725_S2087974662_P788390312.json.gz",generated_results,75782
ignored,"data/stage2_failure_analysis/day13_new_seed/stage2_failure_day13_new_seed_v1/evaluation/case_cache/day13_evaluation_geometry_L4_gross_outlier_control_G1608298725_S658360556_P1671729869.json.gz",generated_results,75572
ignored,"data/stage2_failure_analysis/day13_new_seed/stage2_failure_day13_new_seed_v1/evaluation/case_cache/day13_evaluation_geometry_L4_gross_outlier_control_G1608298725_S658360556_P788390312.json.gz",generated_results,76038
ignored,"data/stage2_failure_analysis/day13_new_seed/stage2_failure_day13_new_seed_v1/evaluation/case_cache/day13_evaluation_geometry_L4_gross_outlier_control_G1610822625_S2087974662_P1671729869.json.gz",generated_results,75901
ignored,"data/stage2_failure_analysis/day13_new_seed/stage2_failure_day13_new_seed_v1/evaluation/case_cache/day13_evaluation_geometry_L4_gross_outlier_control_G1610822625_S2087974662_P788390312.json.gz",generated_results,76024
ignored,"data/stage2_failure_analysis/day13_new_seed/stage2_failure_day13_new_seed_v1/evaluation/case_cache/day13_evaluation_geometry_L4_gross_outlier_control_G1610822625_S658360556_P1671729869.json.gz",generated_results,76126
ignored,"data/stage2_failure_analysis/day13_new_seed/stage2_failure_day13_new_seed_v1/evaluation/case_cache/day13_evaluation_geometry_L4_gross_outlier_control_G1610822625_S658360556_P788390312.json.gz",generated_results,76112
ignored,"data/stage2_failure_analysis/day13_new_seed/stage2_failure_day13_new_seed_v1/evaluation/case_cache/day13_evaluation_geometry_L4_gross_outlier_control_G1803049395_S2087974662_P1671729869.json.gz",generated_results,76445
ignored,"data/stage2_failure_analysis/day13_new_seed/stage2_failure_day13_new_seed_v1/evaluation/case_cache/day13_evaluation_geometry_L4_gross_outlier_control_G1803049395_S2087974662_P788390312.json.gz",generated_results,75891
ignored,"data/stage2_failure_analysis/day13_new_seed/stage2_failure_day13_new_seed_v1/evaluation/case_cache/day13_evaluation_geometry_L4_gross_outlier_control_G1803049395_S658360556_P1671729869.json.gz",generated_results,76108
ignored,"data/stage2_failure_analysis/day13_new_seed/stage2_failure_day13_new_seed_v1/evaluation/case_cache/day13_evaluation_geometry_L4_gross_outlier_control_G1803049395_S658360556_P788390312.json.gz",generated_results,75921
ignored,"data/stage2_failure_analysis/day13_new_seed/stage2_failure_day13_new_seed_v1/evaluation/case_cache/day13_evaluation_geometry_L4_gross_outlier_control_G1933664818_S2087974662_P1671729869.json.gz",generated_results,76173
ignored,"data/stage2_failure_analysis/day13_new_seed/stage2_failure_day13_new_seed_v1/evaluation/case_cache/day13_evaluation_geometry_L4_gross_outlier_control_G1933664818_S2087974662_P788390312.json.gz",generated_results,76740
ignored,"data/stage2_failure_analysis/day13_new_seed/stage2_failure_day13_new_seed_v1/evaluation/case_cache/day13_evaluation_geometry_L4_gross_outlier_control_G1933664818_S658360556_P1671729869.json.gz",generated_results,76125
ignored,"data/stage2_failure_analysis/day13_new_seed/stage2_failure_day13_new_seed_v1/evaluation/case_cache/day13_evaluation_geometry_L4_gross_outlier_control_G1933664818_S658360556_P788390312.json.gz",generated_results,76419
ignored,"data/stage2_failure_analysis/day13_new_seed/stage2_failure_day13_new_seed_v1/evaluation/case_cache/day13_evaluation_geometry_L4_gross_outlier_control_G357735099_S2087974662_P1671729869.json.gz",generated_results,76138
ignored,"data/stage2_failure_analysis/day13_new_seed/stage2_failure_day13_new_seed_v1/evaluation/case_cache/day13_evaluation_geometry_L4_gross_outlier_control_G357735099_S2087974662_P788390312.json.gz",generated_results,75539
ignored,"data/stage2_failure_analysis/day13_new_seed/stage2_failure_day13_new_seed_v1/evaluation/case_cache/day13_evaluation_geometry_L4_gross_outlier_control_G357735099_S658360556_P1671729869.json.gz",generated_results,76241
ignored,"data/stage2_failure_analysis/day13_new_seed/stage2_failure_day13_new_seed_v1/evaluation/case_cache/day13_evaluation_geometry_L4_gross_outlier_control_G357735099_S658360556_P788390312.json.gz",generated_results,75923
ignored,"data/stage2_failure_analysis/day13_new_seed/stage2_failure_day13_new_seed_v1/evaluation/case_cache/day13_evaluation_geometry_L4_gross_outlier_control_G417860995_S2087974662_P1671729869.json.gz",generated_results,76430
ignored,"data/stage2_failure_analysis/day13_new_seed/stage2_failure_day13_new_seed_v1/evaluation/case_cache/day13_evaluation_geometry_L4_gross_outlier_control_G417860995_S2087974662_P788390312.json.gz",generated_results,75834
ignored,"data/stage2_failure_analysis/day13_new_seed/stage2_failure_day13_new_seed_v1/evaluation/case_cache/day13_evaluation_geometry_L4_gross_outlier_control_G417860995_S658360556_P1671729869.json.gz",generated_results,76132
ignored,"data/stage2_failure_analysis/day13_new_seed/stage2_failure_day13_new_seed_v1/evaluation/case_cache/day13_evaluation_geometry_L4_gross_outlier_control_G417860995_S658360556_P788390312.json.gz",generated_results,76523
ignored,"data/stage2_failure_analysis/day13_new_seed/stage2_failure_day13_new_seed_v1/evaluation/case_cache/day13_evaluation_geometry_L4_gross_outlier_control_G568461774_S2087974662_P1671729869.json.gz",generated_results,76204
ignored,"data/stage2_failure_analysis/day13_new_seed/stage2_failure_day13_new_seed_v1/evaluation/case_cache/day13_evaluation_geometry_L4_gross_outlier_control_G568461774_S2087974662_P788390312.json.gz",generated_results,76053
ignored,"data/stage2_failure_analysis/day13_new_seed/stage2_failure_day13_new_seed_v1/evaluation/case_cache/day13_evaluation_geometry_L4_gross_outlier_control_G568461774_S658360556_P1671729869.json.gz",generated_results,75708
ignored,"data/stage2_failure_analysis/day13_new_seed/stage2_failure_day13_new_seed_v1/evaluation/case_cache/day13_evaluation_geometry_L4_gross_outlier_control_G568461774_S658360556_P788390312.json.gz",generated_results,76158
ignored,"data/stage2_failure_analysis/day13_new_seed/stage2_failure_day13_new_seed_v1/evaluation/case_cache/day13_evaluation_observation_O3_clean_G128077403_S2087974662_P1671729869.json.gz",generated_results,74829
ignored,"data/stage2_failure_analysis/day13_new_seed/stage2_failure_day13_new_seed_v1/evaluation/case_cache/day13_evaluation_observation_O3_clean_G128077403_S2087974662_P788390312.json.gz",generated_results,74864
ignored,"data/stage2_failure_analysis/day13_new_seed/stage2_failure_day13_new_seed_v1/evaluation/case_cache/day13_evaluation_observation_O3_clean_G128077403_S658360556_P1671729869.json.gz",generated_results,75008
ignored,"data/stage2_failure_analysis/day13_new_seed/stage2_failure_day13_new_seed_v1/evaluation/case_cache/day13_evaluation_observation_O3_clean_G128077403_S658360556_P788390312.json.gz",generated_results,74867
ignored,"data/stage2_failure_analysis/day13_new_seed/stage2_failure_day13_new_seed_v1/evaluation/case_cache/day13_evaluation_observation_O3_clean_G1573279497_S2087974662_P1671729869.json.gz",generated_results,74310
ignored,"data/stage2_failure_analysis/day13_new_seed/stage2_failure_day13_new_seed_v1/evaluation/case_cache/day13_evaluation_observation_O3_clean_G1573279497_S2087974662_P788390312.json.gz",generated_results,74396
ignored,"data/stage2_failure_analysis/day13_new_seed/stage2_failure_day13_new_seed_v1/evaluation/case_cache/day13_evaluation_observation_O3_clean_G1573279497_S658360556_P1671729869.json.gz",generated_results,75051
ignored,"data/stage2_failure_analysis/day13_new_seed/stage2_failure_day13_new_seed_v1/evaluation/case_cache/day13_evaluation_observation_O3_clean_G1573279497_S658360556_P788390312.json.gz",generated_results,75228
ignored,"data/stage2_failure_analysis/day13_new_seed/stage2_failure_day13_new_seed_v1/evaluation/case_cache/day13_evaluation_observation_O3_clean_G158012055_S2087974662_P1671729869.json.gz",generated_results,74669
ignored,"data/stage2_failure_analysis/day13_new_seed/stage2_failure_day13_new_seed_v1/evaluation/case_cache/day13_evaluation_observation_O3_clean_G158012055_S2087974662_P788390312.json.gz",generated_results,74724
ignored,"data/stage2_failure_analysis/day13_new_seed/stage2_failure_day13_new_seed_v1/evaluation/case_cache/day13_evaluation_observation_O3_clean_G158012055_S658360556_P1671729869.json.gz",generated_results,74560
ignored,"data/stage2_failure_analysis/day13_new_seed/stage2_failure_day13_new_seed_v1/evaluation/case_cache/day13_evaluation_observation_O3_clean_G158012055_S658360556_P788390312.json.gz",generated_results,74355
ignored,"data/stage2_failure_analysis/day13_new_seed/stage2_failure_day13_new_seed_v1/evaluation/case_cache/day13_evaluation_observation_O3_clean_G1608298725_S2087974662_P1671729869.json.gz",generated_results,74468
ignored,"data/stage2_failure_analysis/day13_new_seed/stage2_failure_day13_new_seed_v1/evaluation/case_cache/day13_evaluation_observation_O3_clean_G1608298725_S2087974662_P788390312.json.gz",generated_results,75063
ignored,"data/stage2_failure_analysis/day13_new_seed/stage2_failure_day13_new_seed_v1/evaluation/case_cache/day13_evaluation_observation_O3_clean_G1608298725_S658360556_P1671729869.json.gz",generated_results,75043
ignored,"data/stage2_failure_analysis/day13_new_seed/stage2_failure_day13_new_seed_v1/evaluation/case_cache/day13_evaluation_observation_O3_clean_G1608298725_S658360556_P788390312.json.gz",generated_results,74403
ignored,"data/stage2_failure_analysis/day13_new_seed/stage2_failure_day13_new_seed_v1/evaluation/case_cache/day13_evaluation_observation_O3_clean_G1610822625_S2087974662_P1671729869.json.gz",generated_results,75149
ignored,"data/stage2_failure_analysis/day13_new_seed/stage2_failure_day13_new_seed_v1/evaluation/case_cache/day13_evaluation_observation_O3_clean_G1610822625_S2087974662_P788390312.json.gz",generated_results,75035
ignored,"data/stage2_failure_analysis/day13_new_seed/stage2_failure_day13_new_seed_v1/evaluation/case_cache/day13_evaluation_observation_O3_clean_G1610822625_S658360556_P1671729869.json.gz",generated_results,75214
ignored,"data/stage2_failure_analysis/day13_new_seed/stage2_failure_day13_new_seed_v1/evaluation/case_cache/day13_evaluation_observation_O3_clean_G1610822625_S658360556_P788390312.json.gz",generated_results,74470
ignored,"data/stage2_failure_analysis/day13_new_seed/stage2_failure_day13_new_seed_v1/evaluation/case_cache/day13_evaluation_observation_O3_clean_G1803049395_S2087974662_P1671729869.json.gz",generated_results,75060
ignored,"data/stage2_failure_analysis/day13_new_seed/stage2_failure_day13_new_seed_v1/evaluation/case_cache/day13_evaluation_observation_O3_clean_G1803049395_S2087974662_P788390312.json.gz",generated_results,74615
ignored,"data/stage2_failure_analysis/day13_new_seed/stage2_failure_day13_new_seed_v1/evaluation/case_cache/day13_evaluation_observation_O3_clean_G1803049395_S658360556_P1671729869.json.gz",generated_results,74611
ignored,"data/stage2_failure_analysis/day13_new_seed/stage2_failure_day13_new_seed_v1/evaluation/case_cache/day13_evaluation_observation_O3_clean_G1803049395_S658360556_P788390312.json.gz",generated_results,75125
ignored,"data/stage2_failure_analysis/day13_new_seed/stage2_failure_day13_new_seed_v1/evaluation/case_cache/day13_evaluation_observation_O3_clean_G1933664818_S2087974662_P1671729869.json.gz",generated_results,74607
ignored,"data/stage2_failure_analysis/day13_new_seed/stage2_failure_day13_new_seed_v1/evaluation/case_cache/day13_evaluation_observation_O3_clean_G1933664818_S2087974662_P788390312.json.gz",generated_results,75294
ignored,"data/stage2_failure_analysis/day13_new_seed/stage2_failure_day13_new_seed_v1/evaluation/case_cache/day13_evaluation_observation_O3_clean_G1933664818_S658360556_P1671729869.json.gz",generated_results,74653
ignored,"data/stage2_failure_analysis/day13_new_seed/stage2_failure_day13_new_seed_v1/evaluation/case_cache/day13_evaluation_observation_O3_clean_G1933664818_S658360556_P788390312.json.gz",generated_results,74880
ignored,"data/stage2_failure_analysis/day13_new_seed/stage2_failure_day13_new_seed_v1/evaluation/case_cache/day13_evaluation_observation_O3_clean_G357735099_S2087974662_P1671729869.json.gz",generated_results,74674
ignored,"data/stage2_failure_analysis/day13_new_seed/stage2_failure_day13_new_seed_v1/evaluation/case_cache/day13_evaluation_observation_O3_clean_G357735099_S2087974662_P788390312.json.gz",generated_results,74694
ignored,"data/stage2_failure_analysis/day13_new_seed/stage2_failure_day13_new_seed_v1/evaluation/case_cache/day13_evaluation_observation_O3_clean_G357735099_S658360556_P1671729869.json.gz",generated_results,75305
ignored,"data/stage2_failure_analysis/day13_new_seed/stage2_failure_day13_new_seed_v1/evaluation/case_cache/day13_evaluation_observation_O3_clean_G357735099_S658360556_P788390312.json.gz",generated_results,74787
ignored,"data/stage2_failure_analysis/day13_new_seed/stage2_failure_day13_new_seed_v1/evaluation/case_cache/day13_evaluation_observation_O3_clean_G417860995_S2087974662_P1671729869.json.gz",generated_results,75272
ignored,"data/stage2_failure_analysis/day13_new_seed/stage2_failure_day13_new_seed_v1/evaluation/case_cache/day13_evaluation_observation_O3_clean_G417860995_S2087974662_P788390312.json.gz",generated_results,74574
ignored,"data/stage2_failure_analysis/day13_new_seed/stage2_failure_day13_new_seed_v1/evaluation/case_cache/day13_evaluation_observation_O3_clean_G417860995_S658360556_P1671729869.json.gz",generated_results,75103
ignored,"data/stage2_failure_analysis/day13_new_seed/stage2_failure_day13_new_seed_v1/evaluation/case_cache/day13_evaluation_observation_O3_clean_G417860995_S658360556_P788390312.json.gz",generated_results,74416
ignored,"data/stage2_failure_analysis/day13_new_seed/stage2_failure_day13_new_seed_v1/evaluation/case_cache/day13_evaluation_observation_O3_clean_G568461774_S2087974662_P1671729869.json.gz",generated_results,75091
ignored,"data/stage2_failure_analysis/day13_new_seed/stage2_failure_day13_new_seed_v1/evaluation/case_cache/day13_evaluation_observation_O3_clean_G568461774_S2087974662_P788390312.json.gz",generated_results,74720
ignored,"data/stage2_failure_analysis/day13_new_seed/stage2_failure_day13_new_seed_v1/evaluation/case_cache/day13_evaluation_observation_O3_clean_G568461774_S658360556_P1671729869.json.gz",generated_results,74403
ignored,"data/stage2_failure_analysis/day13_new_seed/stage2_failure_day13_new_seed_v1/evaluation/case_cache/day13_evaluation_observation_O3_clean_G568461774_S658360556_P788390312.json.gz",generated_results,74952
ignored,"data/stage2_failure_analysis/day13_new_seed/stage2_failure_day13_new_seed_v1/evaluation/case_cache/day13_evaluation_observation_O3_coherent_subhuber_slip_G128077403_S2087974662_P1671729869.json.gz",generated_results,79234
ignored,"data/stage2_failure_analysis/day13_new_seed/stage2_failure_day13_new_seed_v1/evaluation/case_cache/day13_evaluation_observation_O3_coherent_subhuber_slip_G128077403_S2087974662_P788390312.json.gz",generated_results,79530
ignored,"data/stage2_failure_analysis/day13_new_seed/stage2_failure_day13_new_seed_v1/evaluation/case_cache/day13_evaluation_observation_O3_coherent_subhuber_slip_G128077403_S658360556_P1671729869.json.gz",generated_results,79175
ignored,"data/stage2_failure_analysis/day13_new_seed/stage2_failure_day13_new_seed_v1/evaluation/case_cache/day13_evaluation_observation_O3_coherent_subhuber_slip_G128077403_S658360556_P788390312.json.gz",generated_results,78848
ignored,"data/stage2_failure_analysis/day13_new_seed/stage2_failure_day13_new_seed_v1/evaluation/case_cache/day13_evaluation_observation_O3_coherent_subhuber_slip_G1573279497_S2087974662_P1671729869.json.gz",generated_results,78993
ignored,"data/stage2_failure_analysis/day13_new_seed/stage2_failure_day13_new_seed_v1/evaluation/case_cache/day13_evaluation_observation_O3_coherent_subhuber_slip_G1573279497_S2087974662_P788390312.json.gz",generated_results,78902
ignored,"data/stage2_failure_analysis/day13_new_seed/stage2_failure_day13_new_seed_v1/evaluation/case_cache/day13_evaluation_observation_O3_coherent_subhuber_slip_G1573279497_S658360556_P1671729869.json.gz",generated_results,78980
ignored,"data/stage2_failure_analysis/day13_new_seed/stage2_failure_day13_new_seed_v1/evaluation/case_cache/day13_evaluation_observation_O3_coherent_subhuber_slip_G1573279497_S658360556_P788390312.json.gz",generated_results,79506
ignored,"data/stage2_failure_analysis/day13_new_seed/stage2_failure_day13_new_seed_v1/evaluation/case_cache/day13_evaluation_observation_O3_coherent_subhuber_slip_G158012055_S2087974662_P1671729869.json.gz",generated_results,78972
ignored,"data/stage2_failure_analysis/day13_new_seed/stage2_failure_day13_new_seed_v1/evaluation/case_cache/day13_evaluation_observation_O3_coherent_subhuber_slip_G158012055_S2087974662_P788390312.json.gz",generated_results,78915
ignored,"data/stage2_failure_analysis/day13_new_seed/stage2_failure_day13_new_seed_v1/evaluation/case_cache/day13_evaluation_observation_O3_coherent_subhuber_slip_G158012055_S658360556_P1671729869.json.gz",generated_results,78976
ignored,"data/stage2_failure_analysis/day13_new_seed/stage2_failure_day13_new_seed_v1/evaluation/case_cache/day13_evaluation_observation_O3_coherent_subhuber_slip_G158012055_S658360556_P788390312.json.gz",generated_results,79076
ignored,"data/stage2_failure_analysis/day13_new_seed/stage2_failure_day13_new_seed_v1/evaluation/case_cache/day13_evaluation_observation_O3_coherent_subhuber_slip_G1608298725_S2087974662_P1671729869.json.gz",generated_results,79067
ignored,"data/stage2_failure_analysis/day13_new_seed/stage2_failure_day13_new_seed_v1/evaluation/case_cache/day13_evaluation_observation_O3_coherent_subhuber_slip_G1608298725_S2087974662_P788390312.json.gz",generated_results,79314
ignored,"data/stage2_failure_analysis/day13_new_seed/stage2_failure_day13_new_seed_v1/evaluation/case_cache/day13_evaluation_observation_O3_coherent_subhuber_slip_G1608298725_S658360556_P1671729869.json.gz",generated_results,79326
ignored,"data/stage2_failure_analysis/day13_new_seed/stage2_failure_day13_new_seed_v1/evaluation/case_cache/day13_evaluation_observation_O3_coherent_subhuber_slip_G1608298725_S658360556_P788390312.json.gz",generated_results,79056
ignored,"data/stage2_failure_analysis/day13_new_seed/stage2_failure_day13_new_seed_v1/evaluation/case_cache/day13_evaluation_observation_O3_coherent_subhuber_slip_G1610822625_S2087974662_P1671729869.json.gz",generated_results,79321
ignored,"data/stage2_failure_analysis/day13_new_seed/stage2_failure_day13_new_seed_v1/evaluation/case_cache/day13_evaluation_observation_O3_coherent_subhuber_slip_G1610822625_S2087974662_P788390312.json.gz",generated_results,79575
ignored,"data/stage2_failure_analysis/day13_new_seed/stage2_failure_day13_new_seed_v1/evaluation/case_cache/day13_evaluation_observation_O3_coherent_subhuber_slip_G1610822625_S658360556_P1671729869.json.gz",generated_results,79226
ignored,"data/stage2_failure_analysis/day13_new_seed/stage2_failure_day13_new_seed_v1/evaluation/case_cache/day13_evaluation_observation_O3_coherent_subhuber_slip_G1610822625_S658360556_P788390312.json.gz",generated_results,78724
ignored,"data/stage2_failure_analysis/day13_new_seed/stage2_failure_day13_new_seed_v1/evaluation/case_cache/day13_evaluation_observation_O3_coherent_subhuber_slip_G1803049395_S2087974662_P1671729869.json.gz",generated_results,79370
ignored,"data/stage2_failure_analysis/day13_new_seed/stage2_failure_day13_new_seed_v1/evaluation/case_cache/day13_evaluation_observation_O3_coherent_subhuber_slip_G1803049395_S2087974662_P788390312.json.gz",generated_results,78909
ignored,"data/stage2_failure_analysis/day13_new_seed/stage2_failure_day13_new_seed_v1/evaluation/case_cache/day13_evaluation_observation_O3_coherent_subhuber_slip_G1803049395_S658360556_P1671729869.json.gz",generated_results,79148
ignored,"data/stage2_failure_analysis/day13_new_seed/stage2_failure_day13_new_seed_v1/evaluation/case_cache/day13_evaluation_observation_O3_coherent_subhuber_slip_G1803049395_S658360556_P788390312.json.gz",generated_results,79305
ignored,"data/stage2_failure_analysis/day13_new_seed/stage2_failure_day13_new_seed_v1/evaluation/case_cache/day13_evaluation_observation_O3_coherent_subhuber_slip_G1933664818_S2087974662_P1671729869.json.gz",generated_results,78712
ignored,"data/stage2_failure_analysis/day13_new_seed/stage2_failure_day13_new_seed_v1/evaluation/case_cache/day13_evaluation_observation_O3_coherent_subhuber_slip_G1933664818_S2087974662_P788390312.json.gz",generated_results,79724
ignored,"data/stage2_failure_analysis/day13_new_seed/stage2_failure_day13_new_seed_v1/evaluation/case_cache/day13_evaluation_observation_O3_coherent_subhuber_slip_G1933664818_S658360556_P1671729869.json.gz",generated_results,78812
ignored,"data/stage2_failure_analysis/day13_new_seed/stage2_failure_day13_new_seed_v1/evaluation/case_cache/day13_evaluation_observation_O3_coherent_subhuber_slip_G1933664818_S658360556_P788390312.json.gz",generated_results,79064
ignored,"data/stage2_failure_analysis/day13_new_seed/stage2_failure_day13_new_seed_v1/evaluation/case_cache/day13_evaluation_observation_O3_coherent_subhuber_slip_G357735099_S2087974662_P1671729869.json.gz",generated_results,78723
ignored,"data/stage2_failure_analysis/day13_new_seed/stage2_failure_day13_new_seed_v1/evaluation/case_cache/day13_evaluation_observation_O3_coherent_subhuber_slip_G357735099_S2087974662_P788390312.json.gz",generated_results,78534
ignored,"data/stage2_failure_analysis/day13_new_seed/stage2_failure_day13_new_seed_v1/evaluation/case_cache/day13_evaluation_observation_O3_coherent_subhuber_slip_G357735099_S658360556_P1671729869.json.gz",generated_results,79319
ignored,"data/stage2_failure_analysis/day13_new_seed/stage2_failure_day13_new_seed_v1/evaluation/case_cache/day13_evaluation_observation_O3_coherent_subhuber_slip_G357735099_S658360556_P788390312.json.gz",generated_results,79071
ignored,"data/stage2_failure_analysis/day13_new_seed/stage2_failure_day13_new_seed_v1/evaluation/case_cache/day13_evaluation_observation_O3_coherent_subhuber_slip_G417860995_S2087974662_P1671729869.json.gz",generated_results,79395
ignored,"data/stage2_failure_analysis/day13_new_seed/stage2_failure_day13_new_seed_v1/evaluation/case_cache/day13_evaluation_observation_O3_coherent_subhuber_slip_G417860995_S2087974662_P788390312.json.gz",generated_results,78769
ignored,"data/stage2_failure_analysis/day13_new_seed/stage2_failure_day13_new_seed_v1/evaluation/case_cache/day13_evaluation_observation_O3_coherent_subhuber_slip_G417860995_S658360556_P1671729869.json.gz",generated_results,79691
ignored,"data/stage2_failure_analysis/day13_new_seed/stage2_failure_day13_new_seed_v1/evaluation/case_cache/day13_evaluation_observation_O3_coherent_subhuber_slip_G417860995_S658360556_P788390312.json.gz",generated_results,79303
ignored,"data/stage2_failure_analysis/day13_new_seed/stage2_failure_day13_new_seed_v1/evaluation/case_cache/day13_evaluation_observation_O3_coherent_subhuber_slip_G568461774_S2087974662_P1671729869.json.gz",generated_results,79662
ignored,"data/stage2_failure_analysis/day13_new_seed/stage2_failure_day13_new_seed_v1/evaluation/case_cache/day13_evaluation_observation_O3_coherent_subhuber_slip_G568461774_S2087974662_P788390312.json.gz",generated_results,79469
ignored,"data/stage2_failure_analysis/day13_new_seed/stage2_failure_day13_new_seed_v1/evaluation/case_cache/day13_evaluation_observation_O3_coherent_subhuber_slip_G568461774_S658360556_P1671729869.json.gz",generated_results,79029
ignored,"data/stage2_failure_analysis/day13_new_seed/stage2_failure_day13_new_seed_v1/evaluation/case_cache/day13_evaluation_observation_O3_coherent_subhuber_slip_G568461774_S658360556_P788390312.json.gz",generated_results,79332
ignored,"data/stage2_failure_analysis/day13_new_seed/stage2_failure_day13_new_seed_v1/evaluation/case_cache/day13_evaluation_observation_O3_gross_outlier_control_G128077403_S2087974662_P1671729869.json.gz",generated_results,77128
ignored,"data/stage2_failure_analysis/day13_new_seed/stage2_failure_day13_new_seed_v1/evaluation/case_cache/day13_evaluation_observation_O3_gross_outlier_control_G128077403_S2087974662_P788390312.json.gz",generated_results,77330
ignored,"data/stage2_failure_analysis/day13_new_seed/stage2_failure_day13_new_seed_v1/evaluation/case_cache/day13_evaluation_observation_O3_gross_outlier_control_G128077403_S658360556_P1671729869.json.gz",generated_results,77588
ignored,"data/stage2_failure_analysis/day13_new_seed/stage2_failure_day13_new_seed_v1/evaluation/case_cache/day13_evaluation_observation_O3_gross_outlier_control_G128077403_S658360556_P788390312.json.gz",generated_results,77799
ignored,"data/stage2_failure_analysis/day13_new_seed/stage2_failure_day13_new_seed_v1/evaluation/case_cache/day13_evaluation_observation_O3_gross_outlier_control_G1573279497_S2087974662_P1671729869.json.gz",generated_results,77376
ignored,"data/stage2_failure_analysis/day13_new_seed/stage2_failure_day13_new_seed_v1/evaluation/case_cache/day13_evaluation_observation_O3_gross_outlier_control_G1573279497_S2087974662_P788390312.json.gz",generated_results,76863
ignored,"data/stage2_failure_analysis/day13_new_seed/stage2_failure_day13_new_seed_v1/evaluation/case_cache/day13_evaluation_observation_O3_gross_outlier_control_G1573279497_S658360556_P1671729869.json.gz",generated_results,77125
ignored,"data/stage2_failure_analysis/day13_new_seed/stage2_failure_day13_new_seed_v1/evaluation/case_cache/day13_evaluation_observation_O3_gross_outlier_control_G1573279497_S658360556_P788390312.json.gz",generated_results,77588
ignored,"data/stage2_failure_analysis/day13_new_seed/stage2_failure_day13_new_seed_v1/evaluation/case_cache/day13_evaluation_observation_O3_gross_outlier_control_G158012055_S2087974662_P1671729869.json.gz",generated_results,77093
ignored,"data/stage2_failure_analysis/day13_new_seed/stage2_failure_day13_new_seed_v1/evaluation/case_cache/day13_evaluation_observation_O3_gross_outlier_control_G158012055_S2087974662_P788390312.json.gz",generated_results,76878
ignored,"data/stage2_failure_analysis/day13_new_seed/stage2_failure_day13_new_seed_v1/evaluation/case_cache/day13_evaluation_observation_O3_gross_outlier_control_G158012055_S658360556_P1671729869.json.gz",generated_results,76727
ignored,"data/stage2_failure_analysis/day13_new_seed/stage2_failure_day13_new_seed_v1/evaluation/case_cache/day13_evaluation_observation_O3_gross_outlier_control_G158012055_S658360556_P788390312.json.gz",generated_results,76397
ignored,"data/stage2_failure_analysis/day13_new_seed/stage2_failure_day13_new_seed_v1/evaluation/case_cache/day13_evaluation_observation_O3_gross_outlier_control_G1608298725_S2087974662_P1671729869.json.gz",generated_results,77062
ignored,"data/stage2_failure_analysis/day13_new_seed/stage2_failure_day13_new_seed_v1/evaluation/case_cache/day13_evaluation_observation_O3_gross_outlier_control_G1608298725_S2087974662_P788390312.json.gz",generated_results,77440
ignored,"data/stage2_failure_analysis/day13_new_seed/stage2_failure_day13_new_seed_v1/evaluation/case_cache/day13_evaluation_observation_O3_gross_outlier_control_G1608298725_S658360556_P1671729869.json.gz",generated_results,77528
ignored,"data/stage2_failure_analysis/day13_new_seed/stage2_failure_day13_new_seed_v1/evaluation/case_cache/day13_evaluation_observation_O3_gross_outlier_control_G1608298725_S658360556_P788390312.json.gz",generated_results,77138
ignored,"data/stage2_failure_analysis/day13_new_seed/stage2_failure_day13_new_seed_v1/evaluation/case_cache/day13_evaluation_observation_O3_gross_outlier_control_G1610822625_S2087974662_P1671729869.json.gz",generated_results,77550
ignored,"data/stage2_failure_analysis/day13_new_seed/stage2_failure_day13_new_seed_v1/evaluation/case_cache/day13_evaluation_observation_O3_gross_outlier_control_G1610822625_S2087974662_P788390312.json.gz",generated_results,77253
ignored,"data/stage2_failure_analysis/day13_new_seed/stage2_failure_day13_new_seed_v1/evaluation/case_cache/day13_evaluation_observation_O3_gross_outlier_control_G1610822625_S658360556_P1671729869.json.gz",generated_results,77576
ignored,"data/stage2_failure_analysis/day13_new_seed/stage2_failure_day13_new_seed_v1/evaluation/case_cache/day13_evaluation_observation_O3_gross_outlier_control_G1610822625_S658360556_P788390312.json.gz",generated_results,76743
ignored,"data/stage2_failure_analysis/day13_new_seed/stage2_failure_day13_new_seed_v1/evaluation/case_cache/day13_evaluation_observation_O3_gross_outlier_control_G1803049395_S2087974662_P1671729869.json.gz",generated_results,77498
ignored,"data/stage2_failure_analysis/day13_new_seed/stage2_failure_day13_new_seed_v1/evaluation/case_cache/day13_evaluation_observation_O3_gross_outlier_control_G1803049395_S2087974662_P788390312.json.gz",generated_results,77123
ignored,"data/stage2_failure_analysis/day13_new_seed/stage2_failure_day13_new_seed_v1/evaluation/case_cache/day13_evaluation_observation_O3_gross_outlier_control_G1803049395_S658360556_P1671729869.json.gz",generated_results,77031
ignored,"data/stage2_failure_analysis/day13_new_seed/stage2_failure_day13_new_seed_v1/evaluation/case_cache/day13_evaluation_observation_O3_gross_outlier_control_G1803049395_S658360556_P788390312.json.gz",generated_results,77364
ignored,"data/stage2_failure_analysis/day13_new_seed/stage2_failure_day13_new_seed_v1/evaluation/case_cache/day13_evaluation_observation_O3_gross_outlier_control_G1933664818_S2087974662_P1671729869.json.gz",generated_results,76921
ignored,"data/stage2_failure_analysis/day13_new_seed/stage2_failure_day13_new_seed_v1/evaluation/case_cache/day13_evaluation_observation_O3_gross_outlier_control_G1933664818_S2087974662_P788390312.json.gz",generated_results,77477
ignored,"data/stage2_failure_analysis/day13_new_seed/stage2_failure_day13_new_seed_v1/evaluation/case_cache/day13_evaluation_observation_O3_gross_outlier_control_G1933664818_S658360556_P1671729869.json.gz",generated_results,76979
ignored,"data/stage2_failure_analysis/day13_new_seed/stage2_failure_day13_new_seed_v1/evaluation/case_cache/day13_evaluation_observation_O3_gross_outlier_control_G1933664818_S658360556_P788390312.json.gz",generated_results,77204
ignored,"data/stage2_failure_analysis/day13_new_seed/stage2_failure_day13_new_seed_v1/evaluation/case_cache/day13_evaluation_observation_O3_gross_outlier_control_G357735099_S2087974662_P1671729869.json.gz",generated_results,77260
ignored,"data/stage2_failure_analysis/day13_new_seed/stage2_failure_day13_new_seed_v1/evaluation/case_cache/day13_evaluation_observation_O3_gross_outlier_control_G357735099_S2087974662_P788390312.json.gz",generated_results,76985
ignored,"data/stage2_failure_analysis/day13_new_seed/stage2_failure_day13_new_seed_v1/evaluation/case_cache/day13_evaluation_observation_O3_gross_outlier_control_G357735099_S658360556_P1671729869.json.gz",generated_results,77656
ignored,"data/stage2_failure_analysis/day13_new_seed/stage2_failure_day13_new_seed_v1/evaluation/case_cache/day13_evaluation_observation_O3_gross_outlier_control_G357735099_S658360556_P788390312.json.gz",generated_results,77172
ignored,"data/stage2_failure_analysis/day13_new_seed/stage2_failure_day13_new_seed_v1/evaluation/case_cache/day13_evaluation_observation_O3_gross_outlier_control_G417860995_S2087974662_P1671729869.json.gz",generated_results,77601
ignored,"data/stage2_failure_analysis/day13_new_seed/stage2_failure_day13_new_seed_v1/evaluation/case_cache/day13_evaluation_observation_O3_gross_outlier_control_G417860995_S2087974662_P788390312.json.gz",generated_results,77310
ignored,"data/stage2_failure_analysis/day13_new_seed/stage2_failure_day13_new_seed_v1/evaluation/case_cache/day13_evaluation_observation_O3_gross_outlier_control_G417860995_S658360556_P1671729869.json.gz",generated_results,77810
ignored,"data/stage2_failure_analysis/day13_new_seed/stage2_failure_day13_new_seed_v1/evaluation/case_cache/day13_evaluation_observation_O3_gross_outlier_control_G417860995_S658360556_P788390312.json.gz",generated_results,76828
ignored,"data/stage2_failure_analysis/day13_new_seed/stage2_failure_day13_new_seed_v1/evaluation/case_cache/day13_evaluation_observation_O3_gross_outlier_control_G568461774_S2087974662_P1671729869.json.gz",generated_results,77400
ignored,"data/stage2_failure_analysis/day13_new_seed/stage2_failure_day13_new_seed_v1/evaluation/case_cache/day13_evaluation_observation_O3_gross_outlier_control_G568461774_S2087974662_P788390312.json.gz",generated_results,77348
ignored,"data/stage2_failure_analysis/day13_new_seed/stage2_failure_day13_new_seed_v1/evaluation/case_cache/day13_evaluation_observation_O3_gross_outlier_control_G568461774_S658360556_P1671729869.json.gz",generated_results,77005
ignored,"data/stage2_failure_analysis/day13_new_seed/stage2_failure_day13_new_seed_v1/evaluation/case_cache/day13_evaluation_observation_O3_gross_outlier_control_G568461774_S658360556_P788390312.json.gz",generated_results,77441
ignored,"data/stage2_failure_analysis/day13_new_seed/stage2_failure_day13_new_seed_v1/evaluation/case_cache/day13_evaluation_observation_O4_clean_G128077403_S2087974662_P1671729869.json.gz",generated_results,74058
ignored,"data/stage2_failure_analysis/day13_new_seed/stage2_failure_day13_new_seed_v1/evaluation/case_cache/day13_evaluation_observation_O4_clean_G128077403_S2087974662_P788390312.json.gz",generated_results,73873
ignored,"data/stage2_failure_analysis/day13_new_seed/stage2_failure_day13_new_seed_v1/evaluation/case_cache/day13_evaluation_observation_O4_clean_G128077403_S658360556_P1671729869.json.gz",generated_results,74697
ignored,"data/stage2_failure_analysis/day13_new_seed/stage2_failure_day13_new_seed_v1/evaluation/case_cache/day13_evaluation_observation_O4_clean_G128077403_S658360556_P788390312.json.gz",generated_results,74123
ignored,"data/stage2_failure_analysis/day13_new_seed/stage2_failure_day13_new_seed_v1/evaluation/case_cache/day13_evaluation_observation_O4_clean_G1573279497_S2087974662_P1671729869.json.gz",generated_results,74008
ignored,"data/stage2_failure_analysis/day13_new_seed/stage2_failure_day13_new_seed_v1/evaluation/case_cache/day13_evaluation_observation_O4_clean_G1573279497_S2087974662_P788390312.json.gz",generated_results,74215
ignored,"data/stage2_failure_analysis/day13_new_seed/stage2_failure_day13_new_seed_v1/evaluation/case_cache/day13_evaluation_observation_O4_clean_G1573279497_S658360556_P1671729869.json.gz",generated_results,74413
ignored,"data/stage2_failure_analysis/day13_new_seed/stage2_failure_day13_new_seed_v1/evaluation/case_cache/day13_evaluation_observation_O4_clean_G1573279497_S658360556_P788390312.json.gz",generated_results,74506
ignored,"data/stage2_failure_analysis/day13_new_seed/stage2_failure_day13_new_seed_v1/evaluation/case_cache/day13_evaluation_observation_O4_clean_G158012055_S2087974662_P1671729869.json.gz",generated_results,73777
ignored,"data/stage2_failure_analysis/day13_new_seed/stage2_failure_day13_new_seed_v1/evaluation/case_cache/day13_evaluation_observation_O4_clean_G158012055_S2087974662_P788390312.json.gz",generated_results,74195
ignored,"data/stage2_failure_analysis/day13_new_seed/stage2_failure_day13_new_seed_v1/evaluation/case_cache/day13_evaluation_observation_O4_clean_G158012055_S658360556_P1671729869.json.gz",generated_results,73862
ignored,"data/stage2_failure_analysis/day13_new_seed/stage2_failure_day13_new_seed_v1/evaluation/case_cache/day13_evaluation_observation_O4_clean_G158012055_S658360556_P788390312.json.gz",generated_results,74562
ignored,"data/stage2_failure_analysis/day13_new_seed/stage2_failure_day13_new_seed_v1/evaluation/case_cache/day13_evaluation_observation_O4_clean_G1608298725_S2087974662_P1671729869.json.gz",generated_results,73836
ignored,"data/stage2_failure_analysis/day13_new_seed/stage2_failure_day13_new_seed_v1/evaluation/case_cache/day13_evaluation_observation_O4_clean_G1608298725_S2087974662_P788390312.json.gz",generated_results,74324
ignored,"data/stage2_failure_analysis/day13_new_seed/stage2_failure_day13_new_seed_v1/evaluation/case_cache/day13_evaluation_observation_O4_clean_G1608298725_S658360556_P1671729869.json.gz",generated_results,74322
ignored,"data/stage2_failure_analysis/day13_new_seed/stage2_failure_day13_new_seed_v1/evaluation/case_cache/day13_evaluation_observation_O4_clean_G1608298725_S658360556_P788390312.json.gz",generated_results,74159
ignored,"data/stage2_failure_analysis/day13_new_seed/stage2_failure_day13_new_seed_v1/evaluation/case_cache/day13_evaluation_observation_O4_clean_G1610822625_S2087974662_P1671729869.json.gz",generated_results,74254
ignored,"data/stage2_failure_analysis/day13_new_seed/stage2_failure_day13_new_seed_v1/evaluation/case_cache/day13_evaluation_observation_O4_clean_G1610822625_S2087974662_P788390312.json.gz",generated_results,73918
ignored,"data/stage2_failure_analysis/day13_new_seed/stage2_failure_day13_new_seed_v1/evaluation/case_cache/day13_evaluation_observation_O4_clean_G1610822625_S658360556_P1671729869.json.gz",generated_results,74574
ignored,"data/stage2_failure_analysis/day13_new_seed/stage2_failure_day13_new_seed_v1/evaluation/case_cache/day13_evaluation_observation_O4_clean_G1610822625_S658360556_P788390312.json.gz",generated_results,74193
ignored,"data/stage2_failure_analysis/day13_new_seed/stage2_failure_day13_new_seed_v1/evaluation/case_cache/day13_evaluation_observation_O4_clean_G1803049395_S2087974662_P1671729869.json.gz",generated_results,74838
ignored,"data/stage2_failure_analysis/day13_new_seed/stage2_failure_day13_new_seed_v1/evaluation/case_cache/day13_evaluation_observation_O4_clean_G1803049395_S2087974662_P788390312.json.gz",generated_results,74576
ignored,"data/stage2_failure_analysis/day13_new_seed/stage2_failure_day13_new_seed_v1/evaluation/case_cache/day13_evaluation_observation_O4_clean_G1803049395_S658360556_P1671729869.json.gz",generated_results,73969
ignored,"data/stage2_failure_analysis/day13_new_seed/stage2_failure_day13_new_seed_v1/evaluation/case_cache/day13_evaluation_observation_O4_clean_G1803049395_S658360556_P788390312.json.gz",generated_results,74230
ignored,"data/stage2_failure_analysis/day13_new_seed/stage2_failure_day13_new_seed_v1/evaluation/case_cache/day13_evaluation_observation_O4_clean_G1933664818_S2087974662_P1671729869.json.gz",generated_results,73482
ignored,"data/stage2_failure_analysis/day13_new_seed/stage2_failure_day13_new_seed_v1/evaluation/case_cache/day13_evaluation_observation_O4_clean_G1933664818_S2087974662_P788390312.json.gz",generated_results,74802
ignored,"data/stage2_failure_analysis/day13_new_seed/stage2_failure_day13_new_seed_v1/evaluation/case_cache/day13_evaluation_observation_O4_clean_G1933664818_S658360556_P1671729869.json.gz",generated_results,74270
ignored,"data/stage2_failure_analysis/day13_new_seed/stage2_failure_day13_new_seed_v1/evaluation/case_cache/day13_evaluation_observation_O4_clean_G1933664818_S658360556_P788390312.json.gz",generated_results,73990
ignored,"data/stage2_failure_analysis/day13_new_seed/stage2_failure_day13_new_seed_v1/evaluation/case_cache/day13_evaluation_observation_O4_clean_G357735099_S2087974662_P1671729869.json.gz",generated_results,74493
ignored,"data/stage2_failure_analysis/day13_new_seed/stage2_failure_day13_new_seed_v1/evaluation/case_cache/day13_evaluation_observation_O4_clean_G357735099_S2087974662_P788390312.json.gz",generated_results,73558
ignored,"data/stage2_failure_analysis/day13_new_seed/stage2_failure_day13_new_seed_v1/evaluation/case_cache/day13_evaluation_observation_O4_clean_G357735099_S658360556_P1671729869.json.gz",generated_results,74411
ignored,"data/stage2_failure_analysis/day13_new_seed/stage2_failure_day13_new_seed_v1/evaluation/case_cache/day13_evaluation_observation_O4_clean_G357735099_S658360556_P788390312.json.gz",generated_results,73691
ignored,"data/stage2_failure_analysis/day13_new_seed/stage2_failure_day13_new_seed_v1/evaluation/case_cache/day13_evaluation_observation_O4_clean_G417860995_S2087974662_P1671729869.json.gz",generated_results,74557
ignored,"data/stage2_failure_analysis/day13_new_seed/stage2_failure_day13_new_seed_v1/evaluation/case_cache/day13_evaluation_observation_O4_clean_G417860995_S2087974662_P788390312.json.gz",generated_results,73866
ignored,"data/stage2_failure_analysis/day13_new_seed/stage2_failure_day13_new_seed_v1/evaluation/case_cache/day13_evaluation_observation_O4_clean_G417860995_S658360556_P1671729869.json.gz",generated_results,73872
ignored,"data/stage2_failure_analysis/day13_new_seed/stage2_failure_day13_new_seed_v1/evaluation/case_cache/day13_evaluation_observation_O4_clean_G417860995_S658360556_P788390312.json.gz",generated_results,74176
ignored,"data/stage2_failure_analysis/day13_new_seed/stage2_failure_day13_new_seed_v1/evaluation/case_cache/day13_evaluation_observation_O4_clean_G568461774_S2087974662_P1671729869.json.gz",generated_results,74188
ignored,"data/stage2_failure_analysis/day13_new_seed/stage2_failure_day13_new_seed_v1/evaluation/case_cache/day13_evaluation_observation_O4_clean_G568461774_S2087974662_P788390312.json.gz",generated_results,74490
ignored,"data/stage2_failure_analysis/day13_new_seed/stage2_failure_day13_new_seed_v1/evaluation/case_cache/day13_evaluation_observation_O4_clean_G568461774_S658360556_P1671729869.json.gz",generated_results,74122
ignored,"data/stage2_failure_analysis/day13_new_seed/stage2_failure_day13_new_seed_v1/evaluation/case_cache/day13_evaluation_observation_O4_clean_G568461774_S658360556_P788390312.json.gz",generated_results,74505
ignored,"data/stage2_failure_analysis/day13_new_seed/stage2_failure_day13_new_seed_v1/evaluation/case_cache/day13_evaluation_observation_O4_coherent_subhuber_slip_G128077403_S2087974662_P1671729869.json.gz",generated_results,78420
ignored,"data/stage2_failure_analysis/day13_new_seed/stage2_failure_day13_new_seed_v1/evaluation/case_cache/day13_evaluation_observation_O4_coherent_subhuber_slip_G128077403_S2087974662_P788390312.json.gz",generated_results,78259
ignored,"data/stage2_failure_analysis/day13_new_seed/stage2_failure_day13_new_seed_v1/evaluation/case_cache/day13_evaluation_observation_O4_coherent_subhuber_slip_G128077403_S658360556_P1671729869.json.gz",generated_results,77979
ignored,"data/stage2_failure_analysis/day13_new_seed/stage2_failure_day13_new_seed_v1/evaluation/case_cache/day13_evaluation_observation_O4_coherent_subhuber_slip_G128077403_S658360556_P788390312.json.gz",generated_results,77708
ignored,"data/stage2_failure_analysis/day13_new_seed/stage2_failure_day13_new_seed_v1/evaluation/case_cache/day13_evaluation_observation_O4_coherent_subhuber_slip_G1573279497_S2087974662_P1671729869.json.gz",generated_results,77949
ignored,"data/stage2_failure_analysis/day13_new_seed/stage2_failure_day13_new_seed_v1/evaluation/case_cache/day13_evaluation_observation_O4_coherent_subhuber_slip_G1573279497_S2087974662_P788390312.json.gz",generated_results,78017
ignored,"data/stage2_failure_analysis/day13_new_seed/stage2_failure_day13_new_seed_v1/evaluation/case_cache/day13_evaluation_observation_O4_coherent_subhuber_slip_G1573279497_S658360556_P1671729869.json.gz",generated_results,78140
ignored,"data/stage2_failure_analysis/day13_new_seed/stage2_failure_day13_new_seed_v1/evaluation/case_cache/day13_evaluation_observation_O4_coherent_subhuber_slip_G1573279497_S658360556_P788390312.json.gz",generated_results,78350
ignored,"data/stage2_failure_analysis/day13_new_seed/stage2_failure_day13_new_seed_v1/evaluation/case_cache/day13_evaluation_observation_O4_coherent_subhuber_slip_G158012055_S2087974662_P1671729869.json.gz",generated_results,77334
ignored,"data/stage2_failure_analysis/day13_new_seed/stage2_failure_day13_new_seed_v1/evaluation/case_cache/day13_evaluation_observation_O4_coherent_subhuber_slip_G158012055_S2087974662_P788390312.json.gz",generated_results,77864
ignored,"data/stage2_failure_analysis/day13_new_seed/stage2_failure_day13_new_seed_v1/evaluation/case_cache/day13_evaluation_observation_O4_coherent_subhuber_slip_G158012055_S658360556_P1671729869.json.gz",generated_results,78046
ignored,"data/stage2_failure_analysis/day13_new_seed/stage2_failure_day13_new_seed_v1/evaluation/case_cache/day13_evaluation_observation_O4_coherent_subhuber_slip_G158012055_S658360556_P788390312.json.gz",generated_results,78677
ignored,"data/stage2_failure_analysis/day13_new_seed/stage2_failure_day13_new_seed_v1/evaluation/case_cache/day13_evaluation_observation_O4_coherent_subhuber_slip_G1608298725_S2087974662_P1671729869.json.gz",generated_results,77620
ignored,"data/stage2_failure_analysis/day13_new_seed/stage2_failure_day13_new_seed_v1/evaluation/case_cache/day13_evaluation_observation_O4_coherent_subhuber_slip_G1608298725_S2087974662_P788390312.json.gz",generated_results,77627
ignored,"data/stage2_failure_analysis/day13_new_seed/stage2_failure_day13_new_seed_v1/evaluation/case_cache/day13_evaluation_observation_O4_coherent_subhuber_slip_G1608298725_S658360556_P1671729869.json.gz",generated_results,78289
ignored,"data/stage2_failure_analysis/day13_new_seed/stage2_failure_day13_new_seed_v1/evaluation/case_cache/day13_evaluation_observation_O4_coherent_subhuber_slip_G1608298725_S658360556_P788390312.json.gz",generated_results,78193
ignored,"data/stage2_failure_analysis/day13_new_seed/stage2_failure_day13_new_seed_v1/evaluation/case_cache/day13_evaluation_observation_O4_coherent_subhuber_slip_G1610822625_S2087974662_P1671729869.json.gz",generated_results,78177
ignored,"data/stage2_failure_analysis/day13_new_seed/stage2_failure_day13_new_seed_v1/evaluation/case_cache/day13_evaluation_observation_O4_coherent_subhuber_slip_G1610822625_S2087974662_P788390312.json.gz",generated_results,78179
ignored,"data/stage2_failure_analysis/day13_new_seed/stage2_failure_day13_new_seed_v1/evaluation/case_cache/day13_evaluation_observation_O4_coherent_subhuber_slip_G1610822625_S658360556_P1671729869.json.gz",generated_results,78363
ignored,"data/stage2_failure_analysis/day13_new_seed/stage2_failure_day13_new_seed_v1/evaluation/case_cache/day13_evaluation_observation_O4_coherent_subhuber_slip_G1610822625_S658360556_P788390312.json.gz",generated_results,78101
ignored,"data/stage2_failure_analysis/day13_new_seed/stage2_failure_day13_new_seed_v1/evaluation/case_cache/day13_evaluation_observation_O4_coherent_subhuber_slip_G1803049395_S2087974662_P1671729869.json.gz",generated_results,78209
ignored,"data/stage2_failure_analysis/day13_new_seed/stage2_failure_day13_new_seed_v1/evaluation/case_cache/day13_evaluation_observation_O4_coherent_subhuber_slip_G1803049395_S2087974662_P788390312.json.gz",generated_results,78248
ignored,"data/stage2_failure_analysis/day13_new_seed/stage2_failure_day13_new_seed_v1/evaluation/case_cache/day13_evaluation_observation_O4_coherent_subhuber_slip_G1803049395_S658360556_P1671729869.json.gz",generated_results,78016
ignored,"data/stage2_failure_analysis/day13_new_seed/stage2_failure_day13_new_seed_v1/evaluation/case_cache/day13_evaluation_observation_O4_coherent_subhuber_slip_G1803049395_S658360556_P788390312.json.gz",generated_results,77939
ignored,"data/stage2_failure_analysis/day13_new_seed/stage2_failure_day13_new_seed_v1/evaluation/case_cache/day13_evaluation_observation_O4_coherent_subhuber_slip_G1933664818_S2087974662_P1671729869.json.gz",generated_results,77252
ignored,"data/stage2_failure_analysis/day13_new_seed/stage2_failure_day13_new_seed_v1/evaluation/case_cache/day13_evaluation_observation_O4_coherent_subhuber_slip_G1933664818_S2087974662_P788390312.json.gz",generated_results,78211
ignored,"data/stage2_failure_analysis/day13_new_seed/stage2_failure_day13_new_seed_v1/evaluation/case_cache/day13_evaluation_observation_O4_coherent_subhuber_slip_G1933664818_S658360556_P1671729869.json.gz",generated_results,78132
ignored,"data/stage2_failure_analysis/day13_new_seed/stage2_failure_day13_new_seed_v1/evaluation/case_cache/day13_evaluation_observation_O4_coherent_subhuber_slip_G1933664818_S658360556_P788390312.json.gz",generated_results,77900
ignored,"data/stage2_failure_analysis/day13_new_seed/stage2_failure_day13_new_seed_v1/evaluation/case_cache/day13_evaluation_observation_O4_coherent_subhuber_slip_G357735099_S2087974662_P1671729869.json.gz",generated_results,77925
ignored,"data/stage2_failure_analysis/day13_new_seed/stage2_failure_day13_new_seed_v1/evaluation/case_cache/day13_evaluation_observation_O4_coherent_subhuber_slip_G357735099_S2087974662_P788390312.json.gz",generated_results,77431
ignored,"data/stage2_failure_analysis/day13_new_seed/stage2_failure_day13_new_seed_v1/evaluation/case_cache/day13_evaluation_observation_O4_coherent_subhuber_slip_G357735099_S658360556_P1671729869.json.gz",generated_results,78098
ignored,"data/stage2_failure_analysis/day13_new_seed/stage2_failure_day13_new_seed_v1/evaluation/case_cache/day13_evaluation_observation_O4_coherent_subhuber_slip_G357735099_S658360556_P788390312.json.gz",generated_results,77797
ignored,"data/stage2_failure_analysis/day13_new_seed/stage2_failure_day13_new_seed_v1/evaluation/case_cache/day13_evaluation_observation_O4_coherent_subhuber_slip_G417860995_S2087974662_P1671729869.json.gz",generated_results,78245
ignored,"data/stage2_failure_analysis/day13_new_seed/stage2_failure_day13_new_seed_v1/evaluation/case_cache/day13_evaluation_observation_O4_coherent_subhuber_slip_G417860995_S2087974662_P788390312.json.gz",generated_results,77824
ignored,"data/stage2_failure_analysis/day13_new_seed/stage2_failure_day13_new_seed_v1/evaluation/case_cache/day13_evaluation_observation_O4_coherent_subhuber_slip_G417860995_S658360556_P1671729869.json.gz",generated_results,78132
ignored,"data/stage2_failure_analysis/day13_new_seed/stage2_failure_day13_new_seed_v1/evaluation/case_cache/day13_evaluation_observation_O4_coherent_subhuber_slip_G417860995_S658360556_P788390312.json.gz",generated_results,78133
ignored,"data/stage2_failure_analysis/day13_new_seed/stage2_failure_day13_new_seed_v1/evaluation/case_cache/day13_evaluation_observation_O4_coherent_subhuber_slip_G568461774_S2087974662_P1671729869.json.gz",generated_results,77923
ignored,"data/stage2_failure_analysis/day13_new_seed/stage2_failure_day13_new_seed_v1/evaluation/case_cache/day13_evaluation_observation_O4_coherent_subhuber_slip_G568461774_S2087974662_P788390312.json.gz",generated_results,78335
ignored,"data/stage2_failure_analysis/day13_new_seed/stage2_failure_day13_new_seed_v1/evaluation/case_cache/day13_evaluation_observation_O4_coherent_subhuber_slip_G568461774_S658360556_P1671729869.json.gz",generated_results,78120
ignored,"data/stage2_failure_analysis/day13_new_seed/stage2_failure_day13_new_seed_v1/evaluation/case_cache/day13_evaluation_observation_O4_coherent_subhuber_slip_G568461774_S658360556_P788390312.json.gz",generated_results,78234
ignored,"data/stage2_failure_analysis/day13_new_seed/stage2_failure_day13_new_seed_v1/evaluation/case_cache/day13_evaluation_observation_O4_gross_outlier_control_G128077403_S2087974662_P1671729869.json.gz",generated_results,76490
ignored,"data/stage2_failure_analysis/day13_new_seed/stage2_failure_day13_new_seed_v1/evaluation/case_cache/day13_evaluation_observation_O4_gross_outlier_control_G128077403_S2087974662_P788390312.json.gz",generated_results,75950
ignored,"data/stage2_failure_analysis/day13_new_seed/stage2_failure_day13_new_seed_v1/evaluation/case_cache/day13_evaluation_observation_O4_gross_outlier_control_G128077403_S658360556_P1671729869.json.gz",generated_results,76938
ignored,"data/stage2_failure_analysis/day13_new_seed/stage2_failure_day13_new_seed_v1/evaluation/case_cache/day13_evaluation_observation_O4_gross_outlier_control_G128077403_S658360556_P788390312.json.gz",generated_results,76964
ignored,"data/stage2_failure_analysis/day13_new_seed/stage2_failure_day13_new_seed_v1/evaluation/case_cache/day13_evaluation_observation_O4_gross_outlier_control_G1573279497_S2087974662_P1671729869.json.gz",generated_results,76405
ignored,"data/stage2_failure_analysis/day13_new_seed/stage2_failure_day13_new_seed_v1/evaluation/case_cache/day13_evaluation_observation_O4_gross_outlier_control_G1573279497_S2087974662_P788390312.json.gz",generated_results,76237
ignored,"data/stage2_failure_analysis/day13_new_seed/stage2_failure_day13_new_seed_v1/evaluation/case_cache/day13_evaluation_observation_O4_gross_outlier_control_G1573279497_S658360556_P1671729869.json.gz",generated_results,75982
ignored,"data/stage2_failure_analysis/day13_new_seed/stage2_failure_day13_new_seed_v1/evaluation/case_cache/day13_evaluation_observation_O4_gross_outlier_control_G1573279497_S658360556_P788390312.json.gz",generated_results,76537
ignored,"data/stage2_failure_analysis/day13_new_seed/stage2_failure_day13_new_seed_v1/evaluation/case_cache/day13_evaluation_observation_O4_gross_outlier_control_G158012055_S2087974662_P1671729869.json.gz",generated_results,75525
ignored,"data/stage2_failure_analysis/day13_new_seed/stage2_failure_day13_new_seed_v1/evaluation/case_cache/day13_evaluation_observation_O4_gross_outlier_control_G158012055_S2087974662_P788390312.json.gz",generated_results,76165
ignored,"data/stage2_failure_analysis/day13_new_seed/stage2_failure_day13_new_seed_v1/evaluation/case_cache/day13_evaluation_observation_O4_gross_outlier_control_G158012055_S658360556_P1671729869.json.gz",generated_results,75742
ignored,"data/stage2_failure_analysis/day13_new_seed/stage2_failure_day13_new_seed_v1/evaluation/case_cache/day13_evaluation_observation_O4_gross_outlier_control_G158012055_S658360556_P788390312.json.gz",generated_results,76329
ignored,"data/stage2_failure_analysis/day13_new_seed/stage2_failure_day13_new_seed_v1/evaluation/case_cache/day13_evaluation_observation_O4_gross_outlier_control_G1608298725_S2087974662_P1671729869.json.gz",generated_results,76198
ignored,"data/stage2_failure_analysis/day13_new_seed/stage2_failure_day13_new_seed_v1/evaluation/case_cache/day13_evaluation_observation_O4_gross_outlier_control_G1608298725_S2087974662_P788390312.json.gz",generated_results,76173
ignored,"data/stage2_failure_analysis/day13_new_seed/stage2_failure_day13_new_seed_v1/evaluation/case_cache/day13_evaluation_observation_O4_gross_outlier_control_G1608298725_S658360556_P1671729869.json.gz",generated_results,76343
ignored,"data/stage2_failure_analysis/day13_new_seed/stage2_failure_day13_new_seed_v1/evaluation/case_cache/day13_evaluation_observation_O4_gross_outlier_control_G1608298725_S658360556_P788390312.json.gz",generated_results,76274
ignored,"data/stage2_failure_analysis/day13_new_seed/stage2_failure_day13_new_seed_v1/evaluation/case_cache/day13_evaluation_observation_O4_gross_outlier_control_G1610822625_S2087974662_P1671729869.json.gz",generated_results,76166
ignored,"data/stage2_failure_analysis/day13_new_seed/stage2_failure_day13_new_seed_v1/evaluation/case_cache/day13_evaluation_observation_O4_gross_outlier_control_G1610822625_S2087974662_P788390312.json.gz",generated_results,75939
ignored,"data/stage2_failure_analysis/day13_new_seed/stage2_failure_day13_new_seed_v1/evaluation/case_cache/day13_evaluation_observation_O4_gross_outlier_control_G1610822625_S658360556_P1671729869.json.gz",generated_results,76782
ignored,"data/stage2_failure_analysis/day13_new_seed/stage2_failure_day13_new_seed_v1/evaluation/case_cache/day13_evaluation_observation_O4_gross_outlier_control_G1610822625_S658360556_P788390312.json.gz",generated_results,76156
ignored,"data/stage2_failure_analysis/day13_new_seed/stage2_failure_day13_new_seed_v1/evaluation/case_cache/day13_evaluation_observation_O4_gross_outlier_control_G1803049395_S2087974662_P1671729869.json.gz",generated_results,76984
ignored,"data/stage2_failure_analysis/day13_new_seed/stage2_failure_day13_new_seed_v1/evaluation/case_cache/day13_evaluation_observation_O4_gross_outlier_control_G1803049395_S2087974662_P788390312.json.gz",generated_results,76829
ignored,"data/stage2_failure_analysis/day13_new_seed/stage2_failure_day13_new_seed_v1/evaluation/case_cache/day13_evaluation_observation_O4_gross_outlier_control_G1803049395_S658360556_P1671729869.json.gz",generated_results,76272
ignored,"data/stage2_failure_analysis/day13_new_seed/stage2_failure_day13_new_seed_v1/evaluation/case_cache/day13_evaluation_observation_O4_gross_outlier_control_G1803049395_S658360556_P788390312.json.gz",generated_results,76531
ignored,"data/stage2_failure_analysis/day13_new_seed/stage2_failure_day13_new_seed_v1/evaluation/case_cache/day13_evaluation_observation_O4_gross_outlier_control_G1933664818_S2087974662_P1671729869.json.gz",generated_results,75838
ignored,"data/stage2_failure_analysis/day13_new_seed/stage2_failure_day13_new_seed_v1/evaluation/case_cache/day13_evaluation_observation_O4_gross_outlier_control_G1933664818_S2087974662_P788390312.json.gz",generated_results,76828
ignored,"data/stage2_failure_analysis/day13_new_seed/stage2_failure_day13_new_seed_v1/evaluation/case_cache/day13_evaluation_observation_O4_gross_outlier_control_G1933664818_S658360556_P1671729869.json.gz",generated_results,75975
ignored,"data/stage2_failure_analysis/day13_new_seed/stage2_failure_day13_new_seed_v1/evaluation/case_cache/day13_evaluation_observation_O4_gross_outlier_control_G1933664818_S658360556_P788390312.json.gz",generated_results,75988
ignored,"data/stage2_failure_analysis/day13_new_seed/stage2_failure_day13_new_seed_v1/evaluation/case_cache/day13_evaluation_observation_O4_gross_outlier_control_G357735099_S2087974662_P1671729869.json.gz",generated_results,76326
ignored,"data/stage2_failure_analysis/day13_new_seed/stage2_failure_day13_new_seed_v1/evaluation/case_cache/day13_evaluation_observation_O4_gross_outlier_control_G357735099_S2087974662_P788390312.json.gz",generated_results,75899
ignored,"data/stage2_failure_analysis/day13_new_seed/stage2_failure_day13_new_seed_v1/evaluation/case_cache/day13_evaluation_observation_O4_gross_outlier_control_G357735099_S658360556_P1671729869.json.gz",generated_results,76477
ignored,"data/stage2_failure_analysis/day13_new_seed/stage2_failure_day13_new_seed_v1/evaluation/case_cache/day13_evaluation_observation_O4_gross_outlier_control_G357735099_S658360556_P788390312.json.gz",generated_results,75777
ignored,"data/stage2_failure_analysis/day13_new_seed/stage2_failure_day13_new_seed_v1/evaluation/case_cache/day13_evaluation_observation_O4_gross_outlier_control_G417860995_S2087974662_P1671729869.json.gz",generated_results,76840
ignored,"data/stage2_failure_analysis/day13_new_seed/stage2_failure_day13_new_seed_v1/evaluation/case_cache/day13_evaluation_observation_O4_gross_outlier_control_G417860995_S2087974662_P788390312.json.gz",generated_results,76459
ignored,"data/stage2_failure_analysis/day13_new_seed/stage2_failure_day13_new_seed_v1/evaluation/case_cache/day13_evaluation_observation_O4_gross_outlier_control_G417860995_S658360556_P1671729869.json.gz",generated_results,75790
ignored,"data/stage2_failure_analysis/day13_new_seed/stage2_failure_day13_new_seed_v1/evaluation/case_cache/day13_evaluation_observation_O4_gross_outlier_control_G417860995_S658360556_P788390312.json.gz",generated_results,76059
ignored,"data/stage2_failure_analysis/day13_new_seed/stage2_failure_day13_new_seed_v1/evaluation/case_cache/day13_evaluation_observation_O4_gross_outlier_control_G568461774_S2087974662_P1671729869.json.gz",generated_results,76378
ignored,"data/stage2_failure_analysis/day13_new_seed/stage2_failure_day13_new_seed_v1/evaluation/case_cache/day13_evaluation_observation_O4_gross_outlier_control_G568461774_S2087974662_P788390312.json.gz",generated_results,76461
ignored,"data/stage2_failure_analysis/day13_new_seed/stage2_failure_day13_new_seed_v1/evaluation/case_cache/day13_evaluation_observation_O4_gross_outlier_control_G568461774_S658360556_P1671729869.json.gz",generated_results,76123
ignored,"data/stage2_failure_analysis/day13_new_seed/stage2_failure_day13_new_seed_v1/evaluation/case_cache/day13_evaluation_observation_O4_gross_outlier_control_G568461774_S658360556_P788390312.json.gz",generated_results,76631
ignored,"data/stage2_failure_analysis/day13_new_seed/stage2_failure_day13_new_seed_v1/evaluation/case_cache/day13_evaluation_open_control_OC_clean_G128077403_S2087974662_P1671729869.json.gz",generated_results,70310
ignored,"data/stage2_failure_analysis/day13_new_seed/stage2_failure_day13_new_seed_v1/evaluation/case_cache/day13_evaluation_open_control_OC_clean_G128077403_S2087974662_P788390312.json.gz",generated_results,70413
ignored,"data/stage2_failure_analysis/day13_new_seed/stage2_failure_day13_new_seed_v1/evaluation/case_cache/day13_evaluation_open_control_OC_clean_G128077403_S658360556_P1671729869.json.gz",generated_results,70369
ignored,"data/stage2_failure_analysis/day13_new_seed/stage2_failure_day13_new_seed_v1/evaluation/case_cache/day13_evaluation_open_control_OC_clean_G128077403_S658360556_P788390312.json.gz",generated_results,70985
ignored,"data/stage2_failure_analysis/day13_new_seed/stage2_failure_day13_new_seed_v1/evaluation/case_cache/day13_evaluation_open_control_OC_clean_G1573279497_S2087974662_P1671729869.json.gz",generated_results,70798
ignored,"data/stage2_failure_analysis/day13_new_seed/stage2_failure_day13_new_seed_v1/evaluation/case_cache/day13_evaluation_open_control_OC_clean_G1573279497_S2087974662_P788390312.json.gz",generated_results,70698
ignored,"data/stage2_failure_analysis/day13_new_seed/stage2_failure_day13_new_seed_v1/evaluation/case_cache/day13_evaluation_open_control_OC_clean_G1573279497_S658360556_P1671729869.json.gz",generated_results,71293
ignored,"data/stage2_failure_analysis/day13_new_seed/stage2_failure_day13_new_seed_v1/evaluation/case_cache/day13_evaluation_open_control_OC_clean_G1573279497_S658360556_P788390312.json.gz",generated_results,70237
ignored,"data/stage2_failure_analysis/day13_new_seed/stage2_failure_day13_new_seed_v1/evaluation/case_cache/day13_evaluation_open_control_OC_clean_G158012055_S2087974662_P1671729869.json.gz",generated_results,70476
ignored,"data/stage2_failure_analysis/day13_new_seed/stage2_failure_day13_new_seed_v1/evaluation/case_cache/day13_evaluation_open_control_OC_clean_G158012055_S2087974662_P788390312.json.gz",generated_results,70622
ignored,"data/stage2_failure_analysis/day13_new_seed/stage2_failure_day13_new_seed_v1/evaluation/case_cache/day13_evaluation_open_control_OC_clean_G158012055_S658360556_P1671729869.json.gz",generated_results,70248
ignored,"data/stage2_failure_analysis/day13_new_seed/stage2_failure_day13_new_seed_v1/evaluation/case_cache/day13_evaluation_open_control_OC_clean_G158012055_S658360556_P788390312.json.gz",generated_results,70666
ignored,"data/stage2_failure_analysis/day13_new_seed/stage2_failure_day13_new_seed_v1/evaluation/case_cache/day13_evaluation_open_control_OC_clean_G1608298725_S2087974662_P1671729869.json.gz",generated_results,70010
ignored,"data/stage2_failure_analysis/day13_new_seed/stage2_failure_day13_new_seed_v1/evaluation/case_cache/day13_evaluation_open_control_OC_clean_G1608298725_S2087974662_P788390312.json.gz",generated_results,70700
ignored,"data/stage2_failure_analysis/day13_new_seed/stage2_failure_day13_new_seed_v1/evaluation/case_cache/day13_evaluation_open_control_OC_clean_G1608298725_S658360556_P1671729869.json.gz",generated_results,70770
ignored,"data/stage2_failure_analysis/day13_new_seed/stage2_failure_day13_new_seed_v1/evaluation/case_cache/day13_evaluation_open_control_OC_clean_G1608298725_S658360556_P788390312.json.gz",generated_results,70205
ignored,"data/stage2_failure_analysis/day13_new_seed/stage2_failure_day13_new_seed_v1/evaluation/case_cache/day13_evaluation_open_control_OC_clean_G1610822625_S2087974662_P1671729869.json.gz",generated_results,70355
ignored,"data/stage2_failure_analysis/day13_new_seed/stage2_failure_day13_new_seed_v1/evaluation/case_cache/day13_evaluation_open_control_OC_clean_G1610822625_S2087974662_P788390312.json.gz",generated_results,70173
ignored,"data/stage2_failure_analysis/day13_new_seed/stage2_failure_day13_new_seed_v1/evaluation/case_cache/day13_evaluation_open_control_OC_clean_G1610822625_S658360556_P1671729869.json.gz",generated_results,70175
ignored,"data/stage2_failure_analysis/day13_new_seed/stage2_failure_day13_new_seed_v1/evaluation/case_cache/day13_evaluation_open_control_OC_clean_G1610822625_S658360556_P788390312.json.gz",generated_results,70075
ignored,"data/stage2_failure_analysis/day13_new_seed/stage2_failure_day13_new_seed_v1/evaluation/case_cache/day13_evaluation_open_control_OC_clean_G1803049395_S2087974662_P1671729869.json.gz",generated_results,70592
ignored,"data/stage2_failure_analysis/day13_new_seed/stage2_failure_day13_new_seed_v1/evaluation/case_cache/day13_evaluation_open_control_OC_clean_G1803049395_S2087974662_P788390312.json.gz",generated_results,70567
ignored,"data/stage2_failure_analysis/day13_new_seed/stage2_failure_day13_new_seed_v1/evaluation/case_cache/day13_evaluation_open_control_OC_clean_G1803049395_S658360556_P1671729869.json.gz",generated_results,70616
ignored,"data/stage2_failure_analysis/day13_new_seed/stage2_failure_day13_new_seed_v1/evaluation/case_cache/day13_evaluation_open_control_OC_clean_G1803049395_S658360556_P788390312.json.gz",generated_results,70586
ignored,"data/stage2_failure_analysis/day13_new_seed/stage2_failure_day13_new_seed_v1/evaluation/case_cache/day13_evaluation_open_control_OC_clean_G1933664818_S2087974662_P1671729869.json.gz",generated_results,70160
ignored,"data/stage2_failure_analysis/day13_new_seed/stage2_failure_day13_new_seed_v1/evaluation/case_cache/day13_evaluation_open_control_OC_clean_G1933664818_S2087974662_P788390312.json.gz",generated_results,70823
ignored,"data/stage2_failure_analysis/day13_new_seed/stage2_failure_day13_new_seed_v1/evaluation/case_cache/day13_evaluation_open_control_OC_clean_G1933664818_S658360556_P1671729869.json.gz",generated_results,70390
ignored,"data/stage2_failure_analysis/day13_new_seed/stage2_failure_day13_new_seed_v1/evaluation/case_cache/day13_evaluation_open_control_OC_clean_G1933664818_S658360556_P788390312.json.gz",generated_results,70097
ignored,"data/stage2_failure_analysis/day13_new_seed/stage2_failure_day13_new_seed_v1/evaluation/case_cache/day13_evaluation_open_control_OC_clean_G357735099_S2087974662_P1671729869.json.gz",generated_results,70033
ignored,"data/stage2_failure_analysis/day13_new_seed/stage2_failure_day13_new_seed_v1/evaluation/case_cache/day13_evaluation_open_control_OC_clean_G357735099_S2087974662_P788390312.json.gz",generated_results,70504
ignored,"data/stage2_failure_analysis/day13_new_seed/stage2_failure_day13_new_seed_v1/evaluation/case_cache/day13_evaluation_open_control_OC_clean_G357735099_S658360556_P1671729869.json.gz",generated_results,70769
ignored,"data/stage2_failure_analysis/day13_new_seed/stage2_failure_day13_new_seed_v1/evaluation/case_cache/day13_evaluation_open_control_OC_clean_G357735099_S658360556_P788390312.json.gz",generated_results,70809
ignored,"data/stage2_failure_analysis/day13_new_seed/stage2_failure_day13_new_seed_v1/evaluation/case_cache/day13_evaluation_open_control_OC_clean_G417860995_S2087974662_P1671729869.json.gz",generated_results,70521
ignored,"data/stage2_failure_analysis/day13_new_seed/stage2_failure_day13_new_seed_v1/evaluation/case_cache/day13_evaluation_open_control_OC_clean_G417860995_S2087974662_P788390312.json.gz",generated_results,69760
ignored,"data/stage2_failure_analysis/day13_new_seed/stage2_failure_day13_new_seed_v1/evaluation/case_cache/day13_evaluation_open_control_OC_clean_G417860995_S658360556_P1671729869.json.gz",generated_results,70513
ignored,"data/stage2_failure_analysis/day13_new_seed/stage2_failure_day13_new_seed_v1/evaluation/case_cache/day13_evaluation_open_control_OC_clean_G417860995_S658360556_P788390312.json.gz",generated_results,70903
ignored,"data/stage2_failure_analysis/day13_new_seed/stage2_failure_day13_new_seed_v1/evaluation/case_cache/day13_evaluation_open_control_OC_clean_G568461774_S2087974662_P1671729869.json.gz",generated_results,70362
ignored,"data/stage2_failure_analysis/day13_new_seed/stage2_failure_day13_new_seed_v1/evaluation/case_cache/day13_evaluation_open_control_OC_clean_G568461774_S2087974662_P788390312.json.gz",generated_results,70027
ignored,"data/stage2_failure_analysis/day13_new_seed/stage2_failure_day13_new_seed_v1/evaluation/case_cache/day13_evaluation_open_control_OC_clean_G568461774_S658360556_P1671729869.json.gz",generated_results,70139
ignored,"data/stage2_failure_analysis/day13_new_seed/stage2_failure_day13_new_seed_v1/evaluation/case_cache/day13_evaluation_open_control_OC_clean_G568461774_S658360556_P788390312.json.gz",generated_results,70473
ignored,"reports/stage1/pytest_full_20260720.log",temporary_logs,751
ignored,"reports/stage1/pytest_full_initial_20260720.log",temporary_logs,751
ignored,"results/environment/env_check.json",generated_results,20116
ignored,"results/harmful_bias_multihyp_dev/day5_remediation/multihyp_day5_remediation_v1/aggregate.log",temporary_logs,3291
ignored,"results/harmful_bias_multihyp_dev/day5_remediation/multihyp_day5_remediation_v1/baseline_compare.log",temporary_logs,18691
ignored,"results/harmful_bias_multihyp_dev/day5_remediation/multihyp_day5_remediation_v1/baseline_phase_summary.json",generated_results,21867
ignored,"results/harmful_bias_multihyp_dev/day5_remediation/multihyp_day5_remediation_v1/baseline_repeatability.csv",generated_results,3154
ignored,"results/harmful_bias_multihyp_dev/day5_remediation/multihyp_day5_remediation_v1/binary_integrity_baseline.csv",generated_results,512
ignored,"results/harmful_bias_multihyp_dev/day5_remediation/multihyp_day5_remediation_v1/binary_integrity_summary.csv",generated_results,512
ignored,"results/harmful_bias_multihyp_dev/day5_remediation/multihyp_day5_remediation_v1/capture_only_equivalence.csv",generated_results,145
ignored,"results/harmful_bias_multihyp_dev/day5_remediation/multihyp_day5_remediation_v1/compact_export_equivalence.csv",generated_results,143
ignored,"results/harmful_bias_multihyp_dev/day5_remediation/multihyp_day5_remediation_v1/day5_remediation_gate_summary.json",generated_results,1473
ignored,"results/harmful_bias_multihyp_dev/day5_remediation/multihyp_day5_remediation_v1/day5_remediation_run_lock.json",generated_results,10814
ignored,"results/harmful_bias_multihyp_dev/day5_remediation/multihyp_day5_remediation_v1/day5_remediation_run_manifest.json",generated_results,3080
ignored,"results/harmful_bias_multihyp_dev/day5_remediation/multihyp_day5_remediation_v1/day5_remediation_summary.json",generated_results,3659
ignored,"results/harmful_bias_multihyp_dev/day5_remediation/multihyp_day5_remediation_v1/detector_runtime_baseline.csv",generated_results,8
ignored,"results/harmful_bias_multihyp_dev/day5_remediation/multihyp_day5_remediation_v1/detector_runtime_summary.csv",generated_results,203
ignored,"results/harmful_bias_multihyp_dev/day5_remediation/multihyp_day5_remediation_v1/first_divergence_baseline.csv",generated_results,676
ignored,"results/harmful_bias_multihyp_dev/day5_remediation/multihyp_day5_remediation_v1/first_divergence_summary.csv",generated_results,676
ignored,"results/harmful_bias_multihyp_dev/day5_remediation/multihyp_day5_remediation_v1/full_log_index.csv",generated_results,3571
ignored,"results/harmful_bias_multihyp_dev/day5_remediation/multihyp_day5_remediation_v1/gate_summary.csv",generated_results,1296
ignored,"results/harmful_bias_multihyp_dev/day5_remediation/multihyp_day5_remediation_v1/matrix_started.marker",generated_results,0
ignored,"results/harmful_bias_multihyp_dev/day5_remediation/multihyp_day5_remediation_v1/mismatch_rows_baseline.csv",generated_results,2160328
ignored,"results/harmful_bias_multihyp_dev/day5_remediation/multihyp_day5_remediation_v1/no_gt_runtime_audit.csv",generated_results,394
ignored,"results/harmful_bias_multihyp_dev/day5_remediation/multihyp_day5_remediation_v1/no_gt_runtime_audit_baseline.csv",generated_results,394
ignored,"results/harmful_bias_multihyp_dev/day5_remediation/multihyp_day5_remediation_v1/parameter_diff_audit.csv",generated_results,572
ignored,"results/harmful_bias_multihyp_dev/day5_remediation/multihyp_day5_remediation_v1/parameter_diff_audit_baseline.csv",generated_results,572
ignored,"results/harmful_bias_multihyp_dev/day5_remediation/multihyp_day5_remediation_v1/post_multihyp_day5_remediation_baseline_v1_avia_outdoor_run_100hz_AUDIT_ONLY_R1_lock.json",generated_results,2449
ignored,"results/harmful_bias_multihyp_dev/day5_remediation/multihyp_day5_remediation_v1/post_multihyp_day5_remediation_baseline_v1_avia_outdoor_run_100hz_AUDIT_ONLY_R2_lock.json",generated_results,2449
ignored,"results/harmful_bias_multihyp_dev/day5_remediation/multihyp_day5_remediation_v1/post_multihyp_day5_remediation_baseline_v1_avia_outdoor_run_100hz_AUDIT_ONLY_R3_lock.json",generated_results,2449
ignored,"results/harmful_bias_multihyp_dev/day5_remediation/multihyp_day5_remediation_v1/post_multihyp_day5_remediation_baseline_v1_avia_quick_shack_AUDIT_ONLY_R1_lock.json",generated_results,2449
ignored,"results/harmful_bias_multihyp_dev/day5_remediation/multihyp_day5_remediation_v1/post_multihyp_day5_remediation_baseline_v1_avia_quick_shack_AUDIT_ONLY_R2_lock.json",generated_results,2449
ignored,"results/harmful_bias_multihyp_dev/day5_remediation/multihyp_day5_remediation_v1/post_multihyp_day5_remediation_baseline_v1_avia_quick_shack_AUDIT_ONLY_R3_lock.json",generated_results,2449
ignored,"results/harmful_bias_multihyp_dev/day5_remediation/multihyp_day5_remediation_v1/post_run_lock_verification.json",generated_results,2449
ignored,"results/harmful_bias_multihyp_dev/day5_remediation/multihyp_day5_remediation_v1/pre_multihyp_day5_remediation_baseline_v1_avia_outdoor_run_100hz_AUDIT_ONLY_R1_lock.json",generated_results,2449
ignored,"results/harmful_bias_multihyp_dev/day5_remediation/multihyp_day5_remediation_v1/pre_multihyp_day5_remediation_baseline_v1_avia_outdoor_run_100hz_AUDIT_ONLY_R2_lock.json",generated_results,2449
ignored,"results/harmful_bias_multihyp_dev/day5_remediation/multihyp_day5_remediation_v1/pre_multihyp_day5_remediation_baseline_v1_avia_outdoor_run_100hz_AUDIT_ONLY_R3_lock.json",generated_results,2449
ignored,"results/harmful_bias_multihyp_dev/day5_remediation/multihyp_day5_remediation_v1/pre_multihyp_day5_remediation_baseline_v1_avia_quick_shack_AUDIT_ONLY_R1_lock.json",generated_results,2449
ignored,"results/harmful_bias_multihyp_dev/day5_remediation/multihyp_day5_remediation_v1/pre_multihyp_day5_remediation_baseline_v1_avia_quick_shack_AUDIT_ONLY_R2_lock.json",generated_results,2449
ignored,"results/harmful_bias_multihyp_dev/day5_remediation/multihyp_day5_remediation_v1/pre_multihyp_day5_remediation_baseline_v1_avia_quick_shack_AUDIT_ONLY_R3_lock.json",generated_results,2449
ignored,"results/harmful_bias_multihyp_dev/day5_remediation/multihyp_day5_remediation_v1/record_completeness.csv",generated_results,667
ignored,"results/harmful_bias_multihyp_dev/day5_remediation/multihyp_day5_remediation_v1/record_completeness_baseline.csv",generated_results,667
ignored,"results/harmful_bias_multihyp_dev/day5_remediation/multihyp_day5_remediation_v1/replay_commands.txt",generated_results,2472
ignored,"results/harmful_bias_multihyp_dev/day5_remediation/multihyp_day5_remediation_v1/runs/baseline/avia_outdoor_run_100hz/AUDIT_ONLY_R1/bag_command.txt",generated_results,120
ignored,"results/harmful_bias_multihyp_dev/day5_remediation/multihyp_day5_remediation_v1/runs/baseline/avia_outdoor_run_100hz/AUDIT_ONLY_R1/bag_info.yaml",generated_results,700
ignored,"results/harmful_bias_multihyp_dev/day5_remediation/multihyp_day5_remediation_v1/runs/baseline/avia_outdoor_run_100hz/AUDIT_ONLY_R1/binary_conversion.log",temporary_logs,737
ignored,"results/harmful_bias_multihyp_dev/day5_remediation/multihyp_day5_remediation_v1/runs/baseline/avia_outdoor_run_100hz/AUDIT_ONLY_R1/converted/binary_conversion_summary.json",generated_results,807
ignored,"results/harmful_bias_multihyp_dev/day5_remediation/multihyp_day5_remediation_v1/runs/baseline/avia_outdoor_run_100hz/AUDIT_ONLY_R1/converted/runtime_frames.csv",generated_results,56468833
ignored,"results/harmful_bias_multihyp_dev/day5_remediation/multihyp_day5_remediation_v1/runs/baseline/avia_outdoor_run_100hz/AUDIT_ONLY_R1/day5_runtime.launch",generated_results,120
ignored,"results/harmful_bias_multihyp_dev/day5_remediation/multihyp_day5_remediation_v1/runs/baseline/avia_outdoor_run_100hz/AUDIT_ONLY_R1/fast_cpu_affinity.txt",generated_results,42
ignored,"results/harmful_bias_multihyp_dev/day5_remediation/multihyp_day5_remediation_v1/runs/baseline/avia_outdoor_run_100hz/AUDIT_ONLY_R1/final_map_summary.json",generated_results,415
ignored,"results/harmful_bias_multihyp_dev/day5_remediation/multihyp_day5_remediation_v1/runs/baseline/avia_outdoor_run_100hz/AUDIT_ONLY_R1/ros_home/roscore-19311.pid",generated_results,7
ignored,"results/harmful_bias_multihyp_dev/day5_remediation/multihyp_day5_remediation_v1/runs/baseline/avia_outdoor_run_100hz/AUDIT_ONLY_R1/ros_home/rospack_cache_00315349468165810359",generated_results,10499
ignored,"results/harmful_bias_multihyp_dev/day5_remediation/multihyp_day5_remediation_v1/runs/baseline/avia_outdoor_run_100hz/AUDIT_ONLY_R1/ros_log/51187792-8131-11f1-8e62-e70d9d25fc92/master.log",temporary_logs,17497
ignored,"results/harmful_bias_multihyp_dev/day5_remediation/multihyp_day5_remediation_v1/runs/baseline/avia_outdoor_run_100hz/AUDIT_ONLY_R1/ros_log/51187792-8131-11f1-8e62-e70d9d25fc92/roslaunch-lj-1727433.log",temporary_logs,20033
ignored,"results/harmful_bias_multihyp_dev/day5_remediation/multihyp_day5_remediation_v1/runs/baseline/avia_outdoor_run_100hz/AUDIT_ONLY_R1/ros_log/51187792-8131-11f1-8e62-e70d9d25fc92/roslaunch-lj-1727772.log",temporary_logs,18638
ignored,"results/harmful_bias_multihyp_dev/day5_remediation/multihyp_day5_remediation_v1/runs/baseline/avia_outdoor_run_100hz/AUDIT_ONLY_R1/ros_log/51187792-8131-11f1-8e62-e70d9d25fc92/rosout-1-stdout.log",temporary_logs,288
ignored,"results/harmful_bias_multihyp_dev/day5_remediation/multihyp_day5_remediation_v1/runs/baseline/avia_outdoor_run_100hz/AUDIT_ONLY_R1/ros_log/51187792-8131-11f1-8e62-e70d9d25fc92/rosout.log",temporary_logs,5252
ignored,"results/harmful_bias_multihyp_dev/day5_remediation/multihyp_day5_remediation_v1/runs/baseline/avia_outdoor_run_100hz/AUDIT_ONLY_R1/ros_log/latest",generated_results,194
ignored,"results/harmful_bias_multihyp_dev/day5_remediation/multihyp_day5_remediation_v1/runs/baseline/avia_outdoor_run_100hz/AUDIT_ONLY_R1/rosbag.log",temporary_logs,1054130
ignored,"results/harmful_bias_multihyp_dev/day5_remediation/multihyp_day5_remediation_v1/runs/baseline/avia_outdoor_run_100hz/AUDIT_ONLY_R1/rosbag_cpu_affinity.txt",generated_results,39
ignored,"results/harmful_bias_multihyp_dev/day5_remediation/multihyp_day5_remediation_v1/runs/baseline/avia_outdoor_run_100hz/AUDIT_ONLY_R1/roscore.log",temporary_logs,1008
ignored,"results/harmful_bias_multihyp_dev/day5_remediation/multihyp_day5_remediation_v1/runs/baseline/avia_outdoor_run_100hz/AUDIT_ONLY_R1/roslaunch.log",temporary_logs,3132
ignored,"results/harmful_bias_multihyp_dev/day5_remediation/multihyp_day5_remediation_v1/runs/baseline/avia_outdoor_run_100hz/AUDIT_ONLY_R1/rosnode_info.txt",generated_results,332
ignored,"results/harmful_bias_multihyp_dev/day5_remediation/multihyp_day5_remediation_v1/runs/baseline/avia_outdoor_run_100hz/AUDIT_ONLY_R1/rosnode_shutdown.txt",generated_results,29
ignored,"results/harmful_bias_multihyp_dev/day5_remediation/multihyp_day5_remediation_v1/runs/baseline/avia_outdoor_run_100hz/AUDIT_ONLY_R1/rosparams.yaml",generated_results,1587
ignored,"results/harmful_bias_multihyp_dev/day5_remediation/multihyp_day5_remediation_v1/runs/baseline/avia_outdoor_run_100hz/AUDIT_ONLY_R1/run_metadata.json",generated_results,1067
ignored,"results/harmful_bias_multihyp_dev/day5_remediation/multihyp_day5_remediation_v1/runs/baseline/avia_outdoor_run_100hz/AUDIT_ONLY_R1/run_summary.json",generated_results,505
ignored,"results/harmful_bias_multihyp_dev/day5_remediation/multihyp_day5_remediation_v1/runs/baseline/avia_outdoor_run_100hz/AUDIT_ONLY_R1/runtime_audit_v2.bin",generated_results,32152556
ignored,"results/harmful_bias_multihyp_dev/day5_remediation/multihyp_day5_remediation_v1/runs/baseline/avia_outdoor_run_100hz/AUDIT_ONLY_R1/runtime_environment.txt",generated_results,4848
ignored,"results/harmful_bias_multihyp_dev/day5_remediation/multihyp_day5_remediation_v1/runs/baseline/avia_outdoor_run_100hz/AUDIT_ONLY_R1/tap_export_summary.json",generated_results,466
ignored,"results/harmful_bias_multihyp_dev/day5_remediation/multihyp_day5_remediation_v1/runs/baseline/avia_outdoor_run_100hz/AUDIT_ONLY_R2/bag_command.txt",generated_results,120
ignored,"results/harmful_bias_multihyp_dev/day5_remediation/multihyp_day5_remediation_v1/runs/baseline/avia_outdoor_run_100hz/AUDIT_ONLY_R2/bag_info.yaml",generated_results,700
ignored,"results/harmful_bias_multihyp_dev/day5_remediation/multihyp_day5_remediation_v1/runs/baseline/avia_outdoor_run_100hz/AUDIT_ONLY_R2/binary_conversion.log",temporary_logs,736
ignored,"results/harmful_bias_multihyp_dev/day5_remediation/multihyp_day5_remediation_v1/runs/baseline/avia_outdoor_run_100hz/AUDIT_ONLY_R2/converted/binary_conversion_summary.json",generated_results,806
ignored,"results/harmful_bias_multihyp_dev/day5_remediation/multihyp_day5_remediation_v1/runs/baseline/avia_outdoor_run_100hz/AUDIT_ONLY_R2/converted/runtime_frames.csv",generated_results,56468752
ignored,"results/harmful_bias_multihyp_dev/day5_remediation/multihyp_day5_remediation_v1/runs/baseline/avia_outdoor_run_100hz/AUDIT_ONLY_R2/day5_runtime.launch",generated_results,120
ignored,"results/harmful_bias_multihyp_dev/day5_remediation/multihyp_day5_remediation_v1/runs/baseline/avia_outdoor_run_100hz/AUDIT_ONLY_R2/fast_cpu_affinity.txt",generated_results,39
ignored,"results/harmful_bias_multihyp_dev/day5_remediation/multihyp_day5_remediation_v1/runs/baseline/avia_outdoor_run_100hz/AUDIT_ONLY_R2/final_map_summary.json",generated_results,415
ignored,"results/harmful_bias_multihyp_dev/day5_remediation/multihyp_day5_remediation_v1/runs/baseline/avia_outdoor_run_100hz/AUDIT_ONLY_R2/ros_home/roscore-19312.pid",generated_results,7
ignored,"results/harmful_bias_multihyp_dev/day5_remediation/multihyp_day5_remediation_v1/runs/baseline/avia_outdoor_run_100hz/AUDIT_ONLY_R2/ros_home/rospack_cache_00315349468165810359",generated_results,10499
ignored,"results/harmful_bias_multihyp_dev/day5_remediation/multihyp_day5_remediation_v1/runs/baseline/avia_outdoor_run_100hz/AUDIT_ONLY_R2/ros_log/f95f36d4-8131-11f1-8e62-e70d9d25fc92/master.log",temporary_logs,17497
ignored,"results/harmful_bias_multihyp_dev/day5_remediation/multihyp_day5_remediation_v1/runs/baseline/avia_outdoor_run_100hz/AUDIT_ONLY_R2/ros_log/f95f36d4-8131-11f1-8e62-e70d9d25fc92/roslaunch-lj-1754607.log",temporary_logs,20033
ignored,"results/harmful_bias_multihyp_dev/day5_remediation/multihyp_day5_remediation_v1/runs/baseline/avia_outdoor_run_100hz/AUDIT_ONLY_R2/ros_log/f95f36d4-8131-11f1-8e62-e70d9d25fc92/roslaunch-lj-1754940.log",temporary_logs,18638
ignored,"results/harmful_bias_multihyp_dev/day5_remediation/multihyp_day5_remediation_v1/runs/baseline/avia_outdoor_run_100hz/AUDIT_ONLY_R2/ros_log/f95f36d4-8131-11f1-8e62-e70d9d25fc92/rosout-1-stdout.log",temporary_logs,288
ignored,"results/harmful_bias_multihyp_dev/day5_remediation/multihyp_day5_remediation_v1/runs/baseline/avia_outdoor_run_100hz/AUDIT_ONLY_R2/ros_log/f95f36d4-8131-11f1-8e62-e70d9d25fc92/rosout.log",temporary_logs,5252
ignored,"results/harmful_bias_multihyp_dev/day5_remediation/multihyp_day5_remediation_v1/runs/baseline/avia_outdoor_run_100hz/AUDIT_ONLY_R2/ros_log/latest",generated_results,194
ignored,"results/harmful_bias_multihyp_dev/day5_remediation/multihyp_day5_remediation_v1/runs/baseline/avia_outdoor_run_100hz/AUDIT_ONLY_R2/rosbag.log",temporary_logs,1055347
ignored,"results/harmful_bias_multihyp_dev/day5_remediation/multihyp_day5_remediation_v1/runs/baseline/avia_outdoor_run_100hz/AUDIT_ONLY_R2/rosbag_cpu_affinity.txt",generated_results,42
ignored,"results/harmful_bias_multihyp_dev/day5_remediation/multihyp_day5_remediation_v1/runs/baseline/avia_outdoor_run_100hz/AUDIT_ONLY_R2/roscore.log",temporary_logs,1008
ignored,"results/harmful_bias_multihyp_dev/day5_remediation/multihyp_day5_remediation_v1/runs/baseline/avia_outdoor_run_100hz/AUDIT_ONLY_R2/roslaunch.log",temporary_logs,3132
ignored,"results/harmful_bias_multihyp_dev/day5_remediation/multihyp_day5_remediation_v1/runs/baseline/avia_outdoor_run_100hz/AUDIT_ONLY_R2/rosnode_info.txt",generated_results,159
ignored,"results/harmful_bias_multihyp_dev/day5_remediation/multihyp_day5_remediation_v1/runs/baseline/avia_outdoor_run_100hz/AUDIT_ONLY_R2/rosnode_shutdown.txt",generated_results,29
ignored,"results/harmful_bias_multihyp_dev/day5_remediation/multihyp_day5_remediation_v1/runs/baseline/avia_outdoor_run_100hz/AUDIT_ONLY_R2/rosparams.yaml",generated_results,1587
ignored,"results/harmful_bias_multihyp_dev/day5_remediation/multihyp_day5_remediation_v1/runs/baseline/avia_outdoor_run_100hz/AUDIT_ONLY_R2/run_metadata.json",generated_results,1067
ignored,"results/harmful_bias_multihyp_dev/day5_remediation/multihyp_day5_remediation_v1/runs/baseline/avia_outdoor_run_100hz/AUDIT_ONLY_R2/run_summary.json",generated_results,505
ignored,"results/harmful_bias_multihyp_dev/day5_remediation/multihyp_day5_remediation_v1/runs/baseline/avia_outdoor_run_100hz/AUDIT_ONLY_R2/runtime_audit_v2.bin",generated_results,32152556
ignored,"results/harmful_bias_multihyp_dev/day5_remediation/multihyp_day5_remediation_v1/runs/baseline/avia_outdoor_run_100hz/AUDIT_ONLY_R2/runtime_environment.txt",generated_results,4848
ignored,"results/harmful_bias_multihyp_dev/day5_remediation/multihyp_day5_remediation_v1/runs/baseline/avia_outdoor_run_100hz/AUDIT_ONLY_R2/tap_export_summary.json",generated_results,466
ignored,"results/harmful_bias_multihyp_dev/day5_remediation/multihyp_day5_remediation_v1/runs/baseline/avia_outdoor_run_100hz/AUDIT_ONLY_R3/bag_command.txt",generated_results,120
ignored,"results/harmful_bias_multihyp_dev/day5_remediation/multihyp_day5_remediation_v1/runs/baseline/avia_outdoor_run_100hz/AUDIT_ONLY_R3/bag_info.yaml",generated_results,700
ignored,"results/harmful_bias_multihyp_dev/day5_remediation/multihyp_day5_remediation_v1/runs/baseline/avia_outdoor_run_100hz/AUDIT_ONLY_R3/binary_conversion.log",temporary_logs,736
ignored,"results/harmful_bias_multihyp_dev/day5_remediation/multihyp_day5_remediation_v1/runs/baseline/avia_outdoor_run_100hz/AUDIT_ONLY_R3/converted/binary_conversion_summary.json",generated_results,806
ignored,"results/harmful_bias_multihyp_dev/day5_remediation/multihyp_day5_remediation_v1/runs/baseline/avia_outdoor_run_100hz/AUDIT_ONLY_R3/converted/runtime_frames.csv",generated_results,56456759
ignored,"results/harmful_bias_multihyp_dev/day5_remediation/multihyp_day5_remediation_v1/runs/baseline/avia_outdoor_run_100hz/AUDIT_ONLY_R3/day5_runtime.launch",generated_results,120
ignored,"results/harmful_bias_multihyp_dev/day5_remediation/multihyp_day5_remediation_v1/runs/baseline/avia_outdoor_run_100hz/AUDIT_ONLY_R3/fast_cpu_affinity.txt",generated_results,39
ignored,"results/harmful_bias_multihyp_dev/day5_remediation/multihyp_day5_remediation_v1/runs/baseline/avia_outdoor_run_100hz/AUDIT_ONLY_R3/final_map_summary.json",generated_results,415
ignored,"results/harmful_bias_multihyp_dev/day5_remediation/multihyp_day5_remediation_v1/runs/baseline/avia_outdoor_run_100hz/AUDIT_ONLY_R3/ros_home/roscore-19313.pid",generated_results,7
ignored,"results/harmful_bias_multihyp_dev/day5_remediation/multihyp_day5_remediation_v1/runs/baseline/avia_outdoor_run_100hz/AUDIT_ONLY_R3/ros_home/rospack_cache_00315349468165810359",generated_results,10499
ignored,"results/harmful_bias_multihyp_dev/day5_remediation/multihyp_day5_remediation_v1/runs/baseline/avia_outdoor_run_100hz/AUDIT_ONLY_R3/ros_log/a03f6f96-8132-11f1-8e62-e70d9d25fc92/master.log",temporary_logs,17497
ignored,"results/harmful_bias_multihyp_dev/day5_remediation/multihyp_day5_remediation_v1/runs/baseline/avia_outdoor_run_100hz/AUDIT_ONLY_R3/ros_log/a03f6f96-8132-11f1-8e62-e70d9d25fc92/roslaunch-lj-1781149.log",temporary_logs,20033
ignored,"results/harmful_bias_multihyp_dev/day5_remediation/multihyp_day5_remediation_v1/runs/baseline/avia_outdoor_run_100hz/AUDIT_ONLY_R3/ros_log/a03f6f96-8132-11f1-8e62-e70d9d25fc92/roslaunch-lj-1781476.log",temporary_logs,18638
ignored,"results/harmful_bias_multihyp_dev/day5_remediation/multihyp_day5_remediation_v1/runs/baseline/avia_outdoor_run_100hz/AUDIT_ONLY_R3/ros_log/a03f6f96-8132-11f1-8e62-e70d9d25fc92/rosout-1-stdout.log",temporary_logs,288
ignored,"results/harmful_bias_multihyp_dev/day5_remediation/multihyp_day5_remediation_v1/runs/baseline/avia_outdoor_run_100hz/AUDIT_ONLY_R3/ros_log/a03f6f96-8132-11f1-8e62-e70d9d25fc92/rosout.log",temporary_logs,5252
ignored,"results/harmful_bias_multihyp_dev/day5_remediation/multihyp_day5_remediation_v1/runs/baseline/avia_outdoor_run_100hz/AUDIT_ONLY_R3/ros_log/latest",generated_results,194
ignored,"results/harmful_bias_multihyp_dev/day5_remediation/multihyp_day5_remediation_v1/runs/baseline/avia_outdoor_run_100hz/AUDIT_ONLY_R3/rosbag.log",temporary_logs,1048089
ignored,"results/harmful_bias_multihyp_dev/day5_remediation/multihyp_day5_remediation_v1/runs/baseline/avia_outdoor_run_100hz/AUDIT_ONLY_R3/rosbag_cpu_affinity.txt",generated_results,39
ignored,"results/harmful_bias_multihyp_dev/day5_remediation/multihyp_day5_remediation_v1/runs/baseline/avia_outdoor_run_100hz/AUDIT_ONLY_R3/roscore.log",temporary_logs,1008
ignored,"results/harmful_bias_multihyp_dev/day5_remediation/multihyp_day5_remediation_v1/runs/baseline/avia_outdoor_run_100hz/AUDIT_ONLY_R3/roslaunch.log",temporary_logs,3132
ignored,"results/harmful_bias_multihyp_dev/day5_remediation/multihyp_day5_remediation_v1/runs/baseline/avia_outdoor_run_100hz/AUDIT_ONLY_R3/rosnode_info.txt",generated_results,159
ignored,"results/harmful_bias_multihyp_dev/day5_remediation/multihyp_day5_remediation_v1/runs/baseline/avia_outdoor_run_100hz/AUDIT_ONLY_R3/rosnode_shutdown.txt",generated_results,29
ignored,"results/harmful_bias_multihyp_dev/day5_remediation/multihyp_day5_remediation_v1/runs/baseline/avia_outdoor_run_100hz/AUDIT_ONLY_R3/rosparams.yaml",generated_results,1587
ignored,"results/harmful_bias_multihyp_dev/day5_remediation/multihyp_day5_remediation_v1/runs/baseline/avia_outdoor_run_100hz/AUDIT_ONLY_R3/run_metadata.json",generated_results,1067
ignored,"results/harmful_bias_multihyp_dev/day5_remediation/multihyp_day5_remediation_v1/runs/baseline/avia_outdoor_run_100hz/AUDIT_ONLY_R3/run_summary.json",generated_results,505
ignored,"results/harmful_bias_multihyp_dev/day5_remediation/multihyp_day5_remediation_v1/runs/baseline/avia_outdoor_run_100hz/AUDIT_ONLY_R3/runtime_audit_v2.bin",generated_results,32157594
ignored,"results/harmful_bias_multihyp_dev/day5_remediation/multihyp_day5_remediation_v1/runs/baseline/avia_outdoor_run_100hz/AUDIT_ONLY_R3/runtime_environment.txt",generated_results,4848
ignored,"results/harmful_bias_multihyp_dev/day5_remediation/multihyp_day5_remediation_v1/runs/baseline/avia_outdoor_run_100hz/AUDIT_ONLY_R3/tap_export_summary.json",generated_results,466
ignored,"results/harmful_bias_multihyp_dev/day5_remediation/multihyp_day5_remediation_v1/runs/baseline/avia_quick_shack/AUDIT_ONLY_R1/bag_command.txt",generated_results,105
ignored,"results/harmful_bias_multihyp_dev/day5_remediation/multihyp_day5_remediation_v1/runs/baseline/avia_quick_shack/AUDIT_ONLY_R1/bag_info.yaml",generated_results,697
ignored,"results/harmful_bias_multihyp_dev/day5_remediation/multihyp_day5_remediation_v1/runs/baseline/avia_quick_shack/AUDIT_ONLY_R1/binary_conversion.log",temporary_logs,728
ignored,"results/harmful_bias_multihyp_dev/day5_remediation/multihyp_day5_remediation_v1/runs/baseline/avia_quick_shack/AUDIT_ONLY_R1/converted/binary_conversion_summary.json",generated_results,798
ignored,"results/harmful_bias_multihyp_dev/day5_remediation/multihyp_day5_remediation_v1/runs/baseline/avia_quick_shack/AUDIT_ONLY_R1/converted/runtime_frames.csv",generated_results,4316989
ignored,"results/harmful_bias_multihyp_dev/day5_remediation/multihyp_day5_remediation_v1/runs/baseline/avia_quick_shack/AUDIT_ONLY_R1/day5_runtime.launch",generated_results,120
ignored,"results/harmful_bias_multihyp_dev/day5_remediation/multihyp_day5_remediation_v1/runs/baseline/avia_quick_shack/AUDIT_ONLY_R1/fast_cpu_affinity.txt",generated_results,39
ignored,"results/harmful_bias_multihyp_dev/day5_remediation/multihyp_day5_remediation_v1/runs/baseline/avia_quick_shack/AUDIT_ONLY_R1/final_map_summary.json",generated_results,403
ignored,"results/harmful_bias_multihyp_dev/day5_remediation/multihyp_day5_remediation_v1/runs/baseline/avia_quick_shack/AUDIT_ONLY_R1/ros_home/roscore-19211.pid",generated_results,7
ignored,"results/harmful_bias_multihyp_dev/day5_remediation/multihyp_day5_remediation_v1/runs/baseline/avia_quick_shack/AUDIT_ONLY_R1/ros_home/rospack_cache_00315349468165810359",generated_results,10499
ignored,"results/harmful_bias_multihyp_dev/day5_remediation/multihyp_day5_remediation_v1/runs/baseline/avia_quick_shack/AUDIT_ONLY_R1/ros_log/d6349b9c-812f-11f1-8e62-e70d9d25fc92/master.log",temporary_logs,17261
ignored,"results/harmful_bias_multihyp_dev/day5_remediation/multihyp_day5_remediation_v1/runs/baseline/avia_quick_shack/AUDIT_ONLY_R1/ros_log/d6349b9c-812f-11f1-8e62-e70d9d25fc92/roslaunch-lj-1666337.log",temporary_logs,19973
ignored,"results/harmful_bias_multihyp_dev/day5_remediation/multihyp_day5_remediation_v1/runs/baseline/avia_quick_shack/AUDIT_ONLY_R1/ros_log/d6349b9c-812f-11f1-8e62-e70d9d25fc92/roslaunch-lj-1666658.log",temporary_logs,18578
ignored,"results/harmful_bias_multihyp_dev/day5_remediation/multihyp_day5_remediation_v1/runs/baseline/avia_quick_shack/AUDIT_ONLY_R1/ros_log/d6349b9c-812f-11f1-8e62-e70d9d25fc92/rosout-1-stdout.log",temporary_logs,282
ignored,"results/harmful_bias_multihyp_dev/day5_remediation/multihyp_day5_remediation_v1/runs/baseline/avia_quick_shack/AUDIT_ONLY_R1/ros_log/d6349b9c-812f-11f1-8e62-e70d9d25fc92/rosout.log",temporary_logs,1921
ignored,"results/harmful_bias_multihyp_dev/day5_remediation/multihyp_day5_remediation_v1/runs/baseline/avia_quick_shack/AUDIT_ONLY_R1/ros_log/latest",generated_results,188
ignored,"results/harmful_bias_multihyp_dev/day5_remediation/multihyp_day5_remediation_v1/runs/baseline/avia_quick_shack/AUDIT_ONLY_R1/rosbag.log",temporary_logs,966668
ignored,"results/harmful_bias_multihyp_dev/day5_remediation/multihyp_day5_remediation_v1/runs/baseline/avia_quick_shack/AUDIT_ONLY_R1/rosbag_cpu_affinity.txt",generated_results,42
ignored,"results/harmful_bias_multihyp_dev/day5_remediation/multihyp_day5_remediation_v1/runs/baseline/avia_quick_shack/AUDIT_ONLY_R1/roscore.log",temporary_logs,1002
ignored,"results/harmful_bias_multihyp_dev/day5_remediation/multihyp_day5_remediation_v1/runs/baseline/avia_quick_shack/AUDIT_ONLY_R1/roslaunch.log",temporary_logs,1668
ignored,"results/harmful_bias_multihyp_dev/day5_remediation/multihyp_day5_remediation_v1/runs/baseline/avia_quick_shack/AUDIT_ONLY_R1/rosnode_info.txt",generated_results,159
ignored,"results/harmful_bias_multihyp_dev/day5_remediation/multihyp_day5_remediation_v1/runs/baseline/avia_quick_shack/AUDIT_ONLY_R1/rosnode_shutdown.txt",generated_results,29
ignored,"results/harmful_bias_multihyp_dev/day5_remediation/multihyp_day5_remediation_v1/runs/baseline/avia_quick_shack/AUDIT_ONLY_R1/rosparams.yaml",generated_results,1569
ignored,"results/harmful_bias_multihyp_dev/day5_remediation/multihyp_day5_remediation_v1/runs/baseline/avia_quick_shack/AUDIT_ONLY_R1/run_metadata.json",generated_results,1038
ignored,"results/harmful_bias_multihyp_dev/day5_remediation/multihyp_day5_remediation_v1/runs/baseline/avia_quick_shack/AUDIT_ONLY_R1/run_summary.json",generated_results,492
ignored,"results/harmful_bias_multihyp_dev/day5_remediation/multihyp_day5_remediation_v1/runs/baseline/avia_quick_shack/AUDIT_ONLY_R1/runtime_audit_v2.bin",generated_results,2462780
ignored,"results/harmful_bias_multihyp_dev/day5_remediation/multihyp_day5_remediation_v1/runs/baseline/avia_quick_shack/AUDIT_ONLY_R1/runtime_environment.txt",generated_results,4836
ignored,"results/harmful_bias_multihyp_dev/day5_remediation/multihyp_day5_remediation_v1/runs/baseline/avia_quick_shack/AUDIT_ONLY_R1/tap_export_summary.json",generated_results,454
ignored,"results/harmful_bias_multihyp_dev/day5_remediation/multihyp_day5_remediation_v1/runs/baseline/avia_quick_shack/AUDIT_ONLY_R2/bag_command.txt",generated_results,105
ignored,"results/harmful_bias_multihyp_dev/day5_remediation/multihyp_day5_remediation_v1/runs/baseline/avia_quick_shack/AUDIT_ONLY_R2/bag_info.yaml",generated_results,697
ignored,"results/harmful_bias_multihyp_dev/day5_remediation/multihyp_day5_remediation_v1/runs/baseline/avia_quick_shack/AUDIT_ONLY_R2/binary_conversion.log",temporary_logs,729
ignored,"results/harmful_bias_multihyp_dev/day5_remediation/multihyp_day5_remediation_v1/runs/baseline/avia_quick_shack/AUDIT_ONLY_R2/converted/binary_conversion_summary.json",generated_results,799
ignored,"results/harmful_bias_multihyp_dev/day5_remediation/multihyp_day5_remediation_v1/runs/baseline/avia_quick_shack/AUDIT_ONLY_R2/converted/runtime_frames.csv",generated_results,4316995
ignored,"results/harmful_bias_multihyp_dev/day5_remediation/multihyp_day5_remediation_v1/runs/baseline/avia_quick_shack/AUDIT_ONLY_R2/day5_runtime.launch",generated_results,120
ignored,"results/harmful_bias_multihyp_dev/day5_remediation/multihyp_day5_remediation_v1/runs/baseline/avia_quick_shack/AUDIT_ONLY_R2/fast_cpu_affinity.txt",generated_results,42
ignored,"results/harmful_bias_multihyp_dev/day5_remediation/multihyp_day5_remediation_v1/runs/baseline/avia_quick_shack/AUDIT_ONLY_R2/final_map_summary.json",generated_results,403
ignored,"results/harmful_bias_multihyp_dev/day5_remediation/multihyp_day5_remediation_v1/runs/baseline/avia_quick_shack/AUDIT_ONLY_R2/ros_home/roscore-19212.pid",generated_results,7
ignored,"results/harmful_bias_multihyp_dev/day5_remediation/multihyp_day5_remediation_v1/runs/baseline/avia_quick_shack/AUDIT_ONLY_R2/ros_home/rospack_cache_00315349468165810359",generated_results,10499
ignored,"results/harmful_bias_multihyp_dev/day5_remediation/multihyp_day5_remediation_v1/runs/baseline/avia_quick_shack/AUDIT_ONLY_R2/ros_log/538a3390-8130-11f1-8e62-e70d9d25fc92/master.log",temporary_logs,17261
ignored,"results/harmful_bias_multihyp_dev/day5_remediation/multihyp_day5_remediation_v1/runs/baseline/avia_quick_shack/AUDIT_ONLY_R2/ros_log/538a3390-8130-11f1-8e62-e70d9d25fc92/roslaunch-lj-1686472.log",temporary_logs,19973
ignored,"results/harmful_bias_multihyp_dev/day5_remediation/multihyp_day5_remediation_v1/runs/baseline/avia_quick_shack/AUDIT_ONLY_R2/ros_log/538a3390-8130-11f1-8e62-e70d9d25fc92/roslaunch-lj-1686798.log",temporary_logs,18578
ignored,"results/harmful_bias_multihyp_dev/day5_remediation/multihyp_day5_remediation_v1/runs/baseline/avia_quick_shack/AUDIT_ONLY_R2/ros_log/538a3390-8130-11f1-8e62-e70d9d25fc92/rosout-1-stdout.log",temporary_logs,282
ignored,"results/harmful_bias_multihyp_dev/day5_remediation/multihyp_day5_remediation_v1/runs/baseline/avia_quick_shack/AUDIT_ONLY_R2/ros_log/538a3390-8130-11f1-8e62-e70d9d25fc92/rosout.log",temporary_logs,1921
ignored,"results/harmful_bias_multihyp_dev/day5_remediation/multihyp_day5_remediation_v1/runs/baseline/avia_quick_shack/AUDIT_ONLY_R2/ros_log/latest",generated_results,188
ignored,"results/harmful_bias_multihyp_dev/day5_remediation/multihyp_day5_remediation_v1/runs/baseline/avia_quick_shack/AUDIT_ONLY_R2/rosbag.log",temporary_logs,970605
ignored,"results/harmful_bias_multihyp_dev/day5_remediation/multihyp_day5_remediation_v1/runs/baseline/avia_quick_shack/AUDIT_ONLY_R2/rosbag_cpu_affinity.txt",generated_results,39
ignored,"results/harmful_bias_multihyp_dev/day5_remediation/multihyp_day5_remediation_v1/runs/baseline/avia_quick_shack/AUDIT_ONLY_R2/roscore.log",temporary_logs,1002
ignored,"results/harmful_bias_multihyp_dev/day5_remediation/multihyp_day5_remediation_v1/runs/baseline/avia_quick_shack/AUDIT_ONLY_R2/roslaunch.log",temporary_logs,1668
ignored,"results/harmful_bias_multihyp_dev/day5_remediation/multihyp_day5_remediation_v1/runs/baseline/avia_quick_shack/AUDIT_ONLY_R2/rosnode_info.txt",generated_results,159
ignored,"results/harmful_bias_multihyp_dev/day5_remediation/multihyp_day5_remediation_v1/runs/baseline/avia_quick_shack/AUDIT_ONLY_R2/rosnode_shutdown.txt",generated_results,29
ignored,"results/harmful_bias_multihyp_dev/day5_remediation/multihyp_day5_remediation_v1/runs/baseline/avia_quick_shack/AUDIT_ONLY_R2/rosparams.yaml",generated_results,1569
ignored,"results/harmful_bias_multihyp_dev/day5_remediation/multihyp_day5_remediation_v1/runs/baseline/avia_quick_shack/AUDIT_ONLY_R2/run_metadata.json",generated_results,1038
ignored,"results/harmful_bias_multihyp_dev/day5_remediation/multihyp_day5_remediation_v1/runs/baseline/avia_quick_shack/AUDIT_ONLY_R2/run_summary.json",generated_results,492
ignored,"results/harmful_bias_multihyp_dev/day5_remediation/multihyp_day5_remediation_v1/runs/baseline/avia_quick_shack/AUDIT_ONLY_R2/runtime_audit_v2.bin",generated_results,2462780
ignored,"results/harmful_bias_multihyp_dev/day5_remediation/multihyp_day5_remediation_v1/runs/baseline/avia_quick_shack/AUDIT_ONLY_R2/runtime_environment.txt",generated_results,4836
ignored,"results/harmful_bias_multihyp_dev/day5_remediation/multihyp_day5_remediation_v1/runs/baseline/avia_quick_shack/AUDIT_ONLY_R2/tap_export_summary.json",generated_results,454
ignored,"results/harmful_bias_multihyp_dev/day5_remediation/multihyp_day5_remediation_v1/runs/baseline/avia_quick_shack/AUDIT_ONLY_R3/bag_command.txt",generated_results,105
ignored,"results/harmful_bias_multihyp_dev/day5_remediation/multihyp_day5_remediation_v1/runs/baseline/avia_quick_shack/AUDIT_ONLY_R3/bag_info.yaml",generated_results,697
ignored,"results/harmful_bias_multihyp_dev/day5_remediation/multihyp_day5_remediation_v1/runs/baseline/avia_quick_shack/AUDIT_ONLY_R3/binary_conversion.log",temporary_logs,728
ignored,"results/harmful_bias_multihyp_dev/day5_remediation/multihyp_day5_remediation_v1/runs/baseline/avia_quick_shack/AUDIT_ONLY_R3/converted/binary_conversion_summary.json",generated_results,798
ignored,"results/harmful_bias_multihyp_dev/day5_remediation/multihyp_day5_remediation_v1/runs/baseline/avia_quick_shack/AUDIT_ONLY_R3/converted/runtime_frames.csv",generated_results,4316994
ignored,"results/harmful_bias_multihyp_dev/day5_remediation/multihyp_day5_remediation_v1/runs/baseline/avia_quick_shack/AUDIT_ONLY_R3/day5_runtime.launch",generated_results,120
ignored,"results/harmful_bias_multihyp_dev/day5_remediation/multihyp_day5_remediation_v1/runs/baseline/avia_quick_shack/AUDIT_ONLY_R3/fast_cpu_affinity.txt",generated_results,39
ignored,"results/harmful_bias_multihyp_dev/day5_remediation/multihyp_day5_remediation_v1/runs/baseline/avia_quick_shack/AUDIT_ONLY_R3/final_map_summary.json",generated_results,403
ignored,"results/harmful_bias_multihyp_dev/day5_remediation/multihyp_day5_remediation_v1/runs/baseline/avia_quick_shack/AUDIT_ONLY_R3/ros_home/roscore-19213.pid",generated_results,7
ignored,"results/harmful_bias_multihyp_dev/day5_remediation/multihyp_day5_remediation_v1/runs/baseline/avia_quick_shack/AUDIT_ONLY_R3/ros_home/rospack_cache_00315349468165810359",generated_results,10499
ignored,"results/harmful_bias_multihyp_dev/day5_remediation/multihyp_day5_remediation_v1/runs/baseline/avia_quick_shack/AUDIT_ONLY_R3/ros_log/d0c3b8a4-8130-11f1-8e62-e70d9d25fc92/master.log",temporary_logs,17261
ignored,"results/harmful_bias_multihyp_dev/day5_remediation/multihyp_day5_remediation_v1/runs/baseline/avia_quick_shack/AUDIT_ONLY_R3/ros_log/d0c3b8a4-8130-11f1-8e62-e70d9d25fc92/roslaunch-lj-1706962.log",temporary_logs,19973
ignored,"results/harmful_bias_multihyp_dev/day5_remediation/multihyp_day5_remediation_v1/runs/baseline/avia_quick_shack/AUDIT_ONLY_R3/ros_log/d0c3b8a4-8130-11f1-8e62-e70d9d25fc92/roslaunch-lj-1707284.log",temporary_logs,18578
ignored,"results/harmful_bias_multihyp_dev/day5_remediation/multihyp_day5_remediation_v1/runs/baseline/avia_quick_shack/AUDIT_ONLY_R3/ros_log/d0c3b8a4-8130-11f1-8e62-e70d9d25fc92/rosout-1-stdout.log",temporary_logs,282
ignored,"results/harmful_bias_multihyp_dev/day5_remediation/multihyp_day5_remediation_v1/runs/baseline/avia_quick_shack/AUDIT_ONLY_R3/ros_log/d0c3b8a4-8130-11f1-8e62-e70d9d25fc92/rosout.log",temporary_logs,1264
ignored,"results/harmful_bias_multihyp_dev/day5_remediation/multihyp_day5_remediation_v1/runs/baseline/avia_quick_shack/AUDIT_ONLY_R3/ros_log/latest",generated_results,188
ignored,"results/harmful_bias_multihyp_dev/day5_remediation/multihyp_day5_remediation_v1/runs/baseline/avia_quick_shack/AUDIT_ONLY_R3/rosbag.log",temporary_logs,957109
ignored,"results/harmful_bias_multihyp_dev/day5_remediation/multihyp_day5_remediation_v1/runs/baseline/avia_quick_shack/AUDIT_ONLY_R3/rosbag_cpu_affinity.txt",generated_results,39
ignored,"results/harmful_bias_multihyp_dev/day5_remediation/multihyp_day5_remediation_v1/runs/baseline/avia_quick_shack/AUDIT_ONLY_R3/roscore.log",temporary_logs,1002
ignored,"results/harmful_bias_multihyp_dev/day5_remediation/multihyp_day5_remediation_v1/runs/baseline/avia_quick_shack/AUDIT_ONLY_R3/roslaunch.log",temporary_logs,1668
ignored,"results/harmful_bias_multihyp_dev/day5_remediation/multihyp_day5_remediation_v1/runs/baseline/avia_quick_shack/AUDIT_ONLY_R3/rosnode_info.txt",generated_results,159
ignored,"results/harmful_bias_multihyp_dev/day5_remediation/multihyp_day5_remediation_v1/runs/baseline/avia_quick_shack/AUDIT_ONLY_R3/rosnode_shutdown.txt",generated_results,29
ignored,"results/harmful_bias_multihyp_dev/day5_remediation/multihyp_day5_remediation_v1/runs/baseline/avia_quick_shack/AUDIT_ONLY_R3/rosparams.yaml",generated_results,1569
ignored,"results/harmful_bias_multihyp_dev/day5_remediation/multihyp_day5_remediation_v1/runs/baseline/avia_quick_shack/AUDIT_ONLY_R3/run_metadata.json",generated_results,1038
ignored,"results/harmful_bias_multihyp_dev/day5_remediation/multihyp_day5_remediation_v1/runs/baseline/avia_quick_shack/AUDIT_ONLY_R3/run_summary.json",generated_results,492
ignored,"results/harmful_bias_multihyp_dev/day5_remediation/multihyp_day5_remediation_v1/runs/baseline/avia_quick_shack/AUDIT_ONLY_R3/runtime_audit_v2.bin",generated_results,2462780
ignored,"results/harmful_bias_multihyp_dev/day5_remediation/multihyp_day5_remediation_v1/runs/baseline/avia_quick_shack/AUDIT_ONLY_R3/runtime_environment.txt",generated_results,4836
ignored,"results/harmful_bias_multihyp_dev/day5_remediation/multihyp_day5_remediation_v1/runs/baseline/avia_quick_shack/AUDIT_ONLY_R3/tap_export_summary.json",generated_results,454
ignored,"results/harmful_bias_multihyp_dev/day5_remediation/multihyp_day5_remediation_v1/runtime_overhead_baseline.csv",generated_results,8
ignored,"results/harmful_bias_multihyp_dev/day5_remediation/multihyp_day5_remediation_v1/runtime_overhead_summary.csv",generated_results,475
ignored,"results/harmful_bias_multihyp_dev/day5_startup_sync/multihyp_day5_startup_sync_v1/baseline_pairwise_equivalence.csv",generated_results,122
ignored,"results/harmful_bias_multihyp_dev/day5_startup_sync/multihyp_day5_startup_sync_v1/baseline_repeatability_summary.csv",generated_results,203
ignored,"results/harmful_bias_multihyp_dev/day5_startup_sync/multihyp_day5_startup_sync_v1/connection_handshake_summary.csv",generated_results,349
ignored,"results/harmful_bias_multihyp_dev/day5_startup_sync/multihyp_day5_startup_sync_v1/day5_startup_sync_gate_summary.json",generated_results,1107
ignored,"results/harmful_bias_multihyp_dev/day5_startup_sync/multihyp_day5_startup_sync_v1/day5_startup_sync_run_lock.json",generated_results,6639
ignored,"results/harmful_bias_multihyp_dev/day5_startup_sync/multihyp_day5_startup_sync_v1/day5_startup_sync_run_manifest.json",generated_results,583
ignored,"results/harmful_bias_multihyp_dev/day5_startup_sync/multihyp_day5_startup_sync_v1/day5_startup_sync_summary.json",generated_results,1243
ignored,"results/harmful_bias_multihyp_dev/day5_startup_sync/multihyp_day5_startup_sync_v1/first_divergence_summary.csv",generated_results,149
ignored,"results/harmful_bias_multihyp_dev/day5_startup_sync/multihyp_day5_startup_sync_v1/first_input_boundary_summary.csv",generated_results,581
ignored,"results/harmful_bias_multihyp_dev/day5_startup_sync/multihyp_day5_startup_sync_v1/full_log_index.csv",generated_results,2005
ignored,"results/harmful_bias_multihyp_dev/day5_startup_sync/multihyp_day5_startup_sync_v1/gate_summary.csv",generated_results,949
ignored,"results/harmful_bias_multihyp_dev/day5_startup_sync/multihyp_day5_startup_sync_v1/matrix_started.marker",generated_results,25
ignored,"results/harmful_bias_multihyp_dev/day5_startup_sync/multihyp_day5_startup_sync_v1/no_gt_runtime_audit.csv",generated_results,91
ignored,"results/harmful_bias_multihyp_dev/day5_startup_sync/multihyp_day5_startup_sync_v1/parameter_identity_audit.csv",generated_results,100
ignored,"results/harmful_bias_multihyp_dev/day5_startup_sync/multihyp_day5_startup_sync_v1/post_avia_quick_shack_AUDIT_ONLY_R1_lock.json",generated_results,668
ignored,"results/harmful_bias_multihyp_dev/day5_startup_sync/multihyp_day5_startup_sync_v1/pre_avia_quick_shack_AUDIT_ONLY_R1_lock.json",generated_results,451
ignored,"results/harmful_bias_multihyp_dev/day5_startup_sync/multihyp_day5_startup_sync_v1/replay_clip_manifest.json",generated_results,2840
ignored,"results/harmful_bias_multihyp_dev/day5_startup_sync/multihyp_day5_startup_sync_v1/replay_commands.txt",generated_results,576
ignored,"results/harmful_bias_multihyp_dev/day5_startup_sync/multihyp_day5_startup_sync_v1/runs/baseline/avia_quick_shack/AUDIT_ONLY_R1/bag_command.txt",generated_results,120
ignored,"results/harmful_bias_multihyp_dev/day5_startup_sync/multihyp_day5_startup_sync_v1/runs/baseline/avia_quick_shack/AUDIT_ONLY_R1/bag_info.yaml",generated_results,564
ignored,"results/harmful_bias_multihyp_dev/day5_startup_sync/multihyp_day5_startup_sync_v1/runs/baseline/avia_quick_shack/AUDIT_ONLY_R1/binary_conversion.log",temporary_logs,730
ignored,"results/harmful_bias_multihyp_dev/day5_startup_sync/multihyp_day5_startup_sync_v1/runs/baseline/avia_quick_shack/AUDIT_ONLY_R1/connection_handshake.json",generated_results,4380
ignored,"results/harmful_bias_multihyp_dev/day5_startup_sync/multihyp_day5_startup_sync_v1/runs/baseline/avia_quick_shack/AUDIT_ONLY_R1/converted/binary_conversion_summary.json",generated_results,800
ignored,"results/harmful_bias_multihyp_dev/day5_startup_sync/multihyp_day5_startup_sync_v1/runs/baseline/avia_quick_shack/AUDIT_ONLY_R1/converted/runtime_frames.csv",generated_results,4313040
ignored,"results/harmful_bias_multihyp_dev/day5_startup_sync/multihyp_day5_startup_sync_v1/runs/baseline/avia_quick_shack/AUDIT_ONLY_R1/day5_runtime.launch",generated_results,120
ignored,"results/harmful_bias_multihyp_dev/day5_startup_sync/multihyp_day5_startup_sync_v1/runs/baseline/avia_quick_shack/AUDIT_ONLY_R1/fast_cpu_affinity.txt",generated_results,40
ignored,"results/harmful_bias_multihyp_dev/day5_startup_sync/multihyp_day5_startup_sync_v1/runs/baseline/avia_quick_shack/AUDIT_ONLY_R1/final_map_summary.json",generated_results,395
ignored,"results/harmful_bias_multihyp_dev/day5_startup_sync/multihyp_day5_startup_sync_v1/runs/baseline/avia_quick_shack/AUDIT_ONLY_R1/first_ten_measure_groups.csv",generated_results,520
ignored,"results/harmful_bias_multihyp_dev/day5_startup_sync/multihyp_day5_startup_sync_v1/runs/baseline/avia_quick_shack/AUDIT_ONLY_R1/pause_service_response.txt",generated_results,49
ignored,"results/harmful_bias_multihyp_dev/day5_startup_sync/multihyp_day5_startup_sync_v1/runs/baseline/avia_quick_shack/AUDIT_ONLY_R1/ros_home/roscore-19601.pid",generated_results,7
ignored,"results/harmful_bias_multihyp_dev/day5_startup_sync/multihyp_day5_startup_sync_v1/runs/baseline/avia_quick_shack/AUDIT_ONLY_R1/ros_home/rospack_cache_00315349468165810359",generated_results,10499
ignored,"results/harmful_bias_multihyp_dev/day5_startup_sync/multihyp_day5_startup_sync_v1/runs/baseline/avia_quick_shack/AUDIT_ONLY_R1/ros_log/47d344b8-817d-11f1-8e62-e70d9d25fc92/master.log",temporary_logs,18947
ignored,"results/harmful_bias_multihyp_dev/day5_startup_sync/multihyp_day5_startup_sync_v1/runs/baseline/avia_quick_shack/AUDIT_ONLY_R1/ros_log/47d344b8-817d-11f1-8e62-e70d9d25fc92/roslaunch-lj-2411788.log",temporary_logs,19993
ignored,"results/harmful_bias_multihyp_dev/day5_startup_sync/multihyp_day5_startup_sync_v1/runs/baseline/avia_quick_shack/AUDIT_ONLY_R1/ros_log/47d344b8-817d-11f1-8e62-e70d9d25fc92/roslaunch-lj-2411914.log",temporary_logs,18598
ignored,"results/harmful_bias_multihyp_dev/day5_startup_sync/multihyp_day5_startup_sync_v1/runs/baseline/avia_quick_shack/AUDIT_ONLY_R1/ros_log/47d344b8-817d-11f1-8e62-e70d9d25fc92/rosout-1-stdout.log",temporary_logs,284
ignored,"results/harmful_bias_multihyp_dev/day5_startup_sync/multihyp_day5_startup_sync_v1/runs/baseline/avia_quick_shack/AUDIT_ONLY_R1/ros_log/47d344b8-817d-11f1-8e62-e70d9d25fc92/rosout.log",temporary_logs,754
ignored,"results/harmful_bias_multihyp_dev/day5_startup_sync/multihyp_day5_startup_sync_v1/runs/baseline/avia_quick_shack/AUDIT_ONLY_R1/ros_log/latest",generated_results,190
ignored,"results/harmful_bias_multihyp_dev/day5_startup_sync/multihyp_day5_startup_sync_v1/runs/baseline/avia_quick_shack/AUDIT_ONLY_R1/ros_log/rosservice_2412079_1784251056255.log",temporary_logs,1371
ignored,"results/harmful_bias_multihyp_dev/day5_startup_sync/multihyp_day5_startup_sync_v1/runs/baseline/avia_quick_shack/AUDIT_ONLY_R1/rosbag.log",temporary_logs,1003626
ignored,"results/harmful_bias_multihyp_dev/day5_startup_sync/multihyp_day5_startup_sync_v1/runs/baseline/avia_quick_shack/AUDIT_ONLY_R1/rosbag_cpu_affinity.txt",generated_results,42
ignored,"results/harmful_bias_multihyp_dev/day5_startup_sync/multihyp_day5_startup_sync_v1/runs/baseline/avia_quick_shack/AUDIT_ONLY_R1/roscore.log",temporary_logs,1004
ignored,"results/harmful_bias_multihyp_dev/day5_startup_sync/multihyp_day5_startup_sync_v1/runs/baseline/avia_quick_shack/AUDIT_ONLY_R1/roslaunch.log",temporary_logs,1674
ignored,"results/harmful_bias_multihyp_dev/day5_startup_sync/multihyp_day5_startup_sync_v1/runs/baseline/avia_quick_shack/AUDIT_ONLY_R1/rosnode_info.txt",generated_results,651
ignored,"results/harmful_bias_multihyp_dev/day5_startup_sync/multihyp_day5_startup_sync_v1/runs/baseline/avia_quick_shack/AUDIT_ONLY_R1/rosnode_info_bag_player.txt",generated_results,1216
ignored,"results/harmful_bias_multihyp_dev/day5_startup_sync/multihyp_day5_startup_sync_v1/runs/baseline/avia_quick_shack/AUDIT_ONLY_R1/rosnode_info_laser_mapping.txt",generated_results,1241
ignored,"results/harmful_bias_multihyp_dev/day5_startup_sync/multihyp_day5_startup_sync_v1/runs/baseline/avia_quick_shack/AUDIT_ONLY_R1/rosnode_shutdown.txt",generated_results,29
ignored,"results/harmful_bias_multihyp_dev/day5_startup_sync/multihyp_day5_startup_sync_v1/runs/baseline/avia_quick_shack/AUDIT_ONLY_R1/rosparams.yaml",generated_results,1563
ignored,"results/harmful_bias_multihyp_dev/day5_startup_sync/multihyp_day5_startup_sync_v1/runs/baseline/avia_quick_shack/AUDIT_ONLY_R1/rosservice_info_pause_playback.txt",generated_results,42
ignored,"results/harmful_bias_multihyp_dev/day5_startup_sync/multihyp_day5_startup_sync_v1/runs/baseline/avia_quick_shack/AUDIT_ONLY_R1/rosservice_list.txt",generated_results,197
ignored,"results/harmful_bias_multihyp_dev/day5_startup_sync/multihyp_day5_startup_sync_v1/runs/baseline/avia_quick_shack/AUDIT_ONLY_R1/rostopic_info_livox_imu.txt",generated_results,142
ignored,"results/harmful_bias_multihyp_dev/day5_startup_sync/multihyp_day5_startup_sync_v1/runs/baseline/avia_quick_shack/AUDIT_ONLY_R1/rostopic_info_livox_lidar.txt",generated_results,153
ignored,"results/harmful_bias_multihyp_dev/day5_startup_sync/multihyp_day5_startup_sync_v1/runs/baseline/avia_quick_shack/AUDIT_ONLY_R1/run_metadata.json",generated_results,1114
ignored,"results/harmful_bias_multihyp_dev/day5_startup_sync/multihyp_day5_startup_sync_v1/runs/baseline/avia_quick_shack/AUDIT_ONLY_R1/run_summary.json",generated_results,484
ignored,"results/harmful_bias_multihyp_dev/day5_startup_sync/multihyp_day5_startup_sync_v1/runs/baseline/avia_quick_shack/AUDIT_ONLY_R1/runtime_audit_v2.bin",generated_results,2458860
ignored,"results/harmful_bias_multihyp_dev/day5_startup_sync/multihyp_day5_startup_sync_v1/runs/baseline/avia_quick_shack/AUDIT_ONLY_R1/runtime_environment.txt",generated_results,4840
ignored,"results/harmful_bias_multihyp_dev/day5_startup_sync/multihyp_day5_startup_sync_v1/runs/baseline/avia_quick_shack/AUDIT_ONLY_R1/tap_export_summary.json",generated_results,446
ignored,"results/harmful_bias_multihyp_dev/day5_startup_sync/multihyp_day5_startup_sync_v1/source_binary_clip_lock_audit.csv",generated_results,252
ignored,"results/harmful_bias_multihyp_dev/day5_startup_sync_v2/multihyp_day5_startup_sync_v2/baseline_pairwise_equivalence.csv",generated_results,699
ignored,"results/harmful_bias_multihyp_dev/day5_startup_sync_v2/multihyp_day5_startup_sync_v2/baseline_repeatability_summary.csv",generated_results,269
ignored,"results/harmful_bias_multihyp_dev/day5_startup_sync_v2/multihyp_day5_startup_sync_v2/connection_handshake_summary.csv",generated_results,612
ignored,"results/harmful_bias_multihyp_dev/day5_startup_sync_v2/multihyp_day5_startup_sync_v2/day5_startup_sync_v2_gate_summary.json",generated_results,1436
ignored,"results/harmful_bias_multihyp_dev/day5_startup_sync_v2/multihyp_day5_startup_sync_v2/day5_startup_sync_v2_run_lock.json",generated_results,4709
ignored,"results/harmful_bias_multihyp_dev/day5_startup_sync_v2/multihyp_day5_startup_sync_v2/day5_startup_sync_v2_run_manifest.json",generated_results,472
ignored,"results/harmful_bias_multihyp_dev/day5_startup_sync_v2/multihyp_day5_startup_sync_v2/day5_startup_sync_v2_summary.json",generated_results,995
ignored,"results/harmful_bias_multihyp_dev/day5_startup_sync_v2/multihyp_day5_startup_sync_v2/first_divergence_summary.csv",generated_results,203
ignored,"results/harmful_bias_multihyp_dev/day5_startup_sync_v2/multihyp_day5_startup_sync_v2/first_input_boundary_summary.csv",generated_results,616
ignored,"results/harmful_bias_multihyp_dev/day5_startup_sync_v2/multihyp_day5_startup_sync_v2/full_log_index.csv",generated_results,1240
ignored,"results/harmful_bias_multihyp_dev/day5_startup_sync_v2/multihyp_day5_startup_sync_v2/gate_summary.csv",generated_results,1295
ignored,"results/harmful_bias_multihyp_dev/day5_startup_sync_v2/multihyp_day5_startup_sync_v2/matrix_failure.json",generated_results,138
ignored,"results/harmful_bias_multihyp_dev/day5_startup_sync_v2/multihyp_day5_startup_sync_v2/matrix_started.marker",generated_results,25
ignored,"results/harmful_bias_multihyp_dev/day5_startup_sync_v2/multihyp_day5_startup_sync_v2/monotonic_timing_summary.csv",generated_results,544
ignored,"results/harmful_bias_multihyp_dev/day5_startup_sync_v2/multihyp_day5_startup_sync_v2/no_gt_runtime_audit.csv",generated_results,302
ignored,"results/harmful_bias_multihyp_dev/day5_startup_sync_v2/multihyp_day5_startup_sync_v2/parameter_identity_audit.csv",generated_results,491
ignored,"results/harmful_bias_multihyp_dev/day5_startup_sync_v2/multihyp_day5_startup_sync_v2/pre_avia_quick_shack_AUDIT_ONLY_R1_lock.json",generated_results,652
ignored,"results/harmful_bias_multihyp_dev/day5_startup_sync_v2/multihyp_day5_startup_sync_v2/runs/baseline/avia_quick_shack/AUDIT_ONLY_R1/bag_command.txt",generated_results,176
ignored,"results/harmful_bias_multihyp_dev/day5_startup_sync_v2/multihyp_day5_startup_sync_v2/runs/baseline/avia_quick_shack/AUDIT_ONLY_R1/bag_info.yaml",generated_results,564
ignored,"results/harmful_bias_multihyp_dev/day5_startup_sync_v2/multihyp_day5_startup_sync_v2/runs/baseline/avia_quick_shack/AUDIT_ONLY_R1/connection_handshake_tool.log",temporary_logs,0
ignored,"results/harmful_bias_multihyp_dev/day5_startup_sync_v2/multihyp_day5_startup_sync_v2/runs/baseline/avia_quick_shack/AUDIT_ONLY_R1/connection_handshake_v2.json",generated_results,4694
ignored,"results/harmful_bias_multihyp_dev/day5_startup_sync_v2/multihyp_day5_startup_sync_v2/runs/baseline/avia_quick_shack/AUDIT_ONLY_R1/day5_startup_sync_v2.launch",generated_results,120
ignored,"results/harmful_bias_multihyp_dev/day5_startup_sync_v2/multihyp_day5_startup_sync_v2/runs/baseline/avia_quick_shack/AUDIT_ONLY_R1/pause_service_response.txt",generated_results,49
ignored,"results/harmful_bias_multihyp_dev/day5_startup_sync_v2/multihyp_day5_startup_sync_v2/runs/baseline/avia_quick_shack/AUDIT_ONLY_R1/post_clear_source_lock.json",generated_results,652
ignored,"results/harmful_bias_multihyp_dev/day5_startup_sync_v2/multihyp_day5_startup_sync_v2/runs/baseline/avia_quick_shack/AUDIT_ONLY_R1/ros_home/results/harmful_bias_multihyp_dev/day5_startup_sync_v2/multihyp_day5_startup_sync_v2/runs/baseline/avia_quick_shack/AUDIT_ONLY_R1/ros_log/a3e5d938-8186-11f1-8e62-e70d9d25fc92/master.log",temporary_logs,17163
ignored,"results/harmful_bias_multihyp_dev/day5_startup_sync_v2/multihyp_day5_startup_sync_v2/runs/baseline/avia_quick_shack/AUDIT_ONLY_R1/ros_home/results/harmful_bias_multihyp_dev/day5_startup_sync_v2/multihyp_day5_startup_sync_v2/runs/baseline/avia_quick_shack/AUDIT_ONLY_R1/ros_log/a3e5d938-8186-11f1-8e62-e70d9d25fc92/rosout.log",temporary_logs,754
ignored,"results/harmful_bias_multihyp_dev/day5_startup_sync_v2/multihyp_day5_startup_sync_v2/runs/baseline/avia_quick_shack/AUDIT_ONLY_R1/ros_home/results/harmful_bias_multihyp_dev/day5_startup_sync_v2/multihyp_day5_startup_sync_v2/runs/baseline/avia_quick_shack/AUDIT_ONLY_R1/ros_log/latest",generated_results,332
ignored,"results/harmful_bias_multihyp_dev/day5_startup_sync_v2/multihyp_day5_startup_sync_v2/runs/baseline/avia_quick_shack/AUDIT_ONLY_R1/ros_home/results/harmful_bias_multihyp_dev/day5_startup_sync_v2/multihyp_day5_startup_sync_v2/runs/baseline/avia_quick_shack/AUDIT_ONLY_R1/runtime_audit_v2.bin",generated_results,2453818
ignored,"results/harmful_bias_multihyp_dev/day5_startup_sync_v2/multihyp_day5_startup_sync_v2/runs/baseline/avia_quick_shack/AUDIT_ONLY_R1/ros_home/roscore-19711.pid",generated_results,7
ignored,"results/harmful_bias_multihyp_dev/day5_startup_sync_v2/multihyp_day5_startup_sync_v2/runs/baseline/avia_quick_shack/AUDIT_ONLY_R1/ros_home/rospack_cache_00315349468165810359",generated_results,10499
ignored,"results/harmful_bias_multihyp_dev/day5_startup_sync_v2/multihyp_day5_startup_sync_v2/runs/baseline/avia_quick_shack/AUDIT_ONLY_R1/ros_log/a3e5d938-8186-11f1-8e62-e70d9d25fc92/roslaunch-lj-2436797.log",temporary_logs,19803
ignored,"results/harmful_bias_multihyp_dev/day5_startup_sync_v2/multihyp_day5_startup_sync_v2/runs/baseline/avia_quick_shack/AUDIT_ONLY_R1/ros_log/a3e5d938-8186-11f1-8e62-e70d9d25fc92/roslaunch-lj-2436918.log",temporary_logs,18623
ignored,"results/harmful_bias_multihyp_dev/day5_startup_sync_v2/multihyp_day5_startup_sync_v2/runs/baseline/avia_quick_shack/AUDIT_ONLY_R1/ros_log/a3e5d938-8186-11f1-8e62-e70d9d25fc92/rosout-1-stdout.log",temporary_logs,426
ignored,"results/harmful_bias_multihyp_dev/day5_startup_sync_v2/multihyp_day5_startup_sync_v2/runs/baseline/avia_quick_shack/AUDIT_ONLY_R1/ros_log/latest",generated_results,174
ignored,"results/harmful_bias_multihyp_dev/day5_startup_sync_v2/multihyp_day5_startup_sync_v2/runs/baseline/avia_quick_shack/AUDIT_ONLY_R1/ros_log/rosservice_2437067_1784255074370.log",temporary_logs,1371
ignored,"results/harmful_bias_multihyp_dev/day5_startup_sync_v2/multihyp_day5_startup_sync_v2/runs/baseline/avia_quick_shack/AUDIT_ONLY_R1/rosbag.log",temporary_logs,1013352
ignored,"results/harmful_bias_multihyp_dev/day5_startup_sync_v2/multihyp_day5_startup_sync_v2/runs/baseline/avia_quick_shack/AUDIT_ONLY_R1/roscore.log",temporary_logs,988
ignored,"results/harmful_bias_multihyp_dev/day5_startup_sync_v2/multihyp_day5_startup_sync_v2/runs/baseline/avia_quick_shack/AUDIT_ONLY_R1/roslaunch.log",temporary_logs,1410
ignored,"results/harmful_bias_multihyp_dev/day5_startup_sync_v2/multihyp_day5_startup_sync_v2/runs/baseline/avia_quick_shack/AUDIT_ONLY_R1/rosnode_info.txt",generated_results,1241
ignored,"results/harmful_bias_multihyp_dev/day5_startup_sync_v2/multihyp_day5_startup_sync_v2/runs/baseline/avia_quick_shack/AUDIT_ONLY_R1/rosnode_info_bag_player.txt",generated_results,1216
ignored,"results/harmful_bias_multihyp_dev/day5_startup_sync_v2/multihyp_day5_startup_sync_v2/runs/baseline/avia_quick_shack/AUDIT_ONLY_R1/rosnode_info_laser_mapping.txt",generated_results,1241
ignored,"results/harmful_bias_multihyp_dev/day5_startup_sync_v2/multihyp_day5_startup_sync_v2/runs/baseline/avia_quick_shack/AUDIT_ONLY_R1/rosparam_dump_command.txt",generated_results,0
ignored,"results/harmful_bias_multihyp_dev/day5_startup_sync_v2/multihyp_day5_startup_sync_v2/runs/baseline/avia_quick_shack/AUDIT_ONLY_R1/rosparams.yaml",generated_results,1547
ignored,"results/harmful_bias_multihyp_dev/day5_startup_sync_v2/multihyp_day5_startup_sync_v2/runs/baseline/avia_quick_shack/AUDIT_ONLY_R1/rosservice_list.txt",generated_results,197
ignored,"results/harmful_bias_multihyp_dev/day5_startup_sync_v2/multihyp_day5_startup_sync_v2/runs/baseline/avia_quick_shack/AUDIT_ONLY_R1/rosservice_type_pause_playback.txt",generated_results,17
ignored,"results/harmful_bias_multihyp_dev/day5_startup_sync_v2/multihyp_day5_startup_sync_v2/runs/baseline/avia_quick_shack/AUDIT_ONLY_R1/rosservice_uri_pause_playback.txt",generated_results,25
ignored,"results/harmful_bias_multihyp_dev/day5_startup_sync_v2/multihyp_day5_startup_sync_v2/runs/baseline/avia_quick_shack/AUDIT_ONLY_R1/rostopic_info_livox_imu.txt",generated_results,142
ignored,"results/harmful_bias_multihyp_dev/day5_startup_sync_v2/multihyp_day5_startup_sync_v2/runs/baseline/avia_quick_shack/AUDIT_ONLY_R1/rostopic_info_livox_lidar.txt",generated_results,153
ignored,"results/harmful_bias_multihyp_dev/day5_startup_sync_v2/multihyp_day5_startup_sync_v2/runs/baseline/avia_quick_shack/AUDIT_ONLY_R1/runtime_environment.txt",generated_results,160
ignored,"results/harmful_bias_multihyp_dev/day5_startup_sync_v2/multihyp_day5_startup_sync_v2/runs/baseline/avia_quick_shack/AUDIT_ONLY_R1/runtime_output_clear_actions.json",generated_results,2017
ignored,"results/harmful_bias_multihyp_dev/day5_startup_sync_v2/multihyp_day5_startup_sync_v2/runs/baseline/avia_quick_shack/AUDIT_ONLY_R1/runtime_output_clear_allowlist_audit.json",generated_results,2906
ignored,"results/harmful_bias_multihyp_dev/day5_startup_sync_v2/multihyp_day5_startup_sync_v2/runs/baseline/avia_quick_shack/AUDIT_ONLY_R1/runtime_output_inventory_after_clear.json",generated_results,2295
ignored,"results/harmful_bias_multihyp_dev/day5_startup_sync_v2/multihyp_day5_startup_sync_v2/runs/baseline/avia_quick_shack/AUDIT_ONLY_R1/runtime_output_inventory_before_clear.json",generated_results,2697
ignored,"results/harmful_bias_multihyp_dev/day5_startup_sync_v2/multihyp_day5_startup_sync_v2/runtime_output_allowlist_audit.csv",generated_results,293
ignored,"results/harmful_bias_multihyp_dev/day5_startup_sync_v2/multihyp_day5_startup_sync_v2/source_binary_clip_lock_audit.csv",generated_results,701
ignored,"results/harmful_bias_multihyp_dev/day5_startup_sync_v2/multihyp_day5_startup_sync_v2/source_lock_summary.csv",generated_results,314
ignored,"results/harmful_bias_multihyp_dev/day5_startup_sync_v2/multihyp_day5_startup_sync_v2/source_locks/degen_source_files_v2.csv",generated_results,90715
ignored,"results/harmful_bias_multihyp_dev/day5_startup_sync_v2/multihyp_day5_startup_sync_v2/source_locks/degen_source_lock_v2.json",generated_results,202222
ignored,"results/harmful_bias_multihyp_dev/day5_startup_sync_v2/multihyp_day5_startup_sync_v2/source_locks/fastlio2_runtime_output_allowlist_v1.json",generated_results,1720
ignored,"results/harmful_bias_multihyp_dev/day5_startup_sync_v2/multihyp_day5_startup_sync_v2/source_locks/fastlio2_source_files_v2.csv",generated_results,10335
ignored,"results/harmful_bias_multihyp_dev/day5_startup_sync_v2/multihyp_day5_startup_sync_v2/source_locks/fastlio2_source_lock_v2.json",generated_results,25739
ignored,"results/stage2_failure_analysis/day10_quick/stage2_failure_day10_quick_v1/day10_quick_summary.json",generated_results,3152
ignored,"results/stage2_failure_analysis/day10_quick/stage2_failure_day10_quick_v1/filesystem_sandbox_audit.json",generated_results,394
ignored,"results/stage2_failure_analysis/day10_quick/stage2_failure_day10_quick_v1/invalid_reset_audit.json",generated_results,793
ignored,"results/stage2_failure_analysis/day10_quick/stage2_failure_day10_quick_v1/invalid_reset_end_to_end.csv",generated_results,5939
ignored,"results/stage2_failure_analysis/day10_quick/stage2_failure_day10_quick_v1/online_equivalence_audit.csv",generated_results,18607
ignored,"results/stage2_failure_analysis/day10_quick/stage2_failure_day10_quick_v1/run_manifest.json",generated_results,4825
ignored,"results/stage2_failure_analysis/day10_quick/stage2_failure_day10_quick_v1/static_dependency_audit.json",generated_results,468
ignored,"results/stage2_failure_analysis/day10_quick/stage2_failure_day10_quick_v1/window_equivalence_audit.csv",generated_results,1554
ignored,"results/stage2_failure_analysis/day10_quick/stage2_failure_day10_quick_v2/day10_quick_summary.json",generated_results,4133
ignored,"results/stage2_failure_analysis/day10_quick/stage2_failure_day10_quick_v2/filesystem_sandbox_audit.json",generated_results,447
ignored,"results/stage2_failure_analysis/day10_quick/stage2_failure_day10_quick_v2/invalid_reset_audit.json",generated_results,970
ignored,"results/stage2_failure_analysis/day10_quick/stage2_failure_day10_quick_v2/invalid_reset_end_to_end.csv",generated_results,5939
ignored,"results/stage2_failure_analysis/day10_quick/stage2_failure_day10_quick_v2/online_equivalence_audit.csv",generated_results,26143
ignored,"results/stage2_failure_analysis/day10_quick/stage2_failure_day10_quick_v2/run_manifest.json",generated_results,5781
ignored,"results/stage2_failure_analysis/day10_quick/stage2_failure_day10_quick_v2/static_dependency_audit.json",generated_results,521
ignored,"results/stage2_failure_analysis/day10_quick/stage2_failure_day10_quick_v2/window_equivalence_audit.csv",generated_results,1554
ignored,"results/stage2_failure_analysis/day11a_case_lock/stage2_failure_day11a_case_lock_v1/candidate_pool.csv",generated_results,327114
ignored,"results/stage2_failure_analysis/day11a_case_lock/stage2_failure_day11a_case_lock_v1/day11a_forbidden_dependency_audit.json",generated_results,395
ignored,"results/stage2_failure_analysis/day11a_case_lock/stage2_failure_day11a_case_lock_v1/day11a_summary.json",generated_results,3296
ignored,"results/stage2_failure_analysis/day11a_case_lock/stage2_failure_day11a_case_lock_v1/deterministic_diagnostic_case_lock.json",generated_results,5167
ignored,"results/stage2_failure_analysis/day11a_case_lock/stage2_failure_day11a_case_lock_v1/protocol_revision_manifest.json",generated_results,1535
ignored,"results/stage2_failure_analysis/day11a_case_lock/stage2_failure_day11a_case_lock_v1/run_manifest.json",generated_results,5193
ignored,"results/stage2_failure_analysis/day11b_replay/stage2_failure_day11b_replay_v1/case_lock_verification.json",generated_results,2475
ignored,"results/stage2_failure_analysis/day11b_replay/stage2_failure_day11b_replay_v1/cases/geometry_L4_g4003_s111_p6015_clean_huber_full/case_manifest.json",generated_results,1204
ignored,"results/stage2_failure_analysis/day11b_replay/stage2_failure_day11b_replay_v1/cases/geometry_L4_g4003_s111_p6015_clean_huber_full/frame_diagnostics_gt.csv",generated_results,13895
ignored,"results/stage2_failure_analysis/day11b_replay/stage2_failure_day11b_replay_v1/cases/geometry_L4_g4003_s111_p6015_clean_huber_full/frame_diagnostics_online.csv",generated_results,45811
ignored,"results/stage2_failure_analysis/day11b_replay/stage2_failure_day11b_replay_v1/cases/geometry_L4_g4003_s111_p6015_clean_huber_full/frame_stress_trace.csv",generated_results,11286
ignored,"results/stage2_failure_analysis/day11b_replay/stage2_failure_day11b_replay_v1/cases/geometry_L4_g4003_s111_p6015_clean_huber_full/frame_window_statistics.csv",generated_results,26045
ignored,"results/stage2_failure_analysis/day11b_replay/stage2_failure_day11b_replay_v1/cases/geometry_L4_g4003_s111_p6015_clean_huber_full/trajectory_metrics.json",generated_results,1838
ignored,"results/stage2_failure_analysis/day11b_replay/stage2_failure_day11b_replay_v1/cases/geometry_L4_g4003_s111_p6015_clean_huber_projected_gain/case_manifest.json",generated_results,1224
ignored,"results/stage2_failure_analysis/day11b_replay/stage2_failure_day11b_replay_v1/cases/geometry_L4_g4003_s111_p6015_clean_huber_projected_gain/frame_diagnostics_gt.csv",generated_results,14259
ignored,"results/stage2_failure_analysis/day11b_replay/stage2_failure_day11b_replay_v1/cases/geometry_L4_g4003_s111_p6015_clean_huber_projected_gain/frame_diagnostics_online.csv",generated_results,46617
ignored,"results/stage2_failure_analysis/day11b_replay/stage2_failure_day11b_replay_v1/cases/geometry_L4_g4003_s111_p6015_clean_huber_projected_gain/frame_stress_trace.csv",generated_results,11673
ignored,"results/stage2_failure_analysis/day11b_replay/stage2_failure_day11b_replay_v1/cases/geometry_L4_g4003_s111_p6015_clean_huber_projected_gain/frame_window_statistics.csv",generated_results,26457
ignored,"results/stage2_failure_analysis/day11b_replay/stage2_failure_day11b_replay_v1/cases/geometry_L4_g4003_s111_p6015_clean_huber_projected_gain/trajectory_metrics.json",generated_results,1892
ignored,"results/stage2_failure_analysis/day11b_replay/stage2_failure_day11b_replay_v1/cases/geometry_L4_g4003_s111_p6015_coherent_subhuber_slip_huber_full/case_manifest.json",generated_results,1241
ignored,"results/stage2_failure_analysis/day11b_replay/stage2_failure_day11b_replay_v1/cases/geometry_L4_g4003_s111_p6015_coherent_subhuber_slip_huber_full/frame_diagnostics_gt.csv",generated_results,14420
ignored,"results/stage2_failure_analysis/day11b_replay/stage2_failure_day11b_replay_v1/cases/geometry_L4_g4003_s111_p6015_coherent_subhuber_slip_huber_full/frame_diagnostics_online.csv",generated_results,46470
ignored,"results/stage2_failure_analysis/day11b_replay/stage2_failure_day11b_replay_v1/cases/geometry_L4_g4003_s111_p6015_coherent_subhuber_slip_huber_full/frame_stress_trace.csv",generated_results,13559
ignored,"results/stage2_failure_analysis/day11b_replay/stage2_failure_day11b_replay_v1/cases/geometry_L4_g4003_s111_p6015_coherent_subhuber_slip_huber_full/frame_window_statistics.csv",generated_results,26772
ignored,"results/stage2_failure_analysis/day11b_replay/stage2_failure_day11b_replay_v1/cases/geometry_L4_g4003_s111_p6015_coherent_subhuber_slip_huber_full/trajectory_metrics.json",generated_results,1859
ignored,"results/stage2_failure_analysis/day11b_replay/stage2_failure_day11b_replay_v1/cases/geometry_L4_g4003_s111_p6015_coherent_subhuber_slip_huber_projected_gain/case_manifest.json",generated_results,1261
ignored,"results/stage2_failure_analysis/day11b_replay/stage2_failure_day11b_replay_v1/cases/geometry_L4_g4003_s111_p6015_coherent_subhuber_slip_huber_projected_gain/frame_diagnostics_gt.csv",generated_results,14801
ignored,"results/stage2_failure_analysis/day11b_replay/stage2_failure_day11b_replay_v1/cases/geometry_L4_g4003_s111_p6015_coherent_subhuber_slip_huber_projected_gain/frame_diagnostics_online.csv",generated_results,47301
ignored,"results/stage2_failure_analysis/day11b_replay/stage2_failure_day11b_replay_v1/cases/geometry_L4_g4003_s111_p6015_coherent_subhuber_slip_huber_projected_gain/frame_stress_trace.csv",generated_results,13951
ignored,"results/stage2_failure_analysis/day11b_replay/stage2_failure_day11b_replay_v1/cases/geometry_L4_g4003_s111_p6015_coherent_subhuber_slip_huber_projected_gain/frame_window_statistics.csv",generated_results,27179
ignored,"results/stage2_failure_analysis/day11b_replay/stage2_failure_day11b_replay_v1/cases/geometry_L4_g4003_s111_p6015_coherent_subhuber_slip_huber_projected_gain/trajectory_metrics.json",generated_results,1881
ignored,"results/stage2_failure_analysis/day11b_replay/stage2_failure_day11b_replay_v1/cases/observation_O4_g5147_s99_p6009_clean_huber_full/case_manifest.json",generated_results,1208
ignored,"results/stage2_failure_analysis/day11b_replay/stage2_failure_day11b_replay_v1/cases/observation_O4_g5147_s99_p6009_clean_huber_full/frame_diagnostics_gt.csv",generated_results,14080
ignored,"results/stage2_failure_analysis/day11b_replay/stage2_failure_day11b_replay_v1/cases/observation_O4_g5147_s99_p6009_clean_huber_full/frame_diagnostics_online.csv",generated_results,45882
ignored,"results/stage2_failure_analysis/day11b_replay/stage2_failure_day11b_replay_v1/cases/observation_O4_g5147_s99_p6009_clean_huber_full/frame_stress_trace.csv",generated_results,11287
ignored,"results/stage2_failure_analysis/day11b_replay/stage2_failure_day11b_replay_v1/cases/observation_O4_g5147_s99_p6009_clean_huber_full/frame_window_statistics.csv",generated_results,26335
ignored,"results/stage2_failure_analysis/day11b_replay/stage2_failure_day11b_replay_v1/cases/observation_O4_g5147_s99_p6009_clean_huber_full/trajectory_metrics.json",generated_results,1844
ignored,"results/stage2_failure_analysis/day11b_replay/stage2_failure_day11b_replay_v1/cases/observation_O4_g5147_s99_p6009_clean_huber_projected_gain/case_manifest.json",generated_results,1228
ignored,"results/stage2_failure_analysis/day11b_replay/stage2_failure_day11b_replay_v1/cases/observation_O4_g5147_s99_p6009_clean_huber_projected_gain/frame_diagnostics_gt.csv",generated_results,14481
ignored,"results/stage2_failure_analysis/day11b_replay/stage2_failure_day11b_replay_v1/cases/observation_O4_g5147_s99_p6009_clean_huber_projected_gain/frame_diagnostics_online.csv",generated_results,46751
ignored,"results/stage2_failure_analysis/day11b_replay/stage2_failure_day11b_replay_v1/cases/observation_O4_g5147_s99_p6009_clean_huber_projected_gain/frame_stress_trace.csv",generated_results,11662
ignored,"results/stage2_failure_analysis/day11b_replay/stage2_failure_day11b_replay_v1/cases/observation_O4_g5147_s99_p6009_clean_huber_projected_gain/frame_window_statistics.csv",generated_results,26706
ignored,"results/stage2_failure_analysis/day11b_replay/stage2_failure_day11b_replay_v1/cases/observation_O4_g5147_s99_p6009_clean_huber_projected_gain/trajectory_metrics.json",generated_results,1856
ignored,"results/stage2_failure_analysis/day11b_replay/stage2_failure_day11b_replay_v1/cases/observation_O4_g5147_s99_p6009_coherent_subhuber_slip_huber_full/case_manifest.json",generated_results,1245
ignored,"results/stage2_failure_analysis/day11b_replay/stage2_failure_day11b_replay_v1/cases/observation_O4_g5147_s99_p6009_coherent_subhuber_slip_huber_full/frame_diagnostics_gt.csv",generated_results,14606
ignored,"results/stage2_failure_analysis/day11b_replay/stage2_failure_day11b_replay_v1/cases/observation_O4_g5147_s99_p6009_coherent_subhuber_slip_huber_full/frame_diagnostics_online.csv",generated_results,46454
ignored,"results/stage2_failure_analysis/day11b_replay/stage2_failure_day11b_replay_v1/cases/observation_O4_g5147_s99_p6009_coherent_subhuber_slip_huber_full/frame_stress_trace.csv",generated_results,14439
ignored,"results/stage2_failure_analysis/day11b_replay/stage2_failure_day11b_replay_v1/cases/observation_O4_g5147_s99_p6009_coherent_subhuber_slip_huber_full/frame_window_statistics.csv",generated_results,27032
ignored,"results/stage2_failure_analysis/day11b_replay/stage2_failure_day11b_replay_v1/cases/observation_O4_g5147_s99_p6009_coherent_subhuber_slip_huber_full/trajectory_metrics.json",generated_results,1866
ignored,"results/stage2_failure_analysis/day11b_replay/stage2_failure_day11b_replay_v1/cases/observation_O4_g5147_s99_p6009_coherent_subhuber_slip_huber_projected_gain/case_manifest.json",generated_results,1265
ignored,"results/stage2_failure_analysis/day11b_replay/stage2_failure_day11b_replay_v1/cases/observation_O4_g5147_s99_p6009_coherent_subhuber_slip_huber_projected_gain/frame_diagnostics_gt.csv",generated_results,14990
ignored,"results/stage2_failure_analysis/day11b_replay/stage2_failure_day11b_replay_v1/cases/observation_O4_g5147_s99_p6009_coherent_subhuber_slip_huber_projected_gain/frame_diagnostics_online.csv",generated_results,47329
ignored,"results/stage2_failure_analysis/day11b_replay/stage2_failure_day11b_replay_v1/cases/observation_O4_g5147_s99_p6009_coherent_subhuber_slip_huber_projected_gain/frame_stress_trace.csv",generated_results,14819
ignored,"results/stage2_failure_analysis/day11b_replay/stage2_failure_day11b_replay_v1/cases/observation_O4_g5147_s99_p6009_coherent_subhuber_slip_huber_projected_gain/frame_window_statistics.csv",generated_results,27400
ignored,"results/stage2_failure_analysis/day11b_replay/stage2_failure_day11b_replay_v1/cases/observation_O4_g5147_s99_p6009_coherent_subhuber_slip_huber_projected_gain/trajectory_metrics.json",generated_results,1922
ignored,"results/stage2_failure_analysis/day11b_replay/stage2_failure_day11b_replay_v1/day11b_summary.json",generated_results,5926
ignored,"results/stage2_failure_analysis/day11b_replay/stage2_failure_day11b_replay_v1/logging_equivalence_audit.csv",generated_results,27688
ignored,"results/stage2_failure_analysis/day11b_replay/stage2_failure_day11b_replay_v1/no_gt_audit.json",generated_results,257
ignored,"results/stage2_failure_analysis/day11b_replay/stage2_failure_day11b_replay_v1/pairing_audit.csv",generated_results,912
ignored,"results/stage2_failure_analysis/day11b_replay/stage2_failure_day11b_replay_v1/replay_case_summary.csv",generated_results,4056
ignored,"results/stage2_failure_analysis/day11b_replay/stage2_failure_day11b_replay_v1/replay_frame_diagnostics_merged.csv",generated_results,611324
ignored,"results/stage2_failure_analysis/day11b_replay/stage2_failure_day11b_replay_v1/replay_plan.csv",generated_results,5685
ignored,"results/stage2_failure_analysis/day11b_replay/stage2_failure_day11b_replay_v1/replay_plan.json",generated_results,10835
ignored,"results/stage2_failure_analysis/day11b_replay/stage2_failure_day11b_replay_v1/run_manifest.json",generated_results,5926
ignored,"results/stage2_failure_analysis/day11b_replay/stage2_failure_day11b_replay_v1/stress_mechanism_audit.csv",generated_results,2361
ignored,"results/stage2_failure_analysis/day11b_replay/stage2_failure_day11b_replay_v2/axial_support_audit.csv",generated_results,69651
ignored,"results/stage2_failure_analysis/day11b_replay/stage2_failure_day11b_replay_v2/axial_support_summary.json",generated_results,4840
ignored,"results/stage2_failure_analysis/day11b_replay/stage2_failure_day11b_replay_v2/base_observation_pairing_audit.csv",generated_results,7917
ignored,"results/stage2_failure_analysis/day11b_replay/stage2_failure_day11b_replay_v2/case_lock_verification.json",generated_results,2475
ignored,"results/stage2_failure_analysis/day11b_replay/stage2_failure_day11b_replay_v2/cases/geometry_L4_g4003_s111_p6015_clean_huber_full/case_manifest.json",generated_results,2280
ignored,"results/stage2_failure_analysis/day11b_replay/stage2_failure_day11b_replay_v2/cases/geometry_L4_g4003_s111_p6015_clean_huber_full/frame_diagnostics_gt.csv",generated_results,13895
ignored,"results/stage2_failure_analysis/day11b_replay/stage2_failure_day11b_replay_v2/cases/geometry_L4_g4003_s111_p6015_clean_huber_full/frame_diagnostics_online.csv",generated_results,45811
ignored,"results/stage2_failure_analysis/day11b_replay/stage2_failure_day11b_replay_v2/cases/geometry_L4_g4003_s111_p6015_clean_huber_full/frame_stress_trace.csv",generated_results,16965
ignored,"results/stage2_failure_analysis/day11b_replay/stage2_failure_day11b_replay_v2/cases/geometry_L4_g4003_s111_p6015_clean_huber_full/frame_window_statistics.csv",generated_results,26045
ignored,"results/stage2_failure_analysis/day11b_replay/stage2_failure_day11b_replay_v2/cases/geometry_L4_g4003_s111_p6015_clean_huber_full/strategy_chain_audit.json",generated_results,385
ignored,"results/stage2_failure_analysis/day11b_replay/stage2_failure_day11b_replay_v2/cases/geometry_L4_g4003_s111_p6015_clean_huber_full/trajectory_metrics.json",generated_results,3179
ignored,"results/stage2_failure_analysis/day11b_replay/stage2_failure_day11b_replay_v2/cases/geometry_L4_g4003_s111_p6015_clean_huber_projected_gain/case_manifest.json",generated_results,2330
ignored,"results/stage2_failure_analysis/day11b_replay/stage2_failure_day11b_replay_v2/cases/geometry_L4_g4003_s111_p6015_clean_huber_projected_gain/frame_diagnostics_gt.csv",generated_results,14259
ignored,"results/stage2_failure_analysis/day11b_replay/stage2_failure_day11b_replay_v2/cases/geometry_L4_g4003_s111_p6015_clean_huber_projected_gain/frame_diagnostics_online.csv",generated_results,46617
ignored,"results/stage2_failure_analysis/day11b_replay/stage2_failure_day11b_replay_v2/cases/geometry_L4_g4003_s111_p6015_clean_huber_projected_gain/frame_stress_trace.csv",generated_results,17352
ignored,"results/stage2_failure_analysis/day11b_replay/stage2_failure_day11b_replay_v2/cases/geometry_L4_g4003_s111_p6015_clean_huber_projected_gain/frame_window_statistics.csv",generated_results,26457
ignored,"results/stage2_failure_analysis/day11b_replay/stage2_failure_day11b_replay_v2/cases/geometry_L4_g4003_s111_p6015_clean_huber_projected_gain/strategy_chain_audit.json",generated_results,455
ignored,"results/stage2_failure_analysis/day11b_replay/stage2_failure_day11b_replay_v2/cases/geometry_L4_g4003_s111_p6015_clean_huber_projected_gain/trajectory_metrics.json",generated_results,3263
ignored,"results/stage2_failure_analysis/day11b_replay/stage2_failure_day11b_replay_v2/cases/geometry_L4_g4003_s111_p6015_coherent_subhuber_slip_huber_full/case_manifest.json",generated_results,2319
ignored,"results/stage2_failure_analysis/day11b_replay/stage2_failure_day11b_replay_v2/cases/geometry_L4_g4003_s111_p6015_coherent_subhuber_slip_huber_full/frame_diagnostics_gt.csv",generated_results,14420
ignored,"results/stage2_failure_analysis/day11b_replay/stage2_failure_day11b_replay_v2/cases/geometry_L4_g4003_s111_p6015_coherent_subhuber_slip_huber_full/frame_diagnostics_online.csv",generated_results,46470
ignored,"results/stage2_failure_analysis/day11b_replay/stage2_failure_day11b_replay_v2/cases/geometry_L4_g4003_s111_p6015_coherent_subhuber_slip_huber_full/frame_stress_trace.csv",generated_results,19238
ignored,"results/stage2_failure_analysis/day11b_replay/stage2_failure_day11b_replay_v2/cases/geometry_L4_g4003_s111_p6015_coherent_subhuber_slip_huber_full/frame_window_statistics.csv",generated_results,26772
ignored,"results/stage2_failure_analysis/day11b_replay/stage2_failure_day11b_replay_v2/cases/geometry_L4_g4003_s111_p6015_coherent_subhuber_slip_huber_full/strategy_chain_audit.json",generated_results,402
ignored,"results/stage2_failure_analysis/day11b_replay/stage2_failure_day11b_replay_v2/cases/geometry_L4_g4003_s111_p6015_coherent_subhuber_slip_huber_full/trajectory_metrics.json",generated_results,3200
ignored,"results/stage2_failure_analysis/day11b_replay/stage2_failure_day11b_replay_v2/cases/geometry_L4_g4003_s111_p6015_coherent_subhuber_slip_huber_projected_gain/case_manifest.json",generated_results,2369
ignored,"results/stage2_failure_analysis/day11b_replay/stage2_failure_day11b_replay_v2/cases/geometry_L4_g4003_s111_p6015_coherent_subhuber_slip_huber_projected_gain/frame_diagnostics_gt.csv",generated_results,14801
ignored,"results/stage2_failure_analysis/day11b_replay/stage2_failure_day11b_replay_v2/cases/geometry_L4_g4003_s111_p6015_coherent_subhuber_slip_huber_projected_gain/frame_diagnostics_online.csv",generated_results,47301
ignored,"results/stage2_failure_analysis/day11b_replay/stage2_failure_day11b_replay_v2/cases/geometry_L4_g4003_s111_p6015_coherent_subhuber_slip_huber_projected_gain/frame_stress_trace.csv",generated_results,19630
ignored,"results/stage2_failure_analysis/day11b_replay/stage2_failure_day11b_replay_v2/cases/geometry_L4_g4003_s111_p6015_coherent_subhuber_slip_huber_projected_gain/frame_window_statistics.csv",generated_results,27179
ignored,"results/stage2_failure_analysis/day11b_replay/stage2_failure_day11b_replay_v2/cases/geometry_L4_g4003_s111_p6015_coherent_subhuber_slip_huber_projected_gain/strategy_chain_audit.json",generated_results,472
ignored,"results/stage2_failure_analysis/day11b_replay/stage2_failure_day11b_replay_v2/cases/geometry_L4_g4003_s111_p6015_coherent_subhuber_slip_huber_projected_gain/trajectory_metrics.json",generated_results,3252
ignored,"results/stage2_failure_analysis/day11b_replay/stage2_failure_day11b_replay_v2/cases/observation_O4_g5147_s99_p6009_clean_huber_full/case_manifest.json",generated_results,2284
ignored,"results/stage2_failure_analysis/day11b_replay/stage2_failure_day11b_replay_v2/cases/observation_O4_g5147_s99_p6009_clean_huber_full/frame_diagnostics_gt.csv",generated_results,14080
ignored,"results/stage2_failure_analysis/day11b_replay/stage2_failure_day11b_replay_v2/cases/observation_O4_g5147_s99_p6009_clean_huber_full/frame_diagnostics_online.csv",generated_results,45882
ignored,"results/stage2_failure_analysis/day11b_replay/stage2_failure_day11b_replay_v2/cases/observation_O4_g5147_s99_p6009_clean_huber_full/frame_stress_trace.csv",generated_results,17003
ignored,"results/stage2_failure_analysis/day11b_replay/stage2_failure_day11b_replay_v2/cases/observation_O4_g5147_s99_p6009_clean_huber_full/frame_window_statistics.csv",generated_results,26335
ignored,"results/stage2_failure_analysis/day11b_replay/stage2_failure_day11b_replay_v2/cases/observation_O4_g5147_s99_p6009_clean_huber_full/strategy_chain_audit.json",generated_results,387
ignored,"results/stage2_failure_analysis/day11b_replay/stage2_failure_day11b_replay_v2/cases/observation_O4_g5147_s99_p6009_clean_huber_full/trajectory_metrics.json",generated_results,3185
ignored,"results/stage2_failure_analysis/day11b_replay/stage2_failure_day11b_replay_v2/cases/observation_O4_g5147_s99_p6009_clean_huber_projected_gain/case_manifest.json",generated_results,2334
ignored,"results/stage2_failure_analysis/day11b_replay/stage2_failure_day11b_replay_v2/cases/observation_O4_g5147_s99_p6009_clean_huber_projected_gain/frame_diagnostics_gt.csv",generated_results,14481
ignored,"results/stage2_failure_analysis/day11b_replay/stage2_failure_day11b_replay_v2/cases/observation_O4_g5147_s99_p6009_clean_huber_projected_gain/frame_diagnostics_online.csv",generated_results,46751
ignored,"results/stage2_failure_analysis/day11b_replay/stage2_failure_day11b_replay_v2/cases/observation_O4_g5147_s99_p6009_clean_huber_projected_gain/frame_stress_trace.csv",generated_results,17378
ignored,"results/stage2_failure_analysis/day11b_replay/stage2_failure_day11b_replay_v2/cases/observation_O4_g5147_s99_p6009_clean_huber_projected_gain/frame_window_statistics.csv",generated_results,26706
ignored,"results/stage2_failure_analysis/day11b_replay/stage2_failure_day11b_replay_v2/cases/observation_O4_g5147_s99_p6009_clean_huber_projected_gain/strategy_chain_audit.json",generated_results,457
ignored,"results/stage2_failure_analysis/day11b_replay/stage2_failure_day11b_replay_v2/cases/observation_O4_g5147_s99_p6009_clean_huber_projected_gain/trajectory_metrics.json",generated_results,3227
ignored,"results/stage2_failure_analysis/day11b_replay/stage2_failure_day11b_replay_v2/cases/observation_O4_g5147_s99_p6009_coherent_subhuber_slip_huber_full/case_manifest.json",generated_results,2323
ignored,"results/stage2_failure_analysis/day11b_replay/stage2_failure_day11b_replay_v2/cases/observation_O4_g5147_s99_p6009_coherent_subhuber_slip_huber_full/frame_diagnostics_gt.csv",generated_results,14606
ignored,"results/stage2_failure_analysis/day11b_replay/stage2_failure_day11b_replay_v2/cases/observation_O4_g5147_s99_p6009_coherent_subhuber_slip_huber_full/frame_diagnostics_online.csv",generated_results,46454
ignored,"results/stage2_failure_analysis/day11b_replay/stage2_failure_day11b_replay_v2/cases/observation_O4_g5147_s99_p6009_coherent_subhuber_slip_huber_full/frame_stress_trace.csv",generated_results,20173
ignored,"results/stage2_failure_analysis/day11b_replay/stage2_failure_day11b_replay_v2/cases/observation_O4_g5147_s99_p6009_coherent_subhuber_slip_huber_full/frame_window_statistics.csv",generated_results,27032
ignored,"results/stage2_failure_analysis/day11b_replay/stage2_failure_day11b_replay_v2/cases/observation_O4_g5147_s99_p6009_coherent_subhuber_slip_huber_full/strategy_chain_audit.json",generated_results,404
ignored,"results/stage2_failure_analysis/day11b_replay/stage2_failure_day11b_replay_v2/cases/observation_O4_g5147_s99_p6009_coherent_subhuber_slip_huber_full/trajectory_metrics.json",generated_results,3207
ignored,"results/stage2_failure_analysis/day11b_replay/stage2_failure_day11b_replay_v2/cases/observation_O4_g5147_s99_p6009_coherent_subhuber_slip_huber_projected_gain/case_manifest.json",generated_results,2373
ignored,"results/stage2_failure_analysis/day11b_replay/stage2_failure_day11b_replay_v2/cases/observation_O4_g5147_s99_p6009_coherent_subhuber_slip_huber_projected_gain/frame_diagnostics_gt.csv",generated_results,14990
ignored,"results/stage2_failure_analysis/day11b_replay/stage2_failure_day11b_replay_v2/cases/observation_O4_g5147_s99_p6009_coherent_subhuber_slip_huber_projected_gain/frame_diagnostics_online.csv",generated_results,47329
ignored,"results/stage2_failure_analysis/day11b_replay/stage2_failure_day11b_replay_v2/cases/observation_O4_g5147_s99_p6009_coherent_subhuber_slip_huber_projected_gain/frame_stress_trace.csv",generated_results,20553
ignored,"results/stage2_failure_analysis/day11b_replay/stage2_failure_day11b_replay_v2/cases/observation_O4_g5147_s99_p6009_coherent_subhuber_slip_huber_projected_gain/frame_window_statistics.csv",generated_results,27400
ignored,"results/stage2_failure_analysis/day11b_replay/stage2_failure_day11b_replay_v2/cases/observation_O4_g5147_s99_p6009_coherent_subhuber_slip_huber_projected_gain/strategy_chain_audit.json",generated_results,474
ignored,"results/stage2_failure_analysis/day11b_replay/stage2_failure_day11b_replay_v2/cases/observation_O4_g5147_s99_p6009_coherent_subhuber_slip_huber_projected_gain/trajectory_metrics.json",generated_results,3293
ignored,"results/stage2_failure_analysis/day11b_replay/stage2_failure_day11b_replay_v2/day11b_v2_summary.json",generated_results,10935
ignored,"results/stage2_failure_analysis/day11b_replay/stage2_failure_day11b_replay_v2/logging_equivalence_audit.csv",generated_results,27688
ignored,"results/stage2_failure_analysis/day11b_replay/stage2_failure_day11b_replay_v2/no_gt_audit.json",generated_results,257
ignored,"results/stage2_failure_analysis/day11b_replay/stage2_failure_day11b_replay_v2/pairing_audit.csv",generated_results,912
ignored,"results/stage2_failure_analysis/day11b_replay/stage2_failure_day11b_replay_v2/replay_case_summary.csv",generated_results,4056
ignored,"results/stage2_failure_analysis/day11b_replay/stage2_failure_day11b_replay_v2/replay_frame_diagnostics_merged.csv",generated_results,655680
ignored,"results/stage2_failure_analysis/day11b_replay/stage2_failure_day11b_replay_v2/replay_plan.csv",generated_results,5685
ignored,"results/stage2_failure_analysis/day11b_replay/stage2_failure_day11b_replay_v2/replay_plan.json",generated_results,10835
ignored,"results/stage2_failure_analysis/day11b_replay/stage2_failure_day11b_replay_v2/run_manifest.json",generated_results,10935
ignored,"results/stage2_failure_analysis/day11b_replay/stage2_failure_day11b_replay_v2/strategy_chain_audit.csv",generated_results,1562
ignored,"results/stage2_failure_analysis/day11b_replay/stage2_failure_day11b_replay_v2/stress_mechanism_audit.csv",generated_results,4663
ignored,"results/stage2_failure_analysis/day11b_replay/stage2_failure_day11b_replay_v2/v1_v2_scientific_equivalence_audit.csv",generated_results,218385
ignored,"results/stage2_failure_analysis/day12_figures/stage2_failure_day12_figures_v2/day12_descriptive_summary.csv",generated_results,2827
ignored,"results/stage2_failure_analysis/day12_figures/stage2_failure_day12_figures_v2/day12_input_audit.csv",generated_results,7033
ignored,"results/stage2_failure_analysis/day12_figures/stage2_failure_day12_figures_v2/day12_input_audit.json",generated_results,16260
ignored,"results/stage2_failure_analysis/day12_figures/stage2_failure_day12_figures_v2/day12_input_lock.json",generated_results,4079
ignored,"results/stage2_failure_analysis/day12_figures/stage2_failure_day12_figures_v2/day12_summary.json",generated_results,9317
ignored,"results/stage2_failure_analysis/day12_figures/stage2_failure_day12_figures_v2/figure_captions.md",generated_results,1476
ignored,"results/stage2_failure_analysis/day12_figures/stage2_failure_day12_figures_v2/figure_data/day12_fig01_innovation_timeline.csv",generated_results,71566
ignored,"results/stage2_failure_analysis/day12_figures/stage2_failure_day12_figures_v2/figure_data/day12_fig02_prior_posterior_axis_error.csv",generated_results,77575
ignored,"results/stage2_failure_analysis/day12_figures/stage2_failure_day12_figures_v2/figure_data/day12_fig03_same_sign_run_timeline.csv",generated_results,62145
ignored,"results/stage2_failure_analysis/day12_figures/stage2_failure_day12_figures_v2/figure_data/day12_fig04_clean_stress_distributions.csv",generated_results,325593
ignored,"results/stage2_failure_analysis/day12_figures/stage2_failure_day12_figures_v2/figure_qc.json",generated_results,3352
ignored,"results/stage2_failure_analysis/day12_figures/stage2_failure_day12_figures_v2/figures/day12_fig01_innovation_timeline.pdf",generated_results,29080
ignored,"results/stage2_failure_analysis/day12_figures/stage2_failure_day12_figures_v2/figures/day12_fig01_innovation_timeline.png",generated_results,761301
ignored,"results/stage2_failure_analysis/day12_figures/stage2_failure_day12_figures_v2/figures/day12_fig02_prior_posterior_axis_error.pdf",generated_results,30979
ignored,"results/stage2_failure_analysis/day12_figures/stage2_failure_day12_figures_v2/figures/day12_fig02_prior_posterior_axis_error.png",generated_results,954641
ignored,"results/stage2_failure_analysis/day12_figures/stage2_failure_day12_figures_v2/figures/day12_fig03_same_sign_run_timeline.pdf",generated_results,22193
ignored,"results/stage2_failure_analysis/day12_figures/stage2_failure_day12_figures_v2/figures/day12_fig03_same_sign_run_timeline.png",generated_results,230899
ignored,"results/stage2_failure_analysis/day12_figures/stage2_failure_day12_figures_v2/figures/day12_fig04_clean_stress_distributions.pdf",generated_results,41689
ignored,"results/stage2_failure_analysis/day12_figures/stage2_failure_day12_figures_v2/figures/day12_fig04_clean_stress_distributions.png",generated_results,716192
ignored,"results/stage2_failure_analysis/day12_figures/stage2_failure_day12_figures_v2/plot_code_static_audit.json",generated_results,215
ignored,"results/stage2_failure_analysis/day12_figures/stage2_failure_day12_figures_v2/plot_data_audit.json",generated_results,3078
ignored,"results/stage2_failure_analysis/day12_figures/stage2_failure_day12_figures_v2/reproducibility_audit.json",generated_results,280
ignored,"results/stage2_failure_analysis/day12_figures/stage2_failure_day12_figures_v2/run_manifest.json",generated_results,9317
ignored,"results/stage2_failure_analysis/day12_figures/stage2_failure_day12_figures_v3/axis_contract_audit.csv",generated_results,2469
ignored,"results/stage2_failure_analysis/day12_figures/stage2_failure_day12_figures_v3/axis_contract_audit.json",generated_results,6430
ignored,"results/stage2_failure_analysis/day12_figures/stage2_failure_day12_figures_v3/day12_descriptive_summary.csv",generated_results,2827
ignored,"results/stage2_failure_analysis/day12_figures/stage2_failure_day12_figures_v3/day12_input_audit.csv",generated_results,7036
ignored,"results/stage2_failure_analysis/day12_figures/stage2_failure_day12_figures_v3/day12_input_audit.json",generated_results,16263
ignored,"results/stage2_failure_analysis/day12_figures/stage2_failure_day12_figures_v3/day12_input_lock.json",generated_results,4384
ignored,"results/stage2_failure_analysis/day12_figures/stage2_failure_day12_figures_v3/day12_v2_v3_data_equivalence.json",generated_results,402
ignored,"results/stage2_failure_analysis/day12_figures/stage2_failure_day12_figures_v3/day12_v2_v3_figure_change_audit.json",generated_results,1592
ignored,"results/stage2_failure_analysis/day12_figures/stage2_failure_day12_figures_v3/day12_v3_summary.json",generated_results,11010
ignored,"results/stage2_failure_analysis/day12_figures/stage2_failure_day12_figures_v3/figure_captions.md",generated_results,1476
ignored,"results/stage2_failure_analysis/day12_figures/stage2_failure_day12_figures_v3/figure_data/day12_fig01_innovation_timeline.csv",generated_results,71566
ignored,"results/stage2_failure_analysis/day12_figures/stage2_failure_day12_figures_v3/figure_data/day12_fig02_prior_posterior_axis_error.csv",generated_results,77575
ignored,"results/stage2_failure_analysis/day12_figures/stage2_failure_day12_figures_v3/figure_data/day12_fig03_same_sign_run_timeline.csv",generated_results,62145
ignored,"results/stage2_failure_analysis/day12_figures/stage2_failure_day12_figures_v3/figure_data/day12_fig04_clean_stress_distributions.csv",generated_results,325593
ignored,"results/stage2_failure_analysis/day12_figures/stage2_failure_day12_figures_v3/figure_qc.json",generated_results,3352
ignored,"results/stage2_failure_analysis/day12_figures/stage2_failure_day12_figures_v3/figures/day12_fig01_innovation_timeline.pdf",generated_results,29080
ignored,"results/stage2_failure_analysis/day12_figures/stage2_failure_day12_figures_v3/figures/day12_fig01_innovation_timeline.png",generated_results,761301
ignored,"results/stage2_failure_analysis/day12_figures/stage2_failure_day12_figures_v3/figures/day12_fig02_prior_posterior_axis_error.pdf",generated_results,30979
ignored,"results/stage2_failure_analysis/day12_figures/stage2_failure_day12_figures_v3/figures/day12_fig02_prior_posterior_axis_error.png",generated_results,954641
ignored,"results/stage2_failure_analysis/day12_figures/stage2_failure_day12_figures_v3/figures/day12_fig03_same_sign_run_timeline.pdf",generated_results,21280
ignored,"results/stage2_failure_analysis/day12_figures/stage2_failure_day12_figures_v3/figures/day12_fig03_same_sign_run_timeline.png",generated_results,229553
ignored,"results/stage2_failure_analysis/day12_figures/stage2_failure_day12_figures_v3/figures/day12_fig04_clean_stress_distributions.pdf",generated_results,41315
ignored,"results/stage2_failure_analysis/day12_figures/stage2_failure_day12_figures_v3/figures/day12_fig04_clean_stress_distributions.png",generated_results,712018
ignored,"results/stage2_failure_analysis/day12_figures/stage2_failure_day12_figures_v3/plot_code_static_audit.json",generated_results,215
ignored,"results/stage2_failure_analysis/day12_figures/stage2_failure_day12_figures_v3/plot_data_audit.json",generated_results,3078
ignored,"results/stage2_failure_analysis/day12_figures/stage2_failure_day12_figures_v3/reproducibility_audit.json",generated_results,280
ignored,"results/stage2_failure_analysis/day12_figures/stage2_failure_day12_figures_v3/run_manifest.json",generated_results,11010
ignored,"results/stage2_failure_analysis/day13_analysis_correction_v2/stage2_failure_day13_new_seed_v1/analysis_correction_manifest.json",generated_results,6079
ignored,"results/stage2_failure_analysis/day13_analysis_correction_v2/stage2_failure_day13_new_seed_v1/auroc_summary_v2.csv",generated_results,5955
ignored,"results/stage2_failure_analysis/day13_analysis_correction_v2/stage2_failure_day13_new_seed_v1/day13_correction_summary.json",generated_results,1272
ignored,"results/stage2_failure_analysis/day13_analysis_correction_v2/stage2_failure_day13_new_seed_v1/fpr_breakdown_v2.csv",generated_results,901
ignored,"results/stage2_failure_analysis/day13_analysis_correction_v2/stage2_failure_day13_new_seed_v1/gross_control_interpretation_v2.csv",generated_results,930
ignored,"results/stage2_failure_analysis/day13_analysis_correction_v2/stage2_failure_day13_new_seed_v1/locked_threshold_operating_points_v2.csv",generated_results,612
ignored,"results/stage2_failure_analysis/day13_analysis_correction_v2/stage2_failure_day13_new_seed_v1/matched_population_audit.csv",generated_results,4793
ignored,"results/stage2_failure_analysis/day13_analysis_correction_v2/stage2_failure_day13_new_seed_v1/preliminary_criteria_summary_v2.json",generated_results,1260
ignored,"results/stage2_failure_analysis/day13_analysis_correction_v2/stage2_failure_day13_new_seed_v1/primary_roc_points_v2.csv",generated_results,1174938
ignored,"results/stage2_failure_analysis/day13_new_seed/stage2_failure_day13_new_seed_v1/calibration/calibration_manifest.json",generated_results,790
ignored,"results/stage2_failure_analysis/day13_new_seed/stage2_failure_day13_new_seed_v1/calibration/calibration_threshold_lock.json",generated_results,1723
ignored,"results/stage2_failure_analysis/day13_new_seed/stage2_failure_day13_new_seed_v1/calibration/case_summary.csv",generated_results,232038
ignored,"results/stage2_failure_analysis/day13_new_seed/stage2_failure_day13_new_seed_v1/calibration/frame_scores.csv",generated_results,5497846
ignored,"results/stage2_failure_analysis/day13_new_seed/stage2_failure_day13_new_seed_v1/calibration/frames_gt.csv",generated_results,4007780
ignored,"results/stage2_failure_analysis/day13_new_seed/stage2_failure_day13_new_seed_v1/calibration/frames_merged.csv",generated_results,21713100
ignored,"results/stage2_failure_analysis/day13_new_seed/stage2_failure_day13_new_seed_v1/calibration/frames_online.csv",generated_results,12040197
ignored,"results/stage2_failure_analysis/day13_new_seed/stage2_failure_day13_new_seed_v1/calibration/frames_stress.csv",generated_results,4894402
ignored,"results/stage2_failure_analysis/day13_new_seed/stage2_failure_day13_new_seed_v1/calibration/frames_window.csv",generated_results,7033355
ignored,"results/stage2_failure_analysis/day13_new_seed/stage2_failure_day13_new_seed_v1/calibration/logging_equivalence_audit.csv",generated_results,45026
ignored,"results/stage2_failure_analysis/day13_new_seed/stage2_failure_day13_new_seed_v1/calibration/no_gt_audit.json",generated_results,308
ignored,"results/stage2_failure_analysis/day13_new_seed/stage2_failure_day13_new_seed_v1/calibration/pairing_audit.csv",generated_results,11089
ignored,"results/stage2_failure_analysis/day13_new_seed/stage2_failure_day13_new_seed_v1/day13_summary.json",generated_results,5785
ignored,"results/stage2_failure_analysis/day13_new_seed/stage2_failure_day13_new_seed_v1/design/analysis_plan.json",generated_results,1115
ignored,"results/stage2_failure_analysis/day13_new_seed/stage2_failure_day13_new_seed_v1/design/design_lock.json",generated_results,24315
ignored,"results/stage2_failure_analysis/day13_new_seed/stage2_failure_day13_new_seed_v1/design/seed_exclusion_manifest.json",generated_results,112862
ignored,"results/stage2_failure_analysis/day13_new_seed/stage2_failure_day13_new_seed_v1/design/seed_manifest.csv",generated_results,2345
ignored,"results/stage2_failure_analysis/day13_new_seed/stage2_failure_day13_new_seed_v1/design/trial_plan.csv",generated_results,132096
ignored,"results/stage2_failure_analysis/day13_new_seed/stage2_failure_day13_new_seed_v1/evaluation/auroc_summary.csv",generated_results,3499
ignored,"results/stage2_failure_analysis/day13_new_seed/stage2_failure_day13_new_seed_v1/evaluation/case_summary.csv",generated_results,461914
ignored,"results/stage2_failure_analysis/day13_new_seed/stage2_failure_day13_new_seed_v1/evaluation/causal_consistency.csv",generated_results,2444
ignored,"results/stage2_failure_analysis/day13_new_seed/stage2_failure_day13_new_seed_v1/evaluation/evaluation_manifest.json",generated_results,991
ignored,"results/stage2_failure_analysis/day13_new_seed/stage2_failure_day13_new_seed_v1/evaluation/fpr_summary.csv",generated_results,470
ignored,"results/stage2_failure_analysis/day13_new_seed/stage2_failure_day13_new_seed_v1/evaluation/frame_scores.csv",generated_results,11025657
ignored,"results/stage2_failure_analysis/day13_new_seed/stage2_failure_day13_new_seed_v1/evaluation/frames_gt.csv",generated_results,7988344
ignored,"results/stage2_failure_analysis/day13_new_seed/stage2_failure_day13_new_seed_v1/evaluation/frames_merged.csv",generated_results,43386264
ignored,"results/stage2_failure_analysis/day13_new_seed/stage2_failure_day13_new_seed_v1/evaluation/frames_online.csv",generated_results,24059798
ignored,"results/stage2_failure_analysis/day13_new_seed/stage2_failure_day13_new_seed_v1/evaluation/frames_stress.csv",generated_results,9758057
ignored,"results/stage2_failure_analysis/day13_new_seed/stage2_failure_day13_new_seed_v1/evaluation/frames_window.csv",generated_results,14054488
ignored,"results/stage2_failure_analysis/day13_new_seed/stage2_failure_day13_new_seed_v1/evaluation/geometry_effects.csv",generated_results,1890
ignored,"results/stage2_failure_analysis/day13_new_seed/stage2_failure_day13_new_seed_v1/evaluation/gross_control_summary.csv",generated_results,768
ignored,"results/stage2_failure_analysis/day13_new_seed/stage2_failure_day13_new_seed_v1/evaluation/logging_equivalence_audit.csv",generated_results,45026
ignored,"results/stage2_failure_analysis/day13_new_seed/stage2_failure_day13_new_seed_v1/evaluation/no_gt_audit.json",generated_results,307
ignored,"results/stage2_failure_analysis/day13_new_seed/stage2_failure_day13_new_seed_v1/evaluation/pairing_audit.csv",generated_results,21659
ignored,"results/stage2_failure_analysis/day13_new_seed/stage2_failure_day13_new_seed_v1/evaluation/per_geometry_fpr.csv",generated_results,2109
ignored,"results/stage2_failure_analysis/day13_new_seed/stage2_failure_day13_new_seed_v1/evaluation/preliminary_criteria_summary.json",generated_results,787
ignored,"results/stage2_failure_analysis/day13_new_seed/stage2_failure_day13_new_seed_v1/evaluation/primary_roc_points.csv",generated_results,733109
ignored,"results/stage2_failure_analysis/day13_new_seed/stage2_failure_day13_new_seed_v1/run_manifest.json",generated_results,5785
ignored,"results/stage2_failure_analysis/day8_quick/stage2_failure_day8_quick_v1/day8_quick_summary.json",generated_results,845
ignored,"results/stage2_failure_analysis/day8_quick/stage2_failure_day8_quick_v1/frame_diagnostics_gt.csv",generated_results,5604
ignored,"results/stage2_failure_analysis/day8_quick/stage2_failure_day8_quick_v1/frame_diagnostics_online.csv",generated_results,17977
ignored,"results/stage2_failure_analysis/day8_quick/stage2_failure_day8_quick_v1/run_manifest.json",generated_results,2941
ignored,"results/stage2_failure_analysis/day8_quick/stage2_failure_day8_quick_v2/day8_quick_summary.json",generated_results,1028
ignored,"results/stage2_failure_analysis/day8_quick/stage2_failure_day8_quick_v2/frame_diagnostics_gt.csv",generated_results,5604
ignored,"results/stage2_failure_analysis/day8_quick/stage2_failure_day8_quick_v2/frame_diagnostics_online.csv",generated_results,17977
ignored,"results/stage2_failure_analysis/day8_quick/stage2_failure_day8_quick_v2/run_manifest.json",generated_results,3042
ignored,"results/stage2_failure_analysis/day9_quick/stage2_failure_day9_quick_v1/day9_quick_summary.json",generated_results,1218
ignored,"results/stage2_failure_analysis/day9_quick/stage2_failure_day9_quick_v1/frame_window_statistics.csv",generated_results,9042
ignored,"results/stage2_failure_analysis/day9_quick/stage2_failure_day9_quick_v1/run_manifest.json",generated_results,3388
ignored,"results/stage2_failure_analysis/day9_quick/stage2_failure_day9_quick_v2/day9_quick_summary.json",generated_results,1218
ignored,"results/stage2_failure_analysis/day9_quick/stage2_failure_day9_quick_v2/frame_window_statistics.csv",generated_results,9042
ignored,"results/stage2_failure_analysis/day9_quick/stage2_failure_day9_quick_v2/run_manifest.json",generated_results,3388
ignored,"review_exports/closest_prior_art_matrix.md",unknown,5685
ignored,"review_exports/combination_attack_matrix.md",unknown,7920
ignored,"review_exports/critical_file_hashes.csv",unknown,3509
ignored,"review_exports/day1_baseline_audit.md",unknown,8778
ignored,"review_exports/day2_traceability_gate.md",unknown,6975
ignored,"review_exports/day3_prior_art_gate.md",unknown,3169
ignored,"review_exports/day7_fastlio2_adapter_release.md",unknown,2651
ignored,"review_exports/day7_minimal_sample_gate.md",unknown,4256
ignored,"review_exports/day7_replay_probe_report.md",unknown,3982
ignored,"review_exports/day7_sample_download_manifest.csv",unknown,1919
ignored,"review_exports/novelty_inventiveness_risk.md",unknown,8017
ignored,"review_exports/packaging_report.md",unknown,2006
ignored,"review_exports/patent1_agent_questions.md",unknown,2974
ignored,"review_exports/patent1_backup_limitations_C.md",unknown,4334
ignored,"review_exports/patent1_candidate_claim_B.md",unknown,4684
ignored,"review_exports/patent1_claim_boundary_B.md",unknown,4406
ignored,"review_exports/patent1_current_text.md",unknown,68447
ignored,"review_exports/patent1_dependent_claims_B.md",unknown,10768
ignored,"review_exports/patent1_formula_inventory.csv",unknown,44663
ignored,"review_exports/patent1_inventive_step_argument_B.md",unknown,8641
ignored,"review_exports/patent1_patent2_boundary.md",unknown,3177
ignored,"review_exports/patent1_prior_art_difference_B.md",unknown,6969
ignored,"review_exports/patent1_revision_report.md",unknown,8779
ignored,"review_exports/project_state.md",unknown,2367
ignored,"review_exports/recommended_claim_boundary.md",unknown,6492
ignored,"scripts/__pycache__/00_generate_minibench.cpython-38.pyc",python_cache,2499
ignored,"scripts/__pycache__/01_simulate_observations.cpython-38.pyc",python_cache,2089
ignored,"scripts/__pycache__/02_compute_odi.cpython-38.pyc",python_cache,5024
ignored,"scripts/__pycache__/02_run_toy_lio.cpython-38.pyc",python_cache,2244
ignored,"scripts/__pycache__/03_eval_metrics.cpython-38.pyc",python_cache,9479
ignored,"scripts/__pycache__/100_render_focused_branch_stage_localization.cpython-38.pyc",python_cache,6183
ignored,"scripts/__pycache__/101_run_focused_branch_capacity_remediation.cpython-38.pyc",python_cache,10682
ignored,"scripts/__pycache__/102_finalize_focused_branch_capacity_remediation.cpython-38.pyc",python_cache,3288
ignored,"scripts/__pycache__/103_run_day7_map_update_diagnostics.cpython-38.pyc",python_cache,14334
ignored,"scripts/__pycache__/108_run_day8_range_query_diagnostics.cpython-38.pyc",python_cache,15279
ignored,"scripts/__pycache__/109_compare_day8_range_queries.cpython-38.pyc",python_cache,12676
ignored,"scripts/__pycache__/110_analyze_day8_query_root_cause.cpython-38.pyc",python_cache,7109
ignored,"scripts/__pycache__/111_render_day8_plots.cpython-38.pyc",python_cache,10257
ignored,"scripts/__pycache__/112_finalize_day8.cpython-38.pyc",python_cache,13499
ignored,"scripts/__pycache__/113_run_day8_focused_traversal.cpython-38.pyc",python_cache,9561
ignored,"scripts/__pycache__/114_compare_day8_focused_traversal.cpython-38.pyc",python_cache,9927
ignored,"scripts/__pycache__/115_finalize_day8_focused_traversal.cpython-38.pyc",python_cache,13136
ignored,"scripts/__pycache__/116_render_day8_focused_traversal.cpython-38.pyc",python_cache,3136
ignored,"scripts/__pycache__/117_materialize_day8_focused_run.cpython-38.pyc",python_cache,5612
ignored,"scripts/__pycache__/118_run_day8_extended_token_window.cpython-38.pyc",python_cache,10530
ignored,"scripts/__pycache__/119_compare_day8_extended_token_window.cpython-38.pyc",python_cache,16884
ignored,"scripts/__pycache__/120_finalize_day8_extended_token_window.cpython-38.pyc",python_cache,16730
ignored,"scripts/__pycache__/121_render_day8_extended_token_window.cpython-38.pyc",python_cache,8292
ignored,"scripts/__pycache__/122_run_day8_final_full_window.cpython-38.pyc",python_cache,13474
ignored,"scripts/__pycache__/123_compare_day8_final_full_window.cpython-38.pyc",python_cache,15164
ignored,"scripts/__pycache__/124_finalize_day8_final_full_window.cpython-38.pyc",python_cache,15627
ignored,"scripts/__pycache__/125_render_day8_final_full_window.cpython-38.pyc",python_cache,4786
ignored,"scripts/__pycache__/126_validate_day8_final_outputs.cpython-38.pyc",python_cache,1787
ignored,"scripts/__pycache__/28_run_metric_redesign_stage1c.cpython-38.pyc",python_cache,3395
ignored,"scripts/__pycache__/29_run_verified_pytest.cpython-38.pyc",python_cache,1297
ignored,"scripts/__pycache__/30_run_detector_stage2a.cpython-38.pyc",python_cache,3066
ignored,"scripts/__pycache__/32_run_stage2_failure_day8.cpython-38.pyc",python_cache,1584
ignored,"scripts/__pycache__/32_run_weak_update_stage2c.cpython-38.pyc",python_cache,3030
ignored,"scripts/__pycache__/33_run_stage2_failure_day9.cpython-38.pyc",python_cache,1712
ignored,"scripts/__pycache__/34_run_stage2_failure_day10.cpython-38.pyc",python_cache,1645
ignored,"scripts/__pycache__/35_run_stage2_failure_day11a.cpython-38.pyc",python_cache,1752
ignored,"scripts/__pycache__/36_run_stage2_failure_day11b.cpython-38.pyc",python_cache,1548
ignored,"scripts/__pycache__/37_run_stage2_failure_day12.cpython-38.pyc",python_cache,1578
ignored,"scripts/__pycache__/38_run_stage2_failure_day13.cpython-38.pyc",python_cache,2364
ignored,"scripts/__pycache__/39_run_stage2_failure_day13_correction.cpython-38.pyc",python_cache,1308
ignored,"scripts/__pycache__/40_finalize_stage2_day14.cpython-38.pyc",python_cache,1308
ignored,"scripts/__pycache__/42_run_harmful_bias_day4_synthetic_adapter.cpython-38.pyc",python_cache,14091
ignored,"scripts/__pycache__/44_compare_fastlio2_quick_equivalence.cpython-38.pyc",python_cache,26127
ignored,"scripts/__pycache__/45_evaluate_fastlio2_runtime_records.cpython-38.pyc",python_cache,6813
ignored,"scripts/__pycache__/46_convert_fastlio2_runtime_binary.cpython-38.pyc",python_cache,14693
ignored,"scripts/__pycache__/48_wait_rosbag_connections.cpython-38.pyc",python_cache,10582
ignored,"scripts/__pycache__/49_prepare_day5_frozen_replay_clips.cpython-38.pyc",python_cache,6874
ignored,"scripts/__pycache__/50_run_day5_startup_sync_matrix.cpython-38.pyc",python_cache,41088
ignored,"scripts/__pycache__/51_verify_fastlio2_source_lock.cpython-38.pyc",python_cache,2720
ignored,"scripts/__pycache__/53_validate_runtime_audit_products.cpython-38.pyc",python_cache,7490
ignored,"scripts/__pycache__/54_build_replay_endpoint_contract.cpython-38.pyc",python_cache,1386
ignored,"scripts/__pycache__/55_wait_fastlio2_end_of_stream_drain.cpython-38.pyc",python_cache,4700
ignored,"scripts/__pycache__/56_run_single_startup_sync_v4.cpython-38.pyc",python_cache,18587
ignored,"scripts/__pycache__/57_run_day5_startup_sync_v4_supervisor.cpython-38.pyc",python_cache,13251
ignored,"scripts/__pycache__/58_finalize_day5_startup_sync_v4.cpython-38.pyc",python_cache,22715
ignored,"scripts/__pycache__/59_day5_tail_clock_node.cpython-38.pyc",python_cache,9983
ignored,"scripts/__pycache__/60_run_single_startup_sync_v5.cpython-38.pyc",python_cache,25184
ignored,"scripts/__pycache__/61_run_day5_startup_sync_v5_supervisor.cpython-38.pyc",python_cache,15231
ignored,"scripts/__pycache__/62_finalize_day5_startup_sync_v5.cpython-38.pyc",python_cache,40572
ignored,"scripts/__pycache__/63_adjudicate_day5_v5.cpython-38.pyc",python_cache,1973
ignored,"scripts/__pycache__/64_run_fallback_in_call_immutability.cpython-38.pyc",python_cache,5053
ignored,"scripts/__pycache__/66_run_fallback_frozen_observation.cpython-38.pyc",python_cache,5127
ignored,"scripts/__pycache__/67_validate_frozen_observation.cpython-38.pyc",python_cache,5018
ignored,"scripts/__pycache__/68_build_frozen_observation_archive.cpython-38.pyc",python_cache,16269
ignored,"scripts/__pycache__/69_run_fallback_offline_detector_determinism.cpython-38.pyc",python_cache,10982
ignored,"scripts/__pycache__/70_compare_fallback_detector_runs.cpython-38.pyc",python_cache,5824
ignored,"scripts/__pycache__/71_finalize_fallback_detector_determinism.cpython-38.pyc",python_cache,21063
ignored,"scripts/__pycache__/74_finalize_fallback_c_remediation.cpython-38.pyc",python_cache,28788
ignored,"scripts/__pycache__/75_run_day6_fallback_real_replay.cpython-38.pyc",python_cache,15725
ignored,"scripts/__pycache__/76_process_day6_fallback_detector.cpython-38.pyc",python_cache,12032
ignored,"scripts/__pycache__/77_compare_day6_fallback_runs.cpython-38.pyc",python_cache,7706
ignored,"scripts/__pycache__/78_render_day6_fallback_diagnostics.cpython-38.pyc",python_cache,9602
ignored,"scripts/__pycache__/79_finalize_day6_fallback.cpython-38.pyc",python_cache,45766
ignored,"scripts/__pycache__/80_extract_day6_branch_inputs.cpython-38.pyc",python_cache,12106
ignored,"scripts/__pycache__/81_compare_day6_semantic_observations.cpython-38.pyc",python_cache,13238
ignored,"scripts/__pycache__/82_analyze_day6_eigenspace_stability.cpython-38.pyc",python_cache,16988
ignored,"scripts/__pycache__/83_finalize_day6_branch_root_cause.cpython-38.pyc",python_cache,41924
ignored,"scripts/__pycache__/84_render_day6_branch_root_cause_plots.cpython-38.pyc",python_cache,13345
ignored,"scripts/__pycache__/85_run_experiment_a_stage_hash_pair.cpython-38.pyc",python_cache,12135
ignored,"scripts/__pycache__/89_run_experiment_a_map_snapshot_remediation.cpython-38.pyc",python_cache,5801
ignored,"scripts/__pycache__/90_compare_experiment_a_map_snapshot_remediation.cpython-38.pyc",python_cache,1385
ignored,"scripts/__pycache__/91_finalize_experiment_a_map_snapshot_remediation.cpython-38.pyc",python_cache,15047
ignored,"scripts/__pycache__/92_render_experiment_a_map_snapshot_plots.cpython-38.pyc",python_cache,8365
ignored,"scripts/__pycache__/93_run_bounded_branch_reproduction.cpython-38.pyc",python_cache,5492
ignored,"scripts/__pycache__/94_compare_bounded_branch_reproduction.cpython-38.pyc",python_cache,2176
ignored,"scripts/__pycache__/95_finalize_bounded_branch_reproduction.cpython-38.pyc",python_cache,4019
ignored,"scripts/__pycache__/96_render_bounded_branch_reproduction.cpython-38.pyc",python_cache,6299
ignored,"scripts/__pycache__/97_run_focused_branch_stage_localization.cpython-38.pyc",python_cache,8960
ignored,"scripts/__pycache__/98_compare_focused_branch_stage_localization.cpython-38.pyc",python_cache,2255
ignored,"scripts/__pycache__/99_finalize_focused_branch_stage_localization.cpython-38.pyc",python_cache,2280
ignored,"scripts/__pycache__/audit_stage1_freeze.cpython-38.pyc",python_cache,6463
ignored,"scripts/__pycache__/check_env.cpython-38.pyc",python_cache,5569
ignored,"scripts/__pycache__/clean_workspace.cpython-38.pyc",python_cache,6719
ignored,"scripts/__pycache__/package_full_project.cpython-38.pyc",python_cache,66195
ignored,"scripts/__pycache__/prewarm_matplotlib.cpython-38.pyc",python_cache,952
ignored,"src/degen_detector/__pycache__/__init__.cpython-38.pyc",python_cache,203
ignored,"src/degen_detector/__pycache__/exposure_metrics.cpython-38.pyc",python_cache,5165
ignored,"src/degen_detector/__pycache__/odi_tracker.cpython-38.pyc",python_cache,7957
ignored,"src/degen_detector/__pycache__/weak_direction.cpython-38.pyc",python_cache,7063
ignored,"src/degen_detector/__pycache__/whitened_info.cpython-38.pyc",python_cache,6101
ignored,"src/eval/__pycache__/__init__.cpython-38.pyc",python_cache,204
ignored,"src/eval/__pycache__/analysis_lock.cpython-38.pyc",python_cache,11209
ignored,"src/eval/__pycache__/day5_v5_adjudication.cpython-38.pyc",python_cache,29940
ignored,"src/eval/__pycache__/detector_stage2a.cpython-38.pyc",python_cache,32253
ignored,"src/eval/__pycache__/detector_stage2a_lock.cpython-38.pyc",python_cache,4849
ignored,"src/eval/__pycache__/hierarchical_statistics.cpython-38.pyc",python_cache,4850
ignored,"src/eval/__pycache__/metric_redesign_stage1c.cpython-38.pyc",python_cache,46345
ignored,"src/eval/__pycache__/metrics.cpython-38.pyc",python_cache,11012
ignored,"src/eval/__pycache__/stage2_day14_decision.cpython-38.pyc",python_cache,39415
ignored,"src/eval/__pycache__/stage2_day14_schema.cpython-38.pyc",python_cache,8404
ignored,"src/eval/__pycache__/stage2_failure_day10.cpython-38.pyc",python_cache,20173
ignored,"src/eval/__pycache__/stage2_failure_day11a.cpython-38.pyc",python_cache,25508
ignored,"src/eval/__pycache__/stage2_failure_day11a_schema.cpython-38.pyc",python_cache,10280
ignored,"src/eval/__pycache__/stage2_failure_day11b.cpython-38.pyc",python_cache,29331
ignored,"src/eval/__pycache__/stage2_failure_day11b_lock.cpython-38.pyc",python_cache,7969
ignored,"src/eval/__pycache__/stage2_failure_day11b_plan.cpython-38.pyc",python_cache,4176
ignored,"src/eval/__pycache__/stage2_failure_day11b_provenance.cpython-38.pyc",python_cache,17734
ignored,"src/eval/__pycache__/stage2_failure_day11b_schema.cpython-38.pyc",python_cache,16602
ignored,"src/eval/__pycache__/stage2_failure_day11b_stress_trace.cpython-38.pyc",python_cache,6032
ignored,"src/eval/__pycache__/stage2_failure_day11b_v2_schema.cpython-38.pyc",python_cache,4245
ignored,"src/eval/__pycache__/stage2_failure_day12.cpython-38.pyc",python_cache,23651
ignored,"src/eval/__pycache__/stage2_failure_day12_axis_audit.cpython-38.pyc",python_cache,5207
ignored,"src/eval/__pycache__/stage2_failure_day12_figure_qc.cpython-38.pyc",python_cache,9103
ignored,"src/eval/__pycache__/stage2_failure_day12_figures.cpython-38.pyc",python_cache,11738
ignored,"src/eval/__pycache__/stage2_failure_day12_input_audit.cpython-38.pyc",python_cache,24946
ignored,"src/eval/__pycache__/stage2_failure_day12_plot_data.cpython-38.pyc",python_cache,10101
ignored,"src/eval/__pycache__/stage2_failure_day12_schema.cpython-38.pyc",python_cache,8017
ignored,"src/eval/__pycache__/stage2_failure_day13.cpython-38.pyc",python_cache,45124
ignored,"src/eval/__pycache__/stage2_failure_day13_causal.cpython-38.pyc",python_cache,3813
ignored,"src/eval/__pycache__/stage2_failure_day13_correction_schema.cpython-38.pyc",python_cache,9765
ignored,"src/eval/__pycache__/stage2_failure_day13_correction_v2.cpython-38.pyc",python_cache,29453
ignored,"src/eval/__pycache__/stage2_failure_day13_design.cpython-38.pyc",python_cache,16047
ignored,"src/eval/__pycache__/stage2_failure_day13_schema.cpython-38.pyc",python_cache,9056
ignored,"src/eval/__pycache__/stage2_failure_day13_seeds.cpython-38.pyc",python_cache,11261
ignored,"src/eval/__pycache__/stage2_failure_day13_statistics.cpython-38.pyc",python_cache,15780
ignored,"src/eval/__pycache__/stage2_failure_day8.cpython-38.pyc",python_cache,12609
ignored,"src/eval/__pycache__/stage2_failure_day9.cpython-38.pyc",python_cache,19465
ignored,"src/eval/__pycache__/stage2_failure_deterministic_case.cpython-38.pyc",python_cache,9355
ignored,"src/eval/__pycache__/stage2_failure_gt_metrics.cpython-38.pyc",python_cache,3396
ignored,"src/eval/__pycache__/stage2_failure_logging.cpython-38.pyc",python_cache,10034
ignored,"src/eval/__pycache__/stage2_failure_no_gt_audit.cpython-38.pyc",python_cache,35191
ignored,"src/eval/__pycache__/stage2_failure_schema.cpython-38.pyc",python_cache,9995
ignored,"src/eval/__pycache__/stage2_failure_window_schema.cpython-38.pyc",python_cache,8912
ignored,"src/eval/__pycache__/stage2_failure_window_stats.cpython-38.pyc",python_cache,5818
ignored,"src/eval/__pycache__/stats.cpython-38.pyc",python_cache,7349
ignored,"src/eval/__pycache__/synthetic_pipeline_common.cpython-38.pyc",python_cache,9829
ignored,"src/eval/__pycache__/test_provenance.cpython-38-pytest-8.3.5.pyc",python_cache,4695
ignored,"src/eval/__pycache__/test_provenance.cpython-38.pyc",python_cache,4563
ignored,"src/eval/__pycache__/update_metrics.cpython-38.pyc",python_cache,6268
ignored,"src/eval/__pycache__/weak_update_common.cpython-38.pyc",python_cache,8744
ignored,"src/eval/__pycache__/weak_update_stage2c.cpython-38.pyc",python_cache,52451
ignored,"src/eval/__pycache__/weak_update_stage2c_lock.cpython-38.pyc",python_cache,8189
ignored,"src/fastlio2_adapter/__pycache__/__init__.cpython-38.pyc",python_cache,2458
ignored,"src/fastlio2_adapter/__pycache__/bounded_branch_reproduction.cpython-38.pyc",python_cache,15062
ignored,"src/fastlio2_adapter/__pycache__/canonical_detector_output.cpython-38.pyc",python_cache,5979
ignored,"src/fastlio2_adapter/__pycache__/contract_aware_direct_comparison.cpython-38.pyc",python_cache,9539
ignored,"src/fastlio2_adapter/__pycache__/day6_branch_divergence.cpython-38.pyc",python_cache,8589
ignored,"src/fastlio2_adapter/__pycache__/day6_continuity_metrics.cpython-38.pyc",python_cache,7447
ignored,"src/fastlio2_adapter/__pycache__/day6_divergence_hypotheses.cpython-38.pyc",python_cache,6637
ignored,"src/fastlio2_adapter/__pycache__/day6_eigenspace_stability.cpython-38.pyc",python_cache,7798
ignored,"src/fastlio2_adapter/__pycache__/day6_fallback_functional_diagnostics.cpython-38.pyc",python_cache,15166
ignored,"src/fastlio2_adapter/__pycache__/day6_reference_alignment.cpython-38.pyc",python_cache,5723
ignored,"src/fastlio2_adapter/__pycache__/day6_semantic_observation.cpython-38.pyc",python_cache,11019
ignored,"src/fastlio2_adapter/__pycache__/day6_statistical_characterization.cpython-38.pyc",python_cache,8394
ignored,"src/fastlio2_adapter/__pycache__/day7_map_point_identity.cpython-38.pyc",python_cache,6210
ignored,"src/fastlio2_adapter/__pycache__/day7_map_update_events.cpython-38.pyc",python_cache,12096
ignored,"src/fastlio2_adapter/__pycache__/day7_map_update_root_cause.cpython-38.pyc",python_cache,11470
ignored,"src/fastlio2_adapter/__pycache__/day7_rebuild_logger_analysis.cpython-38.pyc",python_cache,5649
ignored,"src/fastlio2_adapter/__pycache__/day8_extended_query_root_cause.cpython-38.pyc",python_cache,7189
ignored,"src/fastlio2_adapter/__pycache__/day8_extended_token_window.cpython-38.pyc",python_cache,6909
ignored,"src/fastlio2_adapter/__pycache__/day8_extended_traversal_analysis.cpython-38.pyc",python_cache,3421
ignored,"src/fastlio2_adapter/__pycache__/day8_final_full_window_analysis.cpython-38.pyc",python_cache,11309
ignored,"src/fastlio2_adapter/__pycache__/day8_final_plot_contract.cpython-38.pyc",python_cache,10088
ignored,"src/fastlio2_adapter/__pycache__/day8_final_traversal_root_cause.cpython-38.pyc",python_cache,7269
ignored,"src/fastlio2_adapter/__pycache__/day8_focused_traversal_remediation.cpython-38.pyc",python_cache,5187
ignored,"src/fastlio2_adapter/__pycache__/day8_overflow_summary.cpython-38.pyc",python_cache,3189
ignored,"src/fastlio2_adapter/__pycache__/day8_query_root_cause.cpython-38.pyc",python_cache,9403
ignored,"src/fastlio2_adapter/__pycache__/day8_range_query.cpython-38.pyc",python_cache,13507
ignored,"src/fastlio2_adapter/__pycache__/day8_shadow_voxel_replay.cpython-38.pyc",python_cache,9415
ignored,"src/fastlio2_adapter/__pycache__/day8_strict_query_identity_v2.cpython-38.pyc",python_cache,8458
ignored,"src/fastlio2_adapter/__pycache__/day8_token_capture_status.cpython-38.pyc",python_cache,2535
ignored,"src/fastlio2_adapter/__pycache__/day8_token_comparison_v2.cpython-38.pyc",python_cache,5005
ignored,"src/fastlio2_adapter/__pycache__/day8_token_semantics_v3.cpython-38.pyc",python_cache,6015
ignored,"src/fastlio2_adapter/__pycache__/day8_traversal_analysis.cpython-38.pyc",python_cache,5095
ignored,"src/fastlio2_adapter/__pycache__/detector_adapter.cpython-38.pyc",python_cache,7564
ignored,"src/fastlio2_adapter/__pycache__/detector_output_schema.cpython-38.pyc",python_cache,7761
ignored,"src/fastlio2_adapter/__pycache__/direct_production_diagnostic.cpython-38.pyc",python_cache,5071
ignored,"src/fastlio2_adapter/__pycache__/end_of_stream_drain.cpython-38.pyc",python_cache,11302
ignored,"src/fastlio2_adapter/__pycache__/experiment_a_map_snapshot_coherence.cpython-38.pyc",python_cache,10816
ignored,"src/fastlio2_adapter/__pycache__/experiment_a_stage_classifier.cpython-38.pyc",python_cache,8687
ignored,"src/fastlio2_adapter/__pycache__/experiment_a_stage_hash.cpython-38.pyc",python_cache,15269
ignored,"src/fastlio2_adapter/__pycache__/focused_branch_stage_classifier.cpython-38.pyc",python_cache,9305
ignored,"src/fastlio2_adapter/__pycache__/focused_branch_stage_localization.cpython-38.pyc",python_cache,11534
ignored,"src/fastlio2_adapter/__pycache__/formal_trajectory_clustering.cpython-38.pyc",python_cache,3374
ignored,"src/fastlio2_adapter/__pycache__/frozen_observation.cpython-38.pyc",python_cache,18243
ignored,"src/fastlio2_adapter/__pycache__/frozen_observation_archive.cpython-38.pyc",python_cache,14200
ignored,"src/fastlio2_adapter/__pycache__/in_call_immutability.cpython-38.pyc",python_cache,7067
ignored,"src/fastlio2_adapter/__pycache__/offline_detector_determinism.cpython-38.pyc",python_cache,14303
ignored,"src/fastlio2_adapter/__pycache__/readonly_observation_schema.cpython-38.pyc",python_cache,12464
ignored,"src/fastlio2_adapter/__pycache__/readonly_runtime_observation_schema.cpython-38.pyc",python_cache,3533
ignored,"src/fastlio2_adapter/__pycache__/replay_endpoint_contract.cpython-38.pyc",python_cache,7734
ignored,"src/fastlio2_adapter/__pycache__/runtime_detector_adapter.cpython-38.pyc",python_cache,4306
ignored,"src/fastlio2_adapter/__pycache__/runtime_detector_adapter_v3.cpython-38.pyc",python_cache,4143
ignored,"src/fastlio2_adapter/__pycache__/runtime_equivalence.cpython-38.pyc",python_cache,14746
ignored,"src/fastlio2_adapter/__pycache__/runtime_observation_v3.cpython-38.pyc",python_cache,7799
ignored,"src/fastlio2_adapter/__pycache__/runtime_output_contract.cpython-38.pyc",python_cache,5300
ignored,"src/fastlio2_adapter/__pycache__/runtime_paths.cpython-38.pyc",python_cache,4691
ignored,"src/fastlio2_adapter/__pycache__/source_lock.cpython-38.pyc",python_cache,11604
ignored,"src/fastlio2_adapter/__pycache__/tail_clock_protocol.cpython-38.pyc",python_cache,7318
ignored,"src/minibench/__pycache__/__init__.cpython-38.pyc",python_cache,208
ignored,"src/minibench/__pycache__/correspondence_stress.cpython-38.pyc",python_cache,3941
ignored,"src/minibench/__pycache__/map_lio.cpython-38.pyc",python_cache,9094
ignored,"src/minibench/__pycache__/motion_simulator.cpython-38.pyc",python_cache,9483
ignored,"src/minibench/__pycache__/nested_geometry_observations.cpython-38.pyc",python_cache,7581
ignored,"src/minibench/__pycache__/observation_simulator.cpython-38.pyc",python_cache,22666
ignored,"src/minibench/__pycache__/scene_generator.cpython-38.pyc",python_cache,23569
ignored,"src/minibench/__pycache__/toy_lio.cpython-38.pyc",python_cache,11571
ignored,"src/minibench/__pycache__/update_strategies.cpython-38.pyc",python_cache,11871
ignored,"tests/__pycache__/conftest.cpython-38-pytest-8.3.5.pyc",python_cache,4339
ignored,"tests/__pycache__/conftest.cpython-38.pyc",python_cache,4207
ignored,"tests/__pycache__/stage1c_helpers.cpython-38.pyc",python_cache,1235
ignored,"tests/__pycache__/stage2c_helpers.cpython-38.pyc",python_cache,4390
ignored,"tests/__pycache__/test_adapter_precondition_domain.cpython-38-pytest-8.3.5.pyc",python_cache,6427
ignored,"tests/__pycache__/test_adapter_precondition_domain.cpython-38.pyc",python_cache,3182
ignored,"tests/__pycache__/test_axial_support_levels.cpython-38-pytest-8.3.5.pyc",python_cache,3486
ignored,"tests/__pycache__/test_axial_support_levels.cpython-38.pyc",python_cache,2190
ignored,"tests/__pycache__/test_axis_information_metrics.cpython-38-pytest-8.3.5.pyc",python_cache,1944
ignored,"tests/__pycache__/test_axis_information_metrics.cpython-38.pyc",python_cache,761
ignored,"tests/__pycache__/test_bounded_branch_reproduction.cpython-38-pytest-8.3.5.pyc",python_cache,4717
ignored,"tests/__pycache__/test_branch_reproduction_gate.cpython-38-pytest-8.3.5.pyc",python_cache,4757
ignored,"tests/__pycache__/test_branch_reproduction_materialization.cpython-38-pytest-8.3.5.pyc",python_cache,7057
ignored,"tests/__pycache__/test_canonical_detector_output.cpython-38-pytest-8.3.5.pyc",python_cache,5628
ignored,"tests/__pycache__/test_clean_workspace.cpython-38-pytest-8.3.5.pyc",python_cache,4123
ignored,"tests/__pycache__/test_clean_workspace.cpython-38.pyc",python_cache,2251
ignored,"tests/__pycache__/test_cleanup_manifest.cpython-38-pytest-8.3.5.pyc",python_cache,2212
ignored,"tests/__pycache__/test_cleanup_manifest.cpython-38.pyc",python_cache,940
ignored,"tests/__pycache__/test_coherent_stress_below_huber_threshold.cpython-38-pytest-8.3.5.pyc",python_cache,2079
ignored,"tests/__pycache__/test_coherent_stress_below_huber_threshold.cpython-38.pyc",python_cache,976
ignored,"tests/__pycache__/test_coherent_stress_method_process_independence.cpython-38-pytest-8.3.5.pyc",python_cache,2574
ignored,"tests/__pycache__/test_coherent_stress_method_process_independence.cpython-38.pyc",python_cache,1013
ignored,"tests/__pycache__/test_coherent_stress_shared_burst.cpython-38-pytest-8.3.5.pyc",python_cache,2255
ignored,"tests/__pycache__/test_coherent_stress_shared_burst.cpython-38.pyc",python_cache,847
ignored,"tests/__pycache__/test_coherent_stress_shared_sign.cpython-38-pytest-8.3.5.pyc",python_cache,1745
ignored,"tests/__pycache__/test_coherent_stress_shared_sign.cpython-38.pyc",python_cache,793
ignored,"tests/__pycache__/test_coherent_subhuber_stress.cpython-38-pytest-8.3.5.pyc",python_cache,2192
ignored,"tests/__pycache__/test_coherent_subhuber_stress.cpython-38.pyc",python_cache,858
ignored,"tests/__pycache__/test_common_process_noise_pairing.cpython-38-pytest-8.3.5.pyc",python_cache,1867
ignored,"tests/__pycache__/test_common_process_noise_pairing.cpython-38.pyc",python_cache,1176
ignored,"tests/__pycache__/test_correspondence_stress_method_independence.cpython-38-pytest-8.3.5.pyc",python_cache,1180
ignored,"tests/__pycache__/test_correspondence_stress_method_independence.cpython-38.pyc",python_cache,585
ignored,"tests/__pycache__/test_covariance_propagation.cpython-38-pytest-8.3.5.pyc",python_cache,2708
ignored,"tests/__pycache__/test_covariance_propagation.cpython-38.pyc",python_cache,1085
ignored,"tests/__pycache__/test_day4_synthetic_adapter_pipeline.cpython-38-pytest-8.3.5.pyc",python_cache,8857
ignored,"tests/__pycache__/test_day5_absolute_runtime_paths.cpython-38-pytest-8.3.5.pyc",python_cache,6550
ignored,"tests/__pycache__/test_day5_frozen_replay_clips.cpython-38-pytest-8.3.5.pyc",python_cache,3924
ignored,"tests/__pycache__/test_day5_graceful_shutdown.cpython-38-pytest-8.3.5.pyc",python_cache,3895
ignored,"tests/__pycache__/test_day5_real_record_pipeline.cpython-38-pytest-8.3.5.pyc",python_cache,4320
ignored,"tests/__pycache__/test_day5_remediation_pipeline.cpython-38-pytest-8.3.5.pyc",python_cache,5788
ignored,"tests/__pycache__/test_day5_remediation_pipeline.cpython-38.pyc",python_cache,2761
ignored,"tests/__pycache__/test_day5_remediation_run_lock.cpython-38-pytest-8.3.5.pyc",python_cache,1818
ignored,"tests/__pycache__/test_day5_remediation_run_lock.cpython-38.pyc",python_cache,1093
ignored,"tests/__pycache__/test_day5_run_lock.cpython-38-pytest-8.3.5.pyc",python_cache,1723
ignored,"tests/__pycache__/test_day5_startup_sync_gate.cpython-38-pytest-8.3.5.pyc",python_cache,6749
ignored,"tests/__pycache__/test_day5_startup_sync_runner.cpython-38-pytest-8.3.5.pyc",python_cache,6613
ignored,"tests/__pycache__/test_day5_startup_sync_v4_gate.cpython-38-pytest-8.3.5.pyc",python_cache,6246
ignored,"tests/__pycache__/test_day5_startup_sync_v4_supervisor.cpython-38-pytest-8.3.5.pyc",python_cache,8173
ignored,"tests/__pycache__/test_day5_startup_sync_v5_gate.cpython-38-pytest-8.3.5.pyc",python_cache,8430
ignored,"tests/__pycache__/test_day5_startup_sync_v5_runner.cpython-38-pytest-8.3.5.pyc",python_cache,6095
ignored,"tests/__pycache__/test_day5_startup_sync_v5_supervisor.cpython-38-pytest-8.3.5.pyc",python_cache,7520
ignored,"tests/__pycache__/test_day5_v5_adjudication.cpython-38-pytest-8.3.5.pyc",python_cache,10130
ignored,"tests/__pycache__/test_day5_v5_mixed_clock_counter.cpython-38-pytest-8.3.5.pyc",python_cache,4998
ignored,"tests/__pycache__/test_day6_adapter_direct_contract.cpython-38-pytest-8.3.5.pyc",python_cache,2049
ignored,"tests/__pycache__/test_day6_branch_root_cause_gate.cpython-38-pytest-8.3.5.pyc",python_cache,3574
ignored,"tests/__pycache__/test_day6_branch_root_cause_gate.cpython-38.pyc",python_cache,2560
ignored,"tests/__pycache__/test_day6_cross_run_statistics.cpython-38-pytest-8.3.5.pyc",python_cache,2169
ignored,"tests/__pycache__/test_day6_descriptive_statistics.cpython-38-pytest-8.3.5.pyc",python_cache,3967
ignored,"tests/__pycache__/test_day6_detector_processing.cpython-38-pytest-8.3.5.pyc",python_cache,2577
ignored,"tests/__pycache__/test_day6_direction_continuity.cpython-38-pytest-8.3.5.pyc",python_cache,2976
ignored,"tests/__pycache__/test_day6_divergence_order.cpython-38-pytest-8.3.5.pyc",python_cache,3326
ignored,"tests/__pycache__/test_day6_divergence_order.cpython-38.pyc",python_cache,1362
ignored,"tests/__pycache__/test_day6_eigenspace_reconstruction.cpython-38-pytest-8.3.5.pyc",python_cache,2757
ignored,"tests/__pycache__/test_day6_eigenspace_reconstruction.cpython-38.pyc",python_cache,1353
ignored,"tests/__pycache__/test_day6_evidence_granularity.cpython-38-pytest-8.3.5.pyc",python_cache,2161
ignored,"tests/__pycache__/test_day6_evidence_granularity.cpython-38.pyc",python_cache,1321
ignored,"tests/__pycache__/test_day6_fallback_authorization.cpython-38-pytest-8.3.5.pyc",python_cache,2322
ignored,"tests/__pycache__/test_day6_fallback_gate.cpython-38-pytest-8.3.5.pyc",python_cache,3662
ignored,"tests/__pycache__/test_day6_fallback_runner.cpython-38-pytest-8.3.5.pyc",python_cache,3343
ignored,"tests/__pycache__/test_day6_first_divergence.cpython-38-pytest-8.3.5.pyc",python_cache,2824
ignored,"tests/__pycache__/test_day6_first_divergence.cpython-38.pyc",python_cache,1255
ignored,"tests/__pycache__/test_day6_hypothesis_matrix.cpython-38-pytest-8.3.5.pyc",python_cache,1940
ignored,"tests/__pycache__/test_day6_hypothesis_matrix.cpython-38.pyc",python_cache,1070
ignored,"tests/__pycache__/test_day6_observation_completeness.cpython-38-pytest-8.3.5.pyc",python_cache,2432
ignored,"tests/__pycache__/test_day6_output_continuity.cpython-38-pytest-8.3.5.pyc",python_cache,2281
ignored,"tests/__pycache__/test_day6_reference_alignment.cpython-38-pytest-8.3.5.pyc",python_cache,2768
ignored,"tests/__pycache__/test_day6_semantic_observation.cpython-38-pytest-8.3.5.pyc",python_cache,3726
ignored,"tests/__pycache__/test_day6_semantic_observation.cpython-38.pyc",python_cache,2496
ignored,"tests/__pycache__/test_day6_sign_invariant_angles.cpython-38-pytest-8.3.5.pyc",python_cache,1870
ignored,"tests/__pycache__/test_day6_sign_invariant_angles.cpython-38.pyc",python_cache,679
ignored,"tests/__pycache__/test_day6_weak_subspace_angles.cpython-38-pytest-8.3.5.pyc",python_cache,3098
ignored,"tests/__pycache__/test_day6_weak_subspace_angles.cpython-38.pyc",python_cache,1143
ignored,"tests/__pycache__/test_day7_event_schema.cpython-38-pytest-8.3.5.pyc",python_cache,3012
ignored,"tests/__pycache__/test_day7_first_divergent_event.cpython-38-pytest-8.3.5.pyc",python_cache,3846
ignored,"tests/__pycache__/test_day7_gate.cpython-38-pytest-8.3.5.pyc",python_cache,4380
ignored,"tests/__pycache__/test_day7_map_delta_accounting.cpython-38-pytest-8.3.5.pyc",python_cache,3244
ignored,"tests/__pycache__/test_day7_map_point_identity.cpython-38-pytest-8.3.5.pyc",python_cache,4138
ignored,"tests/__pycache__/test_day7_outcome_taxonomy.cpython-38-pytest-8.3.5.pyc",python_cache,3596
ignored,"tests/__pycache__/test_day7_rebuild_logger_trace.cpython-38-pytest-8.3.5.pyc",python_cache,3923
ignored,"tests/__pycache__/test_day7_root_cause_classifier.cpython-38-pytest-8.3.5.pyc",python_cache,4552
ignored,"tests/__pycache__/test_day8_extended_first_query.cpython-38-pytest-8.3.5.pyc",python_cache,4493
ignored,"tests/__pycache__/test_day8_extended_gate.cpython-38-pytest-8.3.5.pyc",python_cache,2997
ignored,"tests/__pycache__/test_day8_extended_root_cause.cpython-38-pytest-8.3.5.pyc",python_cache,5124
ignored,"tests/__pycache__/test_day8_extended_token_window.cpython-38-pytest-8.3.5.pyc",python_cache,5014
ignored,"tests/__pycache__/test_day8_final_full_window.cpython-38-pytest-8.3.5.pyc",python_cache,4287
ignored,"tests/__pycache__/test_day8_final_gate.cpython-38-pytest-8.3.5.pyc",python_cache,2259
ignored,"tests/__pycache__/test_day8_final_plot_contract.cpython-38-pytest-8.3.5.pyc",python_cache,2962
ignored,"tests/__pycache__/test_day8_final_root_cause.cpython-38-pytest-8.3.5.pyc",python_cache,2272
ignored,"tests/__pycache__/test_day8_first_divergent_query.cpython-38-pytest-8.3.5.pyc",python_cache,2200
ignored,"tests/__pycache__/test_day8_focused_traversal_gate.cpython-38-pytest-8.3.5.pyc",python_cache,1917
ignored,"tests/__pycache__/test_day8_focused_traversal_window.cpython-38-pytest-8.3.5.pyc",python_cache,1921
ignored,"tests/__pycache__/test_day8_gate.cpython-38-pytest-8.3.5.pyc",python_cache,2273
ignored,"tests/__pycache__/test_day8_overflow_summary_materializer.cpython-38-pytest-8.3.5.pyc",python_cache,6632
ignored,"tests/__pycache__/test_day8_overflow_summary_materializer.cpython-38.pyc",python_cache,3804
ignored,"tests/__pycache__/test_day8_query_completeness.cpython-38-pytest-8.3.5.pyc",python_cache,2205
ignored,"tests/__pycache__/test_day8_query_schema.cpython-38-pytest-8.3.5.pyc",python_cache,4071
ignored,"tests/__pycache__/test_day8_root_cause_classifier.cpython-38-pytest-8.3.5.pyc",python_cache,8983
ignored,"tests/__pycache__/test_day8_shadow_delta_adjudication.cpython-38-pytest-8.3.5.pyc",python_cache,1802
ignored,"tests/__pycache__/test_day8_shadow_voxel_replay.cpython-38-pytest-8.3.5.pyc",python_cache,4863
ignored,"tests/__pycache__/test_day8_strict_query_identity_v2.cpython-38-pytest-8.3.5.pyc",python_cache,6494
ignored,"tests/__pycache__/test_day8_token_capture_status.cpython-38-pytest-8.3.5.pyc",python_cache,6355
ignored,"tests/__pycache__/test_day8_token_comparison_v2.cpython-38-pytest-8.3.5.pyc",python_cache,5697
ignored,"tests/__pycache__/test_day8_token_semantics_v3.cpython-38-pytest-8.3.5.pyc",python_cache,4116
ignored,"tests/__pycache__/test_day8_traversal_tokens.cpython-38-pytest-8.3.5.pyc",python_cache,3196
ignored,"tests/__pycache__/test_detector_lock.cpython-38-pytest-8.3.5.pyc",python_cache,1781
ignored,"tests/__pycache__/test_detector_lock.cpython-38.pyc",python_cache,1649
ignored,"tests/__pycache__/test_detector_no_gt_dependency.cpython-38-pytest-8.3.5.pyc",python_cache,2549
ignored,"tests/__pycache__/test_detector_no_gt_dependency.cpython-38.pyc",python_cache,1537
ignored,"tests/__pycache__/test_detector_stage2a_gate.cpython-38-pytest-8.3.5.pyc",python_cache,2838
ignored,"tests/__pycache__/test_detector_stage2a_gate.cpython-38.pyc",python_cache,1769
ignored,"tests/__pycache__/test_detector_stage2a_quick.cpython-38-pytest-8.3.5.pyc",python_cache,2697
ignored,"tests/__pycache__/test_detector_stage2a_quick.cpython-38.pyc",python_cache,1419
ignored,"tests/__pycache__/test_detector_test_seed_isolation.cpython-38-pytest-8.3.5.pyc",python_cache,2731
ignored,"tests/__pycache__/test_detector_test_seed_isolation.cpython-38.pyc",python_cache,1344
ignored,"tests/__pycache__/test_detector_threshold_calibration.cpython-38-pytest-8.3.5.pyc",python_cache,2135
ignored,"tests/__pycache__/test_detector_threshold_calibration.cpython-38.pyc",python_cache,1054
ignored,"tests/__pycache__/test_direct_production_diagnostic.cpython-38-pytest-8.3.5.pyc",python_cache,4357
ignored,"tests/__pycache__/test_directional_mode_information_ratio.cpython-38-pytest-8.3.5.pyc",python_cache,1651
ignored,"tests/__pycache__/test_directional_mode_information_ratio.cpython-38.pyc",python_cache,914
ignored,"tests/__pycache__/test_directional_mode_one_dimensional_no_amplification.cpython-38-pytest-8.3.5.pyc",python_cache,1655
ignored,"tests/__pycache__/test_directional_mode_one_dimensional_no_amplification.cpython-38.pyc",python_cache,893
ignored,"tests/__pycache__/test_directional_mode_psd.cpython-38-pytest-8.3.5.pyc",python_cache,1633
ignored,"tests/__pycache__/test_directional_mode_psd.cpython-38.pyc",python_cache,636
ignored,"tests/__pycache__/test_drain_service_wall_timeout.cpython-38-pytest-8.3.5.pyc",python_cache,11839
ignored,"tests/__pycache__/test_empty_weak_subspace_semantics.cpython-38-pytest-8.3.5.pyc",python_cache,2340
ignored,"tests/__pycache__/test_empty_weak_subspace_semantics.cpython-38.pyc",python_cache,820
ignored,"tests/__pycache__/test_end_of_stream_drain.cpython-38-pytest-8.3.5.pyc",python_cache,6207
ignored,"tests/__pycache__/test_end_of_stream_drain_gate.cpython-38-pytest-8.3.5.pyc",python_cache,5317
ignored,"tests/__pycache__/test_experiment_a_coherent_map_snapshot.cpython-38-pytest-8.3.5.pyc",python_cache,4318
ignored,"tests/__pycache__/test_experiment_a_gate.cpython-38-pytest-8.3.5.pyc",python_cache,4451
ignored,"tests/__pycache__/test_experiment_a_input_identity.cpython-38-pytest-8.3.5.pyc",python_cache,4020
ignored,"tests/__pycache__/test_experiment_a_input_identity.cpython-38.pyc",python_cache,2156
ignored,"tests/__pycache__/test_experiment_a_map_digest.cpython-38-pytest-8.3.5.pyc",python_cache,1505
ignored,"tests/__pycache__/test_experiment_a_map_snapshot_continuity.cpython-38-pytest-8.3.5.pyc",python_cache,4584
ignored,"tests/__pycache__/test_experiment_a_map_snapshot_generation.cpython-38-pytest-8.3.5.pyc",python_cache,1979
ignored,"tests/__pycache__/test_experiment_a_map_snapshot_remediation_gate.cpython-38-pytest-8.3.5.pyc",python_cache,4436
ignored,"tests/__pycache__/test_experiment_a_stage_classifier.cpython-38-pytest-8.3.5.pyc",python_cache,5458
ignored,"tests/__pycache__/test_experiment_a_stage_classifier.cpython-38.pyc",python_cache,4154
ignored,"tests/__pycache__/test_experiment_a_stage_hash_schema.cpython-38-pytest-8.3.5.pyc",python_cache,4366
ignored,"tests/__pycache__/test_experiment_a_stage_hash_window.cpython-38-pytest-8.3.5.pyc",python_cache,3684
ignored,"tests/__pycache__/test_exposure_metrics.cpython-38-pytest-8.3.5.pyc",python_cache,3932
ignored,"tests/__pycache__/test_exposure_metrics.cpython-38.pyc",python_cache,1047
ignored,"tests/__pycache__/test_fallback_c_remediation_fresh_process.cpython-38-pytest-8.3.5.pyc",python_cache,3717
ignored,"tests/__pycache__/test_fallback_c_remediation_gate.cpython-38-pytest-8.3.5.pyc",python_cache,4574
ignored,"tests/__pycache__/test_fallback_detector_direct_equivalence.cpython-38-pytest-8.3.5.pyc",python_cache,3193
ignored,"tests/__pycache__/test_fallback_detector_fresh_process.cpython-38-pytest-8.3.5.pyc",python_cache,2755
ignored,"tests/__pycache__/test_fallback_detector_gate.cpython-38-pytest-8.3.5.pyc",python_cache,4970
ignored,"tests/__pycache__/test_fallback_detector_input_immutability.cpython-38-pytest-8.3.5.pyc",python_cache,2469
ignored,"tests/__pycache__/test_fallback_evidence_protocol.cpython-38-pytest-8.3.5.pyc",python_cache,6230
ignored,"tests/__pycache__/test_fallback_frozen_observation_gate.cpython-38-pytest-8.3.5.pyc",python_cache,5044
ignored,"tests/__pycache__/test_fallback_frozen_observation_runner.cpython-38-pytest-8.3.5.pyc",python_cache,4429
ignored,"tests/__pycache__/test_fallback_in_call_runner.cpython-38-pytest-8.3.5.pyc",python_cache,4732
ignored,"tests/__pycache__/test_fastlio2_detector_adapter.cpython-38-pytest-8.3.5.pyc",python_cache,16982
ignored,"tests/__pycache__/test_fastlio2_runtime_output_contract.cpython-38-pytest-8.3.5.pyc",python_cache,6174
ignored,"tests/__pycache__/test_fastlio2_source_lock.cpython-38-pytest-8.3.5.pyc",python_cache,13307
ignored,"tests/__pycache__/test_focused_branch_gate.cpython-38-pytest-8.3.5.pyc",python_cache,4615
ignored,"tests/__pycache__/test_focused_branch_pairwise_comparison.cpython-38-pytest-8.3.5.pyc",python_cache,2648
ignored,"tests/__pycache__/test_focused_branch_stage_localization.cpython-38-pytest-8.3.5.pyc",python_cache,3288
ignored,"tests/__pycache__/test_focused_branch_window.cpython-38-pytest-8.3.5.pyc",python_cache,3705
ignored,"tests/__pycache__/test_focused_stage_hash_capacity_remediation.cpython-38-pytest-8.3.5.pyc",python_cache,8674
ignored,"tests/__pycache__/test_formal_trajectory_clustering.cpython-38-pytest-8.3.5.pyc",python_cache,2940
ignored,"tests/__pycache__/test_frozen_observation_archive.cpython-38-pytest-8.3.5.pyc",python_cache,5067
ignored,"tests/__pycache__/test_frozen_observation_content_paths.cpython-38-pytest-8.3.5.pyc",python_cache,5193
ignored,"tests/__pycache__/test_frozen_observation_manifest.cpython-38-pytest-8.3.5.pyc",python_cache,2696
ignored,"tests/__pycache__/test_frozen_observation_modes.cpython-38-pytest-8.3.5.pyc",python_cache,2374
ignored,"tests/__pycache__/test_frozen_observation_no_gt.cpython-38-pytest-8.3.5.pyc",python_cache,2672
ignored,"tests/__pycache__/test_frozen_observation_offline_remediation.cpython-38-pytest-8.3.5.pyc",python_cache,4434
ignored,"tests/__pycache__/test_frozen_observation_record_index.cpython-38-pytest-8.3.5.pyc",python_cache,2471
ignored,"tests/__pycache__/test_full_gain_information_joseph_equivalence.cpython-38-pytest-8.3.5.pyc",python_cache,2040
ignored,"tests/__pycache__/test_full_gain_information_joseph_equivalence.cpython-38.pyc",python_cache,762
ignored,"tests/__pycache__/test_geometry_axis_information_monotonic.cpython-38-pytest-8.3.5.pyc",python_cache,2245
ignored,"tests/__pycache__/test_geometry_axis_information_monotonic.cpython-38.pyc",python_cache,1118
ignored,"tests/__pycache__/test_geometry_sweep_nested_patches.cpython-38-pytest-8.3.5.pyc",python_cache,2513
ignored,"tests/__pycache__/test_geometry_sweep_nested_patches.cpython-38.pyc",python_cache,1510
ignored,"tests/__pycache__/test_geometry_sweep_real_geometry.cpython-38-pytest-8.3.5.pyc",python_cache,2338
ignored,"tests/__pycache__/test_geometry_sweep_real_geometry.cpython-38.pyc",python_cache,1425
ignored,"tests/__pycache__/test_geometry_sweep_sampling_weight_constant.cpython-38-pytest-8.3.5.pyc",python_cache,1704
ignored,"tests/__pycache__/test_geometry_sweep_sampling_weight_constant.cpython-38.pyc",python_cache,1178
ignored,"tests/__pycache__/test_global_gain_exact_ratio.cpython-38-pytest-8.3.5.pyc",python_cache,1565
ignored,"tests/__pycache__/test_global_gain_exact_ratio.cpython-38.pyc",python_cache,706
ignored,"tests/__pycache__/test_gross_outlier_control.cpython-38-pytest-8.3.5.pyc",python_cache,2095
ignored,"tests/__pycache__/test_gross_outlier_control.cpython-38.pyc",python_cache,987
ignored,"tests/__pycache__/test_hierarchical_bootstrap.cpython-38-pytest-8.3.5.pyc",python_cache,1746
ignored,"tests/__pycache__/test_hierarchical_bootstrap.cpython-38.pyc",python_cache,1116
ignored,"tests/__pycache__/test_huber_normal_equation.cpython-38-pytest-8.3.5.pyc",python_cache,2060
ignored,"tests/__pycache__/test_huber_normal_equation.cpython-38.pyc",python_cache,762
ignored,"tests/__pycache__/test_in_call_immutability_gate.cpython-38-pytest-8.3.5.pyc",python_cache,3561
ignored,"tests/__pycache__/test_in_call_immutability_schema.cpython-38-pytest-8.3.5.pyc",python_cache,2923
ignored,"tests/__pycache__/test_legacy_column_scaling_forbidden.cpython-38-pytest-8.3.5.pyc",python_cache,2118
ignored,"tests/__pycache__/test_legacy_column_scaling_forbidden.cpython-38.pyc",python_cache,906
ignored,"tests/__pycache__/test_map_update_solver.cpython-38-pytest-8.3.5.pyc",python_cache,2317
ignored,"tests/__pycache__/test_map_update_solver.cpython-38.pyc",python_cache,696
ignored,"tests/__pycache__/test_metrics.cpython-38-pytest-8.3.5.pyc",python_cache,16314
ignored,"tests/__pycache__/test_metrics.cpython-38.pyc",python_cache,6218
ignored,"tests/__pycache__/test_minibench_configs.cpython-38-pytest-8.3.5.pyc",python_cache,7324
ignored,"tests/__pycache__/test_minibench_configs.cpython-38.pyc",python_cache,3539
ignored,"tests/__pycache__/test_monotonic_unpause_handshake.cpython-38-pytest-8.3.5.pyc",python_cache,8242
ignored,"tests/__pycache__/test_motion_covariance_body_frame.cpython-38-pytest-8.3.5.pyc",python_cache,1891
ignored,"tests/__pycache__/test_motion_covariance_body_frame.cpython-38.pyc",python_cache,980
ignored,"tests/__pycache__/test_motion_surrogate.cpython-38-pytest-8.3.5.pyc",python_cache,2324
ignored,"tests/__pycache__/test_motion_surrogate.cpython-38.pyc",python_cache,1254
ignored,"tests/__pycache__/test_nested_geometry_measurement_ids.cpython-38-pytest-8.3.5.pyc",python_cache,1389
ignored,"tests/__pycache__/test_nested_geometry_measurement_ids.cpython-38.pyc",python_cache,801
ignored,"tests/__pycache__/test_nested_geometry_psd_increment.cpython-38-pytest-8.3.5.pyc",python_cache,1298
ignored,"tests/__pycache__/test_nested_geometry_psd_increment.cpython-38.pyc",python_cache,675
ignored,"tests/__pycache__/test_nested_geometry_shared_noise.cpython-38-pytest-8.3.5.pyc",python_cache,1229
ignored,"tests/__pycache__/test_nested_geometry_shared_noise.cpython-38.pyc",python_cache,707
ignored,"tests/__pycache__/test_no_generated_files_tracked.cpython-38-pytest-8.3.5.pyc",python_cache,1447
ignored,"tests/__pycache__/test_no_generated_files_tracked.cpython-38.pyc",python_cache,980
ignored,"tests/__pycache__/test_no_legacy_imports.cpython-38-pytest-8.3.5.pyc",python_cache,1719
ignored,"tests/__pycache__/test_no_legacy_imports.cpython-38.pyc",python_cache,1248
ignored,"tests/__pycache__/test_null_safe_detector_comparison.cpython-38-pytest-8.3.5.pyc",python_cache,4974
ignored,"tests/__pycache__/test_observation_sensor_seed.cpython-38-pytest-8.3.5.pyc",python_cache,2933
ignored,"tests/__pycache__/test_observation_sensor_seed.cpython-38.pyc",python_cache,1851
ignored,"tests/__pycache__/test_observation_simulator.cpython-38-pytest-8.3.5.pyc",python_cache,14302
ignored,"tests/__pycache__/test_observation_simulator.cpython-38.pyc",python_cache,6229
ignored,"tests/__pycache__/test_observation_sweep_geometry_identity.cpython-38-pytest-8.3.5.pyc",python_cache,1969
ignored,"tests/__pycache__/test_observation_sweep_geometry_identity.cpython-38.pyc",python_cache,1276
ignored,"tests/__pycache__/test_observation_sweep_nested_retention.cpython-38-pytest-8.3.5.pyc",python_cache,4212
ignored,"tests/__pycache__/test_observation_sweep_nested_retention.cpython-38.pyc",python_cache,1683
ignored,"tests/__pycache__/test_odi_tracker.cpython-38-pytest-8.3.5.pyc",python_cache,10326
ignored,"tests/__pycache__/test_odi_tracker.cpython-38.pyc",python_cache,4222
ignored,"tests/__pycache__/test_offline_detector_determinism.cpython-38-pytest-8.3.5.pyc",python_cache,6542
ignored,"tests/__pycache__/test_oracle_path_isolated.cpython-38-pytest-8.3.5.pyc",python_cache,936
ignored,"tests/__pycache__/test_oracle_path_isolated.cpython-38.pyc",python_cache,804
ignored,"tests/__pycache__/test_package_full_project.cpython-38-pytest-8.3.5.pyc",python_cache,2073
ignored,"tests/__pycache__/test_package_full_project.cpython-38.pyc",python_cache,1291
ignored,"tests/__pycache__/test_plane_patch_sampling.cpython-38-pytest-8.3.5.pyc",python_cache,8363
ignored,"tests/__pycache__/test_plane_patch_sampling.cpython-38.pyc",python_cache,2128
ignored,"tests/__pycache__/test_primary_direction_estimate.cpython-38-pytest-8.3.5.pyc",python_cache,2182
ignored,"tests/__pycache__/test_primary_direction_estimate.cpython-38.pyc",python_cache,866
ignored,"tests/__pycache__/test_prior_relinearization.cpython-38-pytest-8.3.5.pyc",python_cache,2078
ignored,"tests/__pycache__/test_prior_relinearization.cpython-38.pyc",python_cache,784
ignored,"tests/__pycache__/test_process_target_aggregation.cpython-38-pytest-8.3.5.pyc",python_cache,1916
ignored,"tests/__pycache__/test_process_target_aggregation.cpython-38.pyc",python_cache,1001
ignored,"tests/__pycache__/test_projected_gain_alpha_monotonicity.cpython-38-pytest-8.3.5.pyc",python_cache,1615
ignored,"tests/__pycache__/test_projected_gain_alpha_monotonicity.cpython-38.pyc",python_cache,1204
ignored,"tests/__pycache__/test_projected_gain_alpha_one_equivalence.cpython-38-pytest-8.3.5.pyc",python_cache,2210
ignored,"tests/__pycache__/test_projected_gain_alpha_one_equivalence.cpython-38.pyc",python_cache,763
ignored,"tests/__pycache__/test_projected_gain_exact_weak_ratio.cpython-38-pytest-8.3.5.pyc",python_cache,2162
ignored,"tests/__pycache__/test_projected_gain_exact_weak_ratio.cpython-38.pyc",python_cache,876
ignored,"tests/__pycache__/test_projected_gain_joseph_psd.cpython-38-pytest-8.3.5.pyc",python_cache,2203
ignored,"tests/__pycache__/test_projected_gain_joseph_psd.cpython-38.pyc",python_cache,899
ignored,"tests/__pycache__/test_projected_gain_nontrigger_equivalence.cpython-38-pytest-8.3.5.pyc",python_cache,2236
ignored,"tests/__pycache__/test_projected_gain_nontrigger_equivalence.cpython-38.pyc",python_cache,787
ignored,"tests/__pycache__/test_projected_gain_rotation_invariance.cpython-38-pytest-8.3.5.pyc",python_cache,1361
ignored,"tests/__pycache__/test_projected_gain_rotation_invariance.cpython-38.pyc",python_cache,732
ignored,"tests/__pycache__/test_projected_gain_strong_component_invariance.cpython-38-pytest-8.3.5.pyc",python_cache,1884
ignored,"tests/__pycache__/test_projected_gain_strong_component_invariance.cpython-38.pyc",python_cache,869
ignored,"tests/__pycache__/test_readonly_detector_output_schema.cpython-38-pytest-8.3.5.pyc",python_cache,6746
ignored,"tests/__pycache__/test_readonly_observation_contract.cpython-38-pytest-8.3.5.pyc",python_cache,18554
ignored,"tests/__pycache__/test_readonly_observation_schema.cpython-38-pytest-8.3.5.pyc",python_cache,7499
ignored,"tests/__pycache__/test_readonly_runtime_observation_schema.cpython-38-pytest-8.3.5.pyc",python_cache,3901
ignored,"tests/__pycache__/test_replay_endpoint_contract.cpython-38-pytest-8.3.5.pyc",python_cache,6139
ignored,"tests/__pycache__/test_robust_linear_system.cpython-38-pytest-8.3.5.pyc",python_cache,3393
ignored,"tests/__pycache__/test_robust_linear_system.cpython-38.pyc",python_cache,870
ignored,"tests/__pycache__/test_rosbag_connection_handshake.cpython-38-pytest-8.3.5.pyc",python_cache,8944
ignored,"tests/__pycache__/test_runtime_binary_conversion.cpython-38-pytest-8.3.5.pyc",python_cache,8095
ignored,"tests/__pycache__/test_runtime_binary_conversion.cpython-38.pyc",python_cache,6506
ignored,"tests/__pycache__/test_runtime_detector_adapter.cpython-38-pytest-8.3.5.pyc",python_cache,4374
ignored,"tests/__pycache__/test_runtime_detector_adapter_v3.cpython-38-pytest-8.3.5.pyc",python_cache,4834
ignored,"tests/__pycache__/test_runtime_detector_adapter_v3.cpython-38.pyc",python_cache,2643
ignored,"tests/__pycache__/test_runtime_equivalence.cpython-38-pytest-8.3.5.pyc",python_cache,11531
ignored,"tests/__pycache__/test_runtime_equivalence.cpython-38.pyc",python_cache,6393
ignored,"tests/__pycache__/test_runtime_observation_v3.cpython-38-pytest-8.3.5.pyc",python_cache,5859
ignored,"tests/__pycache__/test_runtime_observation_v3.cpython-38.pyc",python_cache,4817
ignored,"tests/__pycache__/test_runtime_product_completeness.cpython-38-pytest-8.3.5.pyc",python_cache,6528
ignored,"tests/__pycache__/test_scene_generator.cpython-38-pytest-8.3.5.pyc",python_cache,10941
ignored,"tests/__pycache__/test_scene_generator.cpython-38.pyc",python_cache,4269
ignored,"tests/__pycache__/test_se3_pose_update.cpython-38-pytest-8.3.5.pyc",python_cache,3809
ignored,"tests/__pycache__/test_se3_pose_update.cpython-38.pyc",python_cache,1551
ignored,"tests/__pycache__/test_stage1_freeze_audit.cpython-38-pytest-8.3.5.pyc",python_cache,9446
ignored,"tests/__pycache__/test_stage1_freeze_audit.cpython-38.pyc",python_cache,4782
ignored,"tests/__pycache__/test_stage1c_analysis_lock_hash.cpython-38-pytest-8.3.5.pyc",python_cache,1599
ignored,"tests/__pycache__/test_stage1c_analysis_lock_hash.cpython-38.pyc",python_cache,784
ignored,"tests/__pycache__/test_stage1c_development_pipeline.cpython-38-pytest-8.3.5.pyc",python_cache,3071
ignored,"tests/__pycache__/test_stage1c_development_pipeline.cpython-38.pyc",python_cache,998
ignored,"tests/__pycache__/test_stage1c_gate_logic.cpython-38-pytest-8.3.5.pyc",python_cache,2506
ignored,"tests/__pycache__/test_stage1c_gate_logic.cpython-38.pyc",python_cache,763
ignored,"tests/__pycache__/test_stage1c_manifest_provenance.cpython-38-pytest-8.3.5.pyc",python_cache,1676
ignored,"tests/__pycache__/test_stage1c_manifest_provenance.cpython-38.pyc",python_cache,1152
ignored,"tests/__pycache__/test_stage1c_output_isolation.cpython-38-pytest-8.3.5.pyc",python_cache,1501
ignored,"tests/__pycache__/test_stage1c_output_isolation.cpython-38.pyc",python_cache,854
ignored,"tests/__pycache__/test_stage1c_process_noise_independence.cpython-38-pytest-8.3.5.pyc",python_cache,1937
ignored,"tests/__pycache__/test_stage1c_process_noise_independence.cpython-38.pyc",python_cache,1360
ignored,"tests/__pycache__/test_stage1c_process_noise_pairing.cpython-38-pytest-8.3.5.pyc",python_cache,1787
ignored,"tests/__pycache__/test_stage1c_process_noise_pairing.cpython-38.pyc",python_cache,1092
ignored,"tests/__pycache__/test_stage1c_process_noise_seed.cpython-38-pytest-8.3.5.pyc",python_cache,2002
ignored,"tests/__pycache__/test_stage1c_process_noise_seed.cpython-38.pyc",python_cache,701
ignored,"tests/__pycache__/test_stage1c_seed_non_overlap.cpython-38-pytest-8.3.5.pyc",python_cache,1431
ignored,"tests/__pycache__/test_stage1c_seed_non_overlap.cpython-38.pyc",python_cache,812
ignored,"tests/__pycache__/test_stage1c_test_pipeline_quick.cpython-38-pytest-8.3.5.pyc",python_cache,883
ignored,"tests/__pycache__/test_stage1c_test_pipeline_quick.cpython-38.pyc",python_cache,751
ignored,"tests/__pycache__/test_stage1c_test_refuses_dirty_tree.cpython-38-pytest-8.3.5.pyc",python_cache,1214
ignored,"tests/__pycache__/test_stage1c_test_refuses_dirty_tree.cpython-38.pyc",python_cache,1082
ignored,"tests/__pycache__/test_stage1c_test_refuses_hash_mismatch.cpython-38-pytest-8.3.5.pyc",python_cache,1737
ignored,"tests/__pycache__/test_stage1c_test_refuses_hash_mismatch.cpython-38.pyc",python_cache,1605
ignored,"tests/__pycache__/test_stage1c_threshold_calibration.cpython-38-pytest-8.3.5.pyc",python_cache,2387
ignored,"tests/__pycache__/test_stage1c_threshold_calibration.cpython-38.pyc",python_cache,1383
ignored,"tests/__pycache__/test_stage1c_threshold_lock.cpython-38-pytest-8.3.5.pyc",python_cache,1920
ignored,"tests/__pycache__/test_stage1c_threshold_lock.cpython-38.pyc",python_cache,1123
ignored,"tests/__pycache__/test_stage1c_verified_pytest.cpython-38-pytest-8.3.5.pyc",python_cache,2305
ignored,"tests/__pycache__/test_stage1c_verified_pytest.cpython-38.pyc",python_cache,1675
ignored,"tests/__pycache__/test_stage1c_within_level_centering.cpython-38-pytest-8.3.5.pyc",python_cache,1738
ignored,"tests/__pycache__/test_stage1c_within_level_centering.cpython-38.pyc",python_cache,1320
ignored,"tests/__pycache__/test_stage2_day14_evidence_immutability.cpython-38-pytest-8.3.5.pyc",python_cache,2712
ignored,"tests/__pycache__/test_stage2_day14_evidence_immutability.cpython-38.pyc",python_cache,1860
ignored,"tests/__pycache__/test_stage2_day14_gate_logic.cpython-38-pytest-8.3.5.pyc",python_cache,3055
ignored,"tests/__pycache__/test_stage2_day14_gate_logic.cpython-38.pyc",python_cache,1234
ignored,"tests/__pycache__/test_stage2_day14_manifest.cpython-38-pytest-8.3.5.pyc",python_cache,2273
ignored,"tests/__pycache__/test_stage2_day14_manifest.cpython-38.pyc",python_cache,1274
ignored,"tests/__pycache__/test_stage2_day14_no_experiment_execution.cpython-38-pytest-8.3.5.pyc",python_cache,3001
ignored,"tests/__pycache__/test_stage2_day14_no_experiment_execution.cpython-38.pyc",python_cache,1891
ignored,"tests/__pycache__/test_stage2_day14_pipeline.cpython-38-pytest-8.3.5.pyc",python_cache,3808
ignored,"tests/__pycache__/test_stage2_day14_pipeline.cpython-38.pyc",python_cache,1644
ignored,"tests/__pycache__/test_stage2_day14_separability.cpython-38-pytest-8.3.5.pyc",python_cache,2138
ignored,"tests/__pycache__/test_stage2_day14_separability.cpython-38.pyc",python_cache,967
ignored,"tests/__pycache__/test_stage2_day14_transition_logic.cpython-38-pytest-8.3.5.pyc",python_cache,2136
ignored,"tests/__pycache__/test_stage2_day14_transition_logic.cpython-38.pyc",python_cache,1160
ignored,"tests/__pycache__/test_stage2_failure_autocorrelation_skewness.cpython-38-pytest-8.3.5.pyc",python_cache,2945
ignored,"tests/__pycache__/test_stage2_failure_autocorrelation_skewness.cpython-38.pyc",python_cache,1163
ignored,"tests/__pycache__/test_stage2_failure_cusum.cpython-38-pytest-8.3.5.pyc",python_cache,2064
ignored,"tests/__pycache__/test_stage2_failure_cusum.cpython-38.pyc",python_cache,965
ignored,"tests/__pycache__/test_stage2_failure_day10_filesystem_sandbox.cpython-38-pytest-8.3.5.pyc",python_cache,1945
ignored,"tests/__pycache__/test_stage2_failure_day10_filesystem_sandbox.cpython-38.pyc",python_cache,971
ignored,"tests/__pycache__/test_stage2_failure_day10_gate_logic.cpython-38-pytest-8.3.5.pyc",python_cache,3719
ignored,"tests/__pycache__/test_stage2_failure_day10_gate_logic.cpython-38.pyc",python_cache,2962
ignored,"tests/__pycache__/test_stage2_failure_day10_gt_access_sentinel.cpython-38-pytest-8.3.5.pyc",python_cache,3832
ignored,"tests/__pycache__/test_stage2_failure_day10_gt_access_sentinel.cpython-38.pyc",python_cache,2033
ignored,"tests/__pycache__/test_stage2_failure_day10_invalid_reset_e2e.cpython-38-pytest-8.3.5.pyc",python_cache,8181
ignored,"tests/__pycache__/test_stage2_failure_day10_invalid_reset_e2e.cpython-38.pyc",python_cache,3617
ignored,"tests/__pycache__/test_stage2_failure_day10_missing_gt.cpython-38-pytest-8.3.5.pyc",python_cache,3085
ignored,"tests/__pycache__/test_stage2_failure_day10_missing_gt.cpython-38.pyc",python_cache,1901
ignored,"tests/__pycache__/test_stage2_failure_day10_online_equivalence.cpython-38-pytest-8.3.5.pyc",python_cache,7024
ignored,"tests/__pycache__/test_stage2_failure_day10_online_equivalence.cpython-38.pyc",python_cache,5140
ignored,"tests/__pycache__/test_stage2_failure_day10_permuted_gt.cpython-38-pytest-8.3.5.pyc",python_cache,2059
ignored,"tests/__pycache__/test_stage2_failure_day10_permuted_gt.cpython-38.pyc",python_cache,1648
ignored,"tests/__pycache__/test_stage2_failure_day10_poisoned_gt.cpython-38-pytest-8.3.5.pyc",python_cache,2941
ignored,"tests/__pycache__/test_stage2_failure_day10_poisoned_gt.cpython-38.pyc",python_cache,2374
ignored,"tests/__pycache__/test_stage2_failure_day10_quick.cpython-38-pytest-8.3.5.pyc",python_cache,12826
ignored,"tests/__pycache__/test_stage2_failure_day10_quick.cpython-38.pyc",python_cache,7938
ignored,"tests/__pycache__/test_stage2_failure_day10_static_dependency.cpython-38-pytest-8.3.5.pyc",python_cache,3854
ignored,"tests/__pycache__/test_stage2_failure_day10_static_dependency.cpython-38.pyc",python_cache,1820
ignored,"tests/__pycache__/test_stage2_failure_day10_window_equivalence.cpython-38-pytest-8.3.5.pyc",python_cache,3445
ignored,"tests/__pycache__/test_stage2_failure_day10_window_equivalence.cpython-38.pyc",python_cache,2484
ignored,"tests/__pycache__/test_stage2_failure_day11a_candidate_pool.cpython-38-pytest-8.3.5.pyc",python_cache,5615
ignored,"tests/__pycache__/test_stage2_failure_day11a_candidate_pool.cpython-38.pyc",python_cache,2627
ignored,"tests/__pycache__/test_stage2_failure_day11a_gate_logic.cpython-38-pytest-8.3.5.pyc",python_cache,3327
ignored,"tests/__pycache__/test_stage2_failure_day11a_gate_logic.cpython-38.pyc",python_cache,2382
ignored,"tests/__pycache__/test_stage2_failure_day11a_hash_selection.cpython-38-pytest-8.3.5.pyc",python_cache,2336
ignored,"tests/__pycache__/test_stage2_failure_day11a_hash_selection.cpython-38.pyc",python_cache,1443
ignored,"tests/__pycache__/test_stage2_failure_day11a_lock.cpython-38-pytest-8.3.5.pyc",python_cache,3014
ignored,"tests/__pycache__/test_stage2_failure_day11a_lock.cpython-38.pyc",python_cache,2882
ignored,"tests/__pycache__/test_stage2_failure_day11a_no_metric_dependency.cpython-38-pytest-8.3.5.pyc",python_cache,3892
ignored,"tests/__pycache__/test_stage2_failure_day11a_no_metric_dependency.cpython-38.pyc",python_cache,2042
ignored,"tests/__pycache__/test_stage2_failure_day11a_no_replay.cpython-38-pytest-8.3.5.pyc",python_cache,3469
ignored,"tests/__pycache__/test_stage2_failure_day11a_no_replay.cpython-38.pyc",python_cache,2104
ignored,"tests/__pycache__/test_stage2_failure_day11a_order_independence.cpython-38-pytest-8.3.5.pyc",python_cache,1440
ignored,"tests/__pycache__/test_stage2_failure_day11a_order_independence.cpython-38.pyc",python_cache,756
ignored,"tests/__pycache__/test_stage2_failure_day11a_pipeline.cpython-38-pytest-8.3.5.pyc",python_cache,8731
ignored,"tests/__pycache__/test_stage2_failure_day11a_pipeline.cpython-38.pyc",python_cache,4407
ignored,"tests/__pycache__/test_stage2_failure_day11a_source_consistency.cpython-38-pytest-8.3.5.pyc",python_cache,5305
ignored,"tests/__pycache__/test_stage2_failure_day11a_source_consistency.cpython-38.pyc",python_cache,3269
ignored,"tests/__pycache__/test_stage2_failure_day11b_axial_support_audit.cpython-38-pytest-8.3.5.pyc",python_cache,3540
ignored,"tests/__pycache__/test_stage2_failure_day11b_axial_support_audit.cpython-38.pyc",python_cache,2071
ignored,"tests/__pycache__/test_stage2_failure_day11b_base_observation_pairing.cpython-38-pytest-8.3.5.pyc",python_cache,3340
ignored,"tests/__pycache__/test_stage2_failure_day11b_base_observation_pairing.cpython-38.pyc",python_cache,2530
ignored,"tests/__pycache__/test_stage2_failure_day11b_frame_merge.cpython-38-pytest-8.3.5.pyc",python_cache,3846
ignored,"tests/__pycache__/test_stage2_failure_day11b_frame_merge.cpython-38.pyc",python_cache,2744
ignored,"tests/__pycache__/test_stage2_failure_day11b_gate_logic.cpython-38-pytest-8.3.5.pyc",python_cache,4240
ignored,"tests/__pycache__/test_stage2_failure_day11b_gate_logic.cpython-38.pyc",python_cache,3088
ignored,"tests/__pycache__/test_stage2_failure_day11b_lock_verification.cpython-38-pytest-8.3.5.pyc",python_cache,3521
ignored,"tests/__pycache__/test_stage2_failure_day11b_lock_verification.cpython-38.pyc",python_cache,2759
ignored,"tests/__pycache__/test_stage2_failure_day11b_logging_equivalence.cpython-38-pytest-8.3.5.pyc",python_cache,2970
ignored,"tests/__pycache__/test_stage2_failure_day11b_logging_equivalence.cpython-38.pyc",python_cache,2023
ignored,"tests/__pycache__/test_stage2_failure_day11b_no_gt.cpython-38-pytest-8.3.5.pyc",python_cache,2162
ignored,"tests/__pycache__/test_stage2_failure_day11b_no_gt.cpython-38.pyc",python_cache,1061
ignored,"tests/__pycache__/test_stage2_failure_day11b_no_threshold.cpython-38-pytest-8.3.5.pyc",python_cache,1622
ignored,"tests/__pycache__/test_stage2_failure_day11b_no_threshold.cpython-38.pyc",python_cache,815
ignored,"tests/__pycache__/test_stage2_failure_day11b_pairing.cpython-38-pytest-8.3.5.pyc",python_cache,3714
ignored,"tests/__pycache__/test_stage2_failure_day11b_pairing.cpython-38.pyc",python_cache,2554
ignored,"tests/__pycache__/test_stage2_failure_day11b_pipeline.cpython-38-pytest-8.3.5.pyc",python_cache,3846
ignored,"tests/__pycache__/test_stage2_failure_day11b_pipeline.cpython-38.pyc",python_cache,2079
ignored,"tests/__pycache__/test_stage2_failure_day11b_provenance_checksum.cpython-38-pytest-8.3.5.pyc",python_cache,5666
ignored,"tests/__pycache__/test_stage2_failure_day11b_provenance_checksum.cpython-38.pyc",python_cache,1955
ignored,"tests/__pycache__/test_stage2_failure_day11b_replay_plan.cpython-38-pytest-8.3.5.pyc",python_cache,3159
ignored,"tests/__pycache__/test_stage2_failure_day11b_replay_plan.cpython-38.pyc",python_cache,2049
ignored,"tests/__pycache__/test_stage2_failure_day11b_strategy_chain_v2.cpython-38-pytest-8.3.5.pyc",python_cache,2605
ignored,"tests/__pycache__/test_stage2_failure_day11b_strategy_chain_v2.cpython-38.pyc",python_cache,1570
ignored,"tests/__pycache__/test_stage2_failure_day11b_stress_names.cpython-38-pytest-8.3.5.pyc",python_cache,1415
ignored,"tests/__pycache__/test_stage2_failure_day11b_stress_names.cpython-38.pyc",python_cache,1283
ignored,"tests/__pycache__/test_stage2_failure_day11b_stress_trace.cpython-38-pytest-8.3.5.pyc",python_cache,2973
ignored,"tests/__pycache__/test_stage2_failure_day11b_stress_trace.cpython-38.pyc",python_cache,1890
ignored,"tests/__pycache__/test_stage2_failure_day11b_v1_immutable.cpython-38-pytest-8.3.5.pyc",python_cache,2762
ignored,"tests/__pycache__/test_stage2_failure_day11b_v1_immutable.cpython-38.pyc",python_cache,1329
ignored,"tests/__pycache__/test_stage2_failure_day11b_v1_v2_equivalence.cpython-38-pytest-8.3.5.pyc",python_cache,4184
ignored,"tests/__pycache__/test_stage2_failure_day11b_v1_v2_equivalence.cpython-38.pyc",python_cache,2944
ignored,"tests/__pycache__/test_stage2_failure_day11b_v2_gate_logic.cpython-38-pytest-8.3.5.pyc",python_cache,4518
ignored,"tests/__pycache__/test_stage2_failure_day11b_v2_gate_logic.cpython-38.pyc",python_cache,3159
ignored,"tests/__pycache__/test_stage2_failure_day11b_v2_pipeline.cpython-38-pytest-8.3.5.pyc",python_cache,3386
ignored,"tests/__pycache__/test_stage2_failure_day11b_v2_pipeline.cpython-38.pyc",python_cache,2494
ignored,"tests/__pycache__/test_stage2_failure_day12_axis_contract.cpython-38-pytest-8.3.5.pyc",python_cache,5551
ignored,"tests/__pycache__/test_stage2_failure_day12_axis_contract.cpython-38.pyc",python_cache,3298
ignored,"tests/__pycache__/test_stage2_failure_day12_external_counting.cpython-38-pytest-8.3.5.pyc",python_cache,2209
ignored,"tests/__pycache__/test_stage2_failure_day12_external_counting.cpython-38.pyc",python_cache,1189
ignored,"tests/__pycache__/test_stage2_failure_day12_figure1.cpython-38-pytest-8.3.5.pyc",python_cache,1954
ignored,"tests/__pycache__/test_stage2_failure_day12_figure1.cpython-38.pyc",python_cache,1207
ignored,"tests/__pycache__/test_stage2_failure_day12_figure2.cpython-38-pytest-8.3.5.pyc",python_cache,1647
ignored,"tests/__pycache__/test_stage2_failure_day12_figure2.cpython-38.pyc",python_cache,1123
ignored,"tests/__pycache__/test_stage2_failure_day12_figure3.cpython-38-pytest-8.3.5.pyc",python_cache,1824
ignored,"tests/__pycache__/test_stage2_failure_day12_figure3.cpython-38.pyc",python_cache,1080
ignored,"tests/__pycache__/test_stage2_failure_day12_figure4.cpython-38-pytest-8.3.5.pyc",python_cache,3345
ignored,"tests/__pycache__/test_stage2_failure_day12_figure4.cpython-38.pyc",python_cache,1340
ignored,"tests/__pycache__/test_stage2_failure_day12_figure_qc.cpython-38-pytest-8.3.5.pyc",python_cache,2145
ignored,"tests/__pycache__/test_stage2_failure_day12_figure_qc.cpython-38.pyc",python_cache,1251
ignored,"tests/__pycache__/test_stage2_failure_day12_gate_logic.cpython-38-pytest-8.3.5.pyc",python_cache,4185
ignored,"tests/__pycache__/test_stage2_failure_day12_gate_logic.cpython-38.pyc",python_cache,3033
ignored,"tests/__pycache__/test_stage2_failure_day12_input_audit.cpython-38-pytest-8.3.5.pyc",python_cache,7657
ignored,"tests/__pycache__/test_stage2_failure_day12_input_audit.cpython-38.pyc",python_cache,5369
ignored,"tests/__pycache__/test_stage2_failure_day12_input_lock_path_safety.cpython-38-pytest-8.3.5.pyc",python_cache,5196
ignored,"tests/__pycache__/test_stage2_failure_day12_input_lock_path_safety.cpython-38.pyc",python_cache,3970
ignored,"tests/__pycache__/test_stage2_failure_day12_input_lock_provenance.cpython-38-pytest-8.3.5.pyc",python_cache,3295
ignored,"tests/__pycache__/test_stage2_failure_day12_input_lock_provenance.cpython-38.pyc",python_cache,2243
ignored,"tests/__pycache__/test_stage2_failure_day12_no_threshold.cpython-38-pytest-8.3.5.pyc",python_cache,2458
ignored,"tests/__pycache__/test_stage2_failure_day12_no_threshold.cpython-38.pyc",python_cache,1451
ignored,"tests/__pycache__/test_stage2_failure_day12_pipeline.cpython-38-pytest-8.3.5.pyc",python_cache,3744
ignored,"tests/__pycache__/test_stage2_failure_day12_pipeline.cpython-38.pyc",python_cache,2382
ignored,"tests/__pycache__/test_stage2_failure_day12_plot_data.cpython-38-pytest-8.3.5.pyc",python_cache,6407
ignored,"tests/__pycache__/test_stage2_failure_day12_plot_data.cpython-38.pyc",python_cache,4936
ignored,"tests/__pycache__/test_stage2_failure_day12_reproducibility.cpython-38-pytest-8.3.5.pyc",python_cache,3888
ignored,"tests/__pycache__/test_stage2_failure_day12_reproducibility.cpython-38.pyc",python_cache,2522
ignored,"tests/__pycache__/test_stage2_failure_day12_strategy_chain.cpython-38-pytest-8.3.5.pyc",python_cache,3333
ignored,"tests/__pycache__/test_stage2_failure_day12_strategy_chain.cpython-38.pyc",python_cache,2433
ignored,"tests/__pycache__/test_stage2_failure_day12_stress_audit.cpython-38-pytest-8.3.5.pyc",python_cache,2712
ignored,"tests/__pycache__/test_stage2_failure_day12_stress_audit.cpython-38.pyc",python_cache,1647
ignored,"tests/__pycache__/test_stage2_failure_day12_v2_v3_data_equivalence.cpython-38-pytest-8.3.5.pyc",python_cache,2430
ignored,"tests/__pycache__/test_stage2_failure_day12_v2_v3_data_equivalence.cpython-38.pyc",python_cache,1600
ignored,"tests/__pycache__/test_stage2_failure_day12_v2_v3_figure_change.cpython-38-pytest-8.3.5.pyc",python_cache,3153
ignored,"tests/__pycache__/test_stage2_failure_day12_v2_v3_figure_change.cpython-38.pyc",python_cache,2211
ignored,"tests/__pycache__/test_stage2_failure_day12_v3_gate_logic.cpython-38-pytest-8.3.5.pyc",python_cache,3614
ignored,"tests/__pycache__/test_stage2_failure_day12_v3_gate_logic.cpython-38.pyc",python_cache,2427
ignored,"tests/__pycache__/test_stage2_failure_day12_v3_pipeline.cpython-38-pytest-8.3.5.pyc",python_cache,4470
ignored,"tests/__pycache__/test_stage2_failure_day12_v3_pipeline.cpython-38.pyc",python_cache,2448
ignored,"tests/__pycache__/test_stage2_failure_day13_auroc.cpython-38-pytest-8.3.5.pyc",python_cache,4160
ignored,"tests/__pycache__/test_stage2_failure_day13_auroc.cpython-38.pyc",python_cache,2208
ignored,"tests/__pycache__/test_stage2_failure_day13_block_bootstrap.cpython-38-pytest-8.3.5.pyc",python_cache,1943
ignored,"tests/__pycache__/test_stage2_failure_day13_block_bootstrap.cpython-38.pyc",python_cache,1153
ignored,"tests/__pycache__/test_stage2_failure_day13_calibration_split.cpython-38-pytest-8.3.5.pyc",python_cache,1011
ignored,"tests/__pycache__/test_stage2_failure_day13_calibration_split.cpython-38.pyc",python_cache,879
ignored,"tests/__pycache__/test_stage2_failure_day13_causal.cpython-38-pytest-8.3.5.pyc",python_cache,1325
ignored,"tests/__pycache__/test_stage2_failure_day13_causal.cpython-38.pyc",python_cache,669
ignored,"tests/__pycache__/test_stage2_failure_day13_correction_duplicates.cpython-38-pytest-8.3.5.pyc",python_cache,1440
ignored,"tests/__pycache__/test_stage2_failure_day13_correction_duplicates.cpython-38.pyc",python_cache,1308
ignored,"tests/__pycache__/test_stage2_failure_day13_correction_fpr.cpython-38-pytest-8.3.5.pyc",python_cache,2526
ignored,"tests/__pycache__/test_stage2_failure_day13_correction_fpr.cpython-38.pyc",python_cache,1604
ignored,"tests/__pycache__/test_stage2_failure_day13_correction_immutability.cpython-38-pytest-8.3.5.pyc",python_cache,2770
ignored,"tests/__pycache__/test_stage2_failure_day13_correction_immutability.cpython-38.pyc",python_cache,1785
ignored,"tests/__pycache__/test_stage2_failure_day13_correction_manifest.cpython-38-pytest-8.3.5.pyc",python_cache,3808
ignored,"tests/__pycache__/test_stage2_failure_day13_correction_manifest.cpython-38.pyc",python_cache,2867
ignored,"tests/__pycache__/test_stage2_failure_day13_correction_matching.cpython-38-pytest-8.3.5.pyc",python_cache,4707
ignored,"tests/__pycache__/test_stage2_failure_day13_correction_matching.cpython-38.pyc",python_cache,2993
ignored,"tests/__pycache__/test_stage2_failure_day13_correction_operating_point.cpython-38-pytest-8.3.5.pyc",python_cache,2675
ignored,"tests/__pycache__/test_stage2_failure_day13_correction_operating_point.cpython-38.pyc",python_cache,1687
ignored,"tests/__pycache__/test_stage2_failure_day13_correction_pipeline.cpython-38-pytest-8.3.5.pyc",python_cache,7006
ignored,"tests/__pycache__/test_stage2_failure_day13_correction_pipeline.cpython-38.pyc",python_cache,3502
ignored,"tests/__pycache__/test_stage2_failure_day13_design_lock.cpython-38-pytest-8.3.5.pyc",python_cache,1875
ignored,"tests/__pycache__/test_stage2_failure_day13_design_lock.cpython-38.pyc",python_cache,1247
ignored,"tests/__pycache__/test_stage2_failure_day13_fpr.cpython-38-pytest-8.3.5.pyc",python_cache,1476
ignored,"tests/__pycache__/test_stage2_failure_day13_fpr.cpython-38.pyc",python_cache,848
ignored,"tests/__pycache__/test_stage2_failure_day13_gate_logic.cpython-38-pytest-8.3.5.pyc",python_cache,4907
ignored,"tests/__pycache__/test_stage2_failure_day13_gate_logic.cpython-38.pyc",python_cache,3962
ignored,"tests/__pycache__/test_stage2_failure_day13_geometry_effect.cpython-38-pytest-8.3.5.pyc",python_cache,2374
ignored,"tests/__pycache__/test_stage2_failure_day13_geometry_effect.cpython-38.pyc",python_cache,1594
ignored,"tests/__pycache__/test_stage2_failure_day13_gross_control.cpython-38-pytest-8.3.5.pyc",python_cache,1187
ignored,"tests/__pycache__/test_stage2_failure_day13_gross_control.cpython-38.pyc",python_cache,665
ignored,"tests/__pycache__/test_stage2_failure_day13_no_gt.cpython-38-pytest-8.3.5.pyc",python_cache,1491
ignored,"tests/__pycache__/test_stage2_failure_day13_no_gt.cpython-38.pyc",python_cache,618
ignored,"tests/__pycache__/test_stage2_failure_day13_no_selection.cpython-38-pytest-8.3.5.pyc",python_cache,1069
ignored,"tests/__pycache__/test_stage2_failure_day13_no_selection.cpython-38.pyc",python_cache,588
ignored,"tests/__pycache__/test_stage2_failure_day13_pairing.cpython-38-pytest-8.3.5.pyc",python_cache,1957
ignored,"tests/__pycache__/test_stage2_failure_day13_pairing.cpython-38.pyc",python_cache,1176
ignored,"tests/__pycache__/test_stage2_failure_day13_pipeline.cpython-38-pytest-8.3.5.pyc",python_cache,3561
ignored,"tests/__pycache__/test_stage2_failure_day13_pipeline.cpython-38.pyc",python_cache,3136
ignored,"tests/__pycache__/test_stage2_failure_day13_seed_exclusion.cpython-38-pytest-8.3.5.pyc",python_cache,2086
ignored,"tests/__pycache__/test_stage2_failure_day13_seed_exclusion.cpython-38.pyc",python_cache,1348
ignored,"tests/__pycache__/test_stage2_failure_day13_seed_generation.cpython-38-pytest-8.3.5.pyc",python_cache,3756
ignored,"tests/__pycache__/test_stage2_failure_day13_seed_generation.cpython-38.pyc",python_cache,1601
ignored,"tests/__pycache__/test_stage2_failure_day13_threshold.cpython-38-pytest-8.3.5.pyc",python_cache,3348
ignored,"tests/__pycache__/test_stage2_failure_day13_threshold.cpython-38.pyc",python_cache,2144
ignored,"tests/__pycache__/test_stage2_failure_day13_trial_plan.cpython-38-pytest-8.3.5.pyc",python_cache,3289
ignored,"tests/__pycache__/test_stage2_failure_day13_trial_plan.cpython-38.pyc",python_cache,2176
ignored,"tests/__pycache__/test_stage2_failure_day8_quick.cpython-38-pytest-8.3.5.pyc",python_cache,10129
ignored,"tests/__pycache__/test_stage2_failure_day8_quick.cpython-38.pyc",python_cache,5447
ignored,"tests/__pycache__/test_stage2_failure_day9_quick.cpython-38-pytest-8.3.5.pyc",python_cache,11294
ignored,"tests/__pycache__/test_stage2_failure_day9_quick.cpython-38.pyc",python_cache,7133
ignored,"tests/__pycache__/test_stage2_failure_direction_sign.cpython-38-pytest-8.3.5.pyc",python_cache,3968
ignored,"tests/__pycache__/test_stage2_failure_direction_sign.cpython-38.pyc",python_cache,2859
ignored,"tests/__pycache__/test_stage2_failure_gt_separation.cpython-38-pytest-8.3.5.pyc",python_cache,6277
ignored,"tests/__pycache__/test_stage2_failure_gt_separation.cpython-38.pyc",python_cache,3305
ignored,"tests/__pycache__/test_stage2_failure_logging_equivalence.cpython-38-pytest-8.3.5.pyc",python_cache,5381
ignored,"tests/__pycache__/test_stage2_failure_logging_equivalence.cpython-38.pyc",python_cache,2432
ignored,"tests/__pycache__/test_stage2_failure_same_sign_run.cpython-38-pytest-8.3.5.pyc",python_cache,3779
ignored,"tests/__pycache__/test_stage2_failure_same_sign_run.cpython-38.pyc",python_cache,1317
ignored,"tests/__pycache__/test_stage2_failure_update_projection.cpython-38-pytest-8.3.5.pyc",python_cache,2232
ignored,"tests/__pycache__/test_stage2_failure_update_projection.cpython-38.pyc",python_cache,777
ignored,"tests/__pycache__/test_stage2_failure_weak_innovation.cpython-38-pytest-8.3.5.pyc",python_cache,3462
ignored,"tests/__pycache__/test_stage2_failure_weak_innovation.cpython-38.pyc",python_cache,1097
ignored,"tests/__pycache__/test_stage2_failure_window_causality.cpython-38-pytest-8.3.5.pyc",python_cache,4509
ignored,"tests/__pycache__/test_stage2_failure_window_causality.cpython-38.pyc",python_cache,3154
ignored,"tests/__pycache__/test_stage2_failure_window_group_isolation.cpython-38-pytest-8.3.5.pyc",python_cache,4948
ignored,"tests/__pycache__/test_stage2_failure_window_group_isolation.cpython-38.pyc",python_cache,3180
ignored,"tests/__pycache__/test_stage2_failure_window_invalid_reset.cpython-38-pytest-8.3.5.pyc",python_cache,2930
ignored,"tests/__pycache__/test_stage2_failure_window_invalid_reset.cpython-38.pyc",python_cache,853
ignored,"tests/__pycache__/test_stage2_failure_window_mean_median.cpython-38-pytest-8.3.5.pyc",python_cache,3953
ignored,"tests/__pycache__/test_stage2_failure_window_mean_median.cpython-38.pyc",python_cache,1329
ignored,"tests/__pycache__/test_stage2_failure_window_no_gt.cpython-38-pytest-8.3.5.pyc",python_cache,4339
ignored,"tests/__pycache__/test_stage2_failure_window_no_gt.cpython-38.pyc",python_cache,2533
ignored,"tests/__pycache__/test_stage2_failure_window_schema.cpython-38-pytest-8.3.5.pyc",python_cache,5188
ignored,"tests/__pycache__/test_stage2_failure_window_schema.cpython-38.pyc",python_cache,3339
ignored,"tests/__pycache__/test_stage2c_alpha_all_negative_no_go.cpython-38-pytest-8.3.5.pyc",python_cache,1809
ignored,"tests/__pycache__/test_stage2c_alpha_all_negative_no_go.cpython-38.pyc",python_cache,1022
ignored,"tests/__pycache__/test_stage2c_alpha_maximin_selection.cpython-38-pytest-8.3.5.pyc",python_cache,1638
ignored,"tests/__pycache__/test_stage2c_alpha_maximin_selection.cpython-38.pyc",python_cache,960
ignored,"tests/__pycache__/test_stage2c_alpha_requires_positive_both_sweeps.cpython-38-pytest-8.3.5.pyc",python_cache,1589
ignored,"tests/__pycache__/test_stage2c_alpha_requires_positive_both_sweeps.cpython-38.pyc",python_cache,773
ignored,"tests/__pycache__/test_stage2c_gate_logic.cpython-38-pytest-8.3.5.pyc",python_cache,1535
ignored,"tests/__pycache__/test_stage2c_gate_logic.cpython-38.pyc",python_cache,643
ignored,"tests/__pycache__/test_stage2c_method_pairing.cpython-38-pytest-8.3.5.pyc",python_cache,1576
ignored,"tests/__pycache__/test_stage2c_method_pairing.cpython-38.pyc",python_cache,1054
ignored,"tests/__pycache__/test_stage2c_no_gt_dependency.cpython-38-pytest-8.3.5.pyc",python_cache,2193
ignored,"tests/__pycache__/test_stage2c_no_gt_dependency.cpython-38.pyc",python_cache,1078
ignored,"tests/__pycache__/test_stage2c_no_test_after_development_no_go.cpython-38-pytest-8.3.5.pyc",python_cache,740
ignored,"tests/__pycache__/test_stage2c_no_test_after_development_no_go.cpython-38.pyc",python_cache,608
ignored,"tests/__pycache__/test_stage2c_oracle_coverage_reporting.cpython-38-pytest-8.3.5.pyc",python_cache,1955
ignored,"tests/__pycache__/test_stage2c_oracle_coverage_reporting.cpython-38.pyc",python_cache,1113
ignored,"tests/__pycache__/test_stage2c_oracle_isolation.cpython-38-pytest-8.3.5.pyc",python_cache,984
ignored,"tests/__pycache__/test_stage2c_oracle_isolation.cpython-38.pyc",python_cache,852
ignored,"tests/__pycache__/test_stage2c_process_pairing.cpython-38-pytest-8.3.5.pyc",python_cache,2255
ignored,"tests/__pycache__/test_stage2c_process_pairing.cpython-38.pyc",python_cache,1119
ignored,"tests/__pycache__/test_stage2c_quick_pipeline.cpython-38-pytest-8.3.5.pyc",python_cache,2648
ignored,"tests/__pycache__/test_stage2c_quick_pipeline.cpython-38.pyc",python_cache,1334
ignored,"tests/__pycache__/test_stage2c_seed_isolation.cpython-38-pytest-8.3.5.pyc",python_cache,773
ignored,"tests/__pycache__/test_stage2c_seed_isolation.cpython-38.pyc",python_cache,641
ignored,"tests/__pycache__/test_stage2c_stress_pairing.cpython-38-pytest-8.3.5.pyc",python_cache,2467
ignored,"tests/__pycache__/test_stage2c_stress_pairing.cpython-38.pyc",python_cache,1250
ignored,"tests/__pycache__/test_stage2c_update_lock.cpython-38-pytest-8.3.5.pyc",python_cache,3901
ignored,"tests/__pycache__/test_stage2c_update_lock.cpython-38.pyc",python_cache,3490
ignored,"tests/__pycache__/test_stats.cpython-38-pytest-8.3.5.pyc",python_cache,7233
ignored,"tests/__pycache__/test_stats.cpython-38.pyc",python_cache,3370
ignored,"tests/__pycache__/test_strict_replay_route_closure.cpython-38-pytest-8.3.5.pyc",python_cache,3962
ignored,"tests/__pycache__/test_tail_clock_handoff.cpython-38-pytest-8.3.5.pyc",python_cache,8389
ignored,"tests/__pycache__/test_tail_clock_protocol.cpython-38-pytest-8.3.5.pyc",python_cache,14876
ignored,"tests/__pycache__/test_toy_lio.cpython-38-pytest-8.3.5.pyc",python_cache,6997
ignored,"tests/__pycache__/test_toy_lio.cpython-38.pyc",python_cache,3007
ignored,"tests/__pycache__/test_toy_lio_no_gt_leak.cpython-38-pytest-8.3.5.pyc",python_cache,3321
ignored,"tests/__pycache__/test_toy_lio_no_gt_leak.cpython-38.pyc",python_cache,1918
ignored,"tests/__pycache__/test_translation_schur_info.cpython-38-pytest-8.3.5.pyc",python_cache,4172
ignored,"tests/__pycache__/test_translation_schur_info.cpython-38.pyc",python_cache,1451
ignored,"tests/__pycache__/test_trial_aggregation_independence.cpython-38-pytest-8.3.5.pyc",python_cache,1842
ignored,"tests/__pycache__/test_trial_aggregation_independence.cpython-38.pyc",python_cache,1067
ignored,"tests/__pycache__/test_trigger_direction_separation.cpython-38-pytest-8.3.5.pyc",python_cache,1701
ignored,"tests/__pycache__/test_trigger_direction_separation.cpython-38.pyc",python_cache,644
ignored,"tests/__pycache__/test_weak_direction.cpython-38-pytest-8.3.5.pyc",python_cache,11454
ignored,"tests/__pycache__/test_weak_direction.cpython-38.pyc",python_cache,4225
ignored,"tests/__pycache__/test_weak_subspace_projector.cpython-38-pytest-8.3.5.pyc",python_cache,2814
ignored,"tests/__pycache__/test_weak_subspace_projector.cpython-38.pyc",python_cache,913
ignored,"tests/__pycache__/test_whitened_info.cpython-38-pytest-8.3.5.pyc",python_cache,5903
ignored,"tests/__pycache__/test_whitened_info.cpython-38.pyc",python_cache,2534
