relative_path,size_bytes,sha256,semantic_role
docs/full_synthetic_development_protocol_v1.md,9558,5538643ee2d187dc9a2adf8d5ae05d5ce50b19e31b541d7225524ac54c9857e2,development_protocol_documentation
frozen_assets/full_synthetic_development_combined_snapshots_v1.csv,206429,21b092457ffc852b1cb5ab028c607e62056774beafc0656c41dc767e296e2e9c,snapshot_inventory
frozen_assets/full_synthetic_development_combined_trials_v1.csv,744684,29525873b2c25737974935b26378e12da26cdce9082f01c999c6d144ad9355b8,trial_inventory
frozen_assets/full_synthetic_development_manifest_v1.json,22585,4c649552d12b566210508f6a9491704dde9919a4471c030f897c111226a9def3,development_manifest
frozen_assets/full_synthetic_development_protocol_v1.json,15971,925c4e87217cc0fb8ff26dbb717e8e05ad87ea8d6863483f57daa2566e16e051,development_protocol
frozen_assets/full_synthetic_development_snapshot_lock_v1.json,1322619,f1aced1b863164e5a96a67618b27f2f9e22dea7cf2181650f61b6940846de283,snapshot_lock
results/full_synthetic_development_v1/attempt_events.ndjson,1649592,6108f199b7cd911fb36253b8c8135f83d004ee2fbb54f990058684957012971b,formal_attempt_event_log
results/full_synthetic_development_v1/common_association_metrics.json,4546771,ec578be84b3cd62c5a000362927f9e7d7a5cb604f5f7936a09d508a3fc1fd6a4,frozen_common_association_metrics
results/full_synthetic_development_v1/independent_verification.json,12821945,5af2325168dbfecc61d56bb4682f14858ce551c0515764452122ce1479f5e3fb,frozen_independent_verification
results/full_synthetic_development_v1/phase_b_subset_reproduction.json,1250,811933cd617c2cbb0b3bd81101850bf6e16f65d22b0d8e1c865993064ca127b8,phase_b_subset_reproduction_evidence
results/full_synthetic_development_v1/primary_analysis.json,16870296,0ba42a4d39695d2a5c65ebedeba0bb585bfbc3eb1361a90d488eba8c132ad6b8,frozen_primary_analysis
results/full_synthetic_development_v1/raw_result_manifest.json,898436,7141c3de3ad8522954f57e7aad6608a1bf3b410c50172c438c95206c0f0234a8,raw_result_inventory
results/full_synthetic_development_v1/raw_results/000497b785e3bf27c4f6120ab4989a933206b0554dd9b3732eefb6dba72e83e4.json,2080,a2bd2ded588a171ccfe59bfd57890ccbdee231d048ae079aa4a591a920db12db,raw_trial_result
results/full_synthetic_development_v1/raw_results/002b34ccfd3fd75ba7400c740f74e0144e288324c9ad93c28b80e5188072c96c.json,2636,77f81c2c24dfb18bf83646342252b6649498c5c052c0e949e4602fd6e31455a2,raw_trial_result
results/full_synthetic_development_v1/raw_results/002b9374ea27436a06b41ab9ac29fad64c3f9b7f29fb926a9de50e2ac0a867ae.json,2040,6587fcf847b93a4507eaca6302a46703ffb46d119972768aafda317a18275470,raw_trial_result
results/full_synthetic_development_v1/raw_results/004ef1660722b4cc7f0e43f0edbae8540f45674dbb4dad4976ae7880d0dfbf87.json,2667,959bec10e1558783601b679a5e256e104ba209404b9272510d20f5e6bbdf75a5,raw_trial_result
results/full_synthetic_development_v1/raw_results/005dc92b20d5c9fe585b04c65091511e81cf5e3d1623b61830a42fdb8031bc69.json,2680,438e42dffc7a7e9fc96b464792f5e8c2f0ae110ca1764434f0af46f1f8488a6a,raw_trial_result
results/full_synthetic_development_v1/raw_results/006cb06005ea4db404ad0a627118b443ad29164a7808cd09e7a8e19d4e29870f.json,2027,f5400541f554761378b8c507251c2f541d654b4bcb0a1c37f6211b81ac2e4910,raw_trial_result
results/full_synthetic_development_v1/raw_results/00933f160374b6b822304ff13ad690dce70a61e95f0af45d43f7820e07ab93c3.json,2664,a8f04052c96cd5d482419fa2612c9a843b2f7c00016cc379a4a07a0578b22c40,raw_trial_result
results/full_synthetic_development_v1/raw_results/00a929804c74534fa1d79d75a9312e660216986add1ec597faa85563615a0b34.json,2655,8a10200cdf9d1a8fce0343e1dda385df4e6f1cd81ec7d4592945cba8304c1c7b,raw_trial_result
results/full_synthetic_development_v1/raw_results/00ccdbba0f515f33d053bb9320fcf98c5b62cca0baf0b22f4ade88c5cc2be657.json,2061,7dfd9c0e4f29ffb954587772f33c7c1534435ecaa8ca35260a220823ce3f7a9c,raw_trial_result
results/full_synthetic_development_v1/raw_results/00fb63bb8ae326609f2ffa8bdfc8c62fef5cc9bbd5d493f03228cc6be432f3e9.json,2673,216f531a52a3a68968f4fbb817733c7a8bf4c2584c1fa7b7d047af9113eb9a02,raw_trial_result
results/full_synthetic_development_v1/raw_results/011600c1ea6b9e847a42212b39a3360c7456396a431b4c7e6084e40bf1e73e74.json,2696,e2ba6908ab31027c706485dab501d346d18f5d218accb723eecbd470b44eb280,raw_trial_result
results/full_synthetic_development_v1/raw_results/012f4d7bf3245df1d784dda830d2d541910f6c00a25229f908d55d01405a6912.json,2695,acdd0b9e31cc29dde89c1a29b7066e2247c6850a245388350843ee58324fa5af,raw_trial_result
results/full_synthetic_development_v1/raw_results/01332157f4f502bbb6e405c8200833186dd714aa84dd5bbec134f1586075ef35.json,2662,529004bae4b7ef3cbb9a76a23a6f81f7210fe4010d0584f4efd16dedf363586d,raw_trial_result
results/full_synthetic_development_v1/raw_results/018553b7e3519a09dba315ad416ec49dcd801f888ca727ff4835f4faed09e6c9.json,2059,bc3919e98477e9fc3c0a08506436df2b63a6dbbb629d8aecf2460c656b766969,raw_trial_result
results/full_synthetic_development_v1/raw_results/01d8f9aba476d260aff4c35e24782d58d3ffefd36a1db847e14db9aebcf45ecb.json,2677,a5603558a238db92d8941acf2482ee611e6bc5e66f49169ab3d08f32e9d23175,raw_trial_result
results/full_synthetic_development_v1/raw_results/01f06b51a376ace1fe292d395acee7c471e4bf370f8d2f3d3258472425e2133f.json,2691,cb5bb4e3754ab426dd445d5a717b1d8f3630c73d87128ae6587052440eb80f0a,raw_trial_result
results/full_synthetic_development_v1/raw_results/01f0cb615fb1b4b103152d7a13a16848f9d30d93e5c9b5384e64d9684875eb9c.json,2053,78f05e1ca2112992e62792e7499248aa60da7dc138f3e53405c5cca410186efc,raw_trial_result
results/full_synthetic_development_v1/raw_results/020ee24de3a5f2c74f9fc405b14e92634b387f00bbaf5613e8d9d6c065c2fcc7.json,2057,d8ebaa769f9ce6e09cc76715691cadcb5954ede7eafb0ca809b84e4eaf9ba656,raw_trial_result
results/full_synthetic_development_v1/raw_results/020ff777854f1aa73fa8ce876f98a07d64ce25478db47aad40c5f53bfd18f7d2.json,2034,911337c6cb1f184c2d59bf69756c88d14ce2307fe0bcf58b1bbcb77617afe835,raw_trial_result
results/full_synthetic_development_v1/raw_results/0222a38d3064e6cc8263f23bfd3d72f607c7c7bc0a57dde55b36d9ef851dca52.json,2623,b2e101648d3c2efc4ecd274146e2f8adf9dfb29fee466c70c1e2cd40d6b5e55b,raw_trial_result
results/full_synthetic_development_v1/raw_results/024234b67059e8ecbec54e718b54bbdb4875ab37115eb34ad422043f6b00f604.json,2654,68a5cf744bf369252c295cfeb463b6278dc4764eab78fc496f21db44f2b31cd2,raw_trial_result
results/full_synthetic_development_v1/raw_results/026016d47c9186a54d3a2ed6ddf3b436d9b04172ff19b86644bae54beffaad32.json,2638,c248573794fbc7822b68e37f2f276d7ea44502f4883bf3d37ead250e672aea89,raw_trial_result
results/full_synthetic_development_v1/raw_results/02bc9fd9f7dd498a5794e8adbfaeadb1e88f12da9cf248f90cde444dc4f6dff1.json,2658,50404f3f2ec2f9f5c6f9ba07ba4c027e9d49e49775bbcad5323f82bba913ecd4,raw_trial_result
results/full_synthetic_development_v1/raw_results/0339febad3a3a61d0e237af242d214b09f3fff619c77168772692b05b0888da4.json,2674,2af27ece9e8d835f84a8a0d32eb5d2199c2eb8d8046f9ed862407833d70c0565,raw_trial_result
results/full_synthetic_development_v1/raw_results/033f0468e30f2db1583402c031d37e825ddcd84f033c32b4ce24f6530491131f.json,2664,19d32dfac6874cda5b934153d4cb38ccef083b74bf91b8f354c4c360c700b4de,raw_trial_result
results/full_synthetic_development_v1/raw_results/034d7a5a0812bb70e6988b8150de395bba5b72dcaddc1ca257e4f0e0ef97da04.json,2702,bbd0c8a87d285fc81cce6d110829bc83792d0b6f61aa19f76c743ff28662a5cb,raw_trial_result
results/full_synthetic_development_v1/raw_results/034e6c2a3651c5320f6b18f22e1685076bc31903eea242f2f974a9bbf0a798b9.json,2661,44667acf356325d05cd957c006a82c8e516c02cfa2c2eecc1629eb8cc8a07da0,raw_trial_result
results/full_synthetic_development_v1/raw_results/03545fcdcea170ed0cf17a2067579878c6d09c9e3b376b0218ec2d7d4bb9d6d8.json,2622,e69873691a1732eb11fbe98144e92d765b59b219d78d97b2dc739ed9f4d97577,raw_trial_result
results/full_synthetic_development_v1/raw_results/039421b13d909b6147d0da6853c349bf9b8057b2d5106df83b4012980f813330.json,2050,4a3ad14ba9ace5e7f8f177486da9e275c5272641a5da8ff2f848ab345ffebdcf,raw_trial_result
results/full_synthetic_development_v1/raw_results/0395b1749dcf539d799ab50f3c8355d918807a58712f2254d37fcbb28b10e3e9.json,1973,78ef7976a2c728db3fa67afd9a93fecd6dfc5eedaabae303eb90b9585cced2e7,raw_trial_result
results/full_synthetic_development_v1/raw_results/03b1389d3b830a43d7a9ccda2d16b32ff011aa92fddbc99dbbad104217391a97.json,2050,59c04d117f9f908c8bd0758566e3c6a1c2b654a0cb0daa09f51ea23f9cf01792,raw_trial_result
results/full_synthetic_development_v1/raw_results/03b4906435251f5ad1eb21a49c63bd6b55120a5716789e6a3274b616189e1b0f.json,2065,6fb73236c1d83fbed53378d2ffe65d1602e5c2a4f10b0c05caab0bd7eaa26119,raw_trial_result
results/full_synthetic_development_v1/raw_results/03ce5d092729069464f8bc4ead16c054e432b5a3240225dfc0ee07242a77f4c4.json,2634,19a55f1da4581e66c64358f27b6d143926d511967339f9c8dd45f9b30bc9a294,raw_trial_result
results/full_synthetic_development_v1/raw_results/03e9428bf47e148fa99ba55d640918e4f514f087ac3f9fab30e31d6f62a51583.json,2663,7319860abd8cde4408306bc7bef452fa70a9dcf7228d2b88d5b810334dbe9d7d,raw_trial_result
results/full_synthetic_development_v1/raw_results/0434cf615d3824942372a4bd25d64fb1b574fbd88947db9cc50d90664cdb3586.json,2647,ce965722f06d9c8c2941f3fba5ee8511578089c79e2e27eccef517c9c2698936,raw_trial_result
results/full_synthetic_development_v1/raw_results/043948c6d57d3cd2432b9690342ed940a779428ffa618057cc73a58de789982d.json,2037,b81676f10997afc554e3bbc16692d912be916fefba17d3d06bf70f6a3fd3d213,raw_trial_result
results/full_synthetic_development_v1/raw_results/04a8234e01bc808e16e59c693abf4609fd467d8e53e9236ce19d2ec11d21cb8d.json,2045,14b5f70ab68f00f6a381c9a3a80867813bbac03f9ca41976fc126280d381c724,raw_trial_result
results/full_synthetic_development_v1/raw_results/04e05dff68fa6cc4aa162298b339c67848ce4ddcde5be506c88647ad9cbd726b.json,2679,55101b9644781445380430220482d60bd44a8d3706801a3c9cc01dc020d9158e,raw_trial_result
results/full_synthetic_development_v1/raw_results/04e08e8bd03cba3846a524e36e6ea8266ddcd3b56a333a4d965f48d5f9dad6eb.json,2066,271589fe0e11dd8ef74041c4c47a65df2dc6ee40c3ea4aeafd132361e08e843a,raw_trial_result
results/full_synthetic_development_v1/raw_results/04f72e594c223eb52a494d5b86d0b4353c74f4bfb699e03635ec3f81c24add2c.json,2040,fd893b20f85cc78b3fe26539bc6eeee07513415139ab504b470d63ed15de339f,raw_trial_result
results/full_synthetic_development_v1/raw_results/053185aad3ff185c3b80e9e71e9bed6d3aa1dc03f4f68887318c57e7ca9bbb7a.json,2700,f649c5d0d67c37e00c4de8da3c1f5a608dca77aa8ed24904eec9e65463b359a0,raw_trial_result
results/full_synthetic_development_v1/raw_results/054766ccff809bef1d7194a69ea701d308e2678b455535bcd75d9d6e440d5e6c.json,2673,a9c21e431cb3c151eaff116b014d3957960da66c9be1009a212f72253f3255a8,raw_trial_result
results/full_synthetic_development_v1/raw_results/0564161c95bc359eb078a300fe9b21bd944520e08bbe0e14199aaea496b939d0.json,2060,0c05c63cd283e8a992fb602b1bbc4b51bf67b9628de18cb345117a7fb2bb0c83,raw_trial_result
results/full_synthetic_development_v1/raw_results/05f144ca92ad9deeda5679a1622d0a5c82c653776a7f5da50b3d36dc01120549.json,2074,54f960072e5674bb954ce464ea23cd4679b745cf6737356cf248c19519c91af1,raw_trial_result
results/full_synthetic_development_v1/raw_results/06103d22295b9282a783496875a910308145876c30bb279c755131e49bf132a4.json,2679,1c1fe9f068aa2d14ac8e7227b373a86dda7a858193a8fd8229334ae29a0fe66c,raw_trial_result
results/full_synthetic_development_v1/raw_results/061b498dd256d6b7580cb6ed83b56249dc2be99e89faf7d0ac8e3fab22207e4f.json,2069,7810b7e97d3a30da0a975d21fc210b42fa4bae04e677483b86a94923a47fb32d,raw_trial_result
results/full_synthetic_development_v1/raw_results/061fef10f0850c90640e0075b37f3d06a7398a25c2627c49364562bf99403c2c.json,2051,07d837e7e9b463d9077c43cc28f9f1b52f66baa71b666adf032c6f214357f0df,raw_trial_result
results/full_synthetic_development_v1/raw_results/0626d626ed087e4ed6753d1714b84be9c6d4acf59ac2cc8c9a18003fa9943b91.json,2678,eb5805258cdaa051816d95e987294f5518bfb8c155d3abbade14d29ea91b4466,raw_trial_result
results/full_synthetic_development_v1/raw_results/06363f6c1d7312d59144df5a2dc6f84a28fe68ada094b75c323c182215272bec.json,2042,406fd8db22cb0d9814069ba1f5bdbb5593d2cfe4bee5d7474b48ee6cc214c89c,raw_trial_result
results/full_synthetic_development_v1/raw_results/0637c8619b78a790214c34e2e87d64904f7ae6ca21b9f8cba10274785865e98c.json,2663,2778cbc16e1ee2560734d8b20d6db6f52e317299051630383978b1acb0b80be6,raw_trial_result
results/full_synthetic_development_v1/raw_results/06424d84b5d8e957224810c9e09f1d777efc786812263fcd625081b7928a5911.json,2658,3850d347be8011adc71e305108642ca6e08882c72d5a0cea9d0f3c58b4e33885,raw_trial_result
results/full_synthetic_development_v1/raw_results/0648f90db5ae4392c927f97f804ac30c37384b8170c9cdbf192a20d864e44a48.json,2038,2ad37ecdf996c42bad6ec9e708f4f5c6a5af0da897d656881fbcaae9ae7c39e6,raw_trial_result
results/full_synthetic_development_v1/raw_results/0655203ad22f4063ab5c57335dba4b957a4cff5e71b6fb01c203533810b5bedb.json,2035,19a489a4f45ee7d6c8d0efef5ca734f3637a80a784bd539745771ba49387799e,raw_trial_result
results/full_synthetic_development_v1/raw_results/067e7fcf49fb014508ce4de347efa0e41f811a2e28908e265c2b5ce4d9c48623.json,2689,13819c8c932e5006ea4bdcf0e207219040d72e75543ec5e18527bb6c94c2e081,raw_trial_result
results/full_synthetic_development_v1/raw_results/06a728d1bb7310829edfd8af4569da092bd6db0d7146db5e641903039c1a4aa1.json,2068,fb7aae3968562c45eb5da6ba53fb6da66472dc57b06ece2cb80e7dbed11aa04e,raw_trial_result
results/full_synthetic_development_v1/raw_results/06abcb45089cb0001c774231058878fd51da37c17037847aab287bf7c8634224.json,2052,2b978e2d8e4886684a43e1f93c8beace83bb835b8560f258d5a508c4e3fdc89d,raw_trial_result
results/full_synthetic_development_v1/raw_results/06de9527ec62fde07ef9d39717c8efa4f0d5cf78adce965465ed18c80e15db35.json,2047,1e97ef19d767fb2aa2076476a9ed73aa3114a97aeef7a9c4120a41ab3883be33,raw_trial_result
results/full_synthetic_development_v1/raw_results/075a1520335501fa8f33fd4064ec4596a8f2a8c366b9881dba342bb32491121e.json,2027,5afd2b6984801c428a651e5c755350c5d126771073395dc95303592b15a9da28,raw_trial_result
results/full_synthetic_development_v1/raw_results/07a226af61a7a00077436525c46037b9f24a395e36953c08e42620b34b706227.json,2025,7b6242b05eeb7fa69d4af0cda582eaabc6e4afd20371278c951f73779fa16813,raw_trial_result
results/full_synthetic_development_v1/raw_results/07cbabb815278f3f3d41a70bc129e00f61dc73ff0eafad28de67b94f547376df.json,2695,1c57c32845f75ffe5cf1cf5c3ad7e2da1395737fd7b97da6d57f0fb7eeaba11a,raw_trial_result
results/full_synthetic_development_v1/raw_results/086058034d297b10678684d989306d8f2cd699f6c037f13c3a6ad889b4486768.json,2689,bd23368887f95b547fe1a77dfb6c6e56adbf12af77f3c426357b1973112645bf,raw_trial_result
results/full_synthetic_development_v1/raw_results/087f64f2b2407e8a0bf36c23280316649b7d89b5b3531b3de57f07bb1a64b84f.json,2061,ef11b0d2c9f23b28e55dec557f72450d63e2c142c8be5b613033089d0ca28a31,raw_trial_result
results/full_synthetic_development_v1/raw_results/088fd154a46895515ae782182b9a0c9a5942b5eeb1afe216a5eac349de74e544.json,2633,22f0495c8eee0c67a328b6cf6485f2d050afbb8df0891d7104ce89d0006bb80a,raw_trial_result
results/full_synthetic_development_v1/raw_results/08b0fdfecb418b0c7b935f1c2d2a3633ad6c740b2158a50d239fe328b100b927.json,2665,3a839a871f884aaa798f94d260d115983134e662c2d4ab8affea4baf1b74f888,raw_trial_result
results/full_synthetic_development_v1/raw_results/08e703c14a65455b6dac44b862f491204cf1d5c48525e818e940825a74699450.json,2092,086f959315e62a871673471420a8c5c2bb78e35b63f13384741faf16e9398bd0,raw_trial_result
results/full_synthetic_development_v1/raw_results/090112b2878770aabcf07e2dd8b90b89a7d5a43eee276d6b1fa72d81b91a7f2a.json,2053,0343254c6db2c82df056c8cf98ab52a8581119d0f6881cbdbe33cab5f9c45648,raw_trial_result
results/full_synthetic_development_v1/raw_results/09684fe7737134368daa6423f393bbce46a187cc6594b8c4da6b247f8185371b.json,2680,9322fcd2768ac80cf32784c3f2bdb088ad77c4ea06527fb44df1bd9cdb9893cb,raw_trial_result
results/full_synthetic_development_v1/raw_results/09a70566b75e6014760c53cffa238c430d122687f3396decfe97e97d65345655.json,2663,9704eba92b682184e3eb21b26274cc91c7ba64f61b277f69849b477a7f431fa0,raw_trial_result
results/full_synthetic_development_v1/raw_results/09cab51104a3f71df3c3b069420fcac7f880a37617fc594416916fc1fa0b992c.json,2050,58e4e59a2538218b663816bb2a0a0f8e1536438b7e52ad0a5ede9d3d60becafc,raw_trial_result
results/full_synthetic_development_v1/raw_results/09d66ccb0e260a4261689c6492c77463822583b3f9d8b70ba32ab2bc1fcdf9d1.json,2680,2345a1415182e58dd9304efb8c6d97febf7ee725edd8e34d16d1c13461deaaa5,raw_trial_result
results/full_synthetic_development_v1/raw_results/09df32cf51b79bf92cb3de7e2ef89ce279206229138264989d068fe873f2b9da.json,2679,b9cf7f5c4d19fb43d094e6033e33c30ed9c0aac9016cfc6869ceeb2492392f52,raw_trial_result
results/full_synthetic_development_v1/raw_results/09e5acc51b9500a02b60444a14e1d4b8be31b3241fe7a129b6a7efdeb03c8a2c.json,2666,19a5833c1cc11c8bd2303794669d587533fa13e77726ce6a6ede3ec9201498d3,raw_trial_result
results/full_synthetic_development_v1/raw_results/09eb18a44b4a2c40997699943876f06b13750c4a3b904180d00b55dda16e942d.json,1988,95531a5c386e4dfe3f557825d8bcbc262e9e0eabdfe7f4dc915ee3810a6a4da1,raw_trial_result
results/full_synthetic_development_v1/raw_results/09fac73767ae26853bfbee528303e0edda47e7d7d288f6e22ae6113559e85f10.json,2630,daf9909ac21e4e3288d8aac0fe1033f66d9a66abd5336245ec63afe8b284746e,raw_trial_result
results/full_synthetic_development_v1/raw_results/0a002128914603df6c7a63ad5104a413a995174439dc21389830cc8b5b5fd759.json,2689,4632ff2d97bea706ed79221129c17772082c900f9d76a71ca85790d74a97cca2,raw_trial_result
results/full_synthetic_development_v1/raw_results/0a10188decdfdb273666241307f788d648bc0a4cf36c4de46f6643e8a999f211.json,2634,56a51652ada9934e182d5ea1248be69a48427ee798d9ad59f8d58c0f6b0bce5d,raw_trial_result
results/full_synthetic_development_v1/raw_results/0a16a92cab8b4ddeaf4a4971f3a502b30a976c371a71ebf3155f4c8ac3dc371f.json,2031,9253deca12a1974f2872b810a6ea62bdbaf4f8e50146c00989449e1e4f4c34d3,raw_trial_result
results/full_synthetic_development_v1/raw_results/0a4b73f7e58c3d77f352afce2b244fc3c652b83831f937fbd920e1f2e72228bf.json,2061,d8061b0f6db04f289806c35bcd13a51180b23ef4a651d6d8bc97f3582e43c492,raw_trial_result
results/full_synthetic_development_v1/raw_results/0a5d46707a2a643dfb592817c2b23b2a4a3d5b2a82d2d33cdaee09ecf5b54f1b.json,2039,0d28b1238b707f8dae65377730a76691b96c2bde56134a663cda80168347c05c,raw_trial_result
results/full_synthetic_development_v1/raw_results/0a8ce0987fde8a595e6f30fc6e27108e94c2b93aa5f192fd883117ed9da41d6e.json,2034,9f0b0c1912550de20b4305486d0981037bd4150b4e73fe0fbc4caf07c070bd51,raw_trial_result
results/full_synthetic_development_v1/raw_results/0a941da07122489c0d57d5ff225e260d0a6719e065bc378ca4cdd20f4be2d9b6.json,2088,819cf84ec5f0e4a29266c0fef0bd59459574fb3a66dc140aded3cc319c40a5e0,raw_trial_result
results/full_synthetic_development_v1/raw_results/0aa1af7120704abc0fc1fbf2c6c9c29b85275f4603c00d0c9ccd456f9b910fab.json,2665,b6109023e0564072b26dbcaed00cc7d0106290a94e01bc076a6e842cbc1f2128,raw_trial_result
results/full_synthetic_development_v1/raw_results/0ab53c1dde8e67828c6bd974cf7485fa15775c4c29d6e5d2128b4090bfb2173a.json,2029,288f678ca667d56f3d6a9278b0dcb3d2ee8ac250f4003f2991ec511238efd3a0,raw_trial_result
results/full_synthetic_development_v1/raw_results/0b170acc93a8faa8d2eef84af0118d961b875e330bd0f81f9f962190d028c180.json,2065,87ce26d44b05c96967e2cb4e8eba5edd7dac00aaff6487b68da34d0f5a76eb36,raw_trial_result
results/full_synthetic_development_v1/raw_results/0b2506d5a580dd7166c2b4acf7bb149d2f10fa339eb68410da1500b1738d5994.json,2639,063873cc208e996d08566535b36712b24d83209a63c9e69b07c9fa06c5a8f838,raw_trial_result
results/full_synthetic_development_v1/raw_results/0b3a56d231aa1325d32efb37bb28cd41ec09c3af3e4112b1bc1e4f2828dd5ac4.json,2043,7f46cbf20a20c75b50c3d17346c071441c6c07faa928319cd8ff035bf3458f7b,raw_trial_result
results/full_synthetic_development_v1/raw_results/0b49887a38cec5e2240f48588c3c411b254948746fb7774bb430c2e6de5dc95b.json,2040,68c0ad3abebfc2807f60b8a35e5b56dbead81323d8fbc5ffe6370be7e9e8a4ab,raw_trial_result
results/full_synthetic_development_v1/raw_results/0b4e0b2dc13e27c7f8dd60f52ec21fb1681f4cfbb64f100d27f9e18c40cdb86b.json,2639,f567103d2c7e1cbdac895662620dd7c7f523918a690a5343cf8abc9f6d4667f1,raw_trial_result
results/full_synthetic_development_v1/raw_results/0b64885e1de1aad0ebd953d57fece7cd99108387ab9ab5fe7e71f4406357e743.json,2037,afe2d06ea6d33816eb99014961cd8bcf9babee5bc3c73e30a8bca6be47cc0787,raw_trial_result
results/full_synthetic_development_v1/raw_results/0b66db7b398cb6187bdeae9a6f77edb3727e8817371f684eea447358ea58f02f.json,2646,b8568df1bae089b0eb8ed26a844b2682f01cacba8561a945d256a60837b6822b,raw_trial_result
results/full_synthetic_development_v1/raw_results/0bcdf6da4f41b5e3c5ef3b7c5cfe6721777a38b23056930a9b856b2cc368a499.json,2631,710f4f61ea10ced4390c4f8c5c3336987c043af5f82108e1bc25c4de65d2e425,raw_trial_result
results/full_synthetic_development_v1/raw_results/0beba31ca99df9c16dcf6aa5bf41158e1ef35784912fbe0282bdc0dc195d2b5f.json,2643,557c8fc1b524999c73d71d3b1b54713e525cca0e36ce5079c3a4756ddb44d07c,raw_trial_result
results/full_synthetic_development_v1/raw_results/0c0bfb3b32c13bdfa2c8a36671a9adba194977bc185aef7c05c51644fc813ab0.json,2028,b6f9b6fab9e03df90472fbef4313928230762988e55bd6582d8a373822a6e24b,raw_trial_result
results/full_synthetic_development_v1/raw_results/0c2b76ac9f87eda74ba8118b33bb6b692554a5076bf446b12a831d63cdc876e0.json,2080,e486173537b21efd9ea4c32b3aa3cd959ff5d518bfeb4256a7bf56608663c021,raw_trial_result
results/full_synthetic_development_v1/raw_results/0c3767317332312766e18320fe8a5b5c815f2d0f6e02a6a2c4631a4d2a1d3003.json,2092,136899a33cfdbfe0039522a6f36300881fd6ad29cc1fb0345616834313e50d58,raw_trial_result
results/full_synthetic_development_v1/raw_results/0c3aec6628a697c16dab09869fc5efe125b57e607c0b0e6f2fb9bcb6716d23e7.json,2696,be4ecad98b252a4d313a14697aacdfcebb9343c5e3bb7bd341aaea10c7cc210a,raw_trial_result
results/full_synthetic_development_v1/raw_results/0c596d945f99f53516d1180f99363a2fc2abb80d54c76a286bc5fe2d5a5a6d26.json,2693,ecbea0d57f89467a5e7e1890ef5770cfe721bd30f5c52432c54c15d6af218e85,raw_trial_result
results/full_synthetic_development_v1/raw_results/0c7c5114920b76e85735004754ecbe509cb53a3b60f6bb7b984a7af7ddc5897d.json,2670,c14102376d13493d181978e40ec063a7d175fe4c12f19dd85854a868a4304ee4,raw_trial_result
results/full_synthetic_development_v1/raw_results/0c96ab72f9de60ce36a5edaaa6f9ff1740726ea6e753b0d0eaa567c63cedcaec.json,2672,94eed94745b2a783d01a2d17e0af49b816e6c61413e4b3462926cba199e41a4e,raw_trial_result
results/full_synthetic_development_v1/raw_results/0c98f4a664a7c345e379a0b9d997fa02a489c863f7454ee1d96790f58a8c3d24.json,2042,838902f715c7a0a24693594cbd785bbf93bb1d5732cbb39687ff80a8eff54b4a,raw_trial_result
results/full_synthetic_development_v1/raw_results/0c99891baab68e1c3b3548b49606fd3b48b3d2da583dbc587011031e07d6c5c0.json,2060,060c89ecbde9e235b8792c4b3a051f45394cf1658a79434f67d3ab2d95f25602,raw_trial_result
results/full_synthetic_development_v1/raw_results/0cab17b57f6d8c045f6237f54f93a7c94f59e4cfee6c22167d7c50ed4ff9d578.json,2016,50dcec1d65d241a13a46d8e78e974d89a30563f31f550df924587df42fb4fcb2,raw_trial_result
results/full_synthetic_development_v1/raw_results/0cf14e0d207b900e9b46b56bd4fdfaf45f2c8abb6aecf8defa48522beab3f4b6.json,2696,d02dd346f8e46cd71ddc5eb3bb6e260e3ea64c3fe1058c5ae1d4e2cc3b58178e,raw_trial_result
results/full_synthetic_development_v1/raw_results/0d0f3514a0f627590ec086854570363937a574b8b287dfcfe5e9b513920fc4e4.json,2073,bccbc9b1a2dd469da124dc31fe6f8377b750d4049578c3f2904a512ca5c676d8,raw_trial_result
results/full_synthetic_development_v1/raw_results/0d2dfd951029429ba7742b387cf95218991ba56f47437efd6155ffd67b97b021.json,2048,0ba1bb5361ef528b2fde1cc7167ffbbc253ef6e1e83c4673606393d2bbd01c74,raw_trial_result
results/full_synthetic_development_v1/raw_results/0d33852f038bf6afcf1e7a767351b3c696b24bd42adc3a00cabe1d3f37aae72f.json,2671,fe4e078e2f88da7e4aa5e96b772c811139881f6be36b9d08974c1034b0e24fe3,raw_trial_result
results/full_synthetic_development_v1/raw_results/0d379cc2a391d85f11e0131d565073d7a557d8b120883796c7be651c5ba5f018.json,2047,8521a0db7de1d609cceb533ddbb98bca25009e3e2617b3855e4484b0c02bc971,raw_trial_result
results/full_synthetic_development_v1/raw_results/0d5322fd73138d417ac2dd8e356670a6c5c4441d6d56ca42201e0f7baf7aa1c5.json,2690,3a34294e409184ee7a67e6ed3ab8befa259a2f6aa8380c509b981c37b93dba0a,raw_trial_result
results/full_synthetic_development_v1/raw_results/0d53272375612906fd6234323be5500b8bbed3b39f88ecb782fd594b18e2408f.json,2033,87a6c7fa0322ce981e1b4a60ad8c834f8c7e53b940c0f0f105d667445ab4429a,raw_trial_result
results/full_synthetic_development_v1/raw_results/0dab113a8182a00c8e2d119e52566ecbcabaa69afd59c0a36f850377d0f89400.json,2672,86b2e6bdb590b26b5579a208a2751a91d3a103107b184d2a34198a00b919e6cf,raw_trial_result
results/full_synthetic_development_v1/raw_results/0df89c45dd10a98ed3a35d201b1c4dbcf2f10b6619b747ac0038da026a207077.json,2695,5296b54d50756b26c62b68e94db5ca1c3d27663f14740df3e877dbd5ae4fe592,raw_trial_result
results/full_synthetic_development_v1/raw_results/0e04ae3ccd75bade846fba912736ded4d77d24241fe1601d02e80e7be8c379fb.json,2056,d30c79e2c5a95c3be2172e2f6272ba044a695cf87d41bb72eba00caaaa7f62ed,raw_trial_result
results/full_synthetic_development_v1/raw_results/0e17c23f49c042c96eb04a58d52e1b8eefbe539d25ac3e5ea5589631fd1c59c1.json,2048,718485456848847a7c48d27da8b5873479d6c894dd714fb538211244baf384d4,raw_trial_result
results/full_synthetic_development_v1/raw_results/0e5720a47ad2c8ca1af9a50f342b387049df3c3981e131baff6cd67df542244c.json,2057,6aa6f5c0f25af318bb4ece7786ec8a1f51bec717144c2dae2ab5109d0e462693,raw_trial_result
results/full_synthetic_development_v1/raw_results/0e68308f9d04d9568632da81ae039dcfa158e7977410d10cff463602c2719cf8.json,2666,aee2ee3abc325f26e5f0b48a49830bc14b2204d7745f4e879e1adc546151cf03,raw_trial_result
results/full_synthetic_development_v1/raw_results/0e6e9cdfb968759e2c50cc78bf1cf524e0bae065d75b4d5b10c90dd6b438a691.json,2090,aaba603113a5280e9865a43979e58961cde2f89a7ec9130953b506cfe8bcd190,raw_trial_result
results/full_synthetic_development_v1/raw_results/0ee7ea981bf235c1a530d1097cca55d9409266af93eb975c600d678809cc26bc.json,2083,45be37a8640071b4e7b5d3e78a69a45e3860476c71bdfcef519cbb883386a5bb,raw_trial_result
results/full_synthetic_development_v1/raw_results/0ef3e9d600c319e8b32b68c09931439a8f8a5dd331fc856e83b8b4dd4cfc628d.json,2645,1ffb36ac55219f44c255ff4dbba8ad3b8a04ded4c66c0d0d15bd899f86d123a3,raw_trial_result
results/full_synthetic_development_v1/raw_results/0f1fbc54f742e5e9e463303f76dd88474c0d00c78361399fe89cb80e75263364.json,2059,e4465a046f5e3d850c78bc4c9d527e74b7d4370a9166557f04ecad3c63285ef9,raw_trial_result
results/full_synthetic_development_v1/raw_results/0f2fb83bb2b51c854d20e89968c431ea23bc279ea9cbd0f9988f6bd0986c0bda.json,2056,84cf9d3e8a69c5a61456545b9a20569b6aa8da77f36caf5d1572a64fb6ec3900,raw_trial_result
results/full_synthetic_development_v1/raw_results/0f3201af94cccde2315705f750164a7e4f9a6779d2d2b4d1b799ef1418c31d23.json,2020,5c4c934032b12de7395f81d3d99ce1db1151d7b148aa2df2237cb18ead1899ee,raw_trial_result
results/full_synthetic_development_v1/raw_results/0f4a188c7ab9d1c1e662dd8d1a57db20d74df3c0997622907a21e909d141d986.json,2632,a1fd801c4f6165b427641421a4b1962e5ef5c58b7d88b8b7a9de24c6ee26762d,raw_trial_result
results/full_synthetic_development_v1/raw_results/0f667bf5de24686ebf83822662e5963716d3aff368b7857a6a6e59197b108af9.json,2642,fc40ad18acacb63fa4e2cae83c0e29dede8c31762d674582b9998e66513edcca,raw_trial_result
results/full_synthetic_development_v1/raw_results/0fcdab5a6f51edb478241bdcc422a54208e8bfabcc07e9af86350ac66e4a3aaa.json,2035,73a5297f621e06960216f04737d3030fb72021557c20f5efc20e1969a197a907,raw_trial_result
results/full_synthetic_development_v1/raw_results/0fe0e4b4cb823077f7f8d2cdd17f3e2e4c7012cb7453b2d97136fb4be3140908.json,2662,06723448f03dcb29da31c3c9a26a37dde6feda297717a0b41fb196476b8351d6,raw_trial_result
results/full_synthetic_development_v1/raw_results/0fe30ae1270d6e69f760cfd9ef6b31c8231e898d19f9c9b4e0ae524671fc892c.json,2692,3436aa295abf2ee75d3e9b71fc5e05c85d719ead43e5649ffbc457a0cde13e47,raw_trial_result
results/full_synthetic_development_v1/raw_results/0fe434fa740e00bce842ffe838ede97f9db8e4bb6e5ea9d92974d6681238e181.json,2066,d16f3f56d0da994b46b10bdafcbdc682c7e616393d485858ed6887e987cd08e8,raw_trial_result
results/full_synthetic_development_v1/raw_results/0fe85c2e764db4762e3febf661358b35f7065554ea4e71c6171caf897657f9b4.json,2033,aef86acf70958160e49dcdd1db58b8d45b45527989d3d91af5b80efff5c0f68c,raw_trial_result
results/full_synthetic_development_v1/raw_results/0ff128d490d61774f74caa3d704e7727546c9d7c2e1c0d50241b33d227a45f67.json,2025,3896dd1330b2d387148e6c64a18877dcf278c4910606da93b0be40ec2d7f2e00,raw_trial_result
results/full_synthetic_development_v1/raw_results/100188e8b404519893e68717261a08f923b22b4e2422c84df722dd8b0d07d73f.json,2020,d5e8285df51c8b58543027459f8b27547007dceed8ff7e9d6d16ef313ca1bf64,raw_trial_result
results/full_synthetic_development_v1/raw_results/10062d4dad89402053f1cb7a74ecaef6d65b5f1e231c2db0303d5b25d468a6eb.json,2034,c30269d3ba372cbfef464c1013fcd47af656f425e3638b70466603104b32e876,raw_trial_result
results/full_synthetic_development_v1/raw_results/10434d97be007724e31c09a932f4fb9cf5365d5b53ad2c40d60e093faa7962bd.json,2039,9190cd5ed45c0f1c79c714d912c7a051f98b6eb6ce760bc5527ad49a1f10a58d,raw_trial_result
results/full_synthetic_development_v1/raw_results/104b868c51fa0dac7b8d6290eb525820a9a9e90edc2c14ad804db9f6c35195a8.json,2657,c57045625f738eace0b372c32c52c6459efb3dfcba5db3347e5bc69265ca11aa,raw_trial_result
results/full_synthetic_development_v1/raw_results/106b5a16a867c00659528b159be68f54eb52ed57bcf2453b0073192b782ec9a8.json,2652,e3402650c78f09d2b6280c55f793e3cc057d20a26d65df99708c667fb9a20e94,raw_trial_result
results/full_synthetic_development_v1/raw_results/10780a4cb55e7ff95458069672b49ce2b5724c80c470721b3e145badd35f59c3.json,2059,6e0aff8a41eada08bf78bbff11c9d5f52425095f59c4839c92133610cdd515aa,raw_trial_result
results/full_synthetic_development_v1/raw_results/1092e5675f3384e7fc081a69b02ddd73aff7b5d0f5424200971817ce2971be3c.json,2656,0783799f74984722764188a4b55d08c4105577332dec35f999a547e304dceacf,raw_trial_result
results/full_synthetic_development_v1/raw_results/10c867d23b38443d564c6ff43bd37ebffcabdf0a2d1f43e8c47a632b2e62b23e.json,2650,fa0fbbf024055c3a40c4c6f18a8467f596882b34387a049cbac82caf24c71087,raw_trial_result
results/full_synthetic_development_v1/raw_results/10dc74b2c04a4026b4da4bfd2ddf8e1d2ca688b1048a62b80fb18712cffa8a32.json,2666,f238db46f6ea3d7199cdd4648091797957d31b0b3078d50e0a6476f2e7b762d8,raw_trial_result
results/full_synthetic_development_v1/raw_results/10e74d5a60f56352e225d13055174df93bbe1431e31d6f71e8532aa24cd84612.json,2679,af3ab1360c2be5f02c59ffbcb3d4bdb6fdd65c26fe945a668a628b2e59793251,raw_trial_result
results/full_synthetic_development_v1/raw_results/10ef33e733c5faec7b52d057399af78a4a0138a427dc912dbdc9a561b7f2c727.json,2037,251e22e9fbc9c3b4f61ea59f7f00ec2d97fae097af61e915f66a178408d11776,raw_trial_result
results/full_synthetic_development_v1/raw_results/10f4fd374b30bab6ee86f148cca5613cb466539f37c1176c55e9adb5a84537e6.json,2018,e8761f1a832d03f1b492e44b0250f596885a5a9cf327c33778562c858c125260,raw_trial_result
results/full_synthetic_development_v1/raw_results/111cf0159060a5df7b32c19b906b504b6848d1b2923ce114c7a085844a6cf9aa.json,2686,6687dab266538b9d2934d6e4bbdbe1e8ce5830403b53cbc113389ac97fe20c29,raw_trial_result
results/full_synthetic_development_v1/raw_results/112068282595f62bc834dd83d88a918e1f581385a6ae40294b165d10636e5b6e.json,2657,b2f6bcee04fcc536a97cdf97a56e8819550919c038daf80595a919b23aec4805,raw_trial_result
results/full_synthetic_development_v1/raw_results/112676e7bcd88827d22bda54bd9d5dcbf6f689bd99a2db8abebd9c611a713093.json,2056,4b514b502f452e02ebc442cd45fa7a95aa5447fac0f429bbcc9c3112d3970a3c,raw_trial_result
results/full_synthetic_development_v1/raw_results/112977ad43408363b1de3a851a05504c9509e8bf9b8208d927863f2dd9d219dd.json,2643,526044edb3ea72cdd9d34ac9fadbf6856dbdbe8a76b2d9b1fe76c83905f8d786,raw_trial_result
results/full_synthetic_development_v1/raw_results/1166b50d7855cece975afe803d0d24355d9abdd9e6a26b9f90378c415bdc2eba.json,2665,8f52bd128d7f79cf36eb9d2f796de8e9fe29f374497dbb680a1086922530fd41,raw_trial_result
results/full_synthetic_development_v1/raw_results/1175e071477d88520aff35c7af16173f2ce4080b6f594de84bc014126cdb5ebd.json,2018,97dcd5083cb9ba292d3e901d58243ba1b722fb2867d0f2141e6175fce9de4155,raw_trial_result
results/full_synthetic_development_v1/raw_results/1180c168f97c83a698fe439c62b4d81fc1b7507728350665e015e99474e68a79.json,2689,69c4549bb820ac43f344ef9e3de7abe9a3297263c656b84d7b14189ee8cf32f7,raw_trial_result
results/full_synthetic_development_v1/raw_results/11b2a93dd79c38075e589fd8757458609f8e3e8a61bcac4526561ce38d26d9ee.json,2068,887e12b028af21880a24fd413730c6ffd838b43e825a4807a64d34efb8a560ed,raw_trial_result
results/full_synthetic_development_v1/raw_results/11b4e0840653568494337cd9020f9b13e333209006bb701329023fe7ff2778da.json,2050,6e552a9b10fd276217f86e8aabaa38b86f47821453a66c1a7490aa2c1b83b446,raw_trial_result
results/full_synthetic_development_v1/raw_results/11bba10004f1a90aea2f448f7e78597790e7b2665cb8f3d94b72509e5d4ca020.json,2090,4ee855fdfc303676a348f08909e10420c10c4744b82b9a6462a81738bbd34920,raw_trial_result
results/full_synthetic_development_v1/raw_results/11d6396129de1f0f2e75c7f4e1f2f3b47407459bc4808178df36e571026f7cbf.json,2051,64cfe79ea21301da396ddd802100a612c3a1cc00fd4c28ee0c3e914cb9e4d475,raw_trial_result
results/full_synthetic_development_v1/raw_results/11dbc471004fce4863004117d4476223e31b1672747dfb761b54daf258702e5f.json,2651,5272468c27f718d4cb7701841db388bac51496883e29ea84237f292b30b78f50,raw_trial_result
results/full_synthetic_development_v1/raw_results/11dcca46c21cb85a35ba2af1d54e43749799c8dd37fa785f249c6dc4c0276f80.json,2038,303a7a468e11e27566873eb53400133ce1ba0aca1aed24bddfc89d19bd9a6ae1,raw_trial_result
results/full_synthetic_development_v1/raw_results/11e7948ec97da432663ee2ed066d1ff02a6050ae8fe0ba096f61f98b6ef95efb.json,2619,cbf5fa21071c9b9d9632cae51769db4ebbe52a9438df7e30dfdd1fa6607a3275,raw_trial_result
results/full_synthetic_development_v1/raw_results/12057f5bda1469e16e2631a553d4845db6d06c3bebddf899e0907cf1aa7b7326.json,2677,fec84171a50131637ada26a9eef7ae4bece22d7b07400aac6153f38b79b61392,raw_trial_result
results/full_synthetic_development_v1/raw_results/12680710ddba3a7e0e580d14b84c600c89a785ddc64db544bd8ce422540d780d.json,2054,1e4715e928247daa997560a0c3336e9357a7fa61fe4cdf76ad14d3759daeb5d0,raw_trial_result
results/full_synthetic_development_v1/raw_results/126bd50a27122967d288b19cf5f7557433058d5423e1a6be40fd80d4db23d909.json,2058,7968ba251e771039490dcd78b9a414c2834cb2a7d1addced1125eb6aa8cae901,raw_trial_result
results/full_synthetic_development_v1/raw_results/127176512b774c3d0675542e7bf7de42e2a223200cfebc6e64e300f5a11d181d.json,2660,4c07ecd7dd4e2be759b4cd7c712678c14afcc954c9cff1b293868fd097c6deab,raw_trial_result
results/full_synthetic_development_v1/raw_results/1298860e314d9476f89440c6a7378964ab6fb8d89f4adcb4db4fb5e2f1eedee1.json,2703,0d342584c8d590cc8d95ad60c74e6fba3bb1a004bc78a4a1128c2b3647ead755,raw_trial_result
results/full_synthetic_development_v1/raw_results/129a29106708685584f704ed815260666578048ac64e143c9a00c270be910d04.json,2696,96e797c8d2af56a35a34bacf26ca1f2b467333b8fbfb261b974452b33d354241,raw_trial_result
results/full_synthetic_development_v1/raw_results/12d2511bbfee002ce35f57e9305457f9cdc68084f743a6ed0a1248f6a56e595a.json,2027,9991d85f3039bece25fbba7e7ee4bef22567a1979973df384c0673042ed03952,raw_trial_result
results/full_synthetic_development_v1/raw_results/12d985bf6d1fd0130c0b00bbc7a52331f531978e5ebf2c87852e9746b131a1b5.json,2639,6b1fb8456e6e3645b7b0eb6685c9a0372e28df59eb3748f762c1454e654550d1,raw_trial_result
results/full_synthetic_development_v1/raw_results/12dc153030649eb6790c70d57580027beedbc32814b7727b1cefa9c998a4160c.json,2026,ecd539d3cc7f3c4b6d3b872d3d42e966363c97aa52896968207ba0169eea5130,raw_trial_result
results/full_synthetic_development_v1/raw_results/12f37089cbc795cd1ae8e9f0b3c591623a542fb1114ad7491a7a371b341ba6e1.json,2703,6757ebc202a63268a726b603c4f5c9e6f66b60d245b133302a84dda19724e4d2,raw_trial_result
results/full_synthetic_development_v1/raw_results/12f48db4ae83c3c2c29bc48126375be75fc70dcaad42cdcfe0c61105cacdc409.json,2683,f416106aab36763d2b9d97f218c1bbd3b09f43a1e94e995c295531493070f634,raw_trial_result
results/full_synthetic_development_v1/raw_results/130d9a32d9ecb42c493ddf3282d65ea7e18f7d9e424610bbd6f2247dcd17f34c.json,2695,95e2643f6cf6a316b52a7263a873abf42e93c818381b2ecdf872cdea0df3db62,raw_trial_result
results/full_synthetic_development_v1/raw_results/13150fd6c76d91f4b7d4ffb71dcd52c82deb325d4ef36e87a8a868793b684bb8.json,2648,5260de38d46d28913d7830e595ddc3488af282f9779cb1cc229371d4d2751772,raw_trial_result
results/full_synthetic_development_v1/raw_results/131ae81a923860f098439d2a19ffa38bea5898b60bc6037c806d85a5106b102d.json,2668,5d52bd95d92958adb271adb20548947830d3632fcba3a286d19e7be47a4f5dba,raw_trial_result
results/full_synthetic_development_v1/raw_results/134d9d038f1559dcd7055ed2f71bebe4b59d55aa868170f60134f10da41ff048.json,2654,c7089c60ca3e6db42b838cf0062d7ab85d0cbb2ba510cfff53ae30a3bbccaa2d,raw_trial_result
results/full_synthetic_development_v1/raw_results/135e71f28c1d7ccf4a8bc88908e7cb7ea82bd4d5639a8c7602964c946576a8ea.json,2033,085d8af9897ef3e292c363f53fb5b05a4baf140096d6084e51ee7446a197ef00,raw_trial_result
results/full_synthetic_development_v1/raw_results/1380142686b7bf603a0d29df25620aa21e67a694ec02bec350619822289d5a8d.json,2681,986af42ee5809a43c88872dde62cb863da6f7dbfbb8d29558af449da5eb0ca28,raw_trial_result
results/full_synthetic_development_v1/raw_results/13f8b99f8737e9a077bb6912fbf90670e6a60062bdb36eae9a208d14550ade84.json,2638,21f12a0181c24909394f2eb0f4bdd6639051b5e0762360e5a1ed21f0a010eedc,raw_trial_result
results/full_synthetic_development_v1/raw_results/1416b1ba3c75c92c0558619b4efde359ae0b527ba3485181c9d06d6114678e02.json,2063,c59f64e1ff3a58d6e7511bcfc8b49c63439e5781f6e44c7b9124f3e018ed6ac2,raw_trial_result
results/full_synthetic_development_v1/raw_results/141e2a00dd67ad055b9fb8c0cd0b26c98b24a197b2fc82539c241f0e7fa6675d.json,2678,22b83369ea166f6a4ef9ea56a79db9057a13ea323468ea79edd2e6dc563702e6,raw_trial_result
results/full_synthetic_development_v1/raw_results/143df332c2485c77fe9a2c91798fe0739441ad43a38588c0ed2582b705265f38.json,2622,b0f5412ae5f079a79b7d81667a482e423a75b5bad663faab3d70422ef966407c,raw_trial_result
results/full_synthetic_development_v1/raw_results/14428b0d7f687dd4f6ad043d34f364a6d121c664c36af9422ab528e942a46174.json,2068,2fa4ad67bb732cee6e6ebad8b8d9e1547498da7515cb0432782e791388e41e77,raw_trial_result
results/full_synthetic_development_v1/raw_results/1474e5a4ecbaceb72d3edfa362ca30607d703c752ec03466f08f114e59b28def.json,2026,e55833ef220f9c75a4203f7d3bacdc684e137cda5459d368ee3ecce52761deb4,raw_trial_result
results/full_synthetic_development_v1/raw_results/14791081b42fdbf3530a738fe50b025789e21abe46a0e9a1c449259a0ef93e20.json,2663,56a5a9c8ce6f8a41ac12f382f04f0224ecd28f2747be634c9168ce2b75367c34,raw_trial_result
results/full_synthetic_development_v1/raw_results/149b152af559d7b8260a853557c0cef33c8c07948b9071ec667e1156f04ef5f2.json,2672,29d3953db549ec1e7f4f01ef43cc0242b7b5da08d36adb2da4f3fec846c6c5ad,raw_trial_result
results/full_synthetic_development_v1/raw_results/14a7b92d8434810bd6dade496dec6eb8f910df4f004c8954d67f392fe606e0bd.json,2659,dd75e63509ac749a351f9c16f19a63d28ca3b1f039227219a8eb48baeb1f86a9,raw_trial_result
results/full_synthetic_development_v1/raw_results/14abaf6242a9039ac5f5001b81d48c4022f0edc70a86f7a7f34000c758bfb7d1.json,2653,51cb1e649c1b5539353a366452e63fd6b189ab8cefc5f42e270cb1d5d82f05a4,raw_trial_result
results/full_synthetic_development_v1/raw_results/14b22d9c7200cc30d37925c40eaad9b08eed5ac0140fb762b26ce3e14679dfbe.json,2666,1aecac09e98b8cce1dd019e547a71cf345a114d078ab373dbd3b4e17a653314e,raw_trial_result
results/full_synthetic_development_v1/raw_results/14e88e2449328145a286a2f4309808f85165149e792ffa5263ad3fa4f247b290.json,2602,6a19aa95524122fb5b7322f32caf894e0b070a1e3d67925557070cfb1f6d464d,raw_trial_result
results/full_synthetic_development_v1/raw_results/1501940580747c264062b43673506b09377050ceb3fbbb21bd4090710a7c8983.json,2055,c3bb7aac2d5660fe52615e846a2b62ac26ecba1b8f011820b57dc8ab9913c0ea,raw_trial_result
results/full_synthetic_development_v1/raw_results/15021ce00feb0acff17c88ab3053eeb1b57e6eca841dfa58b85e361d219e562e.json,2640,0b56ef4b052dd1453b1007b432e0faceee4f5bd78e75e687572ad9a96e10d4a0,raw_trial_result
results/full_synthetic_development_v1/raw_results/1502abf8da87e8101e6afbc0275fd77d606c374c9d81cf4e7dd5d8b175fd9635.json,2640,a9186e5651102f54cdcb869dbdaf9b3191cd26e2c99280f5a7475d869db2fe91,raw_trial_result
results/full_synthetic_development_v1/raw_results/1524074dd290aa6adedfbba3d0bce37c3c2ae5611349138b02b6aaecd4f7fad6.json,2665,966ebba9eb3fead4e4fa82bce844ff0594d4fbbc5def072871950a658f3792a7,raw_trial_result
results/full_synthetic_development_v1/raw_results/155b24e1e0cdfb3531b866e54fc278170b44ce98596ec16ff76dd5b3b00c44cb.json,2620,b1912c970b3a95b11f7d77ea7ea530ed6d2dcf1fe4f0c3c3eeab935a47b62a3c,raw_trial_result
results/full_synthetic_development_v1/raw_results/15ac68337f1fba5e38236d388958fae25a1dfb29b00cec95787a28d11b34496c.json,2692,3da15a79ef54b80701ffbab761b61480bb7cc7e488da5e2a7bc0f08f6a70e430,raw_trial_result
results/full_synthetic_development_v1/raw_results/162962daf871b5d1fa7b8f909d6220888f8cd739aaaa1b475b135335c809220d.json,2050,83dec5c2bb36d0b67feabbbb19b853f77064b4987f267c436077ad7f315d7d4e,raw_trial_result
results/full_synthetic_development_v1/raw_results/166962b18a2ef10c0b2590ff4fe5343726d78f9ab04869c8da99f88d426c55a1.json,2065,8fe0eaacf17e0df31d7d6243eea908f6e1abeac4adadacb909ab55e3a1615e0b,raw_trial_result
results/full_synthetic_development_v1/raw_results/16749b66431519e2fdbf802fbf907effc7c367bf5bc91c32eafda37288e61222.json,2706,727f2a55b3e64a578d93573f2920311a7531c8d85be1a10a0b31875dd4ab7a09,raw_trial_result
results/full_synthetic_development_v1/raw_results/16887402227355618b31d4a67bcc2e22ba41e293e2126ea85b98cf42e4433749.json,2025,54be74b0a4b663c09e6358dcac8fd7d6c1a0c7054efbbb3e327455e2ec979952,raw_trial_result
results/full_synthetic_development_v1/raw_results/16a90880a05d8c12416cd45b6f2a4be438ea2e66ad960bc1f9d2e6e5d5d87590.json,2698,f41c399eb74820cd6403c8099f08055c35d45ca66ce13aa7d5d5389c23afba3d,raw_trial_result
results/full_synthetic_development_v1/raw_results/16dee00b65e17fc65f423a17920d9e8dfb85388b2633aa7073740f3cef82e675.json,2694,929163fcf2c24a9cf7ebc0a1795c90462371b4aefeb4c9b5525356c5f1231056,raw_trial_result
results/full_synthetic_development_v1/raw_results/16f98adb32845685b06c491771965235c3f57307717b0480c776b86c224172c1.json,2640,851e66b1d510937193e9c5822a4d6a7d05f804638f1d8fa0700575d0e9a83495,raw_trial_result
results/full_synthetic_development_v1/raw_results/16faee24e50a54b6629f4bbeaa606af297ac30cf3b24ad882470251641b9a582.json,2639,a0aac708e72a286cb8fa9ff2303091260aaa18fc8a99b8535035e7a36bf00293,raw_trial_result
results/full_synthetic_development_v1/raw_results/1714f4b059c48f8f71f7aff5b83adda507eaf2ce9d8a1730a155bf2f1fd07856.json,2696,f5795215ed78b230566a3563317e18138ccf82a76eb08b8613a14934318e30c1,raw_trial_result
results/full_synthetic_development_v1/raw_results/17506e0d3187898648d004e3d2d46cc5b1d875bf5442eb4ea16000c1f8e61b30.json,2042,b748969d223433da9bb14f6f35b48d71c08efe2ec43211a9499b5481f6c5c165,raw_trial_result
results/full_synthetic_development_v1/raw_results/176221ad56cbd53ed632907f5399f7b6f2000087f2f98e377363bb37ade7c7b8.json,2068,c102609614e9cad18921a661f654262321f779c6ba2d33fd6cc64bf8fbb8f57a,raw_trial_result
results/full_synthetic_development_v1/raw_results/17c910272d5dfbd9d43a91321dac0bbf17219e01f5ed331fb392d1a0c95de9a4.json,2660,21db640a0a543479efb77f477771300a9273f775c09c85a325a0e863acbeb079,raw_trial_result
results/full_synthetic_development_v1/raw_results/17fb07099dcd79df70ff3ca10bd29c18ca3842890e9434fb9c26ed599bbdc53b.json,2654,8e35eb957027ee7863f7a60f89aa8da23d8d09b04e10b3b0e970929559f8c54b,raw_trial_result
results/full_synthetic_development_v1/raw_results/18055e6f09c4574cbc13aea5bf9875e22c80ca9f04708f5f324f3dc830618bb9.json,2036,f63f22644aaa1f8bd1ce039f4c8181a0c589b0bcd64ca8aa19d90b9a26f08503,raw_trial_result
results/full_synthetic_development_v1/raw_results/186ef20d456ebd6aea2708b38e3c61ebaa441ad44d8850e6e3306f6e4be9c7da.json,2018,d32c1f483ad87b3e876d00fb871f1ec70095f427df90846a6940f4046f5fd85d,raw_trial_result
results/full_synthetic_development_v1/raw_results/189111660a7ac43901b68049322cbabc376ea76b43df461590e71b8a073b3403.json,2654,d938186592f0ea31c6bb1e43304e1eea12488a1ec7158cd40f180e4969b4b4c7,raw_trial_result
results/full_synthetic_development_v1/raw_results/189e26dbe1aefd3026f6be516770575b639849ae44786d8684c9a594652b7c14.json,2055,66a6ca2f3da3481f0c08b124147c39563b81a033e46e6bd19e0cb8feeb517326,raw_trial_result
results/full_synthetic_development_v1/raw_results/18b119c57213825b2a57ca869c321c724b53dae444cffd4f0d0abfd16e17dc08.json,2643,b991efd9db13cba980b8861c08baadfd786dae5e372d470f21799637dbb49356,raw_trial_result
results/full_synthetic_development_v1/raw_results/18cd44480723032c77c050113878060db4fa8ca353d6889856ea13546f12d572.json,2071,614339088740c9ac3f71573924544260a840fac4a1e6ff5270c2ae8e79b1843d,raw_trial_result
results/full_synthetic_development_v1/raw_results/191d7ce10647453d8046d0f8a162dca0b7ee303ed932e81f4bb5d6e19dfcd3a7.json,2066,55780c1e0fbbe3905719a32fe257c1b57cd8abec5b871a5fb56ab821ce1f00c6,raw_trial_result
results/full_synthetic_development_v1/raw_results/193a47eab24af88ba783effa235caa1a27f916f21d5cb312798e07dfccb46d66.json,2019,d359e3b4ae0d91c622fa156111c3bfa4205f39580fe118c7f676bce4cb154ed2,raw_trial_result
results/full_synthetic_development_v1/raw_results/193a4b62e87d4188dcc5e38ecbb802026359f609f7bc1ce980d597c9c41e6140.json,2065,15f03dd98c22dc69213a45c0872d87ead4efe244bc0dd6a6dfdf94bbdc89c085,raw_trial_result
results/full_synthetic_development_v1/raw_results/1950408898aa7580ce50082b23c1ab8034fb02e51d3ea2ae3c1a82e64f2a02e3.json,2643,d4ae058257a375a3e991efc39df232f76f8904cc6ec066293cfc516e4a509b97,raw_trial_result
results/full_synthetic_development_v1/raw_results/1955851af9f4ad1dcb5f0e98f6a1909acd719bca4207732f57aded1f4a4c0169.json,2704,7913a1f20336957906be2e32ac65fc724cfac076c5b17ed804f84f98df05ad87,raw_trial_result
results/full_synthetic_development_v1/raw_results/1973885d8514dbdfd178d8fcb0d4c0cc3ea1e67a452ed1a0034265dc58e4e5ec.json,2668,2e55f11f84077ce2698f72fe01a3b0429a81e1477f97f312ba82840006bb41e3,raw_trial_result
results/full_synthetic_development_v1/raw_results/1974c6764e4395154338755143ca0fd731a56d8147c08f3fdbc3a6232dedfbdf.json,2092,b95206cfa2fb95b7fc21f6bfc6036afae56c6b81edbc2a214e6baa32d4ebb62c,raw_trial_result
results/full_synthetic_development_v1/raw_results/19f061fdd0254ba80a5396cd6764994e6dc273f45d9eb965c34683d446b08ada.json,2691,71605e9d877d599580737a3b480f2ea01a64265a8002f67acad3e9c7dcd05814,raw_trial_result
results/full_synthetic_development_v1/raw_results/19fa4b980b13d0010726a91402a214224296ef51b9cb149b3d91e0b46e65b87d.json,2652,091c59323b4be00ce0f9ebc6ff8b2be7d550245928a021713530a5fd40fdf108,raw_trial_result
results/full_synthetic_development_v1/raw_results/1a17aaa7bf53829e6f5c108937da99975cdca2b7d5f0f59a0a02318d78cc75a2.json,2641,5d4b3c95aa49275683e67fd14288fc55193738082882e500875ffdc95c37bc00,raw_trial_result
results/full_synthetic_development_v1/raw_results/1ab082c85accec5b1ae9879daae60cd28a8b6692016501d6a1e8125187fbfa84.json,2068,eab092eaa7deee4cf41bfae08085923cf80562880b56c2cf34352c1ac03db7f3,raw_trial_result
results/full_synthetic_development_v1/raw_results/1ad3dcdaa6b7d1470c9654a8fd75de0e4098f80d504411fab3fd1a2f11ec4aef.json,2701,34bed8e477466502996571d701f4a2768d4a6c934a55b72ffad2cb99f65d0940,raw_trial_result
results/full_synthetic_development_v1/raw_results/1adcc2e0b05de487b315a3efc10eb0f86e62b83c5586d1ba199637758c9c61d1.json,2620,04354023ecba131a812cb71d489bb8e757d096d912979772533c4cb1c6aadb19,raw_trial_result
results/full_synthetic_development_v1/raw_results/1ae05693ec15ea84b94fca7ed4b12458881ed92832cb9c1bf004b9ee9d03b041.json,2689,63a3b77ec0f7bc0fd6a229fb57c242066415cc201e2ec0f59aac579775300ad3,raw_trial_result
results/full_synthetic_development_v1/raw_results/1aee3131347ed24cf4328d46118845a35021e059722df989a3bf15d6f1939fcd.json,2652,375c7d9be585e743bb16a129193fabbc42dfeafe7fbc893e1f2b9f1977a3a21c,raw_trial_result
results/full_synthetic_development_v1/raw_results/1aee73bd58e35ad00477d60353c6be7581516de373c570de581cbfedcdf3fec3.json,2067,8451f4a783448bd55794bc2397e36f9d9ce73e847d2e5e02237dfb944cce4952,raw_trial_result
results/full_synthetic_development_v1/raw_results/1af321767618eda62398a91e0644e5f01c8c9801c1e9f6189dbbb70150ea8214.json,2653,e678d4b358d3c1d78f97ab84161c9d9c9ab685f9308965bbb4192bc42266a7da,raw_trial_result
results/full_synthetic_development_v1/raw_results/1b071c09d8f0edafd96048cfee76f85d080036526af26bb9fd2970104621f3d5.json,2038,cbe93e5e879f8a4017173aed38cbeb44c234e226ca75383013464452c4bf7f96,raw_trial_result
results/full_synthetic_development_v1/raw_results/1b25409423805f217afe1ea86a1f421c41f2da9adb380acc6e808e1a07453077.json,2062,36c917ad23a52dbbba0cf7bdea5122a1fbae653de67e961559b09630aa5afef6,raw_trial_result
results/full_synthetic_development_v1/raw_results/1b32a00ccb1645c51b4d50b2ecfb1547b9d8aea5410dc096a7c7da24493b1ef8.json,2644,41cb3b412b737043f2d1207b366f6eb21e5a1c45fd85b819a8bfb30049c6b8e4,raw_trial_result
results/full_synthetic_development_v1/raw_results/1b47d04e16a4b859dfd67f9e57970fabdb747638fdf41cd3508c2d37d5af399e.json,2033,298f6c474db9ae2dd67e43ac400de34b477c1dd95a2479f86426572e0ab404f3,raw_trial_result
results/full_synthetic_development_v1/raw_results/1b4cdd01e9cbcba2c7e25c215d00be52e59d9027da9ad85621226241f7642786.json,2644,0db4a10137aff0b035716b734a8584e880775adaba18c3914488ada7d645ed9e,raw_trial_result
results/full_synthetic_development_v1/raw_results/1b7de8f1cb0a585a6152a3fbd66fe210f769eea773c7a90917e12b128626648a.json,2030,9eb9bf90618985a828b6a52624c7120f2298261f501676af8e83437598604346,raw_trial_result
results/full_synthetic_development_v1/raw_results/1b99d3d3952f4b0c1ca3418269cf7477fbdb510200637d56337c59c335935f3b.json,2626,ff40c3795a38b8e641021054c7300d33430cd72f68b2e0e25c8e4ceb7dd4de88,raw_trial_result
results/full_synthetic_development_v1/raw_results/1b9c761ba8414b77a6478bd6bb68a2c21d455e7ecea76de2e59aae902e5fad0c.json,2024,3e36cbd4e83d9ffa594b40424de18c7fb4336ab40c342afb77ff95c6b96e7ab9,raw_trial_result
results/full_synthetic_development_v1/raw_results/1baa255f7f0ab9e3a5502a7aa83664553f4065af9f3a9e4001732acaa872654b.json,2054,d6971f973bf98d43c99d5706e500a31fbaf13fa07009450f5fa1ec8517a43493,raw_trial_result
results/full_synthetic_development_v1/raw_results/1bb017fbf0f82b5ca42180e62a59dcb72433e7656a41f31eb914febceedfcc73.json,2063,69c5274495754079fc79c3455806844592472e0f33b2994989c1e38f5efe4ce4,raw_trial_result
results/full_synthetic_development_v1/raw_results/1be4cdc8228f76b50bf941877414524473f37046766ab95da89766419ba518b8.json,2064,4dc73a49f84c903356e0f7627e7e212a7011685130e6f0751dd92bf53552cc34,raw_trial_result
results/full_synthetic_development_v1/raw_results/1c295a5080e144647838e8b308bba274d40117c9a849c6e762058a2c8be4937c.json,2073,2d12f3f8e409818a10337153616dd8c9e1e908866158251a1fcfcaaff772ee18,raw_trial_result
results/full_synthetic_development_v1/raw_results/1c54939fc4c02a9f7d7b5143f19f2b0501b57dd8da4fa94d063e63b7c0e36997.json,2658,bce4c3da7c6fc758874d6c78753f64c673c8ac8bec34cb3ed69e84f7968522ea,raw_trial_result
results/full_synthetic_development_v1/raw_results/1c54ff5d1f47d4f21502a3b806b89cbd62b640414aecfa3ba3fb58b088bf9413.json,2673,4e0077a76c4ffa44e2a96b6a6abb38ece2654a5fbc4e2803e02a6fc1efdbff9a,raw_trial_result
results/full_synthetic_development_v1/raw_results/1c8b824803e328d6ec0f6d640d0045c9c7fb91d50b8c58e1f319053b9db6adfb.json,2050,58c26028951f46553490fcac71cc30e30322c1276be2eeb8d3131b5cf1d63114,raw_trial_result
results/full_synthetic_development_v1/raw_results/1c8d61a99cbdb76b36728eecb8af70b61e55d52a021d52111d4cdb9d657b6c16.json,2667,85039f56236438683f8465cd630af5a935f86990103ae05b87c63729be48b829,raw_trial_result
results/full_synthetic_development_v1/raw_results/1c9113d3dc323fb780933a9f1d989e2c0b0deaf68c832ed2efdacd2c36784476.json,2705,193c49daaa218812a52c21f59cc921e9e797c4e72b53d485a092e35be0ccfa03,raw_trial_result
results/full_synthetic_development_v1/raw_results/1cc284e2563a59472f8c82f388c89ccecd83faa895b873d5ceded525a963c62a.json,2039,878e7bef581288c95e330941e9dd90fa6c92200264dcdb07281a744e7373ca1b,raw_trial_result
results/full_synthetic_development_v1/raw_results/1cd951637debd587b79367ef529f236d96934640f3eb9c47beaa53883a583037.json,2047,9aeb0ccec55ab8e08371fab36d879ec270c333a3ed04cb8b1141200757f38490,raw_trial_result
results/full_synthetic_development_v1/raw_results/1cdd812d11daa34283f4e540e6dd8bfb0571a6ac0a402fe0f0ae1603b1de4814.json,2083,82ae8a151eb23ae448f9f02d57c097ba6d63b18497516eb771e25d2d169baa3c,raw_trial_result
results/full_synthetic_development_v1/raw_results/1cef61f7af5b6450c022e316a35019657a3ca06657f6480eadfccf52f421fab8.json,2670,cd10f6edc3b9c49e555f1a7d178c04892ef77e5a7eadb9588b5cee08218353e8,raw_trial_result
results/full_synthetic_development_v1/raw_results/1d337188422530f7aac9aff8c665746091261d9aa9265c1d5bc79e9885d25b43.json,2071,24360a8758e66b25575db641767ea01580280d7c3ff304d0c3e6395efe3ff86e,raw_trial_result
results/full_synthetic_development_v1/raw_results/1d36c0b8f690ef7b4a55e39f10f9782758ae5123bb15cd6281c0836f68b48dbe.json,2057,b92dccc2a114be585e17dccd6506bba5a571d47a4c9ec4d6afb7728eb1ec8043,raw_trial_result
results/full_synthetic_development_v1/raw_results/1d4e491a0d7f8dc0df8f66289e7e343b7e6ffc9db9dc2a9bc4a1425cf3bbd412.json,2074,74ed0f82da9c60f6162d53ad81c17ee32848adedfacc4ecc709fa17c70fc5b02,raw_trial_result
results/full_synthetic_development_v1/raw_results/1d579fb8ee5a3d9fbe33337d380b2f95c064c4c2b109dc936ffab950c31ba55b.json,2003,6cf07bcb2a64a39929a49014a1690f87eab95b07e88a032ec8d769d4292f8eae,raw_trial_result
results/full_synthetic_development_v1/raw_results/1d7d0e822ec24230ea605d8f7505c0873614b2becd8dc1d877bf3b21edf0b05c.json,2046,5084745f7b3f40d01852171c8c8a43a164132f4d2473f3cfbf00cce1e0d39566,raw_trial_result
results/full_synthetic_development_v1/raw_results/1dbd2fef98220d0ccc3e10cbd404ebc1e02bcecc6f800b4a6295a05e1c5095d3.json,2067,ca59a19f91af52a6c8b6b0c4d9870423bf845b1e8e9aeb34122d211418c502cc,raw_trial_result
results/full_synthetic_development_v1/raw_results/1dc4c0859b55bf3f5906de4168d59e587a67765425716fd8785700e4e296d3a2.json,2664,5c1bcfe18165c9cec12c4b6e0681108e933818f018071906c8d0b9be8ad69ff7,raw_trial_result
results/full_synthetic_development_v1/raw_results/1e1cd1756e14b82015bf2d680aab4bd0ff036783bbe994b075d6095a7203e6a4.json,2063,3ec08d2dcc35035d908571e826a61bcedfdb23ce7cd2cfe533b03fcd3d46b0a6,raw_trial_result
results/full_synthetic_development_v1/raw_results/1e571b2dc2bb2a58f96e4d6a02b4935dfa920dfcf6a224c403e9cfbe8ede10cb.json,2689,d6c362aae0ef16bb34e08282a593ba6d332166f99722de1e4c30c09b6eccb13a,raw_trial_result
results/full_synthetic_development_v1/raw_results/1e61afe7356aada15967c5332a32a94ba142d2519303ca1590945f92fd99f94a.json,2691,f0ce1c6b21124627a0259b64bb988f0d22c514959980d48d0517190345a24a96,raw_trial_result
results/full_synthetic_development_v1/raw_results/1e896fab4d612d2e12911e8e81e330d80d5db70586ca8126e2a7b9aa49de41fb.json,2033,c8ff7ef5ca65119d840b9ac44dc7e6115119db5edc799991ad0f011355a7e596,raw_trial_result
results/full_synthetic_development_v1/raw_results/1ecab551a5cec62ab730f509d3561c47ae45261fc9e61fa7a2c79f6b12b64766.json,2053,6877fd5775227c8ada248b49e6e76b3eff9e8145ade98596bd9d256ca679e57b,raw_trial_result
results/full_synthetic_development_v1/raw_results/1eedc72bf9a54ab76458df921a093ceb37f2f921d7a594b728abbbd2f7b0db5d.json,2647,ba3d8d1e82472bafca2f574e8fb19a9ca92e46762f9d7c87ed0e9d898bede691,raw_trial_result
results/full_synthetic_development_v1/raw_results/1efa00bac635c23f0993e86d60b08b4fd0320af8d0603b564ac71ab3023494a7.json,2021,2d22160c051717508c6aa02163ad88c44d46e5165cd25e77313a5d395d65a218,raw_trial_result
results/full_synthetic_development_v1/raw_results/1f1be0feb0a01ad6840f1547092343cc71c8696578edbbe71008017c00591440.json,2594,27cc5b026e3773c0d2107bc60cd8026693b84ba6235909b8e3f68ee29bf5080e,raw_trial_result
results/full_synthetic_development_v1/raw_results/1f3f4b7ae244a41a39c9e235595c7008e726a8dabdb5011e0175eb314d853038.json,2038,d4a2716de9c2bc50389e4d59f9ef5cbbe3bfed167528fe3c55b68430104f12f0,raw_trial_result
results/full_synthetic_development_v1/raw_results/1f6043c4e479861668d293c000eaad7987daf7eeb8443b06b08a5adc8f1e4eda.json,2086,29c7734d9107af36eeddecb5faafa3cc407f825f380affa730b3ea9aa87c3d1f,raw_trial_result
results/full_synthetic_development_v1/raw_results/1f60983b70e9170952095ecd4f6ec54b26ad5d2b06383c1e1ac4072585fda285.json,2671,4543d824a1fab4f9d6c5980f8ca2d6becc3b052ef802ad345187fc454deddb01,raw_trial_result
results/full_synthetic_development_v1/raw_results/1fb0437c15f0429f9ea34b4442b801dc0c4c8c379b656935bc4da4c71b156966.json,2081,489ffaeaac1fb2303c8c3093d910bfafb68b4f499a3444b35c717b3900d6a787,raw_trial_result
results/full_synthetic_development_v1/raw_results/1fbbdd8d599980582bd0b402672169b8b8a973ba106b3b2ff04035320ff7168c.json,2691,5d598d7979037198e1d866e913e9587eccbbabf73ef1f419251b5ba757667d3d,raw_trial_result
results/full_synthetic_development_v1/raw_results/1fc6714c9feb74d27b2420b02421bd38d8f8e5d56924b7354b8500da1ae5fa9c.json,2043,992ebdb9f904c73a8b0610cad758184bfe37b3dc3da527bc6c59c9bb8e30a61c,raw_trial_result
results/full_synthetic_development_v1/raw_results/1fe4de11723b417f30f53b8a27d1fd510c8106037e88e187db0aa238f6523c14.json,2061,212683e84598822123d7e7596b0eca5241243a627b14adbe22a68825dd630e35,raw_trial_result
results/full_synthetic_development_v1/raw_results/1fe875f6150d0fb645b5569644742cd0bddc73bdec882b1e33bc769e78b1be7e.json,2700,a21e3269af13e7ff5b4826000971f2245295543ab729dbf701438857a2c3aa69,raw_trial_result
results/full_synthetic_development_v1/raw_results/1fea1f3b256d93a0f37036a86bbe5745fe32011e059c0bac23cc12faaf63e9c8.json,2672,ec3ec003930c10fd58f49f0f8351e34bf7da3725c93b8c40af1ed09dc1823216,raw_trial_result
results/full_synthetic_development_v1/raw_results/1feb3f89fdf1993c83c79b53d4f9a1d54925133774a6b4760c556bae0977a951.json,2076,ffb8f2dc7dc15a16255bf0e024014eeda27fa1946257a4e73f334ee1dc433c7a,raw_trial_result
results/full_synthetic_development_v1/raw_results/200585f390afb6ae703aa2ef0e98a498a8e6ce5f7aa56f6346051edc9883aaea.json,2628,20502d6c45a8afb1f5e5d5d0edcc3e338b87c55a49f27e2f8165a865e3ff4eac,raw_trial_result
results/full_synthetic_development_v1/raw_results/205f1dfa5c93a105892cf117e09b4bf6376f284b50b6cec94f23ecc96d60cf27.json,2669,ae34eeae21d3b28b8f64365d9449a04987a45beb7bd15313bb52ab2d200b5f03,raw_trial_result
results/full_synthetic_development_v1/raw_results/20bbb548f4c40992bc8cf0fa876319d2054441f720611ec0842e8f267de7d56c.json,2697,88ad85aa0a9689db7a87da2a4ef02e85fb719941424bfce560ec8f7a798e9c04,raw_trial_result
results/full_synthetic_development_v1/raw_results/20c1699c12b08b0459511c16f0c1fd4daad7c13f9cc7e004bf97cf87abfe2b8d.json,2070,46e15b300d36906b60807e7263ad53b0fe9e9a1efb338fb291e211a8599c038d,raw_trial_result
results/full_synthetic_development_v1/raw_results/211b210686224aa450ce7c9f70c759b1e136091bb47c1451bcc64122b7b6457b.json,2044,41b9903bd2c942f5e4b4a3c8e0066b7fe0845bd0ff2b69f6d888e033a4d4968c,raw_trial_result
results/full_synthetic_development_v1/raw_results/211ef457ef477f578f9f3b51886591962fe325c048baffb0c71d85e75be1b209.json,2671,6f30d6005aaeba26fcf464aea3ca3700ab539fac204fe7d453773d81a85eab07,raw_trial_result
results/full_synthetic_development_v1/raw_results/212deb6ea042718ef6d7f393042419833b9b6f5c8a85e25b2fcd55662816dee3.json,2069,16624418ac8f0ce7576a463f6d438055eb7a7c490b0482f7be9f8b99dbb514fc,raw_trial_result
results/full_synthetic_development_v1/raw_results/21302e176868fe58bc65232e74abc937146fb1b6788e251a79f641e3961f5740.json,2645,2e3b4846ec1250cf468668a6d86360d5e4fac9d10024163f9b78cddee7b59b73,raw_trial_result
results/full_synthetic_development_v1/raw_results/2161d4b30cb4e69d81cdde16f04ce036bb093a73af00465a7e4df1533e139f3e.json,2079,8596d834e951cf5efb9b3ee5c5a91b22e1a4e4e4a749bfd910ce89cbe67daa54,raw_trial_result
results/full_synthetic_development_v1/raw_results/217f8ed24babdfe05307850af682d9822fe435a86ed2a9b700f51a56ef25df9f.json,2692,dd821cdb3fd2c142051427abd2f924c7a599e7cde6590e0eb37ba8adf581f9ee,raw_trial_result
results/full_synthetic_development_v1/raw_results/21926ce1f94b5eacbaced41791c3fb2b832bdd59e4184fea0b4feb3c2c5fcd72.json,2054,c4c406434fac54be41760dffb473e1e8273121660fafb9690c9ab0ddc8424063,raw_trial_result
results/full_synthetic_development_v1/raw_results/21a23d41ff17b41f650d6c98d615f8e2a1c8aaeb62c9903ea1dbb1896bc58e17.json,2620,74e85aa8cc29040013d4275fae28ebc5def766327e22cf3af0678fe608be48f3,raw_trial_result
results/full_synthetic_development_v1/raw_results/21c3ef8341747ca803f019c32f9bb11d9f4aabf09e83e39eaf2d048f10e6be65.json,2664,25cc38dd9574871dff238afc1a541b795755a7ce24211f21b0907561fa00163e,raw_trial_result
results/full_synthetic_development_v1/raw_results/2259a3a16d9cbef8a5308a756c3714c7ca10691db70650ac086e1f57df60259d.json,2693,80d1e1c662fe7a5b23eb5a2310482deeb8220170cd4dcacb1b2d0973e6649ec5,raw_trial_result
results/full_synthetic_development_v1/raw_results/225d67cd96856642a7a06dc48091d407953faf161de9e649cb94d67b70de5630.json,2028,db3c112bd4c80d5c046f834a1d4e7b76e150845ec996eaef97684db87aa4cf42,raw_trial_result
results/full_synthetic_development_v1/raw_results/2261d912dc1f156630038030f1dde43fbac9b843f4d4fa608d1028dd693f1ac9.json,2047,e4eacadbf709cab3ba60c4867d4f86c9e37a919abe6e7d3ae5f6e8b67d01247b,raw_trial_result
results/full_synthetic_development_v1/raw_results/2271d3a3ceae87ec15d344cc5a6b052169ac230594f5253fffbd5cf4ea4e073d.json,2660,305d4931a614c9932c29f728a53f07c75c4e2ef559376d74a022b02b9789fd89,raw_trial_result
results/full_synthetic_development_v1/raw_results/22d0a527190221d023778a91771f82c049b9bc370dcce6e5745714e50577a977.json,2065,a591d08d7a394f903448c6606a5d2d8f29cbaf7c64e05fdc11613cb9f4cdbf6b,raw_trial_result
results/full_synthetic_development_v1/raw_results/22fe8ef6b6b0f384292f2b8bd8dd7dc559f1495d030caa63020afca03692a1dd.json,2649,dc938f8c35d2e51e4f8c9c045c0740a84d2e94ce9ba9157d895f2abbe25c068f,raw_trial_result
results/full_synthetic_development_v1/raw_results/2332ef9a4852374ff5545ca774367487d8525075e7125d51042b29b6f1335b30.json,2657,212e9ddd78fefecc48330d560f160c92edbc958de37969045d42c6959d726948,raw_trial_result
results/full_synthetic_development_v1/raw_results/233fb55eb707a332cc2bb3c9b57a77cbb70ed44c414eeadbe6df7d2fa278f6bf.json,2672,d634c22b17ce0fe9a58e820cc21d5234bfd2a77dfd1a0dddd7c1b88c0389f719,raw_trial_result
results/full_synthetic_development_v1/raw_results/235d253f51ed72012973ea7414b8e543c702db6f1d4a38b904de65b8f7574708.json,2092,e69d325ebff97547ad17daa9858cf3e561fc5f9634f58b018390c6aa756a3b60,raw_trial_result
results/full_synthetic_development_v1/raw_results/2378e1825272cb6d9e357f3657ca6193f4c5db713fa5732e3052d62f1963849b.json,2021,04c4c249afef30bb20683a9603601bb65c1950ced7f7b77da2ca61edb7710a61,raw_trial_result
results/full_synthetic_development_v1/raw_results/239a89a0941e8803f7a5613381bba26be24fe3efeabdd7db6f219fab06f57337.json,2627,fa262212906b983dccde688756ec5f9a8957c5788836e244d065f3b984312b52,raw_trial_result
results/full_synthetic_development_v1/raw_results/23cbe25ff6acf121758985da2295dee8d2a92f4c3a154ad59f15c190de3761dd.json,2689,93dd6d385acda769c777a6d1cc5b0e3e469b033a98320a4b3d0ec38499596f76,raw_trial_result
results/full_synthetic_development_v1/raw_results/23ed9123df56fb9ba64ec0efb94e5cfc595d49378ead1816bf506d294db995a7.json,2060,7322f51a33fcb9a6e9cc7b50c066f018115da94dcc66c6432336b42b9071b26a,raw_trial_result
results/full_synthetic_development_v1/raw_results/2417a15454f5afeda7647ba522e07f8ce0dd5a46702e87eb80913d76f8e44fb0.json,2648,f70e0f1dd2f5300bab2a2e2c1e1c1fa3dbe5b1e55d439a2b5c16c8e7a8f994c9,raw_trial_result
results/full_synthetic_development_v1/raw_results/2483160a38f51a0123907e2a198a21b714b9105cf4fa4eba03fb7d09ef64ff64.json,2082,d3dd552b44d92f82bd573f742791b240e350572eddc6ce6066436ae2c1af66f1,raw_trial_result
results/full_synthetic_development_v1/raw_results/24abc6e566279455cace6583156bf6eb68d096ada2dc7b9b4c84790171e50eea.json,2663,4d82060976de3c622fb19e4bb1fa44403fafe803dd6410b3d2a53c57de15a425,raw_trial_result
results/full_synthetic_development_v1/raw_results/24b8879fc3cb4dc1dda60e27d01dc9d1a8b3ad8a5d3ee527b54bb4032179a63f.json,2030,322c86b20ebd1b837346f6387cee382e26014225007bc6bb18819b8ea48d76cc,raw_trial_result
results/full_synthetic_development_v1/raw_results/250bbdfe2e9e942e6cf1e6b89b022dd32d614cf70051fe0507c094fdd6d7f29f.json,2661,8be699450c4e11ddc6ba1da33080a1d5fd8377d355903a533116a9b96d695367,raw_trial_result
results/full_synthetic_development_v1/raw_results/251644566809cb6de87708916355224e1b05776ff339526579a47158c353487d.json,2670,4b438c37f53f5bc969338272b662ed6690730896ca4dc38191461f07cceb0efa,raw_trial_result
results/full_synthetic_development_v1/raw_results/2541cf16c82eaab284663e5a4f98452afe2e228227840e2bc52de77f62db3cce.json,2673,d863a40728f46073698a49f151927dee15829b14554aa5d947c7b5c27a1ce6bc,raw_trial_result
results/full_synthetic_development_v1/raw_results/254223e97ed5a07605600af3f15d8c8cc129c992d61ffbbe4182726c6c3bedba.json,2012,8c0033cca13a4385b82c98a8986894664b54239c474d4c40915b8a62189bb52a,raw_trial_result
results/full_synthetic_development_v1/raw_results/2543203c0bddcdc4b7b92d7675bb89cc18dc1969af05f387f125a71193a483bd.json,2652,e8e7bb8d60006df296a420a5ef0fca833ce278ed814e2b72c4c722eb1cb57d1e,raw_trial_result
results/full_synthetic_development_v1/raw_results/25c3dd8f5c1a6804e63db4116b1ef1851b2642f303944dbf5a5eee554633186b.json,2672,46cc9f30f562a30c4b0edf0da60a6eddf64acd2f5049b4911418859c98c73e6b,raw_trial_result
results/full_synthetic_development_v1/raw_results/25e0db9f351a67b3e42cdaa09a84e38d5611fc65e42ad612ac5e43d1a16248d3.json,2701,6102d145cdf886e9ed7eed8ea1f78f00f6f4ac68ace79f0d42aa6b0b6a8f8493,raw_trial_result
results/full_synthetic_development_v1/raw_results/25e91aa16cdfe61f187783974a65375b3c4878e04a6e15f7094a043a0b9b6ad4.json,2042,74fb7ae2149b20e5d025236e064c3b6b6b65e1f2854f8a7f3b33ff199ccb9ac9,raw_trial_result
results/full_synthetic_development_v1/raw_results/25ec5b04bbd013ffb43be8f54cfbcaa4eea9e3f2f2140c884fead61d70fd3daa.json,2677,4d61c9db001a9f90765c6f2717d0d90884ac5cd18d995fba590a0034860826a0,raw_trial_result
results/full_synthetic_development_v1/raw_results/26269590851b9c3feddccf677a5ebdbec9921b93b7ff070a944b8662ff4afb74.json,2088,c9e37531c7c7d32056ec7c5c92f6abc1d8345bdfa971544b5808842ce89eb069,raw_trial_result
results/full_synthetic_development_v1/raw_results/26315b8a0442ed0d1e242575573523ab2cab08cff8d2f1e4c149a5f58c761992.json,2632,5476942313405f9dcd18a8c8450880e68d023f5e83e945bdca23062f80338dfc,raw_trial_result
results/full_synthetic_development_v1/raw_results/26817f83bc6e3cd7a8712fabaae01c2c51f9dd66fb6c19db13716ef5ba1644ef.json,2046,80e541df2da4ffa9f47fa272c9865a87008fc7bba954a57e89b65a426bf0f5f4,raw_trial_result
results/full_synthetic_development_v1/raw_results/269deb0e04898f53e8125c786b39e22673973a058d250d43c80fa4ce5ad8bb71.json,2056,71bd21a0f7caa74cd7174303698fd6aca7c66a91aaf9df8d0d5464284bbb4eb0,raw_trial_result
results/full_synthetic_development_v1/raw_results/26bb14bfd4805be4ce9c7a5364650449cbc0dd9fb4e0636b939295a32c93f016.json,2045,ff74a8811829e2a129729087d37465caa170f509d0d8bbc752426151765e8128,raw_trial_result
results/full_synthetic_development_v1/raw_results/26c7ee33762878f037e4a1d8e0185b36528a17591f1b8755c282d1262dd48d41.json,2018,a1a27e22e20f1b097cdc43a9d52123c8f481ff04a40d6c0027292def04ed71ad,raw_trial_result
results/full_synthetic_development_v1/raw_results/26ea19b7636dbf3bc80619d3fcabd179cec370962abde0050c82a9dd7f0676d9.json,2047,de3a15fc9d243e7cac4e1dec8a1dffaeee6ed1140d6c4a7bd8d310f11a074518,raw_trial_result
results/full_synthetic_development_v1/raw_results/26ec7eade47fc571adbd7ce56fb3f300e2543082cb23830d3de3b21a50af65ba.json,2017,683f8ddf36dff719c0b365cadf7cfac22e3783e492f4f9cee72335acaffbe132,raw_trial_result
results/full_synthetic_development_v1/raw_results/271ae37b18447fbd94e7ba462174e15c21eb7ddaad08328cde3c5818877e8cce.json,2070,565fc87d5de78e3cfc49d7cf0e7767210e0cd617b8311aa0c3b6ae11085bd4bc,raw_trial_result
results/full_synthetic_development_v1/raw_results/274bbbdf4598f996493e0559b259f8e36efee84e0f738b86e1a5df6ade692bb9.json,2057,5651f5eef06a970d053804f5560bd18149d42e27a118fb33e75869a29caeeec1,raw_trial_result
results/full_synthetic_development_v1/raw_results/27503330ea198d8b64999744847205934c3538ded5f4838fa070b3b65c330fbe.json,2643,33fcf6c910b1b4ff2241df458b6c0503876256eccfa9c86c10920459f38492fd,raw_trial_result
results/full_synthetic_development_v1/raw_results/277262cfa7076094f8e50138ee254cfcea5cdef9445659795cbc7b5411e30ba3.json,2653,95e2fdbe09490e1dd7abf2cf7e1202ec9a3a740481e26f02ae97eb3103e1e2b3,raw_trial_result
results/full_synthetic_development_v1/raw_results/278d21744ed7927b912bdf1fe69da4363b1de5ac48d0c39a9cc606bfb0554f18.json,2670,bb232d9f5322e433ead1e15817558ba2071b50ff85b593e73c2579090daf4bf4,raw_trial_result
results/full_synthetic_development_v1/raw_results/27956514889122a793c10df43a2d42c42faf0bc6f5ad46d1da0bd2489be37a6a.json,2675,1b3918dfbfa04620a2efea26c25a5c5ea36d891b424c9601c03a12e02d23e476,raw_trial_result
results/full_synthetic_development_v1/raw_results/27cdb8df8a9dfbe78f6e090caa0decd60cb1476d2c618c99c2930cc499a74157.json,2089,0b4675357ef2d49194d3c8e4e54e651382afd71c4c69c78e08986770ab61387d,raw_trial_result
results/full_synthetic_development_v1/raw_results/2808d55a7c2b5456364cd0e2771295bdfe23ea1a145a441930fc8dd37606e2c7.json,2051,5cdf47a53f5c36a835462376ec4fa6a82df7c62e922e82edab1d45a35b56a3ad,raw_trial_result
results/full_synthetic_development_v1/raw_results/2842815c392076f91729bf2fcdf275e6cff50f6f40cba4cd479c4290c3b1b532.json,2688,9482ef8e501f521b189c001e77e5b259cc1c8c474cd542c5d5cb6c9205dc12e3,raw_trial_result
results/full_synthetic_development_v1/raw_results/2852b5d1591078ff83efe8710204e93a00b257490d6f4ee38e14fbffd22bf4dc.json,2056,cf52b291fc63da7fef8632d9ca708511c34e40a85a6a67d1999224e51f85323e,raw_trial_result
results/full_synthetic_development_v1/raw_results/288f1bc0bd833b319616f71632a72e848c631d93867a8a923f9c82da2ae9db32.json,2709,57845761f51813b4e1761f8b35eacb87da6000523c33d090adf883e08f21bc6b,raw_trial_result
results/full_synthetic_development_v1/raw_results/28bfea7d707da9a3d07589797f79873c1c061ba52461c3f9c065da199cf956b3.json,2054,6e0927e5addf51f965a97b2e6fd47022dfb55ce72a09bf32c140eca95865335a,raw_trial_result
results/full_synthetic_development_v1/raw_results/28f45321be8e3154e5ad78d7672027750f80d6748aef740bdda413322dfc47a0.json,2035,9c0c811c5bc933fde33db5c5bc5f6f47f1ad938019d6063568f170692be208f1,raw_trial_result
results/full_synthetic_development_v1/raw_results/290370e58b443b50e93e1704a635100c22235d5020a1727feda99b828e79f742.json,2649,e48c2f975c037b48de972b0bc0d6095fc58210d596d6ac61491554a6a0a656c9,raw_trial_result
results/full_synthetic_development_v1/raw_results/291b4414310e8227332e44162fc5b351aa8245076d4740994d52346b4dfdb4c9.json,2035,5f55d91e66e4747f749d20608cca0980e14dacb68d1b9d692835fb527098fd20,raw_trial_result
results/full_synthetic_development_v1/raw_results/2930cf6529e90c358e47f27298ff936a2a28bd47bf7e1a464bcf260efa573eab.json,2056,37343f30bed44cdc311f4c45374c58ff68fdba34c97cc62a4f744b3e5cfa3b41,raw_trial_result
results/full_synthetic_development_v1/raw_results/2959e4854eebfdf8bbe6303f544ad4a69ae64133f29af84136e58be0711d3743.json,2017,486f4cbaf358d1cf8b973436bb5b6ad0c5161a92a68ff6f25edecfce4dc5a94c,raw_trial_result
results/full_synthetic_development_v1/raw_results/295e3475144ee3ad430987477baf74c22ee0967fad7be69c4fba51d2c6089cf7.json,2020,88f63df30edeee817770cf0a6eaba57c2ffed6b6f6760ff45e3908f89ec88343,raw_trial_result
results/full_synthetic_development_v1/raw_results/295f13617becc231b6a586bae72746d5ed46133a6deeb291a8aa5b0654582cc0.json,2103,97a0957e862bcf9df2d9f98a29bb2bb44e7fcb24ab3fdc114883b1023f56ae76,raw_trial_result
results/full_synthetic_development_v1/raw_results/2999ca81f416feecf9d4239e35c5bbf0c8dd35f025ef781cb828a105635537cc.json,2658,dde2dc5fc574b8ee8585d3335c65d749871b7394bfc07535b2c095a5c024e9a2,raw_trial_result
results/full_synthetic_development_v1/raw_results/299efc16bf6c837fffae8a514d36d607872781e6ba94d7b96e2d6931362a9585.json,2703,c68ae8f71cf4280bd86102214c6c27b91426918a9764fbe2b8c44c3d86f0a7ee,raw_trial_result
results/full_synthetic_development_v1/raw_results/29c3b873d1681eaedb0c2fff3148f6e22ded2249b2bba6ca434d6d5c1fd5f31f.json,2639,1a0f1b9d7ca240530b3d3ea4a62c879ef5528cdca0740844f137eb872d81c923,raw_trial_result
results/full_synthetic_development_v1/raw_results/2a102a0d180374d0d2c3b07930685a887ef28fb2fd977516725d8ae9a2942fbd.json,2659,4e70f014a7c3f6025c742e2ea428d1f8c528293a71d48b2e19eeef2d9af1b2f1,raw_trial_result
results/full_synthetic_development_v1/raw_results/2a1437a8da7e8619dbca985f4d728d39ed5eb10543f24da301803293280699ae.json,2032,b17d0095c1b8d4b7a6be3e84545410be01738d4047515cbe638c281044a8f578,raw_trial_result
results/full_synthetic_development_v1/raw_results/2a1aaff62bc03c1b8cbd1409a5a52ef6641ccf4421463e63a7459fda58cc4181.json,2074,39f0b8b173fe912c111e3079832949ec5fd48833935ff95376df487be4014efb,raw_trial_result
results/full_synthetic_development_v1/raw_results/2a2d7560966cf2ec1017f78370c3457e1f34c88f11671342a7a135196db86761.json,2647,a5a2c3114bf831a4bcc945b3d4b78ec26bd1642dd01759ce8eea13a900a78284,raw_trial_result
results/full_synthetic_development_v1/raw_results/2a2d9c86f6a93dba25b37d0915d5a08a79734478107762d9981c3b21fb34c670.json,2653,52d408dfefe5878eb4a178f198ac06826d3895a92b44657620f1807dd56dc7d3,raw_trial_result
results/full_synthetic_development_v1/raw_results/2a497a71bec3b2b12d20805980ac4ea8025eae40e6a21c5f8e6606a86d748498.json,2664,c495c2a84abe119715fa086d87c052ab9bb03fccb1f64796fe24b3029c83f420,raw_trial_result
results/full_synthetic_development_v1/raw_results/2a4e65bcee41d7484af54228dead078e97579c7ea8bb189bfba6d6397adedc1a.json,2664,b4222f41f6bd25fa4e9927ad15cd6591760b733f524fd47ead1c5eae6859f870,raw_trial_result
results/full_synthetic_development_v1/raw_results/2a57520177a4968a88cff6ecaca10b7d37c5d40205883a8f4d8733020c02db1c.json,2654,f1782d5ee20af7d9b5af79dbaa002481caa47b1769ac8113f078b7bc817b7e47,raw_trial_result
results/full_synthetic_development_v1/raw_results/2a7933fced3e12c1c0bc74b251de72e7c5787572d910353e2bac1c52394026b1.json,2693,d1b73c9ad424e40a42c0f7fd7cab040392e6726cab36dfcb1a596c086b36f529,raw_trial_result
results/full_synthetic_development_v1/raw_results/2a89761e0495876dc1b45926eef81093bfd548029912bf8ead6e9c87e2980179.json,2694,2315a80bb47baba8f1e15cf33f427e1ce2e83020b9cd4d91fe17b9f0a7adbd57,raw_trial_result
results/full_synthetic_development_v1/raw_results/2a8da69f7c73e38fa548fb8aff2e3b5e40c74f700671bf86f2c88737d4003d08.json,2650,3a2e9fee217bc73db654569bf86708ee2d8c67bece983f22def90ab8ea2dd3b6,raw_trial_result
results/full_synthetic_development_v1/raw_results/2a9f8ea613ec5bbb5afdaacd3b298def7915caf43766407f64c6330c957e8c57.json,2060,2d40be60fc8fa58c25ca92d4c7740d1e46c5e3781b4ff7e7812c2c682276a565,raw_trial_result
results/full_synthetic_development_v1/raw_results/2ab142c2d5f4769706375b75dcd63ecc3aea820a488efe6708872ef7abe7061d.json,2654,a3a1feaab5b86eeaf1b683caa1027088e09c174985ccfb2908cd4a3108a03ea1,raw_trial_result
results/full_synthetic_development_v1/raw_results/2ab1ade67e5d932c4a2b818f451d185c0f82f2ad5f9e75c205252b302b9708a1.json,2663,b22b91d5548aa5b6761b4f3d7b27144c018a7ef490006ba0860e3897eb821d17,raw_trial_result
results/full_synthetic_development_v1/raw_results/2abbf1b82c9eedf8ad20a2fa3a085682a05f19057e469cc070f2d92b5ff89534.json,2702,7754c84dd50ecece9b358737f91550fb3613571f145fcfc2a3cdbcec9ffdd0c4,raw_trial_result
results/full_synthetic_development_v1/raw_results/2ad9c9c87399bc8a6841e0fa35bd62a5144582f28401e218dfc3fed026c0b260.json,2664,2cf37961a556b42274636c82bae85616f1903c5ec2726f15501b31970e75f8d6,raw_trial_result
results/full_synthetic_development_v1/raw_results/2b04dfe6a54efc42b838cf00e792f740f5da139f1ea3f79cb078fb9511e0a9b8.json,2017,8e42c317198447374e472637319bd6ca239cef8ed7be01f87586543660064b43,raw_trial_result
results/full_synthetic_development_v1/raw_results/2b84b09441f045435aafaabc6a047e5151c33e08963d4491cec6280332f1c83f.json,2638,119f57f16200252f6a259c9808b70b950a7d8c6ac3dba008c518ebebf1913ce5,raw_trial_result
results/full_synthetic_development_v1/raw_results/2b8562e0f2888b03125d638f47e3cd956ab9cb2766ffc43f9e5d741e56b9b061.json,2065,d5ea8c2ce264f7bb89ae37687c426f26985746f3dd6d61214a019451f1b30370,raw_trial_result
results/full_synthetic_development_v1/raw_results/2bea97cb5246a77dd8cc7da9f37174e1128a15b4b63bbafd7106296166b7c430.json,2030,b087bc208b4769eedb3de326d28d3665bbafe2a2e227f651edd6dd4f857f0fea,raw_trial_result
results/full_synthetic_development_v1/raw_results/2c88a670320660528b11f540323df736b5d56749c9a1437f3f6227d78c2bdd76.json,2688,c522de2d6c648c74925095f2bff28ecdeddc5efb76dc1e0af241209d7b031f6f,raw_trial_result
results/full_synthetic_development_v1/raw_results/2c99ca25006fea1df20c735182fbdc66978f1279943178c08c35976b8d503095.json,2022,a01e8abc6ec824a7246ea51c05c4886788bfd56a413550bc42e3eeb7fbcf6a34,raw_trial_result
results/full_synthetic_development_v1/raw_results/2ca8746a4eece280b90f95d27fb32b0e894be69d461110a15ecb156657e189c9.json,2654,081ff2d5427d3aa5ef08aed8bd59ab11b709a315da1016d69addd11142596294,raw_trial_result
results/full_synthetic_development_v1/raw_results/2cd98d4bcab2578583f4ac060d2f9dce5a19afc98e1b5bf132dd7e8c13d2ca1f.json,2660,41d8149bb78afc96428871234ec9c6f70d64b28910f242dd62a90ee105635ad6,raw_trial_result
results/full_synthetic_development_v1/raw_results/2d0726cd1fd219ade8dfea1a61a37904a18b771bdc9a201a0283321011b1604e.json,2052,17abc45e51ef445dd0b228858f3e158850bfd3ff359f3d887c09c08e3ad7c0a8,raw_trial_result
results/full_synthetic_development_v1/raw_results/2d9e38f212aaad1c20fff6fef112be70439c37b605b78f3543c982f8fcf4256a.json,2677,9fae867b6ed97065f108514466cf8b389ea28d5be90ec44ab1204e3d72aa2480,raw_trial_result
results/full_synthetic_development_v1/raw_results/2dbe34d7145fef7e2ce9c09e63d9a048e41e3c8b49ed3deabf6ee6863a4b9f4c.json,2699,5076eb3d248b521c4e512199d7cc0ca8bae6e6987a8e8926cf5fbde5e2e5394e,raw_trial_result
results/full_synthetic_development_v1/raw_results/2dc082b21c749b68ea0eff6b0d03a4b84953187aa7bbdf7583212aaae63d32e1.json,2654,99a9396263d6ec7f1b3f353d47d614be7c639baf89a1f583c34ec289f5cfe8dd,raw_trial_result
results/full_synthetic_development_v1/raw_results/2dff497bb49eb8a31af749e08b6083183b0586ad44001985a4429fbe2e0c88c1.json,2046,c1228d6ea1da74f596998adbf8bc981f7dd3c6f61fc967a7233dc49a1af049fd,raw_trial_result
results/full_synthetic_development_v1/raw_results/2e0f87aad149fec2e68d134b1e8c3b04b795fa7e62fe5e3573319e8615e551ff.json,2650,e38204952faa4caf50ff849f814661278072af61eadde6c3f6756f70e4bd921c,raw_trial_result
results/full_synthetic_development_v1/raw_results/2e35c4cd7eb19c41e142630b0d1c5f93c483cdd72757f017af0cac370a8967f9.json,2089,089748d4d75d6cf4053d7bab7e51d4a47319e739407146be47b6e07727a644a6,raw_trial_result
results/full_synthetic_development_v1/raw_results/2e38352447378c196de9a584920c01491c8f1333f0045ce89df0a50a86bd4a8e.json,2644,788c04f20afca5576228b67e35ab92431a64389161f17b2c4ae3b755023ab92a,raw_trial_result
results/full_synthetic_development_v1/raw_results/2e44fa31640fddc2d3054a0488bf4706ffa90c42b639ea5130d9e09a967389bc.json,2626,25f37bced3b9502e48fc644cf8b066d1f5546c61427f8c864deefe0fe3165cd3,raw_trial_result
results/full_synthetic_development_v1/raw_results/2e7699b8adbf44ab11ffab3e995917ae305b3cc2152f62b536a80689e0c50c1b.json,2052,1d24f4796fb635d2ef3c475e075ba864155a4b2df2c4d4d410561d8692c73314,raw_trial_result
results/full_synthetic_development_v1/raw_results/2eacd604375cd9634451c25dc4cf980f67817936d69c6b084c3547326e77e7d6.json,2063,1bb2f986e60c0b00cc1d6081e611a6ba6456c5bf2a880013a178229108fcfa75,raw_trial_result
results/full_synthetic_development_v1/raw_results/2ec1025fa93900e729793f6701d21513d7bb7439b0f0d25047e99347376a6a4d.json,2055,7d4490cd7c18bfc379fccde127e5edd9abae1f86d89a096a9126eeb272153fc7,raw_trial_result
results/full_synthetic_development_v1/raw_results/2ec812d8672ef8aea9dcb4f80ee20b17e30be17db4252f295c1125f587b129a6.json,2649,1c002d78e30c26140d5b1647f14cbad8e631f01a814db6a13e6f0f314a9f8ede,raw_trial_result
results/full_synthetic_development_v1/raw_results/2ed052495e7fb34da930b844ad5a0a658add0a681bf92581c560bf979849eb78.json,2046,bc9e91c1c71ae22d6a54917aeb5b471b875eaca82efbd5908d7b598845d18ca7,raw_trial_result
results/full_synthetic_development_v1/raw_results/2edac714bd62d205effa2a4e52498a92949fc3468a2855c02ca91b8fc9715809.json,2070,075e0467746060501e77e4fd9a872703547ee0436089b9647a8547eefac9d2b0,raw_trial_result
results/full_synthetic_development_v1/raw_results/2ee814e8dbc19fb12b90e46b1aefed1e1b6342bf4dae4e23bff5918bb3aa462a.json,2700,ce25abea12dbcf711ad61b5d58a282d168cc41c9a9ff633403b937006ca67701,raw_trial_result
results/full_synthetic_development_v1/raw_results/2f12b8f92fc75e4b83cbc9a1544c971393b18587eabb1b961ae39cf92170a5cc.json,2022,ec6feb05416a75095b09d7d7eddc696ccff124fbd0afb1ead119da546bbdee5f,raw_trial_result
results/full_synthetic_development_v1/raw_results/2f3c6f8415072cd3c0c71482edc2644599a63da072cf70c66b87f6c12598d9cf.json,2084,1607b19ee9a9ffc4449214f423639a179e8c62ca50d477a8c257627453862f31,raw_trial_result
results/full_synthetic_development_v1/raw_results/2f686b431e519c6b65921a418c51c56e95fd3a07aed8be3a50a3f7b2b96818fb.json,2641,5746455916ff4c799c8a4b4913ac3ffc54ca84316ebc83a47922331d6d7a7b2e,raw_trial_result
results/full_synthetic_development_v1/raw_results/2faeda898d361d727ea1480d9bab7605f3df58964c496b8853b252b6b18d42b8.json,2093,0e564e109c047a3b6737bac7bebcf5e075416fee58e5ed26a2d31ab9653e0cd8,raw_trial_result
results/full_synthetic_development_v1/raw_results/2fb75efe709ddae45561dc3dd781f32c4b32985d20b6285c837f570e836de6d5.json,2040,c25c863315a94a0fb612a9ab34ead62a9f759213e9a490ff1d9abc0a2499a562,raw_trial_result
results/full_synthetic_development_v1/raw_results/2fc645047505429c3d356301b1b8acbdea0056bfed052ed33dcc91deb96e348f.json,2646,8e58c638e0492e82866c3932111a3498c3dc8e2b2292da787149dda029073790,raw_trial_result
results/full_synthetic_development_v1/raw_results/2fcb311998b592606a4ff9eb3dff1903cb3036354560031892314b6bbd986794.json,2646,b1250b0147e7f0165738f8deda55c75803aad2a9ec6dd6352d22b1586318b450,raw_trial_result
results/full_synthetic_development_v1/raw_results/2fe4ca41f0281f6dd7c0a277d17d09157f3c4e4fd7553e1d6e66cb54e74217f6.json,2025,d8dfa51197ec7ab1b8b78c30b286d8b081647ace8d25d1a0ca8d03b48b56b4c4,raw_trial_result
results/full_synthetic_development_v1/raw_results/300790bf703253840250026c87cfb45d0c1088fb955fd1d5d15c3fed5a78d300.json,2015,9aa9bc420e2a8b5bfc9b6ebfd6950ba29f9640f998cd0046d6dd759b59f42b04,raw_trial_result
results/full_synthetic_development_v1/raw_results/30094aea0fa7ccca7c7a5247ef8a53844c3affb43ce6e2ebbad6e79c38349665.json,2663,494c520c2e244d138163c52b76e5bd9581cbd8d74ae79a8d3e7ef26d37dc481c,raw_trial_result
results/full_synthetic_development_v1/raw_results/3017005a8b65e6da720fcf324c012df285b77280dfceaa6a51691b9946bb7722.json,2647,6e900cd3423b577ef0da60f06ae349efd2f21c57626bd4924482749468c759a2,raw_trial_result
results/full_synthetic_development_v1/raw_results/30572e401c0b969923e9a443fb0b29dd131d09c55adb33d0ba823a7dbb994585.json,2089,dc371caac8abb1de11345011a4e640c5f50fcf577899bb36dc1bf9c5571a7a37,raw_trial_result
results/full_synthetic_development_v1/raw_results/306f8de54f607c33a1e9b014b650c3a8d0a205c620fd74b049b35753d9adfac5.json,2077,1b925b2f5b165c65f2b6075d09c1daaaaab8c3dd3c4644710754e224a0abb50d,raw_trial_result
results/full_synthetic_development_v1/raw_results/308956308c8096c955bce0e0912d542f1efde25d3f24e80d61ccd58ad322faf1.json,2064,26664bbfcb249198c1504b2b4691b8a95c73edd9a81ea9ea916cd925f330738f,raw_trial_result
results/full_synthetic_development_v1/raw_results/308ab6e2d0bcc44247073c4dc6601caa72080609bc82f44b2e27212f3594e4de.json,2674,508fd9bf0214ca4a40c80febb078fdc6e955f0f183e4b08a35527063cb4d4f00,raw_trial_result
results/full_synthetic_development_v1/raw_results/308dadb81486e7b5304d39fee11acb47452bb303135e4f9b04fa98147b2c2a49.json,2048,95868f0339aa382c63cb4489be288c08366fbd41ce8288d477a59d31c85eaa3c,raw_trial_result
results/full_synthetic_development_v1/raw_results/3106702bda9f209b88d9b2824a4da12ac9ccffe07542c6340aa6d33971d54a2d.json,2051,6ec5d279b273ae5e2b39021d85200fc1a4091e0c2e7112ad0345da9f0954003d,raw_trial_result
results/full_synthetic_development_v1/raw_results/3137ed85f27d6ffa18fc9595dff5681b3aac5252e1d7491eb17bdc43d80375ba.json,2064,dfa3f1b9fef852dacddea91698295e815f62586446afb02ffd5f533f7ffbc194,raw_trial_result
results/full_synthetic_development_v1/raw_results/3153e62b98bf979cbb53854e95e8c975d3b2eaf92fff3cc648987a471d699b2c.json,2643,9c097573198ea9b7c5145d5adf4c9e01b73d8b48ea29d028cdaf9d448b57e944,raw_trial_result
results/full_synthetic_development_v1/raw_results/3165bacc53618a80d6fbce9c0bad4c35c1fd8708733510353834998ff1b14137.json,2671,765b19a1220d72963d936efe62291d109d364eef71a68f1e294fa0c713c62846,raw_trial_result
results/full_synthetic_development_v1/raw_results/316dfdddebb08f7e8eaba11eacedf55e5aa9080f40762ac541de3f6eef0aeaa6.json,2687,f07d4d928574d3fafcae1081d9f10d6fc7894de798f76b996d90993c66013ab9,raw_trial_result
results/full_synthetic_development_v1/raw_results/31e5b04c5c0c1e229193cd133b33651bd26851d301f248409adb0ee1ff77d818.json,1984,070980d05b6d1509798930c3a2d86ef55b00603b7afd246e15797349f83549ed,raw_trial_result
results/full_synthetic_development_v1/raw_results/32099a6ab03f493cbc58d36aaea3687cdfca91b583768b504690f10480007f9c.json,2672,b45059acbf3c41aef5000806144069aaf77bfda76f9c9ab67aff75c4b48c8fea,raw_trial_result
results/full_synthetic_development_v1/raw_results/322f8173f675bc04cc51a8032458c28a55699db22434d94df822f2bb99f432f2.json,2680,c0aedb1587fad66b943816bc72bfcf578a2a5a4d2ae36a0126a7ff0d12311dc9,raw_trial_result
results/full_synthetic_development_v1/raw_results/32ca72b07d660f9e346008201ee52064dae80a1fc575a738d46c6b67bc29bbf7.json,2033,fb76b9ae9cfacc9b58684e10b92cb1f6f8c4f9f8bdcb0bd99929dc0b15ec556d,raw_trial_result
results/full_synthetic_development_v1/raw_results/32d31b300412b1abd8d6b9513c4de6e234f1eff850d4c0b2ddb3b8790ff16ca9.json,2652,763a808903fbc472a1fdf1b31af173e8420bd58f5c96d2ab0f66a60b050054d9,raw_trial_result
results/full_synthetic_development_v1/raw_results/32dac4b5155c39d6b1743fccdccd1459984cef07cadabe084c8770d8cd1eb354.json,2623,dced701d5237048836903845993e3c0f13c700d1f9ad9922648295fa38a07ef8,raw_trial_result
results/full_synthetic_development_v1/raw_results/32fba23937aa5788f31ab7383b2b9015f764585c27ab251643a15053ede1895d.json,2653,1206b7386747e8bc6b6e6ca8b01c12a96ea6ba88153c96d3917ac7e8c5050b9b,raw_trial_result
results/full_synthetic_development_v1/raw_results/330e46ddc495c05a84d65680e6ab4b29ce2399c049bda7742f3989ad930c8cfe.json,2624,1001b82a24769ed9bbc36dce00cadf2f8a6e21304b732aa24a77c58125754430,raw_trial_result
results/full_synthetic_development_v1/raw_results/3323b3b5e75ab66cee2eb348379f0f10d9a62c6345cab4b39aebbb9340fc1681.json,2071,cc6aac6b22edb8006eec7e14b7540e3830b9f65813f284c875c420cc0f930f10,raw_trial_result
results/full_synthetic_development_v1/raw_results/333048d489c49c2dcc1a05d6c4c57d54c5335fef557bfdf10bac8d11c442e2d1.json,2070,83d652cbe3617e276b5b9ecc95bd6eaec53ca15f737778356b9bc5454368defa,raw_trial_result
results/full_synthetic_development_v1/raw_results/33908cb8a046f18a653f1056e886f24b61663dd2f6581eb1356f5d826c1a8682.json,2068,5e901a19729d2cdf74113dbcc3d76e69febc28db759a2a6561cd7c53cc4c13c7,raw_trial_result
results/full_synthetic_development_v1/raw_results/33973026aa4236faf2cc6d9e3a006fa093fc52b0a5547db988a1421b54d72021.json,2047,18094371f54eed693a869108db3d6905c9b0952eeb3af82d9e6f1421130c05b9,raw_trial_result
results/full_synthetic_development_v1/raw_results/33980db925fbcb3004be5a083202ee2cc6e9bb5676a778724dd17b66414617b4.json,2017,eb295ccaf555d4fa0737e1b504cc30b6124adced0e975a91beba33bac81d8d0c,raw_trial_result
results/full_synthetic_development_v1/raw_results/33983aa38ded8121121a7fc05d10671b008185b2ee15aaed5da9b00b8568b78e.json,2693,15d89c2eecd39541820e76b977b709cfcc4ff047afc8a5d2ab14d52abd280e31,raw_trial_result
results/full_synthetic_development_v1/raw_results/33dcf97246831baae3af7c20acb18d20d05edcaa97e838df5e6504e45b9fb789.json,2071,d0e505428051174d1605ce8713883dc747df5186ca6a0f2502d336d09d3a78b7,raw_trial_result
results/full_synthetic_development_v1/raw_results/33e641bb5a056ed1aacb909aa5fb13aea09a2bccf811902c1eb23ea29d8767e4.json,2042,0ef4f3383c01a8dd1366b5b7af2c98d288ada5df28cd8b9df9f6c799daeaccce,raw_trial_result
results/full_synthetic_development_v1/raw_results/343598e5c268b7ff1b98059c3e76cd9072ff9fc1703354cac32bee2c05756f22.json,2043,093f270711ae3eb0e20f7cc517e5f6cdca78a2fbf39de4421f9dc925f7dd6da4,raw_trial_result
results/full_synthetic_development_v1/raw_results/34399d42b79fd294429e8b6ed7d08316e81fcb7cc31e9b76da38e78516cb5627.json,2055,36ed7f68890223ff1fa11e5a654d6e6f76ba6d0419180c50e8d95e9c06647689,raw_trial_result
results/full_synthetic_development_v1/raw_results/3448457edca4cdc93c3a92571b77acda146bd2915246c7199711d801a2e0686f.json,2068,99a8a1c3fdb1c393d96614e8c5ffe9d7708d40cae0dd2ffc8d0e4ac23ef362b3,raw_trial_result
results/full_synthetic_development_v1/raw_results/345b0ec07e17ba8245ef0cab2b5a4d2aba409e27860337c2d8449cdb2b939d25.json,2641,e266f763e21916bcd7a9b1755e7fca036bc60bc067558112c688c6a6c06bb4bc,raw_trial_result
results/full_synthetic_development_v1/raw_results/34644233d62e9803faa8054618aa05b1439aac5a48f31f1554f3f5c1e6ac877d.json,2640,8a56a94067fb97104ce85a493c27c7f8e89b4b8d08f8c4253ea216aa5971e3c7,raw_trial_result
results/full_synthetic_development_v1/raw_results/34b3f8c113fd3835121071ee960ad5b3970b6f5f4b239ab4a84d00023642be07.json,2050,285e974c5ab8706eec0200722420ab90d0e66ed4979645f4b8b399d4490b1a4e,raw_trial_result
results/full_synthetic_development_v1/raw_results/34d863cd44e10919d3a73a21d505be31f0705844640263cc5c17888939622547.json,2635,5531172d3bfe98f7c2b9ed1a49aee574f0cf498fa9a9a816df27a78138fea17b,raw_trial_result
results/full_synthetic_development_v1/raw_results/352556f92c26820060c0d3fa946b7d68292bcdcd5cc84125d910fdc685f93a7d.json,2017,f08e78b5d0a5a858b52a37c27ff72081d9e84c3c7b3fe4a6366bde00f06f3e73,raw_trial_result
results/full_synthetic_development_v1/raw_results/354434b83ebd859ad082dbba20f841a95dcedb285485889ffaedd7c3db1ae138.json,2069,f020e6ceb483f7152e9efba05fce33b2c9627e0efeb2b205fcf33a0d35976bc8,raw_trial_result
results/full_synthetic_development_v1/raw_results/35468f25d88c8b66159b0768b4f3e859cf8ad8bcbbc9bbea3036deaf6bb287f8.json,2072,cc1e353a64df7fabbdd82a9c42a9f708f91995e31f1284593f50c7663aa84886,raw_trial_result
results/full_synthetic_development_v1/raw_results/3547f788b2a75cb1c3c8660153e3e913517cd156d575e4dfee1fbd8abfbbafbe.json,2686,59b659414adfaf8b94f6b4c83cb425a2b7f82b8a3819cad8b2d71a84fb1ed3fd,raw_trial_result
results/full_synthetic_development_v1/raw_results/3564f06c358a3c9c46caf182d963bc60a387d47e8a03812aee15bfcada43c884.json,2690,f86eac90ff07118e9d79cfa29d68258f93be701bed47b460033dedddf3ef0a61,raw_trial_result
results/full_synthetic_development_v1/raw_results/35670ab853372617d9a4be32cfc5080776c9fdeeaa5107d6a49fb80faab0040d.json,1999,707fb7163fd073ce1fe33a05d71415d4ad84f43cbff671afebf8d2fca2d3fcbf,raw_trial_result
results/full_synthetic_development_v1/raw_results/359c3585929c130939afbe0be7f7b5a6b723b16d38ab83937bcf0e5f48c578b0.json,2691,172d4c7824a7bea1aa74e846a96ae788f84f10163f830d8f1fa1e632b3fcf918,raw_trial_result
results/full_synthetic_development_v1/raw_results/35c6b2d6bd6b3489cab1c1525577ffbcc7a7658cdaa07dcb231058e644251b4b.json,2032,e040482e31c461725a863b34b86062857f44afd211b4819cd5ce34d6c0c776e2,raw_trial_result
results/full_synthetic_development_v1/raw_results/35ca5f7fc4c4611be38e6c3f43dcab7fe02aba612d59fbf08fcf1e79cb078a0e.json,2074,28b8f10edc9d23ef5730691d8249216ca3dae14d5a461e3f4d6ef25816ca8189,raw_trial_result
results/full_synthetic_development_v1/raw_results/35cb445f30f7b857adf40e663879aaff46b67adef5766e4a7377bff4380e4ddb.json,2660,0ed675792507eb0df98f5d2840918471dd2ab00efbda5e71932b8878c4b0636d,raw_trial_result
results/full_synthetic_development_v1/raw_results/35e544a66e19d3084d1a35adf71841c638a6b1b7ce3246a2d18381ea15e84487.json,2058,b7b76f46a6d4b3e95c89235413634afd1bca0a857b2a782b506b39a51d963d8d,raw_trial_result
results/full_synthetic_development_v1/raw_results/364476c572e94bbd2db5ba9671c9a295608e829b953d915966987ea486040068.json,2044,7f960e84461d3b758fbc9511dcbaaa0a1f832d320df4bb62a331536867056495,raw_trial_result
results/full_synthetic_development_v1/raw_results/36471f7f3631d477a972e14593e59439b7e01f5eb0dd65963869b03183796a4d.json,2640,6ebc35e3411f5d384ee0de5bcc5102c6c3192a5046eed43974cd6c5ca00b25f4,raw_trial_result
results/full_synthetic_development_v1/raw_results/365609c2df0b59cff7dd2204011a4b9c63cb6ed961cd92be6cfa1aee1d80f312.json,2648,b2191c27da809ccb92d7401a0a6bb5ed6612267f29fbc436f8eee40b8d9936c0,raw_trial_result
results/full_synthetic_development_v1/raw_results/3656f0bb3dbd05b524caaba432667e41c8e38d46cfd9b064611afc95aa41f3d9.json,2688,6ff5099bdadcb76bd4e9191c5309583fc6a2ea3e31fece662f96e95a2dfc8fa6,raw_trial_result
results/full_synthetic_development_v1/raw_results/36718d5101e7de7a350853cff264fd9ab89a2e496477e40b56c8d5eb05162e0f.json,2059,bc8809c7a528654a545b597aa78e468f7103146773a0c4b72fbb551d0a16a629,raw_trial_result
results/full_synthetic_development_v1/raw_results/3697e4764561fe5d844a26afb1b2cd4dacb8af6af8b1d82d13caec93ee7f2ffd.json,2710,1580eaceac4b17a59bae72ce37dbd6d3c5b502b3b30ac820bcea803006c1e321,raw_trial_result
results/full_synthetic_development_v1/raw_results/36a490afff2e2d6f0830044d29a39cca9cc43a38446387d7bce1bb30da5d786e.json,2035,e97bbb614d5122f04dcb7ce5b479b567d0809f8f577515f1cba8de946cd195c6,raw_trial_result
results/full_synthetic_development_v1/raw_results/36f7072814b9b632310befdcad41463c4e2f564f2a7f7e453af4359874823fdf.json,2646,257d7f5668af2916210180f03323740fe1664d7a0f079733d1d962980d7efe31,raw_trial_result
results/full_synthetic_development_v1/raw_results/36f7a7ca1b4df9c9a0169b87cba4b27b6b630d449e2e8c469d87476121ff9c9b.json,2031,dd66ecfbe7762ccb1ec03ab6b451f4a166660a59d49aca20ce7e53b3d600ef39,raw_trial_result
results/full_synthetic_development_v1/raw_results/371230da1774021b7c698f85ab07cf37373ad69a73da716602281386b3fe1bd7.json,2086,51b9ee84020652dfebe0c9a306498c456f9259b7f1aefd0a721f14e1f0c3d612,raw_trial_result
results/full_synthetic_development_v1/raw_results/372f43c639a496ab5d28ad31f4fa4367ff4134728fb60e6e33a3acfdd1f9fa04.json,2703,9bdfd93c9cb5a156ded7224ad9ff1b247705403c8ebb5ea851940ea2f45db136,raw_trial_result
results/full_synthetic_development_v1/raw_results/374973a5d9d819686e0e5864f7e0c93b38274852971030a0242beb5aa5cb06f8.json,2064,de952d08863056d2840f28ce604a18c375df448723f7c7094037f4decc5118de,raw_trial_result
results/full_synthetic_development_v1/raw_results/3796d6c35e81f55b44433139f0b5d5c29b07908ea0cd3d7571d81a7244b12d13.json,2055,6e64662626688523134656e9d3d44704c705133e132ad30ea5a1b9c21b049303,raw_trial_result
results/full_synthetic_development_v1/raw_results/37b76af49fd10c9b368b22135619b3be9a590507a980ef48f3e51a9dbfd78bf3.json,2624,183bdf53222c10392cfa4381d7a837f3652d81657ce0f21330976a917a654e1c,raw_trial_result
results/full_synthetic_development_v1/raw_results/37f329bbeadab8e8d4350904fb3f4c8113c3faa440cfc47978415e45e3dd5e1a.json,2080,aea80a55bd8ac5ae4ed20ea07ce89198a85b5238d04b56fbc14c3865f499ee25,raw_trial_result
results/full_synthetic_development_v1/raw_results/38283ed55a69bdb2153c49dd37be6e6659676512c93672289593db6428e65be5.json,2089,7a7f410f75ba4a6380a0878886d78f967ad4b09ff06baf61082dd56ceef44f1a,raw_trial_result
results/full_synthetic_development_v1/raw_results/386be137ddaaf5d8859dbb17fdc38de52ef629c21f98e1cffbe0dd5c4f10dce6.json,2628,7a65ec57bfe6ba84898ddb092438a32c919490caf618b71b5a6704fa276b2fa9,raw_trial_result
results/full_synthetic_development_v1/raw_results/38745061c53e1020d79b95a370001a26ebdc6b30a6c8d7a48b032ec08e263ee4.json,2035,8f72c9d0612e4e37ea2713ed2d975c07c5ffe6a45cbcd63775a8231db627d50c,raw_trial_result
results/full_synthetic_development_v1/raw_results/388a6bdcfa561ffb62befb5fb13f06108eeacf38d4eff2883f636694859dc4e0.json,2026,aa715743d76d93a0dd9918e9199543cd5db2c2ce215cd4a343409a5598676891,raw_trial_result
results/full_synthetic_development_v1/raw_results/38ad4c6a17688777b5414f83242e8293dd63873d07a454a376ead51659efe516.json,2650,24babc74a2369c9546fd638827b8c38dfe1ca85adef0cf971ebec3a08eae2556,raw_trial_result
results/full_synthetic_development_v1/raw_results/38c4755036b984636f2c67f0a7d9ea89808dea254a50af3c33f6382c79065c8a.json,2663,1156988f4c18e88d4245c8472083c66aa2a284e326a1b5c5067b92faa869190c,raw_trial_result
results/full_synthetic_development_v1/raw_results/39081a42a6e2d50c1270929562ebb747ec5b2ace851825648eeeaaf425670a99.json,2051,083b044ab4cc7a9777682643e8717f82f99c4d87539f3d728f9680787af8db23,raw_trial_result
results/full_synthetic_development_v1/raw_results/3920a6add434a885c14ab95e43688cbe6cd6306e006cacac07f51b85a14b3952.json,2080,8fefc733ad744e9fad81083e6af49d1dbc5877e028c6c097baf3eba74a59d454,raw_trial_result
results/full_synthetic_development_v1/raw_results/393461a196913ecf30391c49871463530daabb86402fab18bf6556b38b076830.json,2039,e7f7c355e2e894d95bfb0ca89a1eabb7a488f226cd5403ecd415cbd01262cde8,raw_trial_result
results/full_synthetic_development_v1/raw_results/3999f14588ddcc60153f8d54c6ea9c5238fd3460b05d4753beffdb6cfd602208.json,2662,cda88a6bdc419eb00e19470e39c1a1fe25faf66ed7ba634522b8dc94d6f469c9,raw_trial_result
results/full_synthetic_development_v1/raw_results/39a5862c90233e972afffbc9cdd766d4acd34f2adead79aeb57aaa195ae02d2d.json,2052,aca3da4b42ba201d31d3c8b04b27cbd0e37edaae81f1cabbdbe7687a5af36d16,raw_trial_result
results/full_synthetic_development_v1/raw_results/39c45441f711631619a1c56e8649ae4428fb35771d04ab46fb1523fd257d7175.json,2064,95e76e6b334160d62a513950ac9a0350f97b11cb4eb0fac8ef0ad168f5614a1c,raw_trial_result
results/full_synthetic_development_v1/raw_results/39f3a683de91e8999c29df9da1d72697466ee29cd806a8b14c827b8fb768fd21.json,2709,b05ff3e11fdc9841b9f1ed44efb5478e95349c19390a16e97dad7c538ff7adb5,raw_trial_result
results/full_synthetic_development_v1/raw_results/39ff331c1084c29453e6104a459eba1f9ee99b6849a6cb0d45b3b37fff8a3139.json,2086,563d45011e8e280170aad3856f6d1e414b43865ebb26a5063bc33d8541eb275a,raw_trial_result
results/full_synthetic_development_v1/raw_results/3a00ebef9591083cff8042ae4bf3ee16f59f81598d95dbff81ae1a034fbdaa67.json,2088,4214ab72b1023367c1bce5f19b257f89fccbc05b78e5085d7289b8d14f7c3dc4,raw_trial_result
results/full_synthetic_development_v1/raw_results/3a037a661e005fcc67d4a3595205dc20aa9048002135cb5d9c0045e5af6e56ec.json,2049,63f4cb1582c5a5da433baec04454120452fad0d36babb7b53f17af42f32e5523,raw_trial_result
results/full_synthetic_development_v1/raw_results/3a2285485f592610bace78221eaaeac89c330d4f50ee15aa6abde360749498dd.json,2093,87645b4cdc37c0aeb2d02d013e2d7378e855e252e32b10182ff38d8e49926398,raw_trial_result
results/full_synthetic_development_v1/raw_results/3a416591d6af8cd0707ff0fce290c8909c13f001ca26da5f52656fc0a708e27c.json,2047,714b98282fe4c9cc948c074de67ddfe36b21cce8d6e57b103eef8a2a7ea2314a,raw_trial_result
results/full_synthetic_development_v1/raw_results/3a9b5de0f6b60f9254bca2ae79b0bd14281899dfe6a9b263408092cf67177745.json,2650,fa46c5f419393faaf07259b3df83550996e8ede5b112a9a1434ce824b0b7764d,raw_trial_result
results/full_synthetic_development_v1/raw_results/3ade19b21b3a60b5b27efcf921a019e6ec8915cca5bf883b4287edf180d6df87.json,2053,0423ad8742b9f673edbfac3e36c15c8f7f50139b944e83fac3efbf601fd11f4d,raw_trial_result
results/full_synthetic_development_v1/raw_results/3b222fff336158d2eedbe9fe45360eb730eb90efbb11d6bee5090f4b0d5d66b1.json,2701,db857bd8ec0d9bea6e257890adcbe435cc3441b9326a1e542c7b2ae2e22e98b5,raw_trial_result
results/full_synthetic_development_v1/raw_results/3b303b27ff52fb18b11198614449ef45933072722373b2b2cbb01d724b5ee456.json,2038,3eccc26391a3537d56618bfeeb7088b3e94c8df7e1b55cc9b8e313cbb787949c,raw_trial_result
results/full_synthetic_development_v1/raw_results/3b479cc978811ac06b2a1551e72e168488b17ab4c6fafa16715ef95538b301eb.json,2664,90bec7c4cca779d1a9f1285dac08d78a1854b8ba895deed2eb8b26941446c3df,raw_trial_result
results/full_synthetic_development_v1/raw_results/3b5752284743e66a2e9c658650bd1029dc0a420d0dbf890b0e54902368fb7e28.json,2670,74e1d42c6b0adc7d2042899d8caa4e86bd07b1184debbdd18e46687b49568a16,raw_trial_result
results/full_synthetic_development_v1/raw_results/3b5f265978439aa1278d27b6c08bb7f77c271865679990cb36a5893a3eb77068.json,2618,e89a90960e68ec3e6a30ca1108986683fa944fde5654ece9af9d525b9d8d5ff4,raw_trial_result
results/full_synthetic_development_v1/raw_results/3b61da034ba3ff7bd5bf4359b267fd4ee3ecffa29107638be070389f13693a80.json,2658,82563ff7ceaaa91065aaee499c234f76e8c407b1ada6158fd0dc5cc14805de59,raw_trial_result
results/full_synthetic_development_v1/raw_results/3b64011a76381050b34f552915239778f69f8c8949301095f8794a25b2905f17.json,2054,e7d5a669e896ae9137d4edc21b59fb1ed2360f60866050479b0ddeab776a978d,raw_trial_result
results/full_synthetic_development_v1/raw_results/3b6ea8ef28bd12ebb7d4026ba39a8bb4931cf3757937cf9ecd792edc64c868c6.json,2656,2bf7800e01164bb781c53bd5bd13633b77bbc9e4a834396777a9138c96174abc,raw_trial_result
results/full_synthetic_development_v1/raw_results/3be4e2afb5257c906671d83d53b81f3f0d3d18b16a5c8504b8a133c8f2f2a36f.json,2042,59f601d4e03ddc00bb871d8fc36893712243738aaa9d1b8c0a4c05161df24207,raw_trial_result
results/full_synthetic_development_v1/raw_results/3bec59045605bbd7f3d0165aee0e93f75bd1442ddae30318d8309cf295dd0865.json,2068,7f68dc1da07b6e02451b7059e64482a429724c28551decef4ac2dd62a68e72d3,raw_trial_result
results/full_synthetic_development_v1/raw_results/3c2873e7cdc4f2c8c6fe01fdb7fe4e97ebb33f5b82547f8151b0c1805599d1c0.json,2646,fbf8722d2030991fda37f5dce3fc478393d1e9a886219ff66909f1355b098190,raw_trial_result
results/full_synthetic_development_v1/raw_results/3c2957f355946fb595dbc0bf090500750f71441a885e7ee8e61cd8860c27a66d.json,2688,c5c09d9d1a012f6e32bf2da174e7c648da40408fa5221454c66974fb423cc0af,raw_trial_result
results/full_synthetic_development_v1/raw_results/3c325cb89cf11741fa7cdf2f55bc278707496666cd6193f27f482428610fcfdf.json,2102,9ac5c2ca029328496a8ed4efbca5e33cf9244ad5ed89cbae61e7e8404e604dd1,raw_trial_result
results/full_synthetic_development_v1/raw_results/3cadbe894cba5a70afe0ab8f03b686edec612e3f6e51b05d26b2319793626871.json,2682,a917f7039e39f0a82b36409dada7b45377f6d32ab4f44bbad2769f2f1484e80a,raw_trial_result
results/full_synthetic_development_v1/raw_results/3cc754e87a834491d13816f5d1c55c0db0d62574c332b1bd0ccd6281eb5d9480.json,2042,e1ce284e465c0140102dc11bc85e9e88fdbdea661821c40519ca1be4888cf81b,raw_trial_result
results/full_synthetic_development_v1/raw_results/3cdd7185f72e4ce1506c4be7764637e8a00e0bf85737f5c8772a43f8f8b950b5.json,2641,be6b03918a5d2b75a999219990148146c47c86eccc13131024947c362a5a7a38,raw_trial_result
results/full_synthetic_development_v1/raw_results/3d63f546caef620078da444378e4dca8c6f72c5d78783cd96a5a87c8a5fd0647.json,2670,6ae3204029e408fa0be6a3fc41d53bc415dafb41790dfdf3f7a7d5ac99e0c58c,raw_trial_result
results/full_synthetic_development_v1/raw_results/3d92d6981e19daeb8550b98a353fb6561939f718c5dec28adcf473771ba976cc.json,2032,4fb1f89ec35b604930208ab4b9cf2cc95440a47c15018a4c6fe4a43939b737be,raw_trial_result
results/full_synthetic_development_v1/raw_results/3d94e16c0ca5ee6e736209a5970f81aeca21b2baaf128588c9a72f01cbad8441.json,2656,99f3306617c6db15e2d15eb65d7acac763831ec4f602ce39c3cd91176bcd7e37,raw_trial_result
results/full_synthetic_development_v1/raw_results/3db2dfd1ed564807edda2c4957fdb88536ab0140cc83918aff9dfe09597d04c7.json,2693,7c930871980b2228e5327790b4f634ef8dfc84beebf0ab2651dc1789805ab283,raw_trial_result
results/full_synthetic_development_v1/raw_results/3dc22c7cc43f83116352e6214ce012994890b08cd6057955a6bc422754e9c420.json,2028,921a58e3ec52ed667ddfd679cb7d7d422a10f380ce8153d1c092f09cbec942fd,raw_trial_result
results/full_synthetic_development_v1/raw_results/3e052746beaf0437daba52f2587ce064a97f907e2b70f2b2543d2e7deab28fe3.json,2043,4d62a5a7ead3d933cff6269982156ae843655d92484db97d5c2057d157f19541,raw_trial_result
results/full_synthetic_development_v1/raw_results/3e1e5ae9ce6121a06bac32d77de84059d9dfe93145b25590e1b905709ab81668.json,2052,09ec4dd25354cd1604d09ec00590a7e79f111a206e7abd05bb54ef0412ce13a2,raw_trial_result
results/full_synthetic_development_v1/raw_results/3e368b89016672b8a822379eef2e59a5c21a83c3c1b8240ba0817ddf55fb9a2f.json,2016,da0869342a9587f9348de9a64fe1af206566a4ca9e57feb467db34a772ec9061,raw_trial_result
results/full_synthetic_development_v1/raw_results/3e436c609942e402ce1ce1a243013220e5fcdf04f44ae9bb667bc60d11375e6f.json,2050,084e6bfc7929869e9edb61c4928dd458c329f0f62d773abac1bb802cae3888f8,raw_trial_result
results/full_synthetic_development_v1/raw_results/3e4bbeacc0e700005d5fcc56ae9594834e83d5dc419ed3f650c7626fc10828bb.json,2648,77154263a0188825827fbf57a87aa6c5da183b813d74aeda940a5513f36f1912,raw_trial_result
results/full_synthetic_development_v1/raw_results/3eb9f1ba23ab803fee6678981ba427a429fafd20a129387fae7b5771905835a3.json,2060,f1e2fe55f2fb6ca0962cf875f46bad22ef08597f5142894d1f42e42098a6d42a,raw_trial_result
results/full_synthetic_development_v1/raw_results/3f4f4d9e1245e0e1b3dd5574433acb6d4317d050d477f8ead49e9c994998d4e4.json,2682,c7876d6adfc10c1ac190e8f3ce80c929dcc12a7820ccca149ff0e2fcbe4ef739,raw_trial_result
results/full_synthetic_development_v1/raw_results/3f638edc0d901792f14b708ebcbc427df9cd2e526065318675e6135e87eb68c3.json,2032,c553dd9b8710278f1843c69974172377ccebe3db42d6f15887af0e87bb8b54c0,raw_trial_result
results/full_synthetic_development_v1/raw_results/3f7e64b8c204c39c58c2aafb8f4eaf903a74afc82d8f4d77eb722b91e0c861df.json,2630,fa273182ea79845da873c94c97bdfc4f4167d9654daa8623cff7683cf4cf68a3,raw_trial_result
results/full_synthetic_development_v1/raw_results/3fadf1e5fb50742b62cb2d58890b18a0a6b68882c0a777004ab6adef2d0e2a5d.json,2703,f50a1acab4bc69de85c8a9829bc5fef96eaa6c48a9fec99796f1379d4ff82f7b,raw_trial_result
results/full_synthetic_development_v1/raw_results/3fb44e9177c508983f917f9c516bee0e199b65a62dfdffebe87e42f4584ed11c.json,2053,e815db48fa921815f5b80c7dcaea9ce8bcf65c2a9c42581b389ff99ac67e89ae,raw_trial_result
results/full_synthetic_development_v1/raw_results/3fde290eb1489fca7b0669dcfdb7a7d67a65eaab58d93d461c522c334e99bc51.json,2047,9ee806dec9c22056116c9daf3feca2d0e1c718a7e2c0577aa2174c81d4df4f9b,raw_trial_result
results/full_synthetic_development_v1/raw_results/3fe00018ee6e7e9cf97b5b9e9a62ec007c46eedc00722a3ceacb59dbcf3522cd.json,2709,97cf4dbd679769e7557a6d89b7ac1b7cbce36fb5d25ac3a63d71fd65ae013538,raw_trial_result
results/full_synthetic_development_v1/raw_results/3ff13f7bd816eb35215fdf57bec56c809d84efa21f38a0626f586d9cb5d42e39.json,2044,f51245e5d80dac8e103b8acc04dcbeec6d583e83d4bc8d60f0823cc57ae335d2,raw_trial_result
results/full_synthetic_development_v1/raw_results/4025a292647560ba3208c42ce18fb92817781327e5d5f2bb5616999871385f33.json,2671,465f862cf4278ce5fcf382f2358bf9a054306cf56aa7c94a70223b5f28949524,raw_trial_result
results/full_synthetic_development_v1/raw_results/40387d860c65be80cde377c0eed2a434a54c5b60d32c2e923d4ac2a8cc5c31c2.json,2034,17b07da082b04c6ad5dcb0355ecf15a14582764d4baae7ef37c483e42e351cda,raw_trial_result
results/full_synthetic_development_v1/raw_results/40958b000fcddbb00501c1edb99209b8de65bb4090845f781756951f2f41eefb.json,2664,458a0eb80738d57023b65aabaaea336d0588ca3418765f8d5d1a28a2ad30e751,raw_trial_result
results/full_synthetic_development_v1/raw_results/40b8b3419f5b214a985648a63a69a2c1e6b9593f8a64e525949965a2fbc5b514.json,2021,3ebb297c777663ae01f931cc1d4fd320bcded975246fa288d9e62365b945233e,raw_trial_result
results/full_synthetic_development_v1/raw_results/41142dee11c0cbb5037777a05866d2d11779027abb9a59de229fea25e8dcd6e8.json,2056,7501113a486890ecc02e7b73aac1ba1151dfdc515ea65b5982136fae86aa1674,raw_trial_result
results/full_synthetic_development_v1/raw_results/41288b980190c316b7c9afb39c883d2a8b90d02493fbfa60a32f8cf75ae65c37.json,2032,9630cf733cf6fee4007c13b813561ef3a5ab3722d72a5c9e7cb683334641ef3d,raw_trial_result
results/full_synthetic_development_v1/raw_results/41328b41de2c8418cd29c16d85cab8fcc430ad7b762746159fd56a8d76a68fd5.json,2656,a1182014e0e0883a2dbd6a36a359f48feab0985a8cffe87de74cff5f53d77851,raw_trial_result
results/full_synthetic_development_v1/raw_results/415a96a0a25c592d3af3fbfc6f007860b730e172535e6b81667d416a9642b3d7.json,2673,8381d1339b46b74e1025c941089e8d0fc06dd3edaa069b15da103681eabb52ab,raw_trial_result
results/full_synthetic_development_v1/raw_results/4160f72be2db21a98aad32df5dca0d9113d9d6cd8929cf6b705f60da4a65471d.json,2054,dda686ab9e2daa05822a30194eed1f1ff2b12e0e200b33a64697d329c7faed03,raw_trial_result
results/full_synthetic_development_v1/raw_results/416180f3554a1722b269a871bad5edbfb196f073febb3839fed64b87d7cb6bb7.json,2651,d79e9b0b0fc153ec6b81231885361e23c159d799f9ab7691e723ac306e945e0a,raw_trial_result
results/full_synthetic_development_v1/raw_results/4168538b42d814120ee504e4b17b13c1e24930efefa025559c46dd867e1560fe.json,2625,e02f84c87587d6d34132b47a32b8915a0d60cdc1a5f8080d86f84016756941b5,raw_trial_result
results/full_synthetic_development_v1/raw_results/417c1b69f675aaddec4f870992f2c5c61f71bf274f2890901658ffeaaf5f097c.json,2051,e83358f6257dae6d86fe3a03dd0e81f907c4144925fa9b4bdfcdfb254ab0c93b,raw_trial_result
results/full_synthetic_development_v1/raw_results/41a1a9a901801ac1bd4ededf0858296f3b986aed868849602cffe8fbfa6c3583.json,2691,3d6a526c9e2db9c108460be628aaaff4f80b4edc47df4ef935755cfd8a0fd399,raw_trial_result
results/full_synthetic_development_v1/raw_results/4206fd0aaad1f87751295af9036744bb56adacbbd867fc18d74434422141038f.json,2643,da665c169ab43142ce7a9963fc78694cf9250746ca69614a1eb63da024791aa1,raw_trial_result
results/full_synthetic_development_v1/raw_results/425fd2d66d4e7edcce5119f66f3584f72212bac9f46419476f846425887f9486.json,2058,1cbe62c0f5ee1e2908407a0bcd6847c9fdd33c778747a963fdcf9bfa135c31f0,raw_trial_result
results/full_synthetic_development_v1/raw_results/427194b9a32c0fa85227b33821a6e627c93d2e0762d25eae17c05ce8149a042e.json,2031,03e096a85fcab532fa1e143d134be7f0489d2d534beb513e9e2ab2a59f92671b,raw_trial_result
results/full_synthetic_development_v1/raw_results/42b55e4de058ad5d779bb9a96758e4e04d7766a2e2aabec4a86d4d78d9fc6ad2.json,2698,202d7c88374662e34bd5019c7d1fd65f28487751724b08d2955e503bca2eb2ff,raw_trial_result
results/full_synthetic_development_v1/raw_results/42d6eb70ae701531ddab9cfa412baf64fd54f7656fe754215dbd40384becf1e7.json,2058,a52e90f3e29a8a6fb7234c3143dddbfaa488059d3878b413f4657dab6b4cb308,raw_trial_result
results/full_synthetic_development_v1/raw_results/42e3133727cade9aaea05690a565dd0cdd355d6ac7c661d0535621367ddbf2aa.json,2646,d99f56a113a7d743acb24a0e1dc0304bf798fff3dd5959c87f4ce34c62e7fa6d,raw_trial_result
results/full_synthetic_development_v1/raw_results/430a14d82637c704785df1d5f6d0cb426b505fd2d55b6823ac5d614d7e925ece.json,2645,486d11fa7e758e15de2b997aa72248c418aef7358186c08a3664599aedefb545,raw_trial_result
results/full_synthetic_development_v1/raw_results/4311738e89a0c2b3230eee6aeaa68f2d8dae58aba93ce00a768116fb32df8ac5.json,2699,3cfcf6392bf8430eb5e75ea32a91ebd41e65871fae2e647c0d092de4c675e085,raw_trial_result
results/full_synthetic_development_v1/raw_results/43584e9a7ea3216bded7a562ffaf150271b8b410aa2614d9386b6300a3053a29.json,2643,f6896754ffd9cd85430bcf70032922f8ad3eeba128aabe053e8fe3b90462ec37,raw_trial_result
results/full_synthetic_development_v1/raw_results/4391d2d536cac12907cad25ce5309456d6fc3005b91d86f32c71f9d09e7add9f.json,2057,133898b282060441e5048a568ed2e6678226590bdc483dbcdb966780c838e82c,raw_trial_result
results/full_synthetic_development_v1/raw_results/439852a45fc42a3171b4e69f0bdacd31ace1c4a46e14eb4e1075b0826fe78a6c.json,2647,fb2671972dcff7344a274aaeb9dc93b2afb2d7c26110523c9753757d4bb2aefd,raw_trial_result
results/full_synthetic_development_v1/raw_results/43b1d7151eb169a8529d6a176fc8c2f5fd7b757db7fb9173d737a9f532742ac6.json,2047,8e91a4963304bb739e8c8cfcdc5861994f4274e558bdc6445706c1c16edb4614,raw_trial_result
results/full_synthetic_development_v1/raw_results/44082a011457acadf8b993820df826f08eb34143a0540726fe28116b3a2200ef.json,2018,1ebf6b95ebd30512044a09faa82290a82ee992edfa42f5d55d3e97a45913952f,raw_trial_result
results/full_synthetic_development_v1/raw_results/4492ccb7ff15fab7629433727c1ed3f78adcc9d419c9fb40ad76d3f5882f5ffb.json,2086,893fc131b268c6d114ab6f79fceabbc6f29a57a40f11545e847eef9c93df302d,raw_trial_result
results/full_synthetic_development_v1/raw_results/44a2c0c981f28981024410a64414d1d17a5a7738d3196ca9a77266812050f0f0.json,2059,2dadf739860293b4d2877da24c7f4794693ca0142783f0c9ae2357f9fcdcb1ef,raw_trial_result
results/full_synthetic_development_v1/raw_results/44adf38471789f36b552aa83e656afcdf389d5a6ee451b01e7bbf76cee7f7b11.json,2022,9a4bae47ba199407fd821128a38d8dfdec30bcb2bef7227e25b07208f04f11cd,raw_trial_result
results/full_synthetic_development_v1/raw_results/45197158d2d22b4f2c00eabd6bb5acfc95757881e84ad3cd4d299b661fd6bb33.json,2697,15b85568b7f1bd89e592d987160eba90a48f66010118996b33e0a2936ec33ba6,raw_trial_result
results/full_synthetic_development_v1/raw_results/45347fa82c2c3cca61d4327f0ea166edea27ba211b73957cfd83077170d6357d.json,2069,8739d1636c7b0fe862bea6885306bec0dd6bbb9b9db6e55661045db6e447f922,raw_trial_result
results/full_synthetic_development_v1/raw_results/4566a51d79e28fa15f8589e11752edef216805e4c60efe42d638e6feb4a47df6.json,2664,711e89e00328656fe9f5ddc009ba40eccf28eb9703f48874cf11813a07c9cb4b,raw_trial_result
results/full_synthetic_development_v1/raw_results/457c8dcf878319f3640d17f6a4a569bc48a8ad8fdf6e20766d50734114bbd97b.json,2054,cb693bfab9b059dba2312cfd510e891c54f632da848ee809110e3cb93e1e3f8e,raw_trial_result
results/full_synthetic_development_v1/raw_results/45847f0368be3ca239ea98f6254389b2fafcfef3f9eb65fb092c6223b5254357.json,2048,857404745f4429d9e10603e70260ca3ba76aed46c0b0ce777d1ed7712ab85798,raw_trial_result
results/full_synthetic_development_v1/raw_results/45a88c832ddeb9a45a2217b33f90e145ec0c088d55c14513c6e8f19f85a9176a.json,2002,8815b4c7ff845bb73eba865a6600d46fc9ed9ce1f0d9d4c95ad502a7bd1a73e3,raw_trial_result
results/full_synthetic_development_v1/raw_results/45c8492dfca7ec01a1d2ec3d1062481b6288e0a4a9e8102ba93726c957221c46.json,2020,98c925b83655df323f57113b9af58845c8ec8d420b884c6bea3f8c767a0b4f99,raw_trial_result
results/full_synthetic_development_v1/raw_results/4617d262ff48f00d97e4863ef5f0341b0c44d91e34659c8aa98386799ece4a8b.json,2690,4b1cdc3190d50d4ee7ced69216e5a2d24cf5fecaa5480468faaaeaf6166807f8,raw_trial_result
results/full_synthetic_development_v1/raw_results/463e73b25b7bba77c6e9929272d84f95a36f0ea9d243cee373dee2faecf19e13.json,2021,0beb31dc7a4c91abfa40a01dc17b1fcf2e03930e563786775474e0771cc5581c,raw_trial_result
results/full_synthetic_development_v1/raw_results/46893c2d974a252638c3e24d0b3cc63a7750d9e056a1bdaf8917b750554812ce.json,2697,67fa2034eb5a2a500c45f1df92fd311ceae16e3abb9a1a42cd4fb7d05a32fedb,raw_trial_result
results/full_synthetic_development_v1/raw_results/473cfa776bd2351f196f1bcd9a436e6c31df05b7fb84f6fcf4b7cbbb2c0dae3f.json,2652,e3018a5ed7c106c4ff803d5651e0c54fbec39a0ad8d99f06a6b29d3ff268383b,raw_trial_result
results/full_synthetic_development_v1/raw_results/476a14bfbeb9d86c49314dfdc9241c18921d5ddbc7250cf392218301c4787d5d.json,2681,67bf078b4e991b791b7ea6d6813aafee5aab331ec944568fb3d71d40b6199f25,raw_trial_result
results/full_synthetic_development_v1/raw_results/47d3a3056ae1887f3f74206d8e6712b443358ba48902d7a7f4a9115cf447dbf5.json,2031,67cd01f9e80811401d759d75f01d84bcd4522914b35ea919033ae293313b7812,raw_trial_result
results/full_synthetic_development_v1/raw_results/47e655dacd4dfcdbcfee32538aa0602e2a76244cd3497d866834cfaf191f78e7.json,2032,b0b8d8fecdf10a765923b42b35c3a9e2125b908f8160ac4636145192e51b4d26,raw_trial_result
results/full_synthetic_development_v1/raw_results/47ea0526b423316f4e72699dbea15505630aee76a24644129ca8b6837be0c5ba.json,2067,66b0cf9211fa8a8eb9253139b0e5898c13fba0aa4507babb3736d61ab6786539,raw_trial_result
results/full_synthetic_development_v1/raw_results/480e201ee1c0b88bded550bced12cb8363f56db0eabb67056f5d69851c160d42.json,2691,a016f6c1d1e8c64376ccebea980c0c1856e7b1f2bcd174e4b018ded2dba60510,raw_trial_result
results/full_synthetic_development_v1/raw_results/481dfd069f975009bd73881c23f77d8332111f56b3986f4fb3b46974f6548729.json,2052,73a14ace38a1f166c839ba5a437650839c51592bd512ba9399f57e15b040a48e,raw_trial_result
results/full_synthetic_development_v1/raw_results/4821b5ea9bcdb9906ee4db70c02e31680042fcb01cd1f1e6ac016486cc034b74.json,2649,8a4b7f60b53c2669e8fa9a918b65fc6a53ab2ff1033ade76a9d2a441b75667d4,raw_trial_result
results/full_synthetic_development_v1/raw_results/483feda9f4b0ce15d193bc693f63f2747f50e83df4a64511d82928491ace9987.json,2029,bb32b7e53067b218a40d960207079a613ee6a68987ed4787a3fece17a5009b49,raw_trial_result
results/full_synthetic_development_v1/raw_results/4868275372fa9b34c7d6cb9ec8b0070afae5975726a3e28a64d0266455ac2d91.json,2638,9d7cb3a32d20f15cd5b187ffa7afcf41d16f46c395b1e4f507d341a18acd8d1a,raw_trial_result
results/full_synthetic_development_v1/raw_results/488df683ca659f0ce9ae2cb1341a5721ddf43fbe7aa759cf816f34bc4125ea78.json,2021,a8d1528e1b78bff472848f610ac908b8bc5f0acefdda4d1b28c9139f63724abd,raw_trial_result
results/full_synthetic_development_v1/raw_results/492e57a38e6d2710f5375abc98f6ca7253d4b7be3194cd6273ad0e2cc13968c5.json,2660,18ab0cfd32ab3b779badac285f438f213222b022b85ff5f723ead237cb459466,raw_trial_result
results/full_synthetic_development_v1/raw_results/4951737ee16f8f56112d7540b7c2c048bc56ce882e3b26b7d433193f7c629970.json,2690,3826beeaef201830fba87a41a717424586acac6cafbf6efb0fba3b5b5ccb33c6,raw_trial_result
results/full_synthetic_development_v1/raw_results/496b7561bb0c214e4e949980137fe911efc3dedea900aa596828aa6c69e8affb.json,2029,18e01d9e91e4a3587d2aa288c50214a5a2393d171597b9c5114303910ef5404b,raw_trial_result
results/full_synthetic_development_v1/raw_results/497d0cd15890296ecdfdeb3d8bf56b6ab20b11479215ff87ddbfe28e0dd3583d.json,2657,a1c722dd052dabc4312f8a973259dc232741f629a851a36033656e23735e267a,raw_trial_result
results/full_synthetic_development_v1/raw_results/4991ab065ab44027b0617e13c31a84b2d72b1d4225f46a225efe8ce14069adb8.json,2689,c5efd0cf27cb1b3f8c7c70d80bd2fc13da089be82a89a69a9f3246a61ddf1ac9,raw_trial_result
results/full_synthetic_development_v1/raw_results/499515f924bde5a57717ba13d839a980a625018b1ed768ae677413214bdc527d.json,2056,0b24dac002882cf12ed3ec0ef6944c0d3290c55cc625e3fab3087bed88b48c98,raw_trial_result
results/full_synthetic_development_v1/raw_results/499b183ff270d984a0ea743def832638f44d5395c2f7b9751841f5b5487d3963.json,2696,66790326815ca97c6fcb2dd970641ceb71670d2b71989eb891152dc510beefe7,raw_trial_result
results/full_synthetic_development_v1/raw_results/499f9362b820f7a2ed78086cb39e7f3e7ecc1a4218d0f19d3ab41999917620a5.json,2649,cc2217e6f8a96b2e5f654640092dcc237cd2975b54d04d215f55874692c13496,raw_trial_result
results/full_synthetic_development_v1/raw_results/49a2912b62ec0146b374ba266e4a8b9e6e7d7f381009293e6d3622b5bb8f8063.json,2694,2a26b2a137ddd916f52894045ad507194a4e245b6fcdf82c3a04ea00b850e397,raw_trial_result
results/full_synthetic_development_v1/raw_results/49a91fb3b85e20dff87f5786bfd46fe7b3946a9c5a4b24b77a716b53cadc259b.json,2049,cc493fc026aad8aaae0044aa70eb66795a0aad8473c665e1732673df338c1dbe,raw_trial_result
results/full_synthetic_development_v1/raw_results/49caf9ecf981a0660c344825c43fddf1619aa10e40eecd0355cea1fe1cda2fdc.json,2697,cb40ab3f426074db66ad84f76d786a1d2696a8af98e239a981d226787d93dd67,raw_trial_result
results/full_synthetic_development_v1/raw_results/49ffc7ef500eaf5f91bf7b3a01441b02c83440b9d61b889fb6c4417551ac4c69.json,2057,bc6e106c63c82572138acb0df7bf23d630068dd1de83ddcdb82e422aec0a1a4f,raw_trial_result
results/full_synthetic_development_v1/raw_results/4a009194afc0e76dfb1ec68a52482117a1f77be098390505cc3ed9f5e26fe788.json,2643,d514ea095168fb76387c7447d2b96e06c0e7dd02f0e18b3bfa35bad6ea0542a5,raw_trial_result
results/full_synthetic_development_v1/raw_results/4a0201eb0426a3b1435a2ac3b4b9306c70193f733b192564da7222eb67e1f7c1.json,2060,29eda01a109a11bad6902fa740836bc849646232cf698894ac8fed1b0afcb090,raw_trial_result
results/full_synthetic_development_v1/raw_results/4a2a42aa6fa606c2f253ee397256f4d31e2c78fcafca944771b2e5e3c8308387.json,2644,39023da96a801be48f17862e6121d271794b0da42ee60c9bbb260069a0ef6e6d,raw_trial_result
results/full_synthetic_development_v1/raw_results/4a3b7738bf7f0de116b71093adbd954cd966413e46d63f3c4acdafbf8ec9754b.json,2653,dad93bd5b4199e93a13869d708cfe88be91984b7c90951f90ed5932d0f30cce5,raw_trial_result
results/full_synthetic_development_v1/raw_results/4a5967fa63247cad7b7a58cccfd87a5e8051f4041fe13df735dc23ee0f42a520.json,2065,1a0c5d1f14f858362e14b2f74a14a5bfe0bedae234aceac0dbfff0073e18b7a0,raw_trial_result
results/full_synthetic_development_v1/raw_results/4a60246c06d6da4897578d9857993055a7679bd51235fd6790e5f964ba912a25.json,2045,b083355fa1a77ea1817392cf32b0ced05d1f1cba16f301c4b0af6164c5dfb287,raw_trial_result
results/full_synthetic_development_v1/raw_results/4a9d5bc6d965c7e00edfa88f6df17dc35f2cba6ee0f1420e47cd17e06846c466.json,2056,ced0f1587bff7bae58a670404c8b8393d855db0c7a3f7a7ec9ebb75a16ce313c,raw_trial_result
results/full_synthetic_development_v1/raw_results/4aa18ffcead574bc657806376448c79ec473168fa8a4a090345a5335a59ad503.json,2077,8d46549f4e3d12f14123d38006f4828a0ee935641518656de7c93d104f7e47aa,raw_trial_result
results/full_synthetic_development_v1/raw_results/4ab1c7a5600bfea90e3ccfefff1db1456b28c1ba813efaf3a96ef6da20bd0a65.json,2048,b21e4a4646692ad2fd7b7820ab404a568cf8393898ad698b115c920b728c8160,raw_trial_result
results/full_synthetic_development_v1/raw_results/4abfb5537d40ea838dd603b15da5ad0378221d3c19809ea387516ade5db33391.json,2696,544988cb3c2a87d67e487c811694bb8208631d4ca8556407f58ac816079e818b,raw_trial_result
results/full_synthetic_development_v1/raw_results/4ac710109458b92f10520a4aa94333bd4a7d8fe3cfd536a8d1e27f862e54b5ca.json,2687,0ff94bcf297c8686d6deed5b6415c1fae06288da07c5da58789cf98676943054,raw_trial_result
results/full_synthetic_development_v1/raw_results/4acd00dc6f693ea26aac13850c12de8b2051e07663d8a643d06ecb9af0bf900d.json,2012,ec08d8cbf9a407b70c6d162be51adc57432064e887eb50d78e2f3f359b075d21,raw_trial_result
results/full_synthetic_development_v1/raw_results/4ad9f7c455fd0cfb829bfa898870d172a75c6777306bd695b91707def0383f94.json,2074,41e627ef06b7bcfe58c0860e9d2afdbec573f0bf663935761980f20771d54c12,raw_trial_result
results/full_synthetic_development_v1/raw_results/4ae042381de764926fab7532926ae70b20a1b8e820533745a13922a04c9ad35c.json,2640,7bc5954d4247d61e6bce9a45cb0c0dfc30ba459eef77f15ad718d53a1f3ce7e7,raw_trial_result
results/full_synthetic_development_v1/raw_results/4af24182ea9c36f7a1889f0f78de1b8c8659269a26caaf728d557ff4d3f77297.json,2632,bd3e5a3a97eec089f8bd50c9e81390f4b53e4d08df21e9bdba8b21b1eea8e290,raw_trial_result
results/full_synthetic_development_v1/raw_results/4b13e6a3286bc7ff6888674fc1ba75dd65c55bb62d05d0e8f94336d032ed93fb.json,2032,af3288630e22ad8402bcaeb7b04a495395dab8e1332f2f6afc8c6be3dfee3349,raw_trial_result
results/full_synthetic_development_v1/raw_results/4b1e41bd80a8428392eaafb11c699f2e3d68f603d25e666756e73abb750df091.json,2644,72e08a54edfb728543ee95faa12136e99d467d68e0254249550224afb565eff5,raw_trial_result
results/full_synthetic_development_v1/raw_results/4b3c518fde2000087a63a1962c3543bb60fbd0ed63a20855fc4b3d5a8a3032b7.json,2037,cf34c2ea1a8b7a05ccbdb386cba760b3be5798098dcb136a1db6ed0a1ccc14d1,raw_trial_result
results/full_synthetic_development_v1/raw_results/4b747f4d97742119fea61c49d6b95f12bf482c01f467878ae4119f4d4d25b4e5.json,2706,511793a1451c05082cfcd255810c0a2027fa50ed6c059b59fcdebe45775abf07,raw_trial_result
results/full_synthetic_development_v1/raw_results/4ba380f9b1eb3c463a5f86b7b411bed95e418db6f38c7abd60d632e7529456d1.json,2663,a8ba0bcb454ea4bedc84839663c62c464a1e981079a60484b6c4ee34fd83d475,raw_trial_result
results/full_synthetic_development_v1/raw_results/4bb480cc858a280a85ef042a3b051ea80896e66f769e3806c83d3a62ca96b3dc.json,2619,51206365ba4988b85b290185b2a92bcc37a437f12f38f9bdba2d01f16cf0ada3,raw_trial_result
results/full_synthetic_development_v1/raw_results/4bb5c73eded0f6045a0d204273e66761cd741bef35eec7c2e1bff570ce22c0a3.json,2687,b1e9c8b528ba392f2adabccbf2f134afed538b7228f5cc37870f76333d9d5f9e,raw_trial_result
results/full_synthetic_development_v1/raw_results/4bbb7e435c076f5db52f2787426da3500f1a809542eeab41414de4fbd9cce61e.json,2016,59aa81d4ec4643670c45274be310afc7e8bf6521d5b55f85eeff5dfffd9c73d1,raw_trial_result
results/full_synthetic_development_v1/raw_results/4c0d6f298c830a697aa5e1df3709ce166aff71c3228a78fb04e05932f6f8bb40.json,2621,d0aad3488bc754b7eaac9a23f3bf216fec5292592bc64195684d16de571901c9,raw_trial_result
results/full_synthetic_development_v1/raw_results/4c1e92d231fc05e8e35ccd9852896917fbce60d9b5dee11b839df52233e96b6b.json,2086,a0d1b11401ac025378926fc30d623a5d897cb5ec7ef9d3d169c61ff7bb982dea,raw_trial_result
results/full_synthetic_development_v1/raw_results/4c3ea5ca2c1421921b8e37e8b4a38bef4e95083951c987e62219e0f28e116a6b.json,2654,f6adc15074b1b327310770a09c29bd3d0f92b8c233f825e4d983a5b7ed278623,raw_trial_result
results/full_synthetic_development_v1/raw_results/4c535cf8c2139488682d4b00a2e73f8ad3ce5bed74e02e57d6145b19cead9126.json,2075,20a8c433f2a01af50100783c2084daeb1ae1aba755b5bebbe2fad5b1d102fb62,raw_trial_result
results/full_synthetic_development_v1/raw_results/4c7e21613c662fe61ff9c1f9d2f0e55ece303ab110028d47858f542bb14068f7.json,2660,6623de0c29b850d9164d7f9382fc815a250b9364e890110bfd895cdf3e0904f9,raw_trial_result
results/full_synthetic_development_v1/raw_results/4c823a15faef85cee6432d8c7ca7584a312a663603f3855e6da5ec70d2caada9.json,2642,560656f407a0e83d946ba9752e3b540aed6c747038bb6da37c8239252fea2839,raw_trial_result
results/full_synthetic_development_v1/raw_results/4c8ea7c8d2dd2d7b398ba1b70c38aefce59e1134336a9230b30781ae6517d097.json,2094,feb68a67acaaa50a85272c4c6f10ba9818ee1340dd1fb667e43140630bc1b8c6,raw_trial_result
results/full_synthetic_development_v1/raw_results/4c97738eaaf54e6b646df6c5c3336816b69b111c74df655962319dec695d5072.json,2693,9508dc3d2adc2fd97ac8e7e5cfb712e04027da354e69486158351fba032ea71e,raw_trial_result
results/full_synthetic_development_v1/raw_results/4c9e3e5c6066210ec68296215f4abe2574b7b9d8578a5d0e636d3e6be6ead0b7.json,2656,ee56812f7e9ec4b6366e6b9b4d012ad8811a476935f23fadea0279fa2a753818,raw_trial_result
results/full_synthetic_development_v1/raw_results/4ccbc7337315a9850691f923b52b795cdea26dc6116d8a48f0de02347ce8a79c.json,2700,33c8438e1fbafc12e6d0657f067dc1c3f4c724e70ead109dc0a782c47f60e154,raw_trial_result
results/full_synthetic_development_v1/raw_results/4ccd1497c6fbeaf1d60e996d8a4e848a5fca4ce9d1c40f7c93ea3c540ed20580.json,2687,5966c36ee1d63c52a6dca030cb4b3c19294d5193e116abcd8d7a8829b006cefc,raw_trial_result
results/full_synthetic_development_v1/raw_results/4ce090cd5fe4d8ec317c921366ac8728c9417c6fbba90e4c819aadbd0f72587d.json,2691,7a109a9b55324ad5fbeaeeaa64c2f461252990786fa5d22e1eb76fb1d35bd967,raw_trial_result
results/full_synthetic_development_v1/raw_results/4cec96fc59b65fff9d07c049191726592378a8aaf267fa4843e56b62e9f4927e.json,2037,61dce634afc872c2f73bb653392780970f2bead6f95c3513f81478be8abb7e7e,raw_trial_result
results/full_synthetic_development_v1/raw_results/4d070c0a36c7acff7f7d606d3cb326e8b818841ea99efb3d8eff465fe26b6f67.json,2645,a789eeacc6170678f74e796285993d11260359aeb6319f60342d6eca334e2e66,raw_trial_result
results/full_synthetic_development_v1/raw_results/4d2cc914c523ed2ccc4dfc127914a2a3f4b59c94e857f3ff6097a7302f7fc828.json,2663,bbdced71412483bd4667ce07f2b65f6216731b795d3916fd65e28bb17f65670f,raw_trial_result
results/full_synthetic_development_v1/raw_results/4d3639ca4a852d3ea9e82aeefea6f4a1fe8c22a7e6e267c55e84f16d62f814d0.json,2630,2c156768722e9865cf48ffcdc92a2ab702d7e4fc2c30bd3ddcc39a38232ac047,raw_trial_result
results/full_synthetic_development_v1/raw_results/4d386cb4120fb49b41d74db2422a09987297741199b531d162d103fed8d4f642.json,2007,06c119e4da0d632b401c6067b6170562478f2f34d8a9543f805088f356ed0238,raw_trial_result
results/full_synthetic_development_v1/raw_results/4d3be5bf64263e2900eebf889e9264c43ca73ee659d07afad8514d53616c9c37.json,2701,c9308bac595a437c39bc81d59ebc28718d2962f0ac8ce389855154c2a868f663,raw_trial_result
results/full_synthetic_development_v1/raw_results/4d522e1e7d65826ca57015d316e2697d0b67ca3f9f4776e6b4fbdd331357a063.json,2663,606bba5cfe5f5f44ed6fdbef8aab25a9c232515cfc1b6008d717ba8cfe498a18,raw_trial_result
results/full_synthetic_development_v1/raw_results/4d7895281df46fb7d0ba76f5bb23c77b042daa5e25e7626c0e1987a2d4989fcb.json,2624,dd80a4c20174bd87fd89b82bb9f06c4583b724cbfbf2861e8d36e44cf9333f4b,raw_trial_result
results/full_synthetic_development_v1/raw_results/4d82dd70dcd0f0e63163cc7d07a3beb95df71737c2b6a6a2d22e9d9ee651f0e7.json,2663,6c1ba9bbb7b812629941488aacc93a020cb603da2727477d7d2066d5a1100609,raw_trial_result
results/full_synthetic_development_v1/raw_results/4dd338d2bcbda57e25949fc328c86d969a02f1467ccdc7d195c89ddec73bdf94.json,2043,95ed1a26c7eee798fd20a0ee92d77c94316a4c6136586a341953484a33c461ee,raw_trial_result
results/full_synthetic_development_v1/raw_results/4dff955042310563e35e048aa35d671647b405f869c6e1c9ff2f227e91669e46.json,2710,50666ece09cf568971daa1124a9c19595832cd0b04241628792590a507b0c380,raw_trial_result
results/full_synthetic_development_v1/raw_results/4e3188228d5050774593f7ea791f6c4f872144142325b19afb0934f432e2b7eb.json,2628,9fff60a41d352364907d39f32411bc717391466e789e085b14cbc595b92e5ced,raw_trial_result
results/full_synthetic_development_v1/raw_results/4eaa6ec69a8ffd623adb9c72f3f48eacedd3f9ddf2e2e50dfb5948462287ab14.json,2629,2f6348d687a17a67df0af3de681ed7bdfbeded37cf9811b36f0d578e944ab52f,raw_trial_result
results/full_synthetic_development_v1/raw_results/4eac2c79672a46a56cc6475ca54a70677fc1369554c6f4579470e8e90f1cf099.json,2032,a331fea3916252840a37a79accd10f56fc7044bbb90c0d1fecc01250f612a12c,raw_trial_result
results/full_synthetic_development_v1/raw_results/4eb2ffc6fe16f26f92ed850c42a9fd8ce060cf3c7a440926c6f2076cd90245e5.json,2628,152c2ae2c98c9c825c4f7ee7e8898d39144e85b37378c5c90a32bc9612383410,raw_trial_result
results/full_synthetic_development_v1/raw_results/4eb8e2a703ba38cdf3b67775c49cd70224cd51ec65d4d1f5e6832c17f1cf58d2.json,2037,27e072f176aab540e2cae09a09bc97cb2ccf79a4d9f75680f5cd50c1e408687f,raw_trial_result
results/full_synthetic_development_v1/raw_results/4ec2886d87047afb8eb907c6e742c8c3da805974d0c2c23a1a8c5c5fcb0b3304.json,2072,206795deac79b4ee37d4107e669be985876bb950f881298ed923fe24a1bb4822,raw_trial_result
results/full_synthetic_development_v1/raw_results/4ecb2270829379c241569f4ee0bb9b661be856e04ceff556872569a1b8ac05e4.json,2680,0f2479986d70313294da4aaadf024d0aa14cc13b6b66df8ec20e30b5a49fa824,raw_trial_result
results/full_synthetic_development_v1/raw_results/4f2efa0f129e5acbff453d8efb73ad2cb9879704ad3fac6e5a00edc8e0b0bb3a.json,1972,54c4fc96e027919a45f9a0324f02eec53ef37217f4f5ba9f1a570976c86ad003,raw_trial_result
results/full_synthetic_development_v1/raw_results/4f636ea7b8063e1b7d8666cfe61a5810b05ef92965a4e86871bf31fa3fc8e30f.json,2061,a94b2ddfc60b5b7e9cdfc056acf30fea89ff22583d9d7168324bed688f847d4f,raw_trial_result
results/full_synthetic_development_v1/raw_results/4f7f8e24476fe369b4c33ab3635a485d87a18af87e89baa114d6c1f5c30c74fd.json,2023,e15ab629d1eff5826d9e0931d11df85582de8df44556a564e6c8cd486a8ea4fe,raw_trial_result
results/full_synthetic_development_v1/raw_results/4f8268439c3fc5b569ca198b4a63ef0b28aea15fc2d54cbc0311c4e21e9c73d5.json,2036,340cfe4b6b59aaa17061a32d269fec6a41c2703a5bf6e0814a6e704b8a2a8f4a,raw_trial_result
results/full_synthetic_development_v1/raw_results/4fb384c0b50ed47159810409f5422da180eb5387bed50fded08e2e303eed57ac.json,2652,ae596398bb63e41c8f6c38f0d3fbe01d26a4f3d3f74217dbbb876b6455d7a7ae,raw_trial_result
results/full_synthetic_development_v1/raw_results/4fdba9aa5fb0aff932eaeea6c2b378fc5944238684dd069058684707866530c5.json,2045,f68db3e24e0d2c07ec4f2a041a0ccd7da450cf3a699c67a84db95739036d1b3e,raw_trial_result
results/full_synthetic_development_v1/raw_results/4fe73bdefffd4750661341e95b1fd56d91a09234c9db29e7895170edaa255811.json,2053,7071e86ad5b6578cb4d63fe1f45bf7d3c4fd0bc6841c18c3a9e69c644c297abc,raw_trial_result
results/full_synthetic_development_v1/raw_results/4ff48915523a2a8440af645d30f947ab4e471966bec7b572630e7d77654580e3.json,2052,fc61b540d6563772f83921cfc670e4571a797a1cf97583bd7a61b806efb332fe,raw_trial_result
results/full_synthetic_development_v1/raw_results/4ffeb71457908ae6f002326895ecee5eda8cdd0b48c186038154cc0b7be1a41e.json,2644,70c6dd1e87e2264056efc86d2cf46d9e1d6f72e11f3fc7c21c71723b51de43fa,raw_trial_result
results/full_synthetic_development_v1/raw_results/501d620803c2a03da9366a7f7cf8413b6696576453fe23477c44657febb83095.json,2636,7430ba70be241493257c103b3eceb3b7adafee3628f16406cf2f280c9da98a28,raw_trial_result
results/full_synthetic_development_v1/raw_results/5026a00cffaf61458135ec0a4abba10600756b3b63dd9de3ac94866733c2e9bd.json,2652,24201eb8e31063144ffe155dd3db7101e4c932cee4a5768ba727817a20716d9f,raw_trial_result
results/full_synthetic_development_v1/raw_results/5028813d1caf38a77adeac53f03561b7669c9611c39bb56b28feadea4698080d.json,2641,382610801f0c9e3cad1fde34aacbd2273e3d334a9c515e72bd761048ccca5e61,raw_trial_result
results/full_synthetic_development_v1/raw_results/506aab6c1eea0c4aa182e274e8912322c975278abe6e419034002bd2b5948a95.json,2636,361839d09fa31f549e1017d34f5a8b6b6467243eeae47137398214fd57dd95e7,raw_trial_result
results/full_synthetic_development_v1/raw_results/507c6ca3413cc79835174c47488f20e3968931002bf2c508f8a19750ab2bbe92.json,2641,7460c87756a1a9c1e01787f72efa1276280f42dc6358ef1c1ddec8412e1a868e,raw_trial_result
results/full_synthetic_development_v1/raw_results/508adb1bd9a16e42d66be7cea0ce2c6424e620fe24d53edc3fd1c3c463e072f9.json,2028,2cbdd9caad67d585d35bd7b09188209367966174e686a03a815fc731195941fe,raw_trial_result
results/full_synthetic_development_v1/raw_results/50a78fca617279efdd56c6e3f16e54d310c84e81b3a567f398496b39d864e19b.json,2693,c46c88372062fd6c2d0f6d28888babbfcd0e181b2417911c057fe9fcd87f5ba9,raw_trial_result
results/full_synthetic_development_v1/raw_results/50c46d036eb6c90d8effe7a80938740ec6e477be7896969dcc51a31616560dea.json,2640,085f7fddab4349136273d5b1a75fc0a036d794058d7cd29ece6004348cf3566d,raw_trial_result
results/full_synthetic_development_v1/raw_results/50d3fc4675b282ef5837d2943645a401c55afae0c23be533e8fb012afe6c4801.json,2045,0a6a8f9a9a039d3b3abef5b5852b90719c34da1da78f611d897ca0fa0b6d3359,raw_trial_result
results/full_synthetic_development_v1/raw_results/50e11b078f7433c640d1abc420fc2e5df5e86cf4601cf29289a8fd3dcf8c1547.json,2660,616ccfaece2e0f0ad3fe5c19f6cd654458b7f1dd800ca09a5ed255c06463c1a3,raw_trial_result
results/full_synthetic_development_v1/raw_results/5144e167c488ecb3ed48e32acb61e378f0e881e91ae5bb36aef404a63a20434a.json,2051,e75a25df7003e947bb22de326feb3af89f592aae8afef142abdccd90ad8b2323,raw_trial_result
results/full_synthetic_development_v1/raw_results/5154a562ecfc437c0529773a2b32e38fb61981e0a7a2034dbca71567317ae6ca.json,2062,213574eae291e698c80b7dab033cbf044467b177ef4efe2cba7e821113ee5f03,raw_trial_result
results/full_synthetic_development_v1/raw_results/517cdf4a6cd2646b5ffe68b5b3c4a3085c4402108061955a9cabc4724780d8c3.json,2653,25083800d855a03da71ee34b86d53f60329376b78cce677d59a52a0db6bd7165,raw_trial_result
results/full_synthetic_development_v1/raw_results/517ddf842c970c0e2e787cd2e27baf0b0d4143a57b4946abf0326e382acbe5e5.json,2054,045b1a63cf8b691a553c21d1d3c9557a7f89a185e0e4231b6a372ee2c1989a05,raw_trial_result
results/full_synthetic_development_v1/raw_results/5195f139dd19ecac3c24ee0aa596c3a91ac3dbd8443e160c7e0958ece719e228.json,2663,fc065a53de2b78cb393780b42e9337aa2e5ddf8ded6e2e31e695e9887256a7c0,raw_trial_result
results/full_synthetic_development_v1/raw_results/51b8c15e252072301e03bbefa7a6d8e08ae90f6f26224ae6087f6f19dee853b6.json,2674,d628b7edda7652a88bce0f6597268aa66998e79d5f491c2a6ad8d8c643e7aa9d,raw_trial_result
results/full_synthetic_development_v1/raw_results/51ca7607422e60c5235c26b5e31afae41c9d5c7f01362af3400341f31643c4e1.json,2710,a0dbcf57a021b989a8f2c5446dccc3e5c2ec2c62a1a2a5cd58b181d8732c1afa,raw_trial_result
results/full_synthetic_development_v1/raw_results/51fba2a55d075a14287515977a285c3c3a7e51add0139eb6bd2c9c79c8838c27.json,2657,ac492a444d5871afe5705dc76d8bafdec5f399854658a58d849a134e2046d0fd,raw_trial_result
results/full_synthetic_development_v1/raw_results/5237e049cc1adee75913abfaf758819b29667c7e1222aa36f78b4852c3080f91.json,2673,65c0b23d2dfcf0f15377fcb7e101107d70e8a1e498072a80fee89ef4c447538c,raw_trial_result
results/full_synthetic_development_v1/raw_results/528f104fc890df47dad0b4ce3cc513584f069e11ad823c9f4b4567911e19ffda.json,2645,71c26c01315da054247059141209946adf756857275e55b1f5ae92c90d10168f,raw_trial_result
results/full_synthetic_development_v1/raw_results/52b61df368a6ed589139b6ef644ca7f91cadc04471dc27a48a25de422c17e62d.json,2036,c27a4dda8ca5b233681734f3dd992d42b6b558e4123943e95c65965074a90b31,raw_trial_result
results/full_synthetic_development_v1/raw_results/52baa88b443038483f94fe6f275e29618348477ceb79aaf90b2f4a896296c50c.json,2682,fc5df696eb463ed500dbee408ed50671a9147b7333b6999ebcb2632d3a1023a7,raw_trial_result
results/full_synthetic_development_v1/raw_results/52f9e630955e06ced23e83825d148a33277fa62ccc9e8ea42534e55e7194a199.json,2645,b3d0f226dfc9408c3d3f75c3f5fe15a3f92bf8c319cf8b48a46ec41b220829b7,raw_trial_result
results/full_synthetic_development_v1/raw_results/5314da4f423e27dcb889a18eaa020116c65faf85e3f660607b47f91048f5c379.json,2090,7b3ec434cdcab9dc2fc2a0192120614d84fb0d4c64089c2cf8353df6ecdc3e24,raw_trial_result
results/full_synthetic_development_v1/raw_results/53160989cae63760564b615eff0c0d990aa86a8ead8e9b15896e7a0f092486d3.json,2659,aaf6f4a6382921556816be09d5066b95ef511e2db72812bf272c994dd21164fa,raw_trial_result
results/full_synthetic_development_v1/raw_results/5347f61a190facd361b70fb754abd83da31fdce03b5641b63e83ac7d5ae8a772.json,2641,16ae99030c0eab70d2232a08796e910c490d47d11070a424eebfaaeb52d402de,raw_trial_result
results/full_synthetic_development_v1/raw_results/5349bd787312395e0f6cab59710f2d5262cfc4547a4866d4fa7bac3cb0ad122b.json,2018,5ab1b9d97959517358cd36d4ca6f4109650c6655a30adcdd7d27d4766be8ea59,raw_trial_result
results/full_synthetic_development_v1/raw_results/536bff1fed7598ea6e8621481ceba530f8de19f2543c3ce3be9957b959a824e1.json,2695,f8519ef835d61d40de326fd17de4eee22472b914d655d66022eb5903c01c8341,raw_trial_result
results/full_synthetic_development_v1/raw_results/537ee83f922299e54094b4008b1c55a7f1190bf650eedd14a5e24448af431da7.json,2633,47624818fb0131ee0cc754c9bf4be0d525ca2fc037a186addf31caa4f0eac2fd,raw_trial_result
results/full_synthetic_development_v1/raw_results/539921420593becb2e9a843befa09a7448471a0e085913d435ec2e9fea789d51.json,2060,ff3487248e909581bb43d85d615ca6b0aba80f6d2ef31679faadc997c9479771,raw_trial_result
results/full_synthetic_development_v1/raw_results/539ea607e539e312bc7263f58838d61c3cfc9a2f1030d5a55d4439b12c01d71b.json,2070,228c9af4231398a1b09773e626d24fb66995772df7f0c422dcc8d1e4eabdf52e,raw_trial_result
results/full_synthetic_development_v1/raw_results/53b62f590315252f72cb0bc5f79426560ebeaa6ee91551251564dc4c41f8a4de.json,2668,bb3c63b0a9959a463c52cc65e79d6c4578ac125c8c00763b3970a0e394508e23,raw_trial_result
results/full_synthetic_development_v1/raw_results/53bea9ae913aa6e1c8c7d9d7d583409a64a2538678760a97cc9a15329ddb8438.json,2653,be6fb30f7620badffdb7169314919cc8c15332d73a65cf210355d76db27b8508,raw_trial_result
results/full_synthetic_development_v1/raw_results/53c5cf109eeb3ae6d3b10a5da0951c87e5a4851d09f81aa845b37c56be67fddb.json,2015,ce9b5e18f72d97dbe0abbcacd5227a3ab6434abf8b755680438179fe19856e9f,raw_trial_result
results/full_synthetic_development_v1/raw_results/53e230cca89e8fae5690d03ee15d98b705fbdd8db4fa7deb4c52a78d817e3217.json,2016,0fa0b25438d1d675ff7afbdb76a3a9fb2fbbd7511d1fb37dfad63904ba6b4355,raw_trial_result
results/full_synthetic_development_v1/raw_results/53e41569995541220c5bf245437436909bc44070a0de2e9d3f833b42d09e2f6f.json,2051,354dc1f9e027aff62be0713677efeb44c195abe650012b9dd93d4b708dfe7750,raw_trial_result
results/full_synthetic_development_v1/raw_results/542056fc0e11a7ca3b7eef0d1120868fb820692d06c74e798d8adb0bd7b35323.json,2029,a63b6b1a067147f8c17d0e216b97bae26a8a2eda073b9f39a0b1807da2ee2c60,raw_trial_result
results/full_synthetic_development_v1/raw_results/547b8e7f6ef6311b4ca9a9077b3c90021e52b5734ed0fde7639a5be91a207465.json,2062,3ad2a9a8adc6e984cd271e3942c9219dd5477b9dc4d90407a02143e0dd0961c9,raw_trial_result
results/full_synthetic_development_v1/raw_results/5489e8c1898a193ea0941b1eb161fda6f87fa0b6d882fcf94918e2ca67d5e59a.json,2025,8cc58ee68ce46621a8c8c7f8410632eb0c5f3a13b9c44f98d4877b78e1e32759,raw_trial_result
results/full_synthetic_development_v1/raw_results/54c9298e1e18241462a19824cba2ddc496a0f6c11b2ce78c9c31d37f65fd5c8d.json,2695,69a64f574c67f97ca4a536e64695106062f789bc197d525975936496ca669e75,raw_trial_result
results/full_synthetic_development_v1/raw_results/55207b686589ee177ce6f854ec2aa249fa41e7234cc89a78588bfa2fd7489ad0.json,2042,8982e52111cd5ec084cacbe1edd3907ecba7f98a8591bb39fedbc12295a18eb5,raw_trial_result
results/full_synthetic_development_v1/raw_results/5555c2109fb79a783a0f8bcb53af8523bedf1700dc916e891b03aa705554e989.json,2657,d3068f3eebaeb54e69779a2badab1bcf49e49c334c539ac21e37b2837b86f93c,raw_trial_result
results/full_synthetic_development_v1/raw_results/557255d8789a5e4231560643439861b748bcb1d21d63695f924c30aebca4b002.json,2659,8e4f66ae620022e3a8724abba3a1eb62866b38c5edd3022244f4f2e458227edb,raw_trial_result
results/full_synthetic_development_v1/raw_results/5581290ea85d779a6652f7101b8265dbb450dc7847fed7243ffd059f64c19788.json,2046,0b87b57c073f0f007faafd1c0397ad42ee90bd4975b55c3d429f38088cb7904d,raw_trial_result
results/full_synthetic_development_v1/raw_results/558840c044c80232f5a41c976aedf39db012cb591f06283c6f0cf0f3dc71d3a2.json,2029,67dcda11a643e002b3b4ffdb047a35832de8a25f9be3c1540ed5376cb961f5a6,raw_trial_result
results/full_synthetic_development_v1/raw_results/55c501d0cb892f0aa79e809025f783ffe389efc5d08a7e10ae0d641dd3620791.json,2089,b29ae4c646b73a382a864e662858e66c047fe14324f7a9458755336635f203ce,raw_trial_result
results/full_synthetic_development_v1/raw_results/55dd0d41b742a7463a61f68efba0c12931a8e03137b5fa10b172b44e34180442.json,2066,ec6f09567f5f493841e9b2f8d1e0aefcdd26cd204435233838e24ee2ee1bce93,raw_trial_result
results/full_synthetic_development_v1/raw_results/566a4952f1046fc0f6acb9b452dee76860eb7db6264d834d104bff9e90207389.json,2657,c34668259afe709e6538958f17adce09af047d9cf5ae1950c022ec5c5710c3c0,raw_trial_result
results/full_synthetic_development_v1/raw_results/56bf9586ccc19cea8796609bee720ad8bee85c76d57dc0fd840389eb7c4e3aeb.json,2667,5a4ee8ef24df2b7e870bf290b782e269755775cb1fa75ae70b202ec6f4b9082f,raw_trial_result
results/full_synthetic_development_v1/raw_results/570b078a7391d92efb0132b0b1d55013193f5ae898c46cca379051e7259412fe.json,2090,49501d748e4a958da568edd1b6c6706426a680e36aeba782959ec0586684406c,raw_trial_result
results/full_synthetic_development_v1/raw_results/5712ef65b39ce506ecfba651aab9cba5c48293a2cba52424721c18585fa970eb.json,2661,19ecfd2116dc3accd5249673206fb08b34bace23d3240bb33c2a2425f0f2174b,raw_trial_result
results/full_synthetic_development_v1/raw_results/5722c812986ab26f13548ded8f28a5a68f57b738fe11a07a55f187b6fafeba0e.json,2684,2f0304283975b56f3e6de187c6f852d581325483a29149e9702ad205b2790271,raw_trial_result
results/full_synthetic_development_v1/raw_results/5752fd02ec9459e0b6893d72bf03ac9a160dcfd44d3334088a91b4062edca5ed.json,2670,2d8fd6f871755f2faed9f773c1c380eced0715202b7c571b0d781d47cfdafa4c,raw_trial_result
results/full_synthetic_development_v1/raw_results/576da804e1217a7da6a470e32d60166f60068694d2eff971a560dee55e1dc274.json,2010,c02f06bb261236cad86cabea73dfa921129e4b95e5ce9b76c5683d02dd99324f,raw_trial_result
results/full_synthetic_development_v1/raw_results/5773a5d5cc9d15521c878d12e9d93c8208bb46f0298cdac3325c611a2dc2ddfc.json,2087,9700a028c9ba6fac4018ecf205f70e2fcd2c820a1e9912c7f7ae9f76860262e5,raw_trial_result
results/full_synthetic_development_v1/raw_results/578394612d28ba7aaf8ed1444c1511a1a326bf590a280a55be6dc6c3c017f890.json,2051,31530a801cf2bf2ef12622a351cec40e3f841376c6111604d31e830b8c155604,raw_trial_result
results/full_synthetic_development_v1/raw_results/57a1cf56a774b30979624c9e3ba572a7624a0890b2c89c9d27e530bc56645b06.json,2034,a8e076552679e98cfc5fedb60c0bbfa572fd540867930a3241752b2e110ed999,raw_trial_result
results/full_synthetic_development_v1/raw_results/57caaa938f0d65c93a472fd3b0db4e37ada0fd555c3789c97fdb04a8f32dd0a1.json,2644,74369b1746ac1e01d74675dc2cf727260d6edb1c8eff3f0a6abbd684e31e2857,raw_trial_result
results/full_synthetic_development_v1/raw_results/57d4d58bfb83a730d2b9aa068d514788163bd3b0a3ceb9eb09f682329868b741.json,2026,72702a96f9bb507d5df05a6e6a79e4ef4bfc96ee05dffe6aea44364b926a428b,raw_trial_result
results/full_synthetic_development_v1/raw_results/57de32ba4ef22c05cf3f3013a641d4c876f67b051b180852c5414722641d8b78.json,2073,336c5ff8fd30c1fc56af4b579a2cf124c24f8522d6ed42b102f9cdeae6783794,raw_trial_result
results/full_synthetic_development_v1/raw_results/57e86db8d9fe3335bd83a7f532789753875d8ec3f8b9f357b96e387408b79d13.json,2635,d8c9ac4035277db8576270c64b277852371f1f8501d3465e1d7a2090890ca927,raw_trial_result
results/full_synthetic_development_v1/raw_results/57eda3240fbd2b9b76515620f7653117f315b9fefa65bd9694cbad06274e8c00.json,2039,adda63f37ad1fa6662448619ecb99118adfa209b07ec3715e28654ed4d94318e,raw_trial_result
results/full_synthetic_development_v1/raw_results/580b3345e33fb63ef6edae5dc44c22b28dbb4d2d0f85cd920207c8709723d955.json,2694,3907c6b9dfaa366e8f8bfd11597f0b8239e12988eb6cb85f05a1ff323dd7cfe7,raw_trial_result
results/full_synthetic_development_v1/raw_results/58236fa19d2a7e8b970eb1cd0895453efe60262709492f826c6224d9886c900d.json,2648,da9f503ef5ca6d62f1b0821f309c8518a68c005df5a32184a62c7187a34aa718,raw_trial_result
results/full_synthetic_development_v1/raw_results/589e1f25ff1b1c9678f3da93a2b6553ad42d301770a304015be29c618b0a0355.json,2018,e7061e8d72af6adaa7c5b91deb7dc045cc845e7dcfdda9b563672f119bf080f2,raw_trial_result
results/full_synthetic_development_v1/raw_results/58c06ded00a71f06d65a206f4a7bd660e9ce12d821bd20c585db795b4fb012cf.json,2035,1afd67c434b819d2f8b02ab4d8a9be01bd9f4101d97c22eff52bc4ed084e775e,raw_trial_result
results/full_synthetic_development_v1/raw_results/58c133cb4d4518e93bc62f683018b481643465de8d4eeed2941cd77674a7a915.json,2044,8b67c3eccb2763b42b31fc5b14b7733cd2cdb1a93f409b905652620ec6c32896,raw_trial_result
results/full_synthetic_development_v1/raw_results/58d7c3d3e3fd0ea9707a6b99232b6014534de22d21d7554917f2927cd7f7a62a.json,2016,a426d9f87b5ec57a3686b938f6bded721025fdde4075869ae0a3bdc567163b44,raw_trial_result
results/full_synthetic_development_v1/raw_results/58f1cd3d90967760b25f8c6037254e5936633840848e59f44d9a050edfc1b582.json,2656,c9de5c4aa9fb2e30936abde87eeee02f4101e5d18bb27cb194fde9be702273a1,raw_trial_result
results/full_synthetic_development_v1/raw_results/5912cfa026eb3489392c277a54edc056ff0c3ce8585706b0877ccc8d66ede84e.json,2048,7683450bc76a5460097c10127ada69938aae2ebe1043c7369176b43a0c47eb14,raw_trial_result
results/full_synthetic_development_v1/raw_results/5913561af3fcfc1e11250903b6a39ff2426a41f3c4fb591d35bd34be6825d804.json,2030,6fa099812e71a903615d3dd2d01b45b58899508438251ba5853801b3ec9b0f95,raw_trial_result
results/full_synthetic_development_v1/raw_results/5927be8938cda0ce8ae9aa81edcfaaafcdfe0d6f7ff9d62e81183e4a559fb6e9.json,2036,f38c7c79c047046c82d93ae20f2cf6db3f27d8a5ba55b2dfd94423717b762681,raw_trial_result
results/full_synthetic_development_v1/raw_results/592eb409041b9948ff52f0935e9918fc5c33d680af0366747930aed88f665fad.json,2670,91547b0684bf17e673b52fda29605081425af4fbc1a1531f1253c2b75d80911b,raw_trial_result
results/full_synthetic_development_v1/raw_results/5972f92eb80ff76426999ee22301d0b8bf7ce36fdf698fdc19cd7d9cb0431af0.json,2029,f618146a61c95c05789de3cb265ec195ff781aae20939a5ae1defa6f7d65a662,raw_trial_result
results/full_synthetic_development_v1/raw_results/5987cd1a52ffcb520ed6c58c4c283d4ee8a715008ddcc6c6ecde438ee99b81a4.json,2688,7dcb58fa041c84d6ada03ad179fdfe6c84a44f1fdb67bfdbdd16c5d23b27f4ca,raw_trial_result
results/full_synthetic_development_v1/raw_results/598c1aa1b9b4af39023a025ce97c6813553ce15081cfe567712de58e7553f4b5.json,2079,0abaac2275d10eb16f80bab0f6b32bead51f4c4c44a558951f7b2e442700d25c,raw_trial_result
results/full_synthetic_development_v1/raw_results/5991a62fdf230e4a7f016037680e9b6d005df37b8298ca41ab9e9bbb53783601.json,2018,1b275e5b8c696e2ffe47f906c660fb54f4e62c9be8948f355db00b9e150fcd3f,raw_trial_result
results/full_synthetic_development_v1/raw_results/59a4885108e1a6494bb4abc5b92cd01c653cadc9be3df20fb5ed9789f4d3d5ba.json,2652,fe1b4b050d46f97fb203cd24cca46e24c9907ea63a8c619878041e6d5a8888d6,raw_trial_result
results/full_synthetic_development_v1/raw_results/59aa49fd35f251e11ac945f35b26a21de7002e1064ab0df67d345bf0ca1eabb4.json,2648,693d74b59cdf407a873acb0f80d8eb157a530ab0527159a66d615490ab4ccdc1,raw_trial_result
results/full_synthetic_development_v1/raw_results/59bad88d25ab283872bca6a33047bf43ffc206492ed538ff475af44143433120.json,2705,ec05d2a959948ceb82130fdeb810e28aab51100b9ffb7ff78520f76f3c009301,raw_trial_result
results/full_synthetic_development_v1/raw_results/59f50aa070793208be3a6774a363d2531ad907c3709e213a40d790f777c06d91.json,2072,34dd22b1f7a2f2d7e5ecf5fef86edeae5e64c3e582e4eea57bfe19001740224c,raw_trial_result
results/full_synthetic_development_v1/raw_results/59f6b12243cc6ad204ddc68bb2cc75f2909207842c5adfd7757f02c3a9b14064.json,2643,72f32d9ebb8cf89a5b846fb8153a01d622b00e3ac0f8b0bc20628d35974a82c6,raw_trial_result
results/full_synthetic_development_v1/raw_results/5a0624ee095154c7e19c47eebb8e840d77c424469f06a2f68dd9c2a88ac315a2.json,2068,2be311a518c8b24c93202ca92ee20b055b158bb5cab684a42ae5b232ddd85ed5,raw_trial_result
results/full_synthetic_development_v1/raw_results/5a73dd9bfc615e2d2d668affcf82d000956a2764ac56863a7dca02fdf7cf95ef.json,2033,49c669c18a6fa60a0d874a477987590d35eeeaf32ca03613e15b3c9f41950871,raw_trial_result
results/full_synthetic_development_v1/raw_results/5aa7eab13d9dcb5e1e4d18442dce4e5cbfecec927162cdf55c867ace1ec2c480.json,2084,db6acf1623dce19d6ebf90d928c7eb4a6344cf9b767b0b19735ce788e77b0729,raw_trial_result
results/full_synthetic_development_v1/raw_results/5abd42947d7795f836096ca065190ff5c85a86525d2ecbe023c1c2f87050275c.json,2069,d44c40390527887901b3cee71f06f8a787f77768ed09aeb116a028b1d06a23bc,raw_trial_result
results/full_synthetic_development_v1/raw_results/5ac7ceae0c6715dd3a51bea7263cd1f97bce63dfa1b454de36da65c5526bed29.json,2016,6b0afa657408bf13e58894e2e770fbc7f9bb6c2662bc0e010a918cb42a80f2cc,raw_trial_result
results/full_synthetic_development_v1/raw_results/5ad50ab2cf6fcb68baa61b233df2139a4e66e407fa462611509fdd2f14322798.json,2024,17b1fe2880af1f3fb8e246a210dc15955d3d842673258cc42bc89e32a305baf4,raw_trial_result
results/full_synthetic_development_v1/raw_results/5aede2a07b3024f5c7ae450292f7d661cead3c1280c58ba9baa8e9b6f4133c37.json,2023,07d6cfcc81e58d521fd6392e40c9af7a2806e5118f22f153b9c15d0cae80dfc3,raw_trial_result
results/full_synthetic_development_v1/raw_results/5b12bc712cc38cf05ac7791094a835c275daa31a7f6757df284fc37d0110dba5.json,2655,f91666629a6938c5349f0fa4038107b0c3abe2476b996b71c114d96f98083263,raw_trial_result
results/full_synthetic_development_v1/raw_results/5b1aa5e6e4681854a406c2c3f8fefab695b0a310359b674ddd85c22881b1d414.json,2036,403068d12d799f4b9ccfc9921593de9e07d8728ac1a57466b80ecad2c88cc6fc,raw_trial_result
results/full_synthetic_development_v1/raw_results/5b27ac2f743ad9c3d603d2db20e75537b7b91e03ab6bf0e37eb6246da2a92852.json,2639,58231e9a26c73b01ad003381c2205532ebfe489213de87d5ee9fa5876080a799,raw_trial_result
results/full_synthetic_development_v1/raw_results/5b34959b88ced9da5f57f64baeef22b2eb52cd24f6b9541a7281add61ba00807.json,2050,c7ffac99e278dae3cbd170814931c91c20defc85e6efad551bd9b23c543f4454,raw_trial_result
results/full_synthetic_development_v1/raw_results/5b52a4d5c9ead3bf70a6887aad441ce5b7f487646d29318429a15358771e7e0a.json,2657,c499dc4e877cf982ae45a7ad45291e688161aa674e92872389755802418a4cd8,raw_trial_result
results/full_synthetic_development_v1/raw_results/5b855401017c96e931309ebb4dfdeac813cfeee7ba561349c45e87b4d9f5e5e7.json,2672,a2f3ef740f34f96058a0df830224b37dd9baf6bcc7dcaed3de680555f2bbe24f,raw_trial_result
results/full_synthetic_development_v1/raw_results/5bafad0e2e192178d3bfbbc09058932ae67f878e4097f999438608f04b1f11f5.json,2642,4c5b379e921cc1a885c1f5f9065e69a26e0a17d4c3ffc9c4b8852d97d2cf1f07,raw_trial_result
results/full_synthetic_development_v1/raw_results/5bc7fae86b2085bf6b27b8e5be349d5e51609d9890b0393c5e54d4aec6114afb.json,2019,b722b7cd132fd8703adaaa1cb12a526c407533c8966c0065ae106d7c0f2f3e20,raw_trial_result
results/full_synthetic_development_v1/raw_results/5be0946cd2da876901756562c2ea2292ca2126c07d537a15182804cc03cdf423.json,2021,9af2a3d5efaefc673da79a6101d581ab358e6347515cf95cceb4312b1619a7b5,raw_trial_result
results/full_synthetic_development_v1/raw_results/5be3217f8f3a2a0ddaf70f1c5f765fd4c1df3e1cdc1860c1c054e9517580e9d2.json,2680,2d2655aa8b23e36e25df974c55518c0a2183b05d85d3fd32de9f2e0183021d2b,raw_trial_result
results/full_synthetic_development_v1/raw_results/5c4d603501305caecab0cb128d32839da1f56331b8b0fcb5234c56d2ad3824a7.json,2039,9fe0d25ca631dc2fb69674ea921dec48bcd69e326687b41f9d5a935add73ab66,raw_trial_result
results/full_synthetic_development_v1/raw_results/5c4de5944f97f3470da175fbb309e7e3d3729cc7e05521c10e5a9f9dddb8be79.json,2028,60ede5eaacbe3ad40dede8af6941ce4d801f2ccdc701631df5a17c07a2d7cf18,raw_trial_result
results/full_synthetic_development_v1/raw_results/5c5c0750bf488ab57586cfaefd5107254e7abd86a1a4b514721920daefcec947.json,2710,21a4adcce275d56690ecf6d034618a1f5f56731d40263f185e5a5076744f614e,raw_trial_result
results/full_synthetic_development_v1/raw_results/5c6a09710d7bd0839198fec22977546aac9005eec7ae5aad73cf08101116571b.json,2054,6d299ebab967750ad95f09481f54cc90215daa33884110f28f6ca5c150767361,raw_trial_result
results/full_synthetic_development_v1/raw_results/5c6b5d8ebda72565e279a448300f5fd73adc6d46764030486ac2a3af5ea27e55.json,2674,ea5c629e3c5a3cf43accbab03b2bce1479ab1b9770166c163904820e5e82c44e,raw_trial_result
results/full_synthetic_development_v1/raw_results/5c6d6cb8b75a7b6621ad831f68d7aaf584b1e50fdff49bc2ebe4d1820641252f.json,2059,89ecbcf32bef6cdf3729a1b6387c3ec72c27a31cd28b216b73da0de4431de025,raw_trial_result
results/full_synthetic_development_v1/raw_results/5ce4181baf6dd9afdd40b05b0e451c07123a367c790c3605d85cc4c33d3dfc6b.json,2656,13bc747db3bb73fa60ffce7e54ca32d5dc92802e43dba3a4ccdf0872636fbf7a,raw_trial_result
results/full_synthetic_development_v1/raw_results/5ceb7a89dfb86d93511ae50c918f554143f2bcdf7674754f57c2fe083ee7d4ff.json,2621,bd573962dc2bd709d71200de004f4a245de3567d8a96bc3a2986e0d2f656ad4a,raw_trial_result
results/full_synthetic_development_v1/raw_results/5cff42a9eb196179abb287e47ad2f3a06686350aebbed711f6530a44ae598e4c.json,2053,b8021703a3754738b2a7bfe09743d5cf75b7a12348ab217dec0572f16d24cf42,raw_trial_result
results/full_synthetic_development_v1/raw_results/5d28f19127adf706d5dd50592c2a5c53fadccd9a6e090dde67ddedcea9d9ef48.json,2690,ed673cddfe462157b617fac7f5d64ddb1194ad50815b0437437f42eda81925c7,raw_trial_result
results/full_synthetic_development_v1/raw_results/5d43335a45da5adbfe49ba251dc9682ed2486eb61286fd7cf657b23144c9a3c8.json,2646,a87c2f3594c49cc9117e80ccd725cf74c399c718a557d23895241e2ee4a025c2,raw_trial_result
results/full_synthetic_development_v1/raw_results/5d7e2f6b9fb8ea844006c3a9514af6ce5970839e0193fbaa93e72518c985342a.json,2060,65151af4d09768d94a2d5d668504c4111c17295d2ce6a818cd345e723193e742,raw_trial_result
results/full_synthetic_development_v1/raw_results/5d915b37c7a676528c5abd34d6e8d911e0a8015260ff2f4ac2eb34657653d857.json,2669,268ed09af3cb0b38a2be7da22508c144de6c35b63eb7305dac8b24f270d13a3e,raw_trial_result
results/full_synthetic_development_v1/raw_results/5dc582af5860ecd6f7df79fa2af311feff175040cc267e446e1ad2e57ab72286.json,2068,5e9d65135b666c8dc2d02b9ac1acf549c9b11cbff26dbcd493720ffb6751b315,raw_trial_result
results/full_synthetic_development_v1/raw_results/5ddada264654afda97d144bd938c4f2d6d6504dd213ae8d1d556e6e876cc2cbd.json,2020,74cf1a08dc50fbcee4aca90377731919778445435d6f4a7e2518dad5655a6467,raw_trial_result
results/full_synthetic_development_v1/raw_results/5defe6d6ecf4800f2dc40bc5448b9a76ae91a615e5d970f9c34c6d70f6edd96b.json,2654,9b591965081a665f8e537b25c7ec8781ac0a4a6d02aad395fe32af2b3103b304,raw_trial_result
results/full_synthetic_development_v1/raw_results/5df8ef8f46c0615c09323d1c29d2e2b856966dab6ec9c133593b9840479bc7a5.json,2057,e874510c129a2268ef51998bb8ba08778c22230921ce5f5605155b3e5df8e2fc,raw_trial_result
results/full_synthetic_development_v1/raw_results/5e10d2a25858b5a97195d64a854567b93ef06d4bbd1c06ff5e92d94cf4a9f7e4.json,2669,bd746924c907a4501a87944904e0b70a14013d61ebb4febeb5559292483fb396,raw_trial_result
results/full_synthetic_development_v1/raw_results/5e122b4e79701854f02ac61b092ad2e4a7ca65eaef61abcda0c070fbf9c64df7.json,2019,cedb9a1745c4b1cb60c2cc3c2949c4376c68dd1c50baf1dac1ee81ec6f4f1e46,raw_trial_result
results/full_synthetic_development_v1/raw_results/5e18bb4f77df749f3583436600e33613b63a6ccb703700152aa3ada7f06454b5.json,2052,346dd5b7c6a802069eb2e051502bc86a0ae12b13d2201f0a0102eb2591a7645b,raw_trial_result
results/full_synthetic_development_v1/raw_results/5e66280d565c9e240908d6448102414fe6f83091c0f239016de64f44c9055780.json,2049,746d1d9c906c258749eb89ffb7eb667b03f328aca82d82e61377bbe423a28973,raw_trial_result
results/full_synthetic_development_v1/raw_results/5e67057d5c348937fc94d744c916e9d25a707a3ee878b15185bce0435fbc9b68.json,2628,d5b05e2156b530723420e92bd43675a271312c87200fea3fca521b3e81b91f9f,raw_trial_result
results/full_synthetic_development_v1/raw_results/5e879f13e2c2d01904df1d31ae91c591c43b5d6d65981180b9f0e7ff5308bc30.json,2666,d50616656c544db0054f9663a3f607caeb74a601834d04dd1ec8f8c4061f28e0,raw_trial_result
results/full_synthetic_development_v1/raw_results/5e8e79746cfa197824f6992fcf441ba988d94b1c777ee85acbc39f7b468faa16.json,2060,93dde4bfcae589bdad611eb0fccb2ecb83a11bf35b9b9def43f6b48e12e53dca,raw_trial_result
results/full_synthetic_development_v1/raw_results/5e934238f49ba1e9f6944693b910d89a54ac1e1611d9769abb63627853d34dfe.json,2063,043998faa854b86fe9e50f2783c750bdd68a232fbbc539ea49220f531aa8eb4b,raw_trial_result
results/full_synthetic_development_v1/raw_results/5ea573e4c4eb33552b3f301fb8800ab08dbaeb8e07ad50341a3b515ef5915b4c.json,2682,a7da4ffd3235e30bf456ad8481b1001b2ccc25936194e5a46939fd9eae63e1b2,raw_trial_result
results/full_synthetic_development_v1/raw_results/5ea83e41a9a430196bbd94c0f3177b2baa33b873c7367964e3e963a99b41014a.json,2023,cb3c559b0c73e1a4de76fc806544a59d1930b60f5e43c1e0f6190a9e46dc5a9d,raw_trial_result
results/full_synthetic_development_v1/raw_results/5eb0b5cdc1011c36c6dac533fa66b967fef9cfd4e3f66aa058749d68a5286b21.json,2089,eb3d5d513ffa0d6e1420f7952ae7e7f153f78cab5940a5661b1547f6e682a422,raw_trial_result
results/full_synthetic_development_v1/raw_results/5ecbdb1eac03961e7b4c3c376282e0fdeef52c264b4ccaf087d00fe68848b2d0.json,2053,5c852990f75a45b7f7a3af4920c4f505e0cdad47e6113395dd1557f53e5610e8,raw_trial_result
results/full_synthetic_development_v1/raw_results/5edb8db45d7e3ecd80c6b24a267ae0b5f959b4eddbb9181ca1c62800178c572c.json,2659,be45895b4869a7b038c6b4498d6e1975a19e682fd57eb2d5032578a72ff5ac07,raw_trial_result
results/full_synthetic_development_v1/raw_results/5eec39c1b5c3aaddec1bd275fafbdceb37c9b71ce3960ed8803c21f6ee86f342.json,2656,3c615ff6431401b468596aebdc2a064031fc7f549fae1bac4633a725cfcdf643,raw_trial_result
results/full_synthetic_development_v1/raw_results/5efd94d700b2aae366293516251aa788abbef1b9c02bc86a2983e7c6b849392b.json,2090,5b8056544f0501ac67f994462772db93dfb7be59e003892e08f92b5cf45ea87e,raw_trial_result
results/full_synthetic_development_v1/raw_results/5f0ac6745aac6d476e089d2d4e2cfbbd807ecd2282e2855201ef66af49e65cc0.json,2648,2ebf16c777e85fccb2e2475987c707924fcdfcdd53af2d0eb8601295f5c251fc,raw_trial_result
results/full_synthetic_development_v1/raw_results/5f15882a65591c3838f30a910108f5eae72090e01ef1b4c12cbd33d0f1130c04.json,2033,57bf500ef79d200db5d55262e414c1d4b70dedc9bf08d48bae75d5bedb390c8e,raw_trial_result
results/full_synthetic_development_v1/raw_results/5f2853a7ea0c33b51570e786ffdeada6650d68fb5278d6f6d44c0390d9a69a3f.json,2030,cad46b35a36f7bb72486266135882887e0ee901151fe2159fda4dc009a994824,raw_trial_result
results/full_synthetic_development_v1/raw_results/5f34cbdc4c8e0a8e96bd70c8653acf93e32bd394bdac93048e7b71934fc91d5b.json,2662,b424fff9d1693ed430c2db221e8d3e1d06d7913a751ca4836c14e6ef1c37bb47,raw_trial_result
results/full_synthetic_development_v1/raw_results/5f3e8e96d66b4ecc1199eefb55e53bd597dd47b930c7c227331083eeefc2ba95.json,2670,62200da8051dbbae811ba6648ede639ce75b001df9861b92f70f2219a752bba6,raw_trial_result
results/full_synthetic_development_v1/raw_results/5f4ad8db3d175c71edfae64d532536c0ecb4751ce73a029b64e67b44cd32c759.json,2070,310c1ccfbd27870776691b7388bdd5e5f87a789187e95b044015144d6a3880be,raw_trial_result
results/full_synthetic_development_v1/raw_results/5f60ae0621b5a4997efa0e5fb2d091df7175b3ea3e3006ee3283841a92359182.json,2707,aaaaacbcb77082e037848d27599a76abcf2a6c2dd3cfb09a6be49efd0bc3f5fd,raw_trial_result
results/full_synthetic_development_v1/raw_results/5f9458813d0998dbaaa436a5ff90b9eff69772b0209d2560956538922417f04e.json,2672,e1241ab6158dbeb81d172e620f44e86663cc8b94067c08049cd1e1f1ee276818,raw_trial_result
results/full_synthetic_development_v1/raw_results/5fa6cda411db3a5d4a387edf6d1106634827c0bc31170ca85234b6797d90ec6c.json,2042,1c7c9620239aca9afc0c6b8f984478f984eef1225194dc78790a512a84ed812e,raw_trial_result
results/full_synthetic_development_v1/raw_results/5fd26a821e52f0956d3ece17a13250d46ad82e6724e68ba4d7e17adad1404db6.json,2032,ed711d108b6b4ea25b6e4b53ff79e9aff29750ced20e0ceeb611f0c9ebe2eca1,raw_trial_result
results/full_synthetic_development_v1/raw_results/5fe97fe07b1256b768dc88942b0b57d05c61dfee1c0e00d1c8bb52178e7ea77e.json,2658,314a7725b30b0266366e5004c993a2f6699249ecc2985d2408609d04e7da41a1,raw_trial_result
results/full_synthetic_development_v1/raw_results/5fec132cc56f65bdda32217fab944e85d0c510a2d19551bc41581284d19842a5.json,2668,74f0cfb4f398cf7b71e4beb5bcf7e7c598334704f36c6d2a367311a32f4bcc9d,raw_trial_result
results/full_synthetic_development_v1/raw_results/6018d0d4c3fc5b6cf7042f9bf75ce40094264a31f106d1605843b658ad0a6e5e.json,2667,a29d0d1d54d6381d1c3387a21c3c69db010ffb24668bfd351d41971a0a2cc6b5,raw_trial_result
results/full_synthetic_development_v1/raw_results/6072a0a292dcd351f3bfdbf0278bf66297544aa0d6c372669c6e7fee028f26e3.json,2643,9160e98fc1478357607baad184b16357b74fdd85e5f8bbc684dffc54349feaad,raw_trial_result
results/full_synthetic_development_v1/raw_results/607b8fee084a5dbb4803849f05e110b8d126e3e53ff75effd9ac491efe5f6c83.json,2648,97d614c7035ee3b7f2dc264e7f37f9cc0eca6c63ceeb67bffb40f513cf70a3ea,raw_trial_result
results/full_synthetic_development_v1/raw_results/608f0cc55edd6a288ced22ebd4a774cdf02326302c41ac2a27dd05883463a61a.json,2034,3b83ad31b3045334ad0fd2402fabf7dd6078c45de9011691389888364662aa40,raw_trial_result
results/full_synthetic_development_v1/raw_results/60a46ec295dfa40c286e89c5032ab56c5b981c23db7134fdb9546ececcc7eb9b.json,2043,33b056b79b5b79d5194f90b80e7edb5cd0ade0cf2eef3e41368fbe8184e19dac,raw_trial_result
results/full_synthetic_development_v1/raw_results/60b2382f994245ea244598b5f4b5b738fbb9c8d8057bb8c17d4133ea0295d18e.json,2025,08b2887fd79019f2ab0bfcadfbb489364b037e181ed47465cd46379835753c42,raw_trial_result
results/full_synthetic_development_v1/raw_results/60f06d67f704fc4591e8e025574f1f1801c6d67b6271e9e9aa706d8e996a8665.json,2663,314318cf656a4d155318bd42a3a0f3d19a5b043a109affa04d56b1be1896ccf1,raw_trial_result
results/full_synthetic_development_v1/raw_results/6117338798bb3c4e3061b3fd138b373bd98dbe68a24857c87c810f8460919dd1.json,2017,da62a4c2154c362f58c80f6865a1aee51632d3848741a76156f3f9d20662f63f,raw_trial_result
results/full_synthetic_development_v1/raw_results/61197cf2d8007997488ef464105955e38d3b5ce05060fc0605fa93e9b3dd2cf7.json,2029,5a36376fb659c951885cfad59d3e0fe2e9c53f420d9dd7ced6d753e82f5c4839,raw_trial_result
results/full_synthetic_development_v1/raw_results/61446c326d4819fdc1febe09e549196c6af67c4e5ded75eba30c12d06629da34.json,2037,01bb487468a8c06cb9cd85f03a076ed49d51ee0d3cb8dfd0bca7991ad840a352,raw_trial_result
results/full_synthetic_development_v1/raw_results/61479be8af78b89b0a6cbd363a6fe9bfef5043bb481f1ac4a2aa52f5d4b6259c.json,2078,150f560dd7d5257fb5b03d751c43cc8c8c51c2007787967c7e4bf79f2a560ec5,raw_trial_result
results/full_synthetic_development_v1/raw_results/614c7ad7cf61d859fcd57bffac1366675d503a5d718b51097cbd548714b6dae6.json,2665,a1feb7e679fb2805f3ecd1c6903f5f236d03a56cd11b3754984ba6f370ee89bd,raw_trial_result
results/full_synthetic_development_v1/raw_results/6152539eb48802758f2e47163f852ea7cbc45e22375069a0b0247b5e2fba571b.json,2648,6db637f14977ff314dfce766e3b5354ea9f3543fb5808a94b2ab1f1df36a65ab,raw_trial_result
results/full_synthetic_development_v1/raw_results/61704259bd7e37863656aebe2605f15ed5eec4d45d06fb7e42d1235b349f4a0d.json,2690,829486f9ee02a8445dfaaa89d2d4cc2cf7cc5c42a8ce14514e2d0452c67f5ccf,raw_trial_result
results/full_synthetic_development_v1/raw_results/6184c0627689117d80b2923c5070e423766a8173988e9fa0cd05d36b2df14a17.json,2030,137a2fe326fc3cfdaa5eee4aeec911c9181a140137cf0ec78d757fc7fb506803,raw_trial_result
results/full_synthetic_development_v1/raw_results/619227655b158209081dc483d4b2f3a4fd58789d9b051fc889033eb4ba119731.json,2034,6216d67a82a64622306959b48838ab9cf3b5e6e15ddfe80e8dce63a3f6e2e8fc,raw_trial_result
results/full_synthetic_development_v1/raw_results/61aedfcb250a7ccb2df9949747aa2ff5a9d16db5093d6fa3684d0e1521e75967.json,2033,c4bca4b3a979023ed87a506b418a063304d403738180a0fe85ede3f15c2333ff,raw_trial_result
results/full_synthetic_development_v1/raw_results/61aef185525657bd9d6b6690c54a581312291989f5882d97fd756a8db4391c4f.json,2662,bc5f052b397301ffbaf73a4096cabf2fb6777b4956048dd2e232c59a8a7a7726,raw_trial_result
results/full_synthetic_development_v1/raw_results/61ce65cdedd9452ac15efb97366e58bf5bf02bada2e565f0764749a1e76bf5d2.json,2697,7e5d86c035a63ae8979ebf166a7308d58986dee8634e485f7d94ee14cbf4f173,raw_trial_result
results/full_synthetic_development_v1/raw_results/61dad2d4773ecb0c19fbaf8afe24860f8fd9e0522c56ebad1d736584c57f3e11.json,2049,d5722699f5b9dbc78cc4ef60f801bec5252bf007043a7cd07e4077c928c1c76a,raw_trial_result
results/full_synthetic_development_v1/raw_results/61e4fcd37e2afca32c33f8dd74c3ec1a8541e11cac3720bd50d6aed48a86abf5.json,2672,4f518a596b68b320d8f33154931f43e07f16ea6d9fc6db9c7a4e7f1375ca65a5,raw_trial_result
results/full_synthetic_development_v1/raw_results/61e994bec7c30ef6f26dcdc053ae98dfcef8607eacc5ed467232bfc6d64c4bea.json,2083,5a83b4196a77314c42f45ffa6f41808ff8892bda3f7b17ef4a4f3a26dac56b2b,raw_trial_result
results/full_synthetic_development_v1/raw_results/61f31145f67ac26df6d82b0d5189508ea8f79408852691c2b5e57effa64321c3.json,2087,393371bfc2e2364eb4c58d7b41ca726bfc061850a8a3cb4c72c9030aa733c2a2,raw_trial_result
results/full_synthetic_development_v1/raw_results/61f9405d3709d81f931128cd62a7b1f154f4cde1eb666ba4f8b73417166a6364.json,2672,6537f325b3526e7b76ab206b0d0010003055a08e209ee8cc3838f00351f09da2,raw_trial_result
results/full_synthetic_development_v1/raw_results/61fbc1b2c664c1f92e4c89e18f66f04c62a5dfa19d1bf215803de92aa9618398.json,2041,ff5ce2f5a92cf5e751358e54618990b96a2885023e8a35246db5d3bd77a0ae74,raw_trial_result
results/full_synthetic_development_v1/raw_results/621c597f5943b80bc14fe71782766ccfc079ca4a726965308f65bebf298a7fb7.json,2027,9beb414f7d37a9592ac96934162339059891ba5923a753c1e843b54a2e657b19,raw_trial_result
results/full_synthetic_development_v1/raw_results/6243e50c68560a4b200ff3d016602df2b422ceafb80330158f2f6778c15e71d6.json,2667,6c6d34a3c5d96db14d132bd47025fd3b6264568cc936627359196123c88cdd36,raw_trial_result
results/full_synthetic_development_v1/raw_results/6244306ece22981159a0c1c83033789e975d7eb4eac2c66d33f0c78d2ef14c83.json,2670,e67aae0935a4f1d3716d032fe5c40562d7b2839384d57acdc15c701cbabac711,raw_trial_result
results/full_synthetic_development_v1/raw_results/62525b0114810b7867af82f9ea5482bfa3f49987e9f4316395cac2445dabedb7.json,2022,c376cc96751759a329847794714bbcff12e6ca702e79e8fe37eb482ead079e92,raw_trial_result
results/full_synthetic_development_v1/raw_results/62745f36820353d0d97eff25765e886474dab797c01e805cd080582a3a1acaf7.json,2020,46ce4c1239e57f0a2d1274ab5a3ba4692910bf79ae767343c15ecb3681f60522,raw_trial_result
results/full_synthetic_development_v1/raw_results/6292f3e96550e37a8213e4224c53d984268c66a37c9216129f96ef83c4bb181c.json,2060,28587a195e87fe81cdf3e5260fee6e634e19894a482f99bad5fcc6242e003a7a,raw_trial_result
results/full_synthetic_development_v1/raw_results/62955008c1bb41847b647ac0ebdf2852a71dbc49267bb41c104e0a85608bd1ed.json,2020,a11f9b24d0cdc9bc37ba307c02ab68fef694a3f282c2f1e268a8eca3d1de7c3f,raw_trial_result
results/full_synthetic_development_v1/raw_results/62be9382d013190df83ab8ca584aceb448973dc716b96943898c316abd9d73b2.json,2040,aebe7dfd99f5c3ef54d8956ef2fe4aebd9a3dbe9d180fe9b242740c3de3c4442,raw_trial_result
results/full_synthetic_development_v1/raw_results/62d9ac20aa1148e63311217e18954f37fd8286989a94196df796a5fc5e5fa7a6.json,2032,90e8f2bc338530f62263a07741927044a33dfc246dce4617834186b9ab820c96,raw_trial_result
results/full_synthetic_development_v1/raw_results/62f52c5913978d03822ac309075fefaff8b4be41423e81608b5ff9510afb685a.json,2043,a193f2dd25969014a0610e52a306fad6b13649a00b28abad3ed244c2a3d0b81d,raw_trial_result
results/full_synthetic_development_v1/raw_results/62ff737237b2c59dc68bf28dbe4b172e97c0310818e9802e159cccb37d0ce5fc.json,2645,cb2c145e58e672b8370753b38226ce82fe9326f4cd450f1884cde49c65dabd5b,raw_trial_result
results/full_synthetic_development_v1/raw_results/63127be6e9aabb04958e94a26c96dd3c70d324172862374c4b4558f6beaf34e2.json,2065,11128f115d5eb50ba73fd3054aa8842f367eb24d48554e3f6b1926608ea87958,raw_trial_result
results/full_synthetic_development_v1/raw_results/631aa34d99aa2f2e5ec48e69c6e59f4a5db931e188ae266eac23fb27eb68eda6.json,2033,1505be512baf995687ca7b71ee5d925afbb66512525d24f7a5e257726b33bc26,raw_trial_result
results/full_synthetic_development_v1/raw_results/631eecd17b32111c88dce244e5cf59aef5f10bf7e13df4b73beef94889911ff3.json,2056,c634d079e3fe910dac666ba759d0c47f36352d95658240fde35e5beaa99fea46,raw_trial_result
results/full_synthetic_development_v1/raw_results/6354885b9495fc6c52a252735b6fc7be881e284654dd659f0ff76e20bb8dede5.json,2053,f1a0d63ba327e8c0d86fd87214a68f37681d73f5aeafa7a5b29abec0967ce0ba,raw_trial_result
results/full_synthetic_development_v1/raw_results/637e4505895675b1a14409162a62b7c4787b7d6865845914fa5a673f978fdadd.json,2063,45203c0a0159c538e44807e4228a8787080fac1d14c368bd432735936490e0e3,raw_trial_result
results/full_synthetic_development_v1/raw_results/6397fa522daf421fc6ae2ace97c5d7fd1946bfddd006a0e99e1d4aec2ff844c5.json,2662,ddc014b9b52ad9cffbd086bef3234d906da122fbfa866ff6002092173ebfa7ab,raw_trial_result
results/full_synthetic_development_v1/raw_results/63a7bee2e8c6908004694d47ee26cf58d2404a77703aba037816a239d6731c45.json,2057,252cf5d76a4a36e9589a512f6157d2a1fb9a9bd37f990a9eaa6a21022fdeae97,raw_trial_result
results/full_synthetic_development_v1/raw_results/63cb42e8da32d60c3db6387e8809c524ae39c3353312acb2759a1cdb014056cf.json,2052,4ff1795a83e6eb98806ae507af723d1661c2e6e5dcc29f13f2169b2f1f40f1a5,raw_trial_result
results/full_synthetic_development_v1/raw_results/64040aff436f3371f12bd966c474824290b19bedc2c947dd631669dfdfd32654.json,2055,19ed0a3e150794bd0e66ae48fcce07db5fb57a1a7d80e5c859acd57db43afb41,raw_trial_result
results/full_synthetic_development_v1/raw_results/640d9eb9e46dabd6731091f31d77306c3b6b70263d04e93848adaa31cc11f96c.json,2032,a173a5bbac5de59c5f8b1b9744a5ae93f129dcc45c0347909527b6af6a251695,raw_trial_result
results/full_synthetic_development_v1/raw_results/640e350055e2aa2f8fe4243f27c6e922742de83015b6209511cc7cf743257492.json,2024,397d56ba86968a34a2267727c7366b7b52d5577c81983ccaf53ad3897ee224d4,raw_trial_result
results/full_synthetic_development_v1/raw_results/64338414baf8b9574bf1043bfcfb85717e999389313e122eb7ada3914703910f.json,2019,ac0f0651264498e5e70a9ce634066c859d8007ed41a09bf64c7ceadd4da34e07,raw_trial_result
results/full_synthetic_development_v1/raw_results/649fb14939ec0bce3a41bfff306c8d6016985b6cc7edf98c113e69112b640eaf.json,2698,98c6925ddcd756fe051cf30eddbc17c9542ff682ffe4553eca237de0c38bf0fa,raw_trial_result
results/full_synthetic_development_v1/raw_results/64bf7716bb7f02cbdb3bc1da201a8a89637842c783a328e1cb2f4359e7eae7cf.json,2025,f756d94b83b9804281f2b053844b44d3df6a1528b00fe04453252886ef7f3857,raw_trial_result
results/full_synthetic_development_v1/raw_results/64d44071f7872fb37110fe049817aa76e7ceb636b51fd3b347868b762d29da60.json,2618,1b63f41ea87b3ad09efb1c4bc4b3ba4b261f2f0b4bfa326d69a5194a99f495b6,raw_trial_result
results/full_synthetic_development_v1/raw_results/64ec27ac97b81ea4bd92b403b27ab3e7bddf8e7afae57aefc61c564def53ac50.json,2055,756e6069cab502864186d89297f152e3e3198813bfe4582234a65d10abfd7679,raw_trial_result
results/full_synthetic_development_v1/raw_results/650c598232d2ce8c096ca9c786c51491c3139ed81f4215753a0e2b5bee8ed14b.json,2666,f0d182f91f9f0b672e18383d033959224341dfedd895ed2e75d163fa0ee5c1fa,raw_trial_result
results/full_synthetic_development_v1/raw_results/652125b24d56f80202f12fbe45a40a56559a05dc969d4ed3196aba532ad5f6f1.json,2701,ff78f6e1a1ad222a2ac1b3a539ab66c4e05c9fde3f156b9c1ce6e48de53034c1,raw_trial_result
results/full_synthetic_development_v1/raw_results/6538c55d42226b256f74f1315afe8ecc7046ca344418fcd9e8a5c69d384be0e4.json,2061,bb8a62685fa4977ae4c513e627934930fee8c4856bbb2f853e37e2a28992df6c,raw_trial_result
results/full_synthetic_development_v1/raw_results/654b2b1477c38e9333e70220d6d647c495a35ceea67a64fd6b4516ceb11c6c23.json,2017,098d60c19f947889f68ddb498811bca3fa2e2db5d9653574118981f4dceb0a04,raw_trial_result
results/full_synthetic_development_v1/raw_results/658026da65ef64568c620e953b99efe71d72b1d39b4a6f94a0baecd9d56904b3.json,2643,79ba445662459207d0422b8a9de3ae4d172d0b9d6c2f982f02511c6a81e052cc,raw_trial_result
results/full_synthetic_development_v1/raw_results/65886f863b3cf3401570b68196f528b1942847aa28e104f131285f3a878cbf17.json,2070,ff175c6a53580a79c585a45b4a32cdb0d6ca8f7ceb82097f6c01931e1e177f19,raw_trial_result
results/full_synthetic_development_v1/raw_results/65a6c68795de44540d66936a0c2249e1a3df33c01c8c26864582428f82fb20e5.json,2068,f4449a71f1f42c041e0de4a779005958cbfa072cd7dea5ad34843917d5c3d895,raw_trial_result
results/full_synthetic_development_v1/raw_results/65cde71d0b312218ea7f414d6c8571f50c91d555c836b5aa9eb2e797404fbac4.json,2040,ce8c39f6cad7b54a5ed871a6bae4c1a6fb07c372cfcbb0062a4b044c0f24851e,raw_trial_result
results/full_synthetic_development_v1/raw_results/65f01e188c61144bbed186309472a46859c1409f1bfa18e4bc2ac62903ffb309.json,2688,757e7b4838e26e57e758b210353e1aedd0ec3a7b9f6d699823b18d0643b3f0f7,raw_trial_result
results/full_synthetic_development_v1/raw_results/660709e88df5c8115bd5627716c9877c6c15bdab9e3f0e6baa80ba97b3570129.json,2069,6f257323cd3059bbaa18ac203bf75ab99ad31ab9b6105cca03c98c7232343d36,raw_trial_result
results/full_synthetic_development_v1/raw_results/661b051e5a3df0f36decb373cd2b27b1c05840b44d3493f0b4337d3987e9331c.json,2056,6b72cffc93240b3d96f12768b64a548464a8f8afe9e9cc78857c9115078ad4ff,raw_trial_result
results/full_synthetic_development_v1/raw_results/661e95e87364d26b6144c7fe7d0ec338da7433e1d8de83cb46d6e6226b740210.json,2026,8b78ec816f799fc50db45deef040114364b09b6238c6d7dcbacc14f2a0239a66,raw_trial_result
results/full_synthetic_development_v1/raw_results/664bd1f0889402fb60dc50064e861a1433e3ca1c9ffd010d637bb61f64c79cdf.json,2699,ecd9d9eb7bdbca0dc1f73b69a0716ed5b855ace75fb426e557d85506156ca084,raw_trial_result
results/full_synthetic_development_v1/raw_results/6673fb408e19fa5df7d0ebea5b42b3c372f0b7c5fb00adbdbb10c5953ef14735.json,2637,39592f585469aa1aa603773b5123ec842f7014119599cd7b6fa44c9f87667f3a,raw_trial_result
results/full_synthetic_development_v1/raw_results/66db9624879279afd9f6b9b047a110cf236ab300cc34f0efa195b431b6813b49.json,2044,d4711591f5f3fbd8c96dee196974e6bd9cd7bf3518cf8da1bc48255d10945b42,raw_trial_result
results/full_synthetic_development_v1/raw_results/66e9c04d74eab9ffbba499bfa50b10e34438a2a5521dbd7f47eb3b8adbdee185.json,2695,4286d26140af8fbf6986804bdb54d26490f15214d371a3bcea0436e77dbe2c23,raw_trial_result
results/full_synthetic_development_v1/raw_results/66ed6d9a4faa0d935b570cdff025b9fc1d7f0467d97b55acb6eef60ca98483fe.json,2102,e30a8f542629a5a1a31612be20379ce84856b1e6a825adc1905cdeac32ea3c49,raw_trial_result
results/full_synthetic_development_v1/raw_results/66f49ed0c2d579a80448a7338234af021071a44ec2ffa80380953eceb3a23145.json,2060,3f583708a6ddc152bb0a7464a7e16249c8e337cf6c4ac74109f7fd031663412c,raw_trial_result
results/full_synthetic_development_v1/raw_results/6722948e60ef61b6449135f2717ad82997ccb77941c5617d611aa281edef79f3.json,2040,3b4d3b0979493922d53d91b7eb4eefe6323f48dd3dc4b1b6b4e4fb73648bf5be,raw_trial_result
results/full_synthetic_development_v1/raw_results/674284053a7fc4b39ea8934843713e46587dc3fe4964d0629630ee83bc2a6346.json,2702,753ac5f62964834a8c10c3f33ca0874e56239d7bb2d2bf9193a8deab26303058,raw_trial_result
results/full_synthetic_development_v1/raw_results/67a55c58269c04244eedee2919e088f56f53daba441ed99708dfe04342e1fd9d.json,2645,9df6f9c0c35c473b5b409d0d5bba9451d398b51b0546289bc906813cc8b85718,raw_trial_result
results/full_synthetic_development_v1/raw_results/67bc5e59b13fbdcd74d8c0d6ab7eb38bd3b11b1807ec4e3ff4d74609f565687d.json,2060,a6307b74d2be8306dab6af9478b4c15299768dc073651d3c46b725cea58faac1,raw_trial_result
results/full_synthetic_development_v1/raw_results/67be017b7091115fc4024f3f2add5cb58dbbbf555a1d90eca983f53f22000e19.json,2064,46c8a40afeec30dd268a865c02a23fc0020c7a693ddcb580678d5401155bb64c,raw_trial_result
results/full_synthetic_development_v1/raw_results/67e0a44a8fca1f8257364eebce7a3f8b6f326331bde9ad53d182d3e4d16bc4a6.json,2023,c5b8ef92e2180f9170abb00aee7fc03c87c8d431c9865f0f9ff119687a6d42cd,raw_trial_result
results/full_synthetic_development_v1/raw_results/680ec70fc72d5073b3dbc7301822336f5fb3ce7a2daa5ce571624b8872bf2a7c.json,2040,c72b3ad2c255cbba31712be0209d5558397a3c0700c017c591fdf627c225fb5b,raw_trial_result
results/full_synthetic_development_v1/raw_results/6860cd41c42e6410baf371eb25b6c0a007ffe3d576964a3a6ce9ee05ca9e6a4c.json,2690,5d321c0f4738204fa89d5f3ef5e243ac51c0a650cb2ba7deb215d1b9aca92416,raw_trial_result
results/full_synthetic_development_v1/raw_results/68b69fac165f0db75c065824b39fa4bcf15be6e236957fa1c7bc37d541675a24.json,2030,cae2f25f45677e48fcccf724843ab817e106926b37d54e2fb8b14297e6786e91,raw_trial_result
results/full_synthetic_development_v1/raw_results/68b875c9f1ffeb3660a0934de22863cce57de878815fb2e5806810871f434412.json,2697,9ca692bf8c4d03f578983acffadf8726ae7a400c5ad7c3df54282b2c3ca3c95d,raw_trial_result
results/full_synthetic_development_v1/raw_results/68c30c6a19e5bebc2d7043b916d5405454fb268ad2c58e6465681a0b88e6a2e3.json,2660,bdb83612251aedb33f9ca7a71233e1ba3b3fbe8f2c89a1ab9c859581f1c81e35,raw_trial_result
results/full_synthetic_development_v1/raw_results/68eb8ac6c73294aedeb3d3a0288704139fb95e4048d1f240378f3bf1094ca0f6.json,2668,4c6f1f0399d41f5ffb29e3625afb5b189ca4bb70f30f113415028021646da886,raw_trial_result
results/full_synthetic_development_v1/raw_results/68f599cefb3f61aa274a715ebc04ea339def74312dedb8e2dd4dade98e958857.json,2064,93ea0b442b687c2ad968ee16dade746f3f04e257a19911a58350647d1f88552b,raw_trial_result
results/full_synthetic_development_v1/raw_results/69011f2aa24b4eed4931a7d939fd6d93cd5e8735075c0c0e42073be936b0bf11.json,2623,e0539ba165795535be7f87ba2bf3a409ac3574fa7eb0050eba1fd702c7317cec,raw_trial_result
results/full_synthetic_development_v1/raw_results/6912a6b38266d223b4bb1ab2eca60f8a47df1870b576e5959602a3ce607599e2.json,2697,1f3a8c0199bad59c86133d8c0c0a6958f721fd60302bd23e68f4108c69cd2281,raw_trial_result
results/full_synthetic_development_v1/raw_results/6927040bcf7c9c0ba39c16b6bbd961020abe9a38f3c1650cbc12704901a44f17.json,2047,cf95c09add476228fecda0e04d98364091289e9480d5ce30d4ed13e2df56176a,raw_trial_result
results/full_synthetic_development_v1/raw_results/695818ebe30f36323baa71acf7402e37d51f59ab4dc882f23bbf1656720845ee.json,2053,884d499d9889e3cf4eb1af074b44f646629a2a1cad7df6eb31014f3dc133c554,raw_trial_result
results/full_synthetic_development_v1/raw_results/696ef56cfe84d2b1210fa1e7444b87a6ff77877ea8b392df5e3dde85329d06aa.json,2680,188c9320df41e6f1fda8d99edd295119e62ae9d73c3db2b545b4ecd024d4b6c9,raw_trial_result
results/full_synthetic_development_v1/raw_results/697b0370e0c00d0cd0bad0dde9e3af0ff9971545e35887fc376dfc9c88b13e5f.json,2023,475b6f27a61ae3149445fecd4b1837996a86c075ba8705b8126efd0cdcf0f86a,raw_trial_result
results/full_synthetic_development_v1/raw_results/69ab3b989287d9ff557c13becb114daf8942d75eb74bce81792dae678496bdb6.json,2636,722158a4c834acda9fcee0ff5afc9d739e2b9f064b54a7582abe464484fde4cc,raw_trial_result
results/full_synthetic_development_v1/raw_results/69d61ae1fe96235dbf2d89683955019554c35268d9a5b95284e6acd991eb817b.json,2069,82580343433d617bb6720c65db607f6fe03144516340c83ec11ad8e4e085b95b,raw_trial_result
results/full_synthetic_development_v1/raw_results/69dc1f0479438a7c116e6578686702ab154f90290088827ed40f188f2906e2ee.json,2661,bcc539eb6d572d0898c35f0a534057e0a5b128f1d8e4b02fdd29cf679345eb51,raw_trial_result
results/full_synthetic_development_v1/raw_results/69e0b467e1308f53ac0f1573881f688d465a2a3dc919f97ebbdd2edfe1e87d36.json,2701,585074fa6a3255a0cab82d28fa539b26c9ec2d628870db5e8152f382a0d2b856,raw_trial_result
results/full_synthetic_development_v1/raw_results/69f17609d49b9da25add994cfca95d5a7ede68e3bdf708be3086bd2de251e837.json,2065,8064aa330fca712371210b3cd44e02d45173d2e16c2f3cbe5b218406ba18b6a3,raw_trial_result
results/full_synthetic_development_v1/raw_results/6a16c320e075064a5c8b5f2d9030937c8bf27b8a3704f099c954775b4a27ca85.json,2037,12a19748f297806493a7e53b91218e3a4a03cd7ec7d6e312504eeb7ae7e51a6f,raw_trial_result
results/full_synthetic_development_v1/raw_results/6a1d4a920243559cbebf471567dc9ecd5aab361c97d179661f921bcf7f075dfb.json,2096,2156651a5b30d56c30642bca1572083aec1ee6edb363289cca4c85f4941bd2ee,raw_trial_result
results/full_synthetic_development_v1/raw_results/6a425beda281fb61554f83744f2bd97dee90b87ebcf9cf02b2774df366c95fb4.json,2049,6abddf0e28b2605edb3d6dddb4f0ec150eb682a8b3aee1d71def4a57607c920a,raw_trial_result
results/full_synthetic_development_v1/raw_results/6a6eca5592c3661b2529cf86873aa295753ac91f508130d6e77f369eb346fd64.json,2045,1435056eb2403beb5123291f5492088182231a5a267c21d35c625b1f0270517e,raw_trial_result
results/full_synthetic_development_v1/raw_results/6afddb29acb326157caf9cbc49c7d40536312b2e355bfbfdc861bd1c933dcb48.json,2663,1d76ad82a6df40e858fa9464c24cac71f06eff7745c34988aca7d05ca4612cc0,raw_trial_result
results/full_synthetic_development_v1/raw_results/6b19b872210dcc48445fbf375e836b413e617f1b7cdc1af08633b1ce05519819.json,2702,5a646000b9137f862116fe8d6ec6ffb9b76335a43921d76e9a6a970d0ff1e2e3,raw_trial_result
results/full_synthetic_development_v1/raw_results/6b1a900e887fcab06f1fdfa89370c5ea324ad4b08832910a7aad50356e36e7a0.json,2674,9fe7fdbf42a4c3a462fe452da4cae2cc4862df16e55976337ef945225980ec30,raw_trial_result
results/full_synthetic_development_v1/raw_results/6b22495481b0d114faedb5469374af953718d1d975b49ff923355cc32c972de5.json,2710,b738470c95d1a9b0d6858373c6a65c2db247fb16eb039089b13865ffe065e172,raw_trial_result
results/full_synthetic_development_v1/raw_results/6b35d8069f68ab952574aafc0012f277b64c507b8ac49c876847bc601ec78c9b.json,2703,4334dc32971dc9fa288ba36a9f01c976fd0643e2901e90a2048329c34fc4e159,raw_trial_result
results/full_synthetic_development_v1/raw_results/6b391346a4836ab6ec62f46e93ab9df3514a6c2f961dd8d4943d27aed138e566.json,2061,6880353a8b7574229df9a5b15de7a78330561a20540679e9952013af4461b1aa,raw_trial_result
results/full_synthetic_development_v1/raw_results/6b4a7ca39304bee3fd3ac8c2b7c97aee40580b752e13ff0aac3880396998f2d6.json,2690,592eadb3d13de83643c681cf2f977cba5d7365f3915943da6efec6f5bf55944b,raw_trial_result
results/full_synthetic_development_v1/raw_results/6b88794c78c82b363973c4f72ed7aebfd059507fe8980517abb09ecbdc701cbf.json,2065,db41940bd34bea05e2ee4e23f7265ad0462353261467b2b334b1292906b3b735,raw_trial_result
results/full_synthetic_development_v1/raw_results/6c0ee4e9e5bd57c555b555636b74a547418b11dd1216ca2d6254a35dcbd061e0.json,2656,ae3153ae8591d305a629302c9fac3706b9dcddd1ffc5584182f40b4c09d7b779,raw_trial_result
results/full_synthetic_development_v1/raw_results/6c1d92860689a52d251ae58bca925250ba257c0bb8fc92228d64f3990d86394a.json,2655,f2fe4a00884eb5efd6f83c20d2d7702e69065c997c578453777245ccc97fe5a6,raw_trial_result
results/full_synthetic_development_v1/raw_results/6c2d156b257afaf82eb80230e98abc0762dac58e298666a761fc8a8da2c6129d.json,2679,2acaa65532ef887f931929bff38620b6228e3637e2fba91e7dd0e16610678469,raw_trial_result
results/full_synthetic_development_v1/raw_results/6c2fb0fe5ed016d3673c65bc4c06afbaaa44190a33c239fa30fb9fc9a062f2e8.json,2059,fefecbe465940feb7260799aa9c3481d5513e5f77695f645a00541ed8a5157d3,raw_trial_result
results/full_synthetic_development_v1/raw_results/6c437c8c9392aad89dc419a7e3adee949d1a69fe8a8806de41679a9e49c9e4d5.json,2067,f120e515c0d9a2c7aae7add3918b930a57de63573351c403c7e33586f3ce6a06,raw_trial_result
results/full_synthetic_development_v1/raw_results/6c57e314949270256b55501696bd351633d6b0aaeb0d1a3ca12b19f7956433c9.json,2090,fa02686a631268e9e80aeb76aaabe1bd9f86a34c78107304a2f8535a87cd9921,raw_trial_result
results/full_synthetic_development_v1/raw_results/6c6faeba8e1cb47b84e0e36dd0c56a2bb4f9b55af57fba9c84690eb5768b7b8d.json,2039,045c179c5bd24232be24a4e5fbfa1b3575f630557bb8b81a0e8f4116de1f14d3,raw_trial_result
results/full_synthetic_development_v1/raw_results/6c83749a25a51da2cce472e8eb529d342850547dc459e5cc9d2c17c5693afba0.json,2619,2dcb9b137f81b9a0efd09a91999f0aa1a10cf7ba3a9bc6c9ac74578b0360427f,raw_trial_result
results/full_synthetic_development_v1/raw_results/6c853bf35486b5a15887d42d95ee4945d493f698eb6d101b68f5a6fd29889079.json,2697,62d6ed3a5810ba52e97424b1ee77c9a412f587cbe1d878144a2d6d73bc41d2e7,raw_trial_result
results/full_synthetic_development_v1/raw_results/6c9001361c9141f2e50e4bc5dd76a0338582ca0f2d636368a2c260f6acc1bb52.json,2044,486ca0a38ca3b606a81332809617414c9cb93042ba7959160b76aeff41204e2a,raw_trial_result
results/full_synthetic_development_v1/raw_results/6ca7c6319f1e70157b4644936b01f27e68e369f58611bbc82725054dce6cc9e4.json,2062,a38f15c281b05a46a08ef4a433031253e9b8fad3975b0ebcbf5c412850d12f5d,raw_trial_result
results/full_synthetic_development_v1/raw_results/6caa4acda56dfa91230eb3d3b3e796173b667eb3f04bb98b731e937d198b1aef.json,2703,897f4ff9e2b08693154cd3a298b6f951351c566d8a88494c43b78c6e12680a39,raw_trial_result
results/full_synthetic_development_v1/raw_results/6cc301fbf348a752312c281de537f8046c795728f7d3717e9b3ff4e31f9940f8.json,2059,098b94ad2fb69b5883cd35ff5d77a4dcaaadb723e0953aa3dd0753c6ec47f75c,raw_trial_result
results/full_synthetic_development_v1/raw_results/6cdb983660a5b76b8c135b84b1d63811408a30f69bfa0469a5ada1c26bd78d63.json,2032,5a739d9817899262e9daae1f03243cb575549c460520e3173ee27c3472e2137b,raw_trial_result
results/full_synthetic_development_v1/raw_results/6d70ddfccc4e97699539d76974054a0241afdab20116adbbd8ebcd433a3254f9.json,2098,0b227c356b42d49266e0c16cfa558bd5f00da094b1d4c7a406cc31864be69780,raw_trial_result
results/full_synthetic_development_v1/raw_results/6e26376583729b9d98889b8c8af8c2c015038e671718d57150eeee663ba0c258.json,2025,5d7fac7c98da947bc3e146c3aebd965fa754901823fa7ddf964729e3f6d0dd4b,raw_trial_result
results/full_synthetic_development_v1/raw_results/6e281a3f870517972d1fba0321d18b8ae643046c5fa979de0a898594742f3e49.json,2018,a7bbb1c346c84b1ba41da10dc24150863f381626b1ad43bf57f4ddee5f79e435,raw_trial_result
results/full_synthetic_development_v1/raw_results/6e96895a6af94fa5f898c4b4605399f105ece3e76926fd9a2cb436f32eee1172.json,2632,1680c8c0716c646208e8f8c48aff7560fef3db9e12639ad74ddc1a7b7ccabb42,raw_trial_result
results/full_synthetic_development_v1/raw_results/6eba97cc5ba15c3e19db647106c213454ab45d430e5002f08928c69ee785a9b7.json,2061,37815635b4fb6ce3835aa010cb5a6a0b10fa6768f3fddbc17f1bca5ff2d1686b,raw_trial_result
results/full_synthetic_development_v1/raw_results/6ee2fe0ca29bfe36f75d307d0a333a0efd783bedeb211dbf8b38e28490199328.json,2042,81c3fb367edf5ae745c133abb794bcecb0c3bad6b695b71136879b26431b56fe,raw_trial_result
results/full_synthetic_development_v1/raw_results/6eed38e1837d54e3b331803b7cb0b12603ee2eebbda228d1b4841779398dea41.json,2698,da3c950293f66b5bc8bb8cb5ab6fe8680139279f2a82302ad6d1a1f2af4ee179,raw_trial_result
results/full_synthetic_development_v1/raw_results/6efb429460038bf71a52f638eed98d87072baec2566e29f0f38dbe6c61978676.json,2047,38f5bd3a9401c09bcc378dbf2720d97766802300a6e9a9e8f6136e2b9849b013,raw_trial_result
results/full_synthetic_development_v1/raw_results/6efb975d81524181546569618a118b61fa4e977426ca9a96655edb0493e27ea1.json,2691,adca7655b06921762c0eb081e9f83e29d63e92bd72f0391015d386ec16eebaf8,raw_trial_result
results/full_synthetic_development_v1/raw_results/6f04f57ef11e72c02eea2a86b5ad8239c8f934e1ee23e4da401fe3eefc1a85b2.json,2639,98c523d2834d6fd22947e949a92e1da36c6a82703be39ac9833772448fa07511,raw_trial_result
results/full_synthetic_development_v1/raw_results/6f2ba7a52a3c513aafbc0a373d5509b759655e8536768b20a6ee8ec8f81e9625.json,2652,a0cac1191c33d2c136f633f729cd7e81e6760d52217c125bdc3b25a1366a9b90,raw_trial_result
results/full_synthetic_development_v1/raw_results/6f554ae832a4d1be981c9baff41170615b8fb59e82e7fccf0a148a3bc12dca84.json,2086,cbf4b6d1f95885ab741638eb3579c61d4604dc1d7448bd725e75a0771a0ce0c1,raw_trial_result
results/full_synthetic_development_v1/raw_results/6fab651e09f645a191b84ab22078e9879734953766724822948b9e1669c9e6c4.json,2028,51d0c95c2260cc5285f1c6da60cce79f1f6c8e472a36e30f8194d052ff0a6e0f,raw_trial_result
results/full_synthetic_development_v1/raw_results/6fb6a3448fdcac9d456d71eb342a4769959684ab4d1bce385b31261891b1a001.json,2670,f58a1f8d5171c609d2eeafcf729fd6d0d6755eff7acfd6e0ddde2cafeb809cce,raw_trial_result
results/full_synthetic_development_v1/raw_results/6fb756178c8c240fe6bf1e9d0acfd4a88eec2a6104824e44b0f1276d074b7880.json,2687,e0aef0d99d930de96be51c25cd9578503a3a30c344c0b30d09354f8be947d64b,raw_trial_result
results/full_synthetic_development_v1/raw_results/6fca17a81c29670f8cfccfb1b9ff28a5866df1ed85564f460b5ba7f4efaf9713.json,2083,c294ed467d4cfa7017051f4d74eb19e94b1a20864e8c5f1d762c8b7b8f873457,raw_trial_result
results/full_synthetic_development_v1/raw_results/6fcfbf3b2813eb280ee69edcbed03933703e526c186c048fb7bc5f76244be5b0.json,2035,36e620a7b1cac5485d45039a4a3b3f277fa04e04bef594c6f00b660fea5e2923,raw_trial_result
results/full_synthetic_development_v1/raw_results/6fd9b5ba1a68eb67587fcd18b96d077a279f7d3499e2e5cd0ac79335d2601310.json,2066,1874987822af41d236b9523dba51496fc74fbdc207344e480e6c33c96afb1cb9,raw_trial_result
results/full_synthetic_development_v1/raw_results/6fe37c7cf3770236b886304f9ff715c50407a1b105a0636fa38a27f0de903d65.json,2645,a2674a2cf662b3112b61e8b4341e19652a551ce72275cc486dc3b7a946fd89a6,raw_trial_result
results/full_synthetic_development_v1/raw_results/701f1cb6991de5ebcbbcb30f88759dca10eee084bbad222835eba3d13e8d0842.json,2035,8357bf7d6d0654cff945ba8dde180a4b69ae60ac0f978d1a1ea43c817abd91bf,raw_trial_result
results/full_synthetic_development_v1/raw_results/7034d602c5c0759957fa7036d19453af648899da39a78dc79eaf55884b3e8ade.json,2030,a19a5d5a777edd85763e196ac5963f83598927566980b7f673031238c0dcc4e9,raw_trial_result
results/full_synthetic_development_v1/raw_results/70406760a22212ebc2cb04a154d21a08ba8c3700a734525abf0ed35b21dc02be.json,2033,1867bdc216f62ed348835c0e749f28c4895a8215e35b8253d76fc676ddf0ac81,raw_trial_result
results/full_synthetic_development_v1/raw_results/70500e0121ddbf204b7dae3eb64d268e9287e33cfd156c3d27817d7f179a53ea.json,2050,34ad16d83f02a848a7923a5fa70de07e8e33f85e29dda24c6f79af777589f535,raw_trial_result
results/full_synthetic_development_v1/raw_results/705a084ebaccd3ab7dc9f9e0c3a691d205aa0d8db7ab9c17fb3d8c4086ec310a.json,2040,e6852bbe1e3c9fcfb06e13650c191a2d478357212237f4985b1ca75f56423eba,raw_trial_result
results/full_synthetic_development_v1/raw_results/70d7d0892bd282114b359f66a8e3c4e987f46e3b0733d0ba0b3d140b1ab92c75.json,2062,e2041b0dfd2262ddf8fa2db11a3e3cd52fed621935deee68685ea3f6a2ae9f97,raw_trial_result
results/full_synthetic_development_v1/raw_results/70e2c68ab2dee9406a3530d6de149884aefb226e43c0b4f22c862c8e1c593ced.json,2662,8909c3f12b67479256702766fcd667496273d1c121656b0455ef64ef534fa9dc,raw_trial_result
results/full_synthetic_development_v1/raw_results/7111f0f4bd08f585032529e8cac3882167a3bf55daa615246446c14c45dc0d8d.json,2052,8709ccca8f328f682f855a1f5b2b6cf4a99f4c3f58696c9611831035a97aca5b,raw_trial_result
results/full_synthetic_development_v1/raw_results/712a3995a0910377c7d5f5a14674efcaefce3d610f939825d413aa81a644b6f4.json,2650,69f5b98e769ad8c2d400164b533f7c1322bfb336be86f3cc02be36ab65f85330,raw_trial_result
results/full_synthetic_development_v1/raw_results/712d456c6a7157ca2ed0bbfb49f80412263da250a26d058a5649d893844aebc9.json,2655,04c365ac00adda3a7086f69e59c4514f5eb9a4c7527a6f00f4cf180bc122316a,raw_trial_result
results/full_synthetic_development_v1/raw_results/7171969ba9462717822c4d320333a1423524fca547998cd903d084c58a247f2a.json,2034,a10c7c0f50d828e563ed50d8f85263477f6c84cb5c5b701a64653ac59cbe8927,raw_trial_result
results/full_synthetic_development_v1/raw_results/71818be230f13ba8de5fd65db548a50a6395343b49cbf387fff6bf7573a65036.json,2656,6ca8e2cbf45adaf3dd42aebb7643a9f738aa41a40b6ef4754a69f17d42d08a6f,raw_trial_result
results/full_synthetic_development_v1/raw_results/718bcddcb0e7e186d585d6cabc82a2bcae9f3d76eefe15bec0d11798829efa0b.json,2026,41d065cc4e4872161329687d3428549abf82d82bf1e4966991aa7fcfbf21bc0d,raw_trial_result
results/full_synthetic_development_v1/raw_results/71abba2c283fdfd2f67d58a3785f68f49c6ab9ca99b0b02f62a84fb629c27de7.json,1997,451a77cc0c30c876fd8f6a699a1e32373550b9eccb999e409758b89581299515,raw_trial_result
results/full_synthetic_development_v1/raw_results/71b0670221224b1af246bec6f0b81e4012b25ea3366a57fb9c18588c53d985f0.json,2055,04c6809826316831ea018345d403cf4e7e7d5896f6244d526f619f6979e7ceb9,raw_trial_result
results/full_synthetic_development_v1/raw_results/71ccef36a275bbce61bd2e9a9e7f0d1c019346c0f16b0ad052b9434313a10572.json,2035,af09e5bf3d7c093e77e183dd46bd36d4d5187891c79d380621a946f2bfd27c87,raw_trial_result
results/full_synthetic_development_v1/raw_results/71dc456449e78f466ea27a0eddb5fae1f7c32953a6fc3252ca113bded7db8fa6.json,2710,8f2a67a896c7fdde29fb4e7443c4405ce0bccb2ee048705108b9193812a36957,raw_trial_result
results/full_synthetic_development_v1/raw_results/71f859ada972a2d6a44c9875d48d1f72fedd9d009b6e8898aea9db6b5819169e.json,2047,c17e73b0cb0ee1836c1917439fab074d2fdc6a0b9deee0f4451729b099a2fedb,raw_trial_result
results/full_synthetic_development_v1/raw_results/728d2b81ce863878275195dd24b77e7b2f56a45995b6a5df4f5b55d917349815.json,2630,4a3c61a884402b7fa5315de7d0b8a9fec16212ed4d45effc8f4fc213d2fce003,raw_trial_result
results/full_synthetic_development_v1/raw_results/729071f1c489178237afccaa168cca04bc11b95a37d00e3559e5d9bfc89a8fa1.json,2668,9bed7d87652ee85d94c876b5d632e56b9b9ab4fe3949e954795af12a51ba230d,raw_trial_result
results/full_synthetic_development_v1/raw_results/72910755aa11811e5f2c058f14258470944613167926ddbad7672ee03a40ba04.json,2016,4ff622e623ad8317b9f792329ab6b03d94c1ec67730bfe23415d1d4260aca294,raw_trial_result
results/full_synthetic_development_v1/raw_results/7298cb0b611705bbcad833e5ed05d18bc99d3ac0408b67dc3422d1f917e04047.json,2695,91562a8e0407b244913ed7edb15ed9b8abdf4ed04aebd64776a0099663845c6f,raw_trial_result
results/full_synthetic_development_v1/raw_results/72c232b067989c4c8d17fea2f2a0c60abf8e4456e189e76d5a1906dd11d7a81f.json,2617,b83e5be2a99b0bd0fbe6ec254a7b03aa4f983249060f66ed9b92cc797e0164ae,raw_trial_result
results/full_synthetic_development_v1/raw_results/72f815a4cafb35c8d2e059e401e382657042c326d6ff54d6f1a2b6f11d0f760d.json,2694,5f422570db2a68a4d1779973be4d66a835cb30e015eb58356ec0028ce1f24d78,raw_trial_result
results/full_synthetic_development_v1/raw_results/7315b6b163968f1c1f6aa64834c4af7c9809a8971c3e834830a607f497dc72bc.json,2662,9e13085bab8806cc1fe9043a63c4e877a785093c1cea96e7bab9f9023297c83f,raw_trial_result
results/full_synthetic_development_v1/raw_results/7322e661ad23f14edd0b2ec4b5dc2519c07bbe0ea258f4131952435e8c8671da.json,2663,2a8518c9762e2355d8ca4c7d22bc63d49d99f1b3dc3906d05bc0c9a853b33795,raw_trial_result
results/full_synthetic_development_v1/raw_results/73539c2cde73614fb3ca96a0b0a11a434a07d31eb08882078fbd3454afda89b1.json,2058,9b040ecf59e409dd28b7f267ba1ca0ce490eadd57e9f423e1611aec523c5314b,raw_trial_result
results/full_synthetic_development_v1/raw_results/735ff6f62572c92a367b09bb5fa40ed55b8217be053d0641fac0fa1a1e9d1893.json,2008,4bfa30287e9b33e743f5798b1b001a3c528dd8235ba6b5f1fc77cb788931cc30,raw_trial_result
results/full_synthetic_development_v1/raw_results/737da92d0c983a171c796c9532c16add038aba7cac97c9eff4cbdd8fb9fa122c.json,2062,697dc7fdafa094a4ffda3a90c1b96d7ea0d79ddcde8de2c799aa903ed85eb387,raw_trial_result
results/full_synthetic_development_v1/raw_results/739bbab064c6ad49d0bbef37f48f608fea77568ebbc4f476a340e754d2f90dfc.json,2688,f06da8f7d6c28df422652530d08472599e5b492bcd81fe1bb88a9580499a0f35,raw_trial_result
results/full_synthetic_development_v1/raw_results/73e36cd3429876e0b344ac8c9457046bd9e10582fd994536eb2ee73484c2cf18.json,2688,81426c181805a6f6c3191de490e605ed1331a42f3246557ae208d538cbe875f9,raw_trial_result
results/full_synthetic_development_v1/raw_results/73e4ffa829b9fe16fc93cd0bc2e7b4d1de7a533bbf61ee178a5c46ac8aad02ba.json,2046,9d6ddb9289f467f42e413175c0edc4e882e6e01693a5b4c7eaf33b83982e61b7,raw_trial_result
results/full_synthetic_development_v1/raw_results/73ece2927cb02c2233efdfa49195748c6f08f2353454430b8e2e821fe57a37df.json,2032,60e4cdcc1d9623f63c12e52f9d8102fb218a352e6e23fe689e16d11e656c3f96,raw_trial_result
results/full_synthetic_development_v1/raw_results/73f659c8d1b286f16a56ef5a3d2339907d84c4bac49e2f32b4fd4124e43aeab8.json,2675,0091afc4d3820c42abbb33e92dc179c84a1be2cafc99b7e509fc695dc3c0d2aa,raw_trial_result
results/full_synthetic_development_v1/raw_results/74268946d4b0b74d010317ff7aa499f5b9194d82ff50d8763741621e2c42140f.json,2062,3a45cb7c45c4fe7ea82a66d62dae5b0ab2c74888fc1a1c30faf7940a9236b148,raw_trial_result
results/full_synthetic_development_v1/raw_results/74291b583843a58bc51994ec793cca7f69e1570f0d7afc7d5387d619b19438ad.json,2053,37a32b3683c415581dc62029ddc8eece2f6c30e87cabb81dc82000ae40f80e42,raw_trial_result
results/full_synthetic_development_v1/raw_results/743f3f79371f6064c7bd9dc4c6e71752aefd9ac76fb59d34b9ed5badef7ac8e9.json,2068,8bafd8de1c28489f486f0fb94c49addb773eeb5677e484b13b1eeb8f37b40a61,raw_trial_result
results/full_synthetic_development_v1/raw_results/7441d5788a42e9d7b83ee7b4be567cc08127ff45e621cd53e7a04acc083df403.json,2695,3d5d1b53403139218454a4d6bc4164b8135a1bb36cbee97d1bdc8749f4ae9d0a,raw_trial_result
results/full_synthetic_development_v1/raw_results/747e26fae6d0f4fe867911cb9418237e2bfbc15741cf50175f5f7b50c4cf8b6d.json,2090,b5870320671d0ee5292859a75f49715dce13c5a8aaa618913c540f47bc757377,raw_trial_result
results/full_synthetic_development_v1/raw_results/74a1ea176dc95c1764d78e87b2563fb7fde55828d8ea46b24016be1c4f36471a.json,2086,105aff9a0cd3f8707a780628b5b2623312c4ceb7db40fb6aa3280cc71677795a,raw_trial_result
results/full_synthetic_development_v1/raw_results/74aae26d7dfdc649d5a970b9e7daa74fdada8f90560e871e401659f1d8227b11.json,2673,2cab16a6f6fa57f8538f15af2e983d57e6965f7f5073185e478892ac2bf27eae,raw_trial_result
results/full_synthetic_development_v1/raw_results/74c684a99b788edaea3896fb51f8fe5caa68d054bf20e9dfc5fa4be998cf8518.json,2051,076384fe9ffad9fc061dbd31f517add9b903f80fa836e012f1f798e30ee527a3,raw_trial_result
results/full_synthetic_development_v1/raw_results/74c848edb604f3066d0729ed91042fc4974747204bfbd61eaaca07bf17b1aa32.json,2012,44b12579a9914a852606cca4f621498086a7cf1f5bd5b480f1be7c6615b32f96,raw_trial_result
results/full_synthetic_development_v1/raw_results/74fec72d843de4ecb4cc85854e2d903cf37e97650e139a08a12d811f68b603d1.json,2648,d9e64b179b6dfcbbea52f366b3ef718e661182989135075c3a2203474f16d407,raw_trial_result
results/full_synthetic_development_v1/raw_results/7504a411ab69dbf92d056c37d896e4ee5853c0d46c2ce6834060245eddf94720.json,2063,431cc88aa5e4a9fb3bffcc402721daa061a2881475df471c478530cd0c89ad50,raw_trial_result
results/full_synthetic_development_v1/raw_results/750c5a87f1a5c9d5476d0d9d1d73b0e0bfa96aa26e8c465301ab4686dc361fe8.json,2072,edfbe4c4918c0eb9b89b2195a136a880de7f2f5faed2b8fbc7bd295eac291913,raw_trial_result
results/full_synthetic_development_v1/raw_results/750fabb87e8fcd03575ab1db399c5031ca8dea74ecced23f0fcbaeaf9dc5f18c.json,2045,5e146c9b38bdf675f0df5df833321de0a052db51c74b01d595e6d65582830700,raw_trial_result
results/full_synthetic_development_v1/raw_results/753077cfa395be45ff54e94a1c8149db95d9ca9f1c88fc1fdc15210f141a127b.json,2062,e84fa78c65ae3e31385abfe0d05a30d86ca85e68b1bc95ab27545ca5bce8d093,raw_trial_result
results/full_synthetic_development_v1/raw_results/7531ddfa00032a84039a3b8464cca752b1c3bcd3342fb9a42f91bc2f3d3d915c.json,2023,ce753ac23a9fcdd8878b2c2ebbf4d2fa04a6d73945752b39835afb944d685cfc,raw_trial_result
results/full_synthetic_development_v1/raw_results/7534772920cd92e23e05ae33e092402f2264d750647f38c3de7f7798e1853dbd.json,2063,c1caff410a071cd834e05201f44b6748c277027cfdad16c316531b07e233ea16,raw_trial_result
results/full_synthetic_development_v1/raw_results/753d82a0b950aa6c4f2896d34e2c5b1b6c6e0db935fa831d84bfc4d5954bbcc6.json,2694,8f35e28f04358b6cdd5607cd8ddbc6c32b4640857e55df0825797e36cbc775c1,raw_trial_result
results/full_synthetic_development_v1/raw_results/756a9cfe30082266456c9c8763401b3065d7cd926dfbeb972e19d321e10570f1.json,2709,e91099541b8adcaf86c8c40a247cfe95ade2c79687d6103e1eea05a580fbe6d5,raw_trial_result
results/full_synthetic_development_v1/raw_results/7588c880d092965f27193d35e1ae31d80fef8dc6624802e7db9d3335c26308f8.json,2673,e3b71df92b00bbb18c78d25e0dfd7513fd8093b0a5d1e6b95a23bd52b521afb1,raw_trial_result
results/full_synthetic_development_v1/raw_results/75b076987e6db66aafc845557393a9bda2a93d6213aa0510d43c012cda005294.json,2676,38d8a3dfafcca66ef032726817f9aeec0ff407072718705266e5529569d6ee98,raw_trial_result
results/full_synthetic_development_v1/raw_results/75b39678faee529bd0e8d623de7d0c9cc5b3d421a86c2cdb6c7c2984c30d6aac.json,2694,8fb3d66d33d8eabd3a2c50d78c772e98064189019829b2738c0c8577bb6ce408,raw_trial_result
results/full_synthetic_development_v1/raw_results/75d2ae731c73f0db6fb2360a9453ec6c241adb33d991778e76e4cdc3a102ca08.json,2064,033bbed9a5730f48980e33f28f6599b864fa65c01bed111895e82b8a95a111ac,raw_trial_result
results/full_synthetic_development_v1/raw_results/75d39b967a1fd24460caea158ca87a27eb6e3a5f4bf068a98f556e9a59d1e4d0.json,2032,c2998acc72d3d8aeab0401b29202764a5733559162261c37df8f4f4f1f9a887a,raw_trial_result
results/full_synthetic_development_v1/raw_results/75f641d434a210a3db844a643b75ceb499d5d442971ed6b63da57af71a2d86aa.json,2679,005d3793366859b86764706fea50c9000626f484dd1b6f67a5fc83341680da63,raw_trial_result
results/full_synthetic_development_v1/raw_results/7641c43d38ac287c90bb282c4c6d15ef3c6409b0d2c2e5684f42552a3a23621d.json,2019,254e2e169a9e46abf78090f50c801b7036bd799cb5c5dbeb719e597250034e0a,raw_trial_result
results/full_synthetic_development_v1/raw_results/7653d201e0b4e16fe442cf456fda37ea5cd62e27240b9fb5435902969bc86731.json,2068,97882a2261d2299d4a989c1c78feec163eb94ba3744fe39b97254240304b8576,raw_trial_result
results/full_synthetic_development_v1/raw_results/769a0b5c671ed8cf4ac53f8c8d4cfe743c9fa72ea993d4a73225261493f933de.json,2061,bca33b073652a3667305a0250ad68c60a9bd3c3447c87bff035e847412a6f62a,raw_trial_result
results/full_synthetic_development_v1/raw_results/76a9bd014ec6bb60cb6df6d5faf8d0635229e77a48e8009106c7f6e3fd138c28.json,2691,25e5b737aad750d6ab9ff1572f84db706dbd737d9646e7b90a5dfd706d7f242b,raw_trial_result
results/full_synthetic_development_v1/raw_results/76b03c4e2d0e2966516542856bf40f593737540e018af86a45b1f9ec7341f5a6.json,2646,d1bbfb8a6aa046025ad9388f813145b463db7ada1daf964ed1213ed28737d9d9,raw_trial_result
results/full_synthetic_development_v1/raw_results/76d34fe6db272ec2317484cfda5fa9dd3cf6c33c7fd4deaf0bde805a6a504e7a.json,2688,ed764952254829cbb91d6e4202ebc187c9e94dd5732e681063f0cd3293e0f6ef,raw_trial_result
results/full_synthetic_development_v1/raw_results/776345d10e95e06c2b529f513bf20b9fc1fa4b4d69f77cb7bbdb29087b2ff490.json,2017,3b6f4384bdff75cd83a8d1524e77bd5788045cc99d7325448e67cc4ec7275a19,raw_trial_result
results/full_synthetic_development_v1/raw_results/776357bf1c3be4d42ddf1229990946c2c41e40bc22e67370f39714b8d16c2b74.json,2688,72979f38ee74ca652a43acf9fd3bc78cd67a4ebf1e4cee5330f0b2bebcc9efd7,raw_trial_result
results/full_synthetic_development_v1/raw_results/77814e9425952d3faef508c7b3856232fa8a28deb7e1bad634334dd0940ef22d.json,2058,5f0480ceae6c9d91f88deb5b2b33f932c6b8b699c10eb000290d74e0c218b548,raw_trial_result
results/full_synthetic_development_v1/raw_results/77de00f34d0b0415c0749e6c98748388950178af3bf82d0bd90df2f8cd4da630.json,2695,954c14b5a57e5c90645e72647b96e40bf7b3935950fc0f68fd4d44e627399b70,raw_trial_result
results/full_synthetic_development_v1/raw_results/77e4766d81eff32cd1ac3e85ee6a14a4bc04b1e96f730393e40dbbf747c1c820.json,2055,a85582d5b6550c6eaedd72d5419f88adfcaefc21ae3eaf37d3baf7a5fda29bc9,raw_trial_result
results/full_synthetic_development_v1/raw_results/7816f1dfa1f5cfbfbad243902279541c18131faea43068fe7f3412ff4e0f452d.json,2654,d87d85c49f322393b203a53d0f92f8996678e2198d0bc3b270a909fb997b9a17,raw_trial_result
results/full_synthetic_development_v1/raw_results/783035e83d8a0d2e0561bcb00521649db301103d5ef9f115be5fca2e0ab6ab38.json,2038,f13da62da291dcffc73f6ff16100d40d1d0395a304060aa6195100ab20cd087d,raw_trial_result
results/full_synthetic_development_v1/raw_results/784f1b6efe1157f376064d7d20040e372bc65362871146a7e768fcb2561f265b.json,2648,6f3d81d8a4c10973e9b985c27a093f9772401baf3ddd8dc8f667b860786c45d2,raw_trial_result
results/full_synthetic_development_v1/raw_results/785ed69a06418a85d956c2f797f599c2761a21061e6a66ef89811f05acea933e.json,2101,d99c07f5d84373a730d297998f22f606782e5cf32e361896e7f507d8331ffdca,raw_trial_result
results/full_synthetic_development_v1/raw_results/787e441993a762d179924cf1ae276214d7abf2f296d8982def6c382ddadc721d.json,2694,ab525daf133448dbe20a2a434d80894ed775f7698913096b710728cb76480df1,raw_trial_result
results/full_synthetic_development_v1/raw_results/788be83a39f91c7ec0bc70a087a5639b7663d292016a21a77db27b6eb117003d.json,2054,081c60deaa25bb8e0c698dea1a93e5c02233b67565a10b67429341df762c6a0b,raw_trial_result
results/full_synthetic_development_v1/raw_results/78a87d088bcaee1014d683848e329a9009b31a3b9dacc1c0e2eeb990f43ca59f.json,2067,a7d319e7b5963906fa8d9336dfafc4bae9a17a7c1cb7164c8619006c80d6cd64,raw_trial_result
results/full_synthetic_development_v1/raw_results/78d19185df22edee50f96ea9096f53ffeb2d86196e4f76d2f3ce9fb82d8fe5f8.json,2067,e5ee76b1ce2cc8e388c5c4f21fc03634f2bbef610db43b92edfaaf1b7adee18d,raw_trial_result
results/full_synthetic_development_v1/raw_results/7992279d0f9f0255c21917f6ee7f52dc1ee197539242809639cc3c38aa5d84fb.json,2029,2f9af9f1e7966caf47611b1f089ccb3cad35dfbb271e39d57c5935d259fe0816,raw_trial_result
results/full_synthetic_development_v1/raw_results/79cb1d82d0f4ec32764900ff06600e470364b0e3a3af0c49101d0402fc3b6709.json,2662,66c98274f9c5b011a07a904a776fefcc67a2d1c20e40ee3a82858118703ceb35,raw_trial_result
results/full_synthetic_development_v1/raw_results/7a3632be4c6fdc33347f5fc1cb68299dd9fcb7d84960e531ab374cdb59eaa1f3.json,2634,7c8d9e4d0f15d7f4f3795d562fd611432e156986164de872bf8a2518074c7e1d,raw_trial_result
results/full_synthetic_development_v1/raw_results/7a504d0b9f5aefe0bb2c0a1f8f819bf59d35d4fa55b2de015b67aa3f473bb2d2.json,2027,964ddfb8a3ccf329d55226358ea85cf0ad02a95bb87d42f65013ba1f84bada54,raw_trial_result
results/full_synthetic_development_v1/raw_results/7a704ffc26d9385989353b8b98f4d06b42c5186ae7cbf042601da83f518bb4e8.json,2680,ea6675ae9275cc56b49f69b824a874e97ed4ca80d2a32315263dfd2930aea858,raw_trial_result
results/full_synthetic_development_v1/raw_results/7a7ae576a810ce17d8b187d6d310b71281945da53f4e62184140caad30c7d81c.json,2631,f55f397aa2173fee7e77400f3259787a0b5ce937b802a1165f7913074ee20171,raw_trial_result
results/full_synthetic_development_v1/raw_results/7aa5995a04ed75bde8a3a1af039da22dde3bdf044bebdafe4e7b2d8c94131062.json,2028,02195b9673661a00d65e5c3fe674492471b263feb5bfe688ed2270c1ff58615e,raw_trial_result
results/full_synthetic_development_v1/raw_results/7ab0db3529a37b1046903a06b8424cefed494cab557855ebaed8c48be20ef735.json,2028,0323f625441250972dfd4a28694e1187923b4007e49547daa526acc14d8d8e7b,raw_trial_result
results/full_synthetic_development_v1/raw_results/7ab88ef75629bf50972f24d9f9eff9be41b319f2c1761fff5ee4f59fbd254b8e.json,2673,be583fae4538a0ee51dc2b92b8fd7c4fb89bbdc348baae06d90ed51413fd763c,raw_trial_result
results/full_synthetic_development_v1/raw_results/7b1263965cf15410288679e95bc883a0d9b931e05b6ed4c5cb506877519ca54f.json,2683,d2a113fe450e868baf3fdaa0b4baaf8b88918011fb2c7c447f036466e7ab7bbb,raw_trial_result
results/full_synthetic_development_v1/raw_results/7b219194fc360b0284f4187becf0973264c3d039b0781a71e3b345cda0a67bf3.json,2645,69c312586696a56f6d28f5a286375968e5e97062af674dea1a14acabe389fc78,raw_trial_result
results/full_synthetic_development_v1/raw_results/7b35e66d274072fb801a6542ee057484fa1b069216f8b0b29dc60db65764276f.json,2664,0a1e198f20f622bf04cc57267f86d136a4009127d39b9b50e2d9bf05116f8025,raw_trial_result
results/full_synthetic_development_v1/raw_results/7b3853c4d76f2fc4e330b5d7b6c3136188283d21fcf0a2fbfd54ae4b1f0f3a80.json,2059,d5c2c0b19a140008836cd0c13b8703c80ba9a4bea31377203237ce09c143083a,raw_trial_result
results/full_synthetic_development_v1/raw_results/7b3a5248a514ff676609cd301f6435dc65519e9f15d6581dd82ef617cf668ffc.json,2643,d4d1b7af16e64b144f1aa2dd000c3f5e8be2e36109e994e87a80514ed393e464,raw_trial_result
results/full_synthetic_development_v1/raw_results/7b5e2d9212fcf3c51c939dd65907997a517c154a8ce067e2890b3f6895de58f4.json,2641,2ecc897af536a8694db44be4a81890bb7d6c55fabbd1535ee5735157fbea3260,raw_trial_result
results/full_synthetic_development_v1/raw_results/7b6ca64e7e8e04a80545cfda0169de84bebf4825915b3164525d2c06de8accc7.json,2063,0b9f4ce06f8180b4ce4b7f83cdc4e54d228db9608630003b4603d94f823ad28a,raw_trial_result
results/full_synthetic_development_v1/raw_results/7b8a262aadb745e0ef677ecf18f37544b3b7ac1dff4a9b7a53e63841433e99f9.json,2641,df3c2b999c3834fa33ad135fbf181a3259b015261becf636ce63b76ce2f983ca,raw_trial_result
results/full_synthetic_development_v1/raw_results/7bdc58c53923c1eee5d26cda70dd4ad0676fd35b1b026760989338121d56815c.json,2654,1963b9e9054a075baa1dbebe935c1a10e3d6df9d4627c6f89b8490dcb3c6992a,raw_trial_result
results/full_synthetic_development_v1/raw_results/7be997716ce036febe24f6290155f680a55c31bf8e080524466bb72ee296f94d.json,2629,fccff7091c51577d7f19ede8776c92bf402ed5b29e549c559bcced67e1b0d57e,raw_trial_result
results/full_synthetic_development_v1/raw_results/7bedb5bceae9c1ed24ea891fa26a8d1354253857887b4ac1a2b1f51e9d6990ea.json,2656,5f8c334e38f32bdf05e8402ee8a44881683761363fab7afae748e5d8ec47dab6,raw_trial_result
results/full_synthetic_development_v1/raw_results/7c04d7883b1098b15c048a13ab35e254fe503bb81a6dcd08c44b1c17334b0a8b.json,2046,3ae92473480ca4c7b9bd69fb6070bd1218605454fe53a34b0e5709681416e8ce,raw_trial_result
results/full_synthetic_development_v1/raw_results/7c3684b9f9f9682616cb71ff236cdcb3b3d9e8ad0a77e6b61f01320e1b5d7c97.json,2050,b088a40c3a800acb242d77565b4ed5ca9f36bf7bb3439bb451d35ce4f7d948a5,raw_trial_result
results/full_synthetic_development_v1/raw_results/7c4f7813782d36e08124a74f1cd6172d1919ff346446d9b2c1d195047bd83c38.json,2650,ab0d4b4572daef9624941d873c4c96b0a26a2ae7aa33d4412e8ad0bc607f7f5b,raw_trial_result
results/full_synthetic_development_v1/raw_results/7c593f5188bd18256defbb1afd67ca94087105f38ed403fb8d8cd2f2f83d0646.json,2049,5eb7d6e515cd15942fa651ae23b05dc28a09102c49dc7db6b7466dae14136186,raw_trial_result
results/full_synthetic_development_v1/raw_results/7c65945c2514285833c7e08f218c4fb71ba564c1abc79a40659a8a53cf1474f9.json,2620,7df82c36b96f95582aab77842dd479d4c5858b89dd475b567b54e0c26f70694f,raw_trial_result
results/full_synthetic_development_v1/raw_results/7c6a833932d080ca90511c15e449b90817d0154810554d832774d22657256933.json,2037,c1005d67c354b419d68ffa1d5d7141b8036c09019eb20e34b05d5c96d7eb4fb2,raw_trial_result
results/full_synthetic_development_v1/raw_results/7c6eb35c4a2174d6db825f1abe71d588d7d237ff3eb8998a76f5bd2e6e55d094.json,2037,763f4b91a4709ac89331a034a60db8978bab7714a68df0f783cc6658a8566e78,raw_trial_result
results/full_synthetic_development_v1/raw_results/7c84bf972b48c9cd0830d788b2f8243e69bf6e0cf63998c55955f6d488f9a31d.json,2653,f3daeb2beb5a4bdd6a31efdb49289edb0f1f8071179665bcf28fc8177ca9c30a,raw_trial_result
results/full_synthetic_development_v1/raw_results/7cbedae5e9f8879021681fa1a61d9fde8d9b99fea1d948bc96cde065a0e8800f.json,2670,c25a2141c03e445d9984bf91de9e47847e526ba07b557e4f1bcb8f0799d57ccd,raw_trial_result
results/full_synthetic_development_v1/raw_results/7cbf4492bd32575b3957e6202e63bada5dc5726e92cca69becbb101cc8fd02ac.json,2037,4dc001f9fd451275a667f9a472fcf2bf32950e5f856bb28253e2d000ea0a1bf8,raw_trial_result
results/full_synthetic_development_v1/raw_results/7cc4832993229067b8f525050870e81ff8ad0ab0408d776a179152c7608e0c54.json,2060,89abfebc7e1f432af32dd228b04a8f02b75a7058c5fc115a8debd57ed4166aab,raw_trial_result
results/full_synthetic_development_v1/raw_results/7cc948bcf1885079529bcfa21dbbe4f5853c6b6fcc6845602407816864f3a248.json,2027,3fc8bfc8dc4c374f7d26eb930d148d4dbbd06ad130b413a84eda6c1590c6c200,raw_trial_result
results/full_synthetic_development_v1/raw_results/7cc995ab767ca9aca997173c2b38adf70d4a87fdffc45b5a9623962c03087777.json,2066,714caec9d7d8214bf00be69210d141756853207106aefcfa28d5204e6cf4db9d,raw_trial_result
results/full_synthetic_development_v1/raw_results/7ce51e812a894057218dc75a15e3123d697e34fe972e48b82af964e28c846834.json,2083,b73373009d45d3bb4a71cba9b4ef1e81a6b7eb8a3265053eee4d0b005e1ea313,raw_trial_result
results/full_synthetic_development_v1/raw_results/7cfcea6a018b81c3248a2577b2d533d09d0b89f338ea764e91003479d71b71bc.json,2677,07a298329d58182b0217956dd97b4cd5992471adb0ddb91ac84b8b55a508786b,raw_trial_result
results/full_synthetic_development_v1/raw_results/7d0e5196150e071ef96500eebbe1d090bc8f5366eff67da89d07e24cdfa2f017.json,2709,fb61c733d4d816ca8c3091ac293ed21f91a7645d49ef4522e0b82e2e332d9d1a,raw_trial_result
results/full_synthetic_development_v1/raw_results/7d16d557455e3836ff29b0120b8d2ce30a0d64936bab22b1d538b1bf39830a32.json,2066,4fbcc46c3eeb05e5e5ca077140fd7d565092b29bb9b57e04c95a555b24548203,raw_trial_result
results/full_synthetic_development_v1/raw_results/7d508624e6389d2354740f342ca3596b25aacc55c5ec68875407e7352d43dcd0.json,2063,7abf979bfeaba080b9c20348b3a33092da52c4b375dc8085a4fb64463aaccfd8,raw_trial_result
results/full_synthetic_development_v1/raw_results/7d6351ea535be739d66d015afa552f4c4a1f7ccefabdcf52c9aeb3115a204b9d.json,2701,a37324c07482bf48bd90f8ddcf5288cbbfad54da2ab6068b03a4008be11e386a,raw_trial_result
results/full_synthetic_development_v1/raw_results/7d749f025cb4dfe3a072214a3e0459e89cf3ade1009e2612de59ba2b365d6c8a.json,2087,c4d42e55ef6a215c193d4c974309ff5f2e43e73be92ad6c9606ad5d1e8b9c814,raw_trial_result
results/full_synthetic_development_v1/raw_results/7d7b030651343314ea0f2c3083197869e2db85bbe91ab8d800e7340f77590a34.json,2690,07c1b11754efa564c68905895ce75ba4bf15e186acabfc567e7b89b6b9ec4a99,raw_trial_result
results/full_synthetic_development_v1/raw_results/7da4457166c010ac8b5294bce2b5b0be154c77e9e8b9155da4b77b8c6f42178e.json,2651,162dfd0088ee5b8e6e9ac177ea5b3993bb31629dae55f6ba533a939b2910cc01,raw_trial_result
results/full_synthetic_development_v1/raw_results/7e2427c31aca7db905e8347e8d52407afcd2b0b1326937fd82a281cdf57d419f.json,2688,589df5d28cd632b7ebee241644fe9950684b22e86873c27223bd4321a315a139,raw_trial_result
results/full_synthetic_development_v1/raw_results/7e4b6e24c6c6c90e152f2dd8e41b3216f377b9df89c8fd668a576d8fa29d143d.json,2066,9f2bcdd7f416ffb0f1e641a442b30a70ed2e3ea8b541cf1db3069a9e353698d9,raw_trial_result
results/full_synthetic_development_v1/raw_results/7e520539681d47ddfba60f51a30321754ba67e7976b1b98ec11fc38f9413d59a.json,2669,88f3d7ef9b495303b99afcfd85076d6da053c6a17fc7e5d57a54243c07f20216,raw_trial_result
results/full_synthetic_development_v1/raw_results/7e75d975477d90aba227f2a3d953d82518323bab5359754a30d71c3395b8f3c9.json,2687,a5e3c94637537ac8e3d9ed16d31e33c90691226998756edcdd6ccb9b128ed863,raw_trial_result
results/full_synthetic_development_v1/raw_results/7e80117fa6784b987b8e7e723f7b266e342a1c11a7cd3d267a1b2608f14439cb.json,2646,5ef04c4d03aa72e08e65fd1758aa7cba0ae3b8c2b745fc4eea62eb6ac4362e34,raw_trial_result
results/full_synthetic_development_v1/raw_results/7e8e53a103dd1acab4bc962999cbd78c6fea927be2207eeef79156ea2711635d.json,2053,76d6ca3b589c1cf3c113f539047e1c0f4c0ded8bb0a4d595848e3fa88f0ac22b,raw_trial_result
results/full_synthetic_development_v1/raw_results/7e92fc9fc9a6185e502184ff567c9c055b4b0cdf2b0c10aa0b629226b6d4d682.json,2640,fbda9b1987217ebabc274350eec3e24184b289e43fc2a86dd1026d83c10e3887,raw_trial_result
results/full_synthetic_development_v1/raw_results/7ebb32f9670f3de4cb313eae92487c746cd15d64ebd21a4e6e1ccc4770ab298f.json,2054,0cf6422e8dba4799c4045199cd59e896d84ff047ff0145da5a729f72f3991032,raw_trial_result
results/full_synthetic_development_v1/raw_results/7eda9cf1f102224b6864955a7b4fcef8feda6080522c6d666254c70bf15fa80e.json,2710,818dcb28e78a62833d4baf217bc713a173c3f3e1ecfa77487ac3fcf88249663f,raw_trial_result
results/full_synthetic_development_v1/raw_results/7ee9f54eb4d66cad1338f7ae765d0a25240e553c9945a5f290ae93fa967a1806.json,2636,81b0945f657c117348c20885a08f10573c69e63820eb39d0247108c0b2cfbbd9,raw_trial_result
results/full_synthetic_development_v1/raw_results/7f085950f03915c54d50ebcb5cca5d7bd46afd5fb7618e84af1403ac0c02f92a.json,2031,633350fbbda1820cd2bb142b66e73f56af595b0919892287516a50cfa6db7316,raw_trial_result
results/full_synthetic_development_v1/raw_results/7f10dc7612d75cd9c82a107a95c7b530ff9309b9e83ce0ad3b0690ae204455da.json,2062,04452c24d4e4bb84965edd37c64653c3a6e28e1040bf6804dbc4d700bb530530,raw_trial_result
results/full_synthetic_development_v1/raw_results/7f226e40258299520948365da196e37b34b7a5d86fd0b7a3e9bae463abd42a91.json,2068,8313777e9d5e12fbd0067e3b9278e307ee575d4186565ea76a76307fbf865f53,raw_trial_result
results/full_synthetic_development_v1/raw_results/7f510183dd4c5ae408a6984bd91731ab8103895030299311fe1fb45da6ea9d12.json,2021,d432f2048eb15bef2020c002da90ad16b61aa5b3a41cf316f0fb32955736b980,raw_trial_result
results/full_synthetic_development_v1/raw_results/80097f7812ac60202519b9b30e4915237d45a2f2a5a60e856490d8adb0f04ce8.json,2032,5e268888d66dfdc7986da53baf223ed9bfee285f843c96969374f0b0b0f278f5,raw_trial_result
results/full_synthetic_development_v1/raw_results/8039e03c81a3f004ce68191595e40ec0eeedd983750cbea5ae89d86b84c8253b.json,2014,0546d57814edf90994b034300c9b037e2bc3eba4929e0a7564ba249f3dbb2225,raw_trial_result
results/full_synthetic_development_v1/raw_results/805c3232ff478ee2829342fecf515ca6569af8fe1481c7e4aa3200415130ba56.json,2649,c82e4dbf07595554a2cf50bec497902aab14130567b53c8615a8a9ffd5e94530,raw_trial_result
results/full_synthetic_development_v1/raw_results/8085b2a507c722e02af675d9b1ff571cff02d1c4f621c5510a4f387c0e6713ba.json,2019,f8be9d675552a211bef4c57ebada02ed7e0e7282d09299e1dea3f77b42966af7,raw_trial_result
results/full_synthetic_development_v1/raw_results/808c28b6f002f69ac81c5e06dfb64de9aa5a13e3342fb1ef0cf2bde592171fe9.json,2670,09991d52fc10ba936430f4cea43d597d0964a64fa2b46eaaa82132748326995f,raw_trial_result
results/full_synthetic_development_v1/raw_results/80d0ed5a7b9a1a0f2b9cfacbfc5ac5ac7c04716c68770d02b5a8ebcaeffec1fc.json,2687,c45323dcd4163a129f7f80c2ee992839299997d27f8af94d4a610649a39107a4,raw_trial_result
results/full_synthetic_development_v1/raw_results/80d768fb39fdb450dddf2389f4094767c966da29a566fabce33fefdd61c645ce.json,2064,09152892c05a55c00dcd0fc56b042d19bf87867677b61465596a6f13b9a6a966,raw_trial_result
results/full_synthetic_development_v1/raw_results/80e5607be3813fcbc02e294ad90937c267b0e6505dac0f78733285127651548b.json,2033,76d41c1ff9d1852ba43449f98389af8554fb27ec02fe9c8741669d91fba3e071,raw_trial_result
results/full_synthetic_development_v1/raw_results/811f759dc28c1671208f939a8f0ff4a4fc386f3f431f0a64bbb7ce1018823306.json,2091,921b4365d5fd5dadb095b0369663cb1c76fbd0bef0db95920ad9221a18260847,raw_trial_result
results/full_synthetic_development_v1/raw_results/8159c2165271701a84fa10ff1cd185199efe5e460e6cd28d953ff67e49879fba.json,2635,141872f8cac092a043896e4a2daaba1fe7ab7f9dc2ce0c2a4eeb8f386c3b1b2b,raw_trial_result
results/full_synthetic_development_v1/raw_results/8187a7200cbe823718d914a86311979836c85779977e50fb61364a8a73fd3bda.json,2630,3ff1632957a1e721c981e79969821350058fc4550897d3c15c1052e23f424046,raw_trial_result
results/full_synthetic_development_v1/raw_results/81994c9130fceca59c11faf24a72746912eae649d843042c69220786b9d67a91.json,2663,21871719d813b90d935e070504a2e5bffffe1e1cdc269d4f9eda443e44fe78ea,raw_trial_result
results/full_synthetic_development_v1/raw_results/81a161404d4f404158ab5660f3019455919de1d5c4b7ee9d67b2da49f38f40a0.json,2060,6562b7d2309b42ac51ebe10fcd0055d5559e8d535ea4d73fe7a0321b3a044325,raw_trial_result
results/full_synthetic_development_v1/raw_results/81b74a332f4070b228c5019bbc61b31625d20677ad76b42d7a6cd4896e14b35c.json,2066,ef2868b8ba90ec7e7b71059e9658d831bfaa937e2898a7fc540009d79fe3a795,raw_trial_result
results/full_synthetic_development_v1/raw_results/81bc89d43bca10c6a23c10c76b9f25ce16d3131034c4c841fa5cbcb8f31b798a.json,2642,9187afa60d14c49e87c6f6623aa0dbaecb98e751d8d80ea2213e8578bfb211ac,raw_trial_result
results/full_synthetic_development_v1/raw_results/81cb6a7a604cd1b41c2bb523940cdaaee33165a66e9d5a3b75a6b5713403398e.json,1985,6ed2bdec8019114fea15eb1c02a248bcadd1942bfd9e0cee1537175f8c82cdde,raw_trial_result
results/full_synthetic_development_v1/raw_results/81d04519046a55faa5d8ebe4da8c793a57a602cba77895e5084fa8392a21283c.json,2655,394716c55927d7d33d1febe4f150a161cc1165327f14dda72ffa11ca834e7dbd,raw_trial_result
results/full_synthetic_development_v1/raw_results/81d88957a16e2e211defe0d96244a0aa7328ceb71062987c4dba2b4fff996c18.json,2024,1978bc996d06c99cf965022a30c6108557b35164a1e8223461c7916218ef5920,raw_trial_result
results/full_synthetic_development_v1/raw_results/81f08756a0a0d1c0811d8afb5343a8677eab15100da2fcead2d4ad26d1ef2b75.json,2671,184d211b97a6d7c1fa2ed00117d3c4b5bac08057182d9a80ec6d59069417dbd7,raw_trial_result
results/full_synthetic_development_v1/raw_results/81f614eaab4858873d3f2898398f7d00fc4aead19d4b4ecb3523d5a1e465e8d7.json,2041,c2b6ce9f69956ea5ba815a0dd8a4ab4713214c3b91f84f7395c68edbb0a07216,raw_trial_result
results/full_synthetic_development_v1/raw_results/827450ade5a52b4f0df88b9088ec76afde9209cbe81f4b219495f1b01909ed36.json,2052,ee30113c6202e8afee78549581cf3c7241782107771e046ba6977cfde54109be,raw_trial_result
results/full_synthetic_development_v1/raw_results/82867bb23a1a4fd299689451fff93a02a23a491d36902e43b683a84519cbe9df.json,2017,3770d1cd7af04203973f1b2b2552222aa806db608ca7d12d9dc6a8b50db76a10,raw_trial_result
results/full_synthetic_development_v1/raw_results/829acc0cef60fea47935cba338fec300bb20c646a33fc9d5c44887c0fcb99ba9.json,2697,622fab570c0d8dc25596696215a5d61fc2f80b975a4c87722dc7c12230e77690,raw_trial_result
results/full_synthetic_development_v1/raw_results/82e96b44752c861d39d69fc61013ef1748460177efcf647c33eba2fefbcfe170.json,2653,da244b62992b157d9bcebb095443512e3846c60cfe3924c0a87f94370246da32,raw_trial_result
results/full_synthetic_development_v1/raw_results/82ee7b47485b69c27cc6f33df118ab7623098f9720f8f485c35f1bc693877386.json,2648,5039b4db7dc69acc1e49e4be183abd7cedd8ce2ef3758ab55a4dd72f12857f41,raw_trial_result
results/full_synthetic_development_v1/raw_results/835e22b6701e17965315aa1e656e8313347e4adb7d1c69f8e72a27bdf81b2115.json,2661,58f5f69459ad9ada99a936aac1d4dff099889ac89c166bedf745beec5c9dc975,raw_trial_result
results/full_synthetic_development_v1/raw_results/8364a9c40386e7cf4f541a5a541183e92da024127c9b8034ce692c49d8c72be9.json,2051,6b6eaee665ecfd275453a9389ae89056ab7fa296bfa12eb15baeadb9d884038b,raw_trial_result
results/full_synthetic_development_v1/raw_results/8385176d81c191e58b2c9cac78b935a54650ce054f1e4dc77e9d0f80564980d4.json,2676,e58a94ef63320241f89165213c9350becd5b72015fc80f8327bb07ebc9812e85,raw_trial_result
results/full_synthetic_development_v1/raw_results/8391fb014ee55b1d87a88a1be8f09270c38c958782d29974a853f07cf2100336.json,2638,dc96da1f1f4a276c438459df9f00cc09a2219f6080a2a3119732419cfa050fb4,raw_trial_result
results/full_synthetic_development_v1/raw_results/83c5c32e0340473c522b2908cc8f803d5569713b1501ec6de4a0b2d229df00e2.json,2675,fe89ede712ad9a68b0f3ef96f3218d6adb1a99647026e84429b4155e367491f0,raw_trial_result
results/full_synthetic_development_v1/raw_results/83df0b9e4fdbec9d8f2d0b64a341aaa93c2af22e401b2a2626b4fc1a80c6a24d.json,2090,359eef4a69c0683666673c1abb9ccf67912d156eab5fd6530c89971171fa50c4,raw_trial_result
results/full_synthetic_development_v1/raw_results/8401808793aad9390ebfffbb1081b5a14efc13ec39720e7301a2736489f3aed6.json,2684,7fef586a2f6a212c3d2572b787d955405704e89f9589263ad1c35f5361cf6e2a,raw_trial_result
results/full_synthetic_development_v1/raw_results/842802af3c40ccf1d842d483c9b78f34817fd080f69092af89dd2406bff95727.json,2657,3da8d4193d516e811bfab43397d6566088f3e02bede5226d8804dba88b4b0d0d,raw_trial_result
results/full_synthetic_development_v1/raw_results/84506e4aa3ec8d42241e88f49d413864cb93a84536eab9b2f107afa1a3954a4c.json,2664,b4dc1feca6a93b3ee2b3f9c0ee07a21571da9e91200dc08db3f075e0a5cd9958,raw_trial_result
results/full_synthetic_development_v1/raw_results/84a8f1565ba98ba73cd52c662f5d401efbd1023147031b606f3a2d1c0171a9a8.json,2656,6295d4977710644962edf171413ddffd35f2b152c0b5049dc2b5bc02efbe4980,raw_trial_result
results/full_synthetic_development_v1/raw_results/84a96a9d3362f30d74253ad24142a94b9afd0ad8b2a5cb611cdb062fc2d15160.json,2024,456a4d9194faff8b22f2c2c8f08b1523190db15cb7c45f47074add1532a18435,raw_trial_result
results/full_synthetic_development_v1/raw_results/84ab23074d89bed4729a8d8f93f9a36013d5e21713805653a8c29c8a8d331261.json,2066,dba811025474ee0387a8a53b76c633c716ef4faf31561a5c65bc6c269f74b247,raw_trial_result
results/full_synthetic_development_v1/raw_results/84e1169a6ccc48bd1ac0b5caa72b3b76daa7dbf22cece9568ba61f950bc376af.json,2035,e41a473321f906cb2c15e4effeb8708c2825356939004c7a346e4b2c8df49bd4,raw_trial_result
results/full_synthetic_development_v1/raw_results/84f424e5eb563fc72b880e2de117ef70095b1dc9554bc90b1ee7bd8bb5abf264.json,2027,73b8df58115a9143d0bcaf7b926958e04fe29bade364cb7d569b886714123c25,raw_trial_result
results/full_synthetic_development_v1/raw_results/851cc08168c4631b61b50a7e7b0553ece0e7167039ab04d31dd8aa75f3e0792f.json,2035,1e48489ccee9b572d245c50cedcc0fb0814db11ac3cb0d5a91cde606e79cb334,raw_trial_result
results/full_synthetic_development_v1/raw_results/851f66fffcefb01b477b3e42b54b68476a5c4d1ee65b379d02f8cd339a3cf942.json,2637,98f076a46c9170b550ae808ee81506202611ed2c1c090bf08bdd643c38ae8355,raw_trial_result
results/full_synthetic_development_v1/raw_results/855a87ebefc773ced997e108d7264f724eee2db60abd2551192dbc36bcead898.json,2697,2fa84816ac88bceef64d7a78f9f644ab3a6fb412eadbaaa06ab9f407f31288b9,raw_trial_result
results/full_synthetic_development_v1/raw_results/855bf920bb3dbd0c0c0aaa664bd571f0e5cb2cc662692214dcd2c276c823374a.json,2692,78503a8f14de1e94f986147229d52bc028d97183855458d82895cb814ad5a796,raw_trial_result
results/full_synthetic_development_v1/raw_results/8574835d51dcf15e954b093161f1681d4a3ea0a0c3f2a47683ace6be0f2042fe.json,2066,bf5a3d465187b0afeea114bccc20a2971a63f31309168b3b76a62dd04f2b630b,raw_trial_result
results/full_synthetic_development_v1/raw_results/8592de50a100f4acb44286d89133b4836076e2505458572ea989a2f5f3fa8653.json,2696,1e7cb1c4604b9e8ea0d09129151c0c1518748d063720bfd9f7b1ac48c6cb76d4,raw_trial_result
results/full_synthetic_development_v1/raw_results/85b306015f2cd74c08118080ef027ff615c788f501eda2c20c1a4b8bcd7d1f7b.json,2653,cc1c5de336a0a3dbf5dbf8147ba4829cd6802045451c37c2e94f8ccf18c13c54,raw_trial_result
results/full_synthetic_development_v1/raw_results/85b840f853383d95e66f3c2b830f48f38351d7f02dded3c96999e8764e42808a.json,2662,230f2f8469942d6b8d47bbf06884a12c3aea8756d3af7419c72a0a4ca45ef9de,raw_trial_result
results/full_synthetic_development_v1/raw_results/85d20ec2742ec62609c7180be8697be813b4bd407bf0548dc23690b654f7d8d6.json,2023,7fb139743c2c2cc08c200c387288751aad4fd7047c791387291ff6ddf68e209c,raw_trial_result
results/full_synthetic_development_v1/raw_results/85d4a6a4289812c8fb89de7b99f499907863bfa01005656a42a0b86bcb4a3b47.json,2059,4453733954ded8bd8482e5360dfdec266a8fffc14c45c8276998864b9b4f1df3,raw_trial_result
results/full_synthetic_development_v1/raw_results/85e38380569a7c6575d95f08cead5e640863d027ca610f458cc469cf62279eaa.json,2061,c5f3a448a0de5b8bcf4c0d0e61ef82bb9695d7aa83ff069ec1cb8e05cfa14e39,raw_trial_result
results/full_synthetic_development_v1/raw_results/85f1d705d2924e993a10ce1dc5e96a9503d6ff711bf5b9d046cf42fc78106523.json,2687,0a122776378f82c4030d8c4b65c482394d22afe7e4d98fbeccb89e887f16a968,raw_trial_result
results/full_synthetic_development_v1/raw_results/863fa827fd2d57a150b8940eaf086ba5f079a0efa6790ca9a48305d64fbb6b15.json,2055,c9932c21e36af0dbc885f0128c93691bcb7d250db993338e10c0bd422eb58549,raw_trial_result
results/full_synthetic_development_v1/raw_results/8661fdd0dc3f61ad981edca14d3fa9e2fb573b0b06a607717dd3e8199da685c6.json,2061,d59c7e328ab9c0761788faf4f093f7e887fde640551d6f6a9f71b3b23bcc734e,raw_trial_result
results/full_synthetic_development_v1/raw_results/869f92e8f27f0b372a248c4a45acfbc9acba2460d65c79c9f76667bba860e28a.json,2693,453da7977f0aec02da0e7832d53a03c6e3ba310bbd673be1484c5e8ac5f260e9,raw_trial_result
results/full_synthetic_development_v1/raw_results/86f58c0c451b7c4ecd59aea643f01e4f6dd970a3331cd06526dacbae991d7650.json,2041,71baf317285a77db1585608c1ea9ddfd42689eee1866a8ea985837ff3deefb02,raw_trial_result
results/full_synthetic_development_v1/raw_results/870eaad116792bf871b675d4adc0813ba9ccfb04d40503c7a4818dc0277be329.json,2073,94f40643b79bbbd6825f03a48e764af3a2f37715221fb84b3d79ce23e132e58f,raw_trial_result
results/full_synthetic_development_v1/raw_results/8757b863c5e9308bbcdc251ede890bb814fc0eab227ae90b1ecaec283d0826ba.json,2643,152400f5166294874e14c8544e9ad9499eb1d2824230ab0e7a73b45eab05e921,raw_trial_result
results/full_synthetic_development_v1/raw_results/87890dd8f74097c3c15048a195b487d236d6a565b4a83a2b9a98218757290a8c.json,2037,34bb50912522e6405ba3226d8a7899ab725cc209a72953cf821de2792788cf4b,raw_trial_result
results/full_synthetic_development_v1/raw_results/878cd27fcc380ddb69ab2342b42a55e76edeed7e5e2cfc396fdb6ca6a0ec67f0.json,2663,63bc2ee99a1488a7cf7f9601dd7e9a2d10b2ea06eaf58a9b0c13045cb1cf1fe0,raw_trial_result
results/full_synthetic_development_v1/raw_results/8790f55c36c38e4425e0f9aee79a91605d042b6ce6735b2dc3ae034f597f98f3.json,2650,7f12d256ba374b191e0c1f206ba621b8c295f77ede6a8317e05131a89ac3b51e,raw_trial_result
results/full_synthetic_development_v1/raw_results/87d3ff8c6a598d812cc2a3ba930c686700f3c964322f4422c7bea8cc44b4b5de.json,2073,ba118a6dc6e512d9b732ca22b88fd850c2c48efe62bf5efd1f1e458af1ffc59f,raw_trial_result
results/full_synthetic_development_v1/raw_results/87e96319b1601e899ed43e39381c61306889573dd747478a06097d0b57c93cb2.json,2696,c2b2a3279066bfbc86ad1a6c01057d315f565a194ee648b372d43c85540975d3,raw_trial_result
results/full_synthetic_development_v1/raw_results/880a2f0cb370071bc6ddcf340465c88f1f76ea49155ff265b01e32a69bac905c.json,2676,911b1e8839edeb32767fce7a5e4cc0ad109bb76e78759a4b70a7b75d85f02ca7,raw_trial_result
results/full_synthetic_development_v1/raw_results/881096567423606a4226f6dca00b76fabc4915a65fda6e8612e61dd8f44dbd82.json,2653,7de7dea1daa1fc2760dee230108610ef8951d4c66dbeeb7ff586d20816281d1d,raw_trial_result
results/full_synthetic_development_v1/raw_results/88652657daf2e4e1bcabe487887859e3359836b7a0508efb19c0b4caca4ab113.json,2630,47c9991a93ebd4faad9894d8d0711c11abecadc375ed1d4ef92ae23be73d7ec9,raw_trial_result
results/full_synthetic_development_v1/raw_results/886f2ec06cad5adca7d242dce4fb9dcc0977ab0fbd67386e64fd198ab3969298.json,2652,19e5ea5f62a88f8fdbb00c1801ee82b63aaf420bf61aefd9365a5adbef9f7aed,raw_trial_result
results/full_synthetic_development_v1/raw_results/889a6ffee849aae92f9bab1be0ce300c23c2c2c1d7c953d6a3c7a0b32c39ee33.json,2661,5187153ca3e82ffd603590a79a594a53efeda79e730e2ff246629e2923ec3a2c,raw_trial_result
results/full_synthetic_development_v1/raw_results/889fe2e78918d8f8a24b4a41eb78a09ae5333f3bfcd701af8c9f33ab414e4f2a.json,2017,2bbdc64b65e1ece0155dcb6ec158c4071061031f11297059503a1bc088524c03,raw_trial_result
results/full_synthetic_development_v1/raw_results/88cf4d3970d60473302c85cff977b4307580f3d26d817a3c83c53d5a97960b64.json,2072,6524702e42b39e415d5c999dc6e5fff9e45debd86e8c0cc6d9f2966c444603be,raw_trial_result
results/full_synthetic_development_v1/raw_results/8907111eb2499ce6d8e8958132f0875181be3bf3c5ee0a158f8c1922dab6847c.json,2057,f9a11d98f9befacb0049831bc9722af0c74cf2dbaa8e64ee0160fd6fb549fe6a,raw_trial_result
results/full_synthetic_development_v1/raw_results/8935b33a6cc9ea066b2b5c346971f518321bfb78d958595ba8fae8ee8b270e9f.json,2026,c9f35069dc583504fbc4f1c1ac9d776efe83bbc52b9439619f48db5ac958e198,raw_trial_result
results/full_synthetic_development_v1/raw_results/897892abde1ea454f90a034457c161f09ee5e296a36cbde4324c8a2a2dcc3e70.json,2060,91ceb2ea393b72814d3fa48da4c054be41db7969e36df0dd1b4b46879f41b317,raw_trial_result
results/full_synthetic_development_v1/raw_results/89dc61e74760e910d0beb0b5c582faf6c3f637f4c070ac6e31867068db6a9c57.json,2023,777475342c88f0022fec57677dc391f65807257ee366f2a8cbf64e0da5c3499f,raw_trial_result
results/full_synthetic_development_v1/raw_results/89e55cad311c030d524fb3d7737a2ff35fab41de5e29157cab593b6e486e7dbf.json,2679,e3e4a95d43212ecd2098e7855d0a37d71fba1a0706b8affef21d072c0b1402dd,raw_trial_result
results/full_synthetic_development_v1/raw_results/89f2331b6f57d1cab9a08f89a9753c548124fdf4b9cb04d0d156d87ab0f0ab31.json,2705,c5260c9c49bfac08fbe25899742a29e7034433ec3dd3af7f5fe8c78582d37964,raw_trial_result
results/full_synthetic_development_v1/raw_results/89fc7659e77267df9a598ea54c8d6139a9147d1a6dfdc500a33276f0a39ced17.json,2647,8f17d8d3107e4f1040b99253448bdef43bc707b99eddab970b56b894f20664b2,raw_trial_result
results/full_synthetic_development_v1/raw_results/8a186d7c64ec84194f01a3ebe94f1cf7cec1bd2a9912b39a8328aa72e3394817.json,2700,134580791707ec08cb64540b8c3d69035c7c9a8265752608dc303442f78eae34,raw_trial_result
results/full_synthetic_development_v1/raw_results/8a59d3f868bcc2ce821e73926c54eb409fe83ded15668c331ff48927154a7b58.json,2696,7538be82269925d013dd3144c23d59f71b472dfa06d6d643497f28ab1ad3f0a1,raw_trial_result
results/full_synthetic_development_v1/raw_results/8a6287681cbabc5cfd5890ad7ec78b6dd748f9945c7a916407545fc0fe21ebf1.json,2643,f69b4c6e60ebfc16c568afee7bfb63a5c0d2362b8fd12bdc33fe6a3cc2ea57ad,raw_trial_result
results/full_synthetic_development_v1/raw_results/8a755b64960d746dba15084cbbc9998e314f2c691e91a639a9f48a89cf800fdb.json,2620,6fb2ffc256f58de3f6c947cae4cd7c647c04e91d1d628948d518045d0229d929,raw_trial_result
results/full_synthetic_development_v1/raw_results/8a93a01790883eb22be7031bba4d593dbea85cb71c0d38e577d23aad219355d4.json,2057,ada6e7f9d82efe2a0b72bc71fbf0b7f38bf7eb2e72c5a61d26a4ae96c33bc2ef,raw_trial_result
results/full_synthetic_development_v1/raw_results/8aa9c04db430611c3539ae82c7ef24025164aa740846f27097ccac817198ac03.json,2021,e7f0ca0d1d7a883a9af773e938ab83371a0cd781d95b4ba46ab85d0fa9bd1b3c,raw_trial_result
results/full_synthetic_development_v1/raw_results/8ac1fca085e9a79f527c707a207efafd8b1d1a415b69422a4006dc4c97b0fb97.json,2666,0bc873fde560cf583fd5c95be41a9e850e781399525d147080a085d49ed3f8ce,raw_trial_result
results/full_synthetic_development_v1/raw_results/8ac41e267c81b97619480a6de9a802dca4723746fa7eeb3794b99047896b7fbd.json,2024,743f1b7fbf9823dd6b6d67a14ee8743a94f46c6210dac7945f485351c9dc3d42,raw_trial_result
results/full_synthetic_development_v1/raw_results/8b0dbcd6446109a6a78f22293d048bcc35988dacb458484e4b6c40c32a225f68.json,2090,77a5ed465527c750aa2ad12ace2b63a8e4f0c1f15a62f081c4de3e5d3fddf1eb,raw_trial_result
results/full_synthetic_development_v1/raw_results/8b2671f4e6f8d58cdf4687c26cb5789e7525467703e9011eedebd5eca1b5798c.json,2627,3f62d1f9d0c46ddda63b03e312187fc0facf88903ee7a5b153020487a2ed4490,raw_trial_result
results/full_synthetic_development_v1/raw_results/8b28f6e8c51fec75623bcb6a444041cb8a5a615383670bf8d445538c729ae32b.json,2699,fcccc037ef02497d9fd18730720871ac80bc0bbb09b92dfa23da9cdc3d4ffc6e,raw_trial_result
results/full_synthetic_development_v1/raw_results/8b68fb8111fde470e8f944fa187509307e1fece5536b5988e8ca7108a3078680.json,2045,ae7e1060abea7464dd60e9004cdfa7930e863d84f0aba885a236b4703648acb1,raw_trial_result
results/full_synthetic_development_v1/raw_results/8b97da358e4de308b941117497d73f9fc0502629754c786411d2d22bb6adf7fe.json,2078,2628a6065c352b5ce53b2450b9d43f7269c2df1fa68959da364b39f98f9558ce,raw_trial_result
results/full_synthetic_development_v1/raw_results/8bb3af403de996bc417d291f4b1185990b6a37b6ff54874a463c2ffff50441a6.json,2692,24f2b2a9e6f6dca9bef914b0ea41d6b4479d2e8598c906cbe0ee15c0f79ab286,raw_trial_result
results/full_synthetic_development_v1/raw_results/8bdaed3b07866e572547c166a4b4f4d8d4014a3a5e10bbdfb6fcaab7af4851b5.json,2077,106ee1acfd74825b3ffdb2b20be018acefe47e8478205d6919dee1943bfaf99c,raw_trial_result
results/full_synthetic_development_v1/raw_results/8be0b76320efc973e356ba174ee3a85727f681147aad4939494fbb84817a721e.json,2662,7ac94faac7ba6b735b4526f077d7331945dcbe9d6cc3a9cdef9923add287ddf1,raw_trial_result
results/full_synthetic_development_v1/raw_results/8c1084905a70a5b27299cdfcab843cf9aadd13c3ac64153b53f1b0e6528391f1.json,2698,79d074434e86eb51f879df9d4dd6873fe028161fa92629b879fe39410f4e3402,raw_trial_result
results/full_synthetic_development_v1/raw_results/8c3ab9be369a667b34b99b8037a3f3f28f26e53db5e879d26a9ce740e3688f5f.json,2039,3eb6bfd9ba1fcc0b97677ae0d61e99b93d21ea857bcf794ed0abcc7a2d46bc6b,raw_trial_result
results/full_synthetic_development_v1/raw_results/8c5bde670b0b759aef142efa78e9ab27b95202971842638ba01927e94162216a.json,2063,9badcc9407dbbbee04336bda3da692dd1c5aa5f77e814ccbf5873c1bcabf277d,raw_trial_result
results/full_synthetic_development_v1/raw_results/8c70a91652e5f3424dc42add0489669fd869a9214563d81d8c7f1ac9e614afb4.json,2026,02ce3f827d06b95d474ff2271e33ec33e842782f7352211e9ebaf41f023c90a4,raw_trial_result
results/full_synthetic_development_v1/raw_results/8c896b9786cd207114f0f055da5e62c47f28bfacf8cc9e3e974910d312c94129.json,2665,64bb47c547bf43802b45f7210f7309814495066e0830c9d708074cf4fbe504d0,raw_trial_result
results/full_synthetic_development_v1/raw_results/8c8d594566e638f556b89d45f138b31a99738d4880f4cd2c21d09bfe3c78d255.json,2058,3ccdaee73d6f6e9267f2a406b8f5c35ebfe36d5a255368be73bf231746741c2c,raw_trial_result
results/full_synthetic_development_v1/raw_results/8ca3bf552469e4c77c4c8614eee75190893b059f9376414591d9a825a0a0da62.json,2016,129653904f174a1711812bd9bceae710034faadcbdca84f00568e1c979029661,raw_trial_result
results/full_synthetic_development_v1/raw_results/8cd6e734da64ec5446656572147e3f91bc7a0e30443da5b0c846613fb0714ac4.json,2648,4e2c01e305c70e56c6d4c7e940dc7e1fc4875118a612210a641e1355d1909265,raw_trial_result
results/full_synthetic_development_v1/raw_results/8ce2d7c1d41ac930ec5f371481cf84c9c9d23bb724f06e4adddb96fe61db1938.json,2671,90cf6318abbf72cadaa727329fbf58f530321bff7f62f157c80b8b177f72dd5b,raw_trial_result
results/full_synthetic_development_v1/raw_results/8ce871f9d1934105a1542f51008ddeea8643fc62e8f90dfd32cc74af0c487e81.json,2060,4aeab55679011dfa4e13a2b2636a9397ef407de83813b4d9f05168e756da9f0f,raw_trial_result
results/full_synthetic_development_v1/raw_results/8cfab2a123d561a2d69776b408140bc42f7f117e95b9f33000c19346ac029657.json,2630,cf6f0e96d7f08e20f674ce385e4ed520ea3875496f37ac904d25127f5d1aa6bd,raw_trial_result
results/full_synthetic_development_v1/raw_results/8d4c3680a23fda3bd7c2f82739e54c33a79dbb23b8c94ae0267937c481845098.json,2040,4e3e05e6e23deba173db7e8e1d4132553d67d25ae1bad9d08664292422f77799,raw_trial_result
results/full_synthetic_development_v1/raw_results/8d56d21d020c46c9b737d073df3c274d2b12fac926b3ef468af82002b77d7875.json,2673,8a152348032b5ab96a944356f30e29c2deddf0f241b07b662bdf406f7e163a1d,raw_trial_result
results/full_synthetic_development_v1/raw_results/8d87e3677963e3fe217d85a31c46e0c1244a0bad38e70232e19c841965b82fba.json,2657,9479cdca41c6255110100d4f7a5f7b8c4c9d1a0029af80e945b57a77e340d49d,raw_trial_result
results/full_synthetic_development_v1/raw_results/8da0054dec6e3c4e32f56ea9152bf0f597706b06861bcb5bd87c2aea94f4944e.json,2634,a26f645090033b69a335846d0ff2c0b9331b80955c9b65266f4592962e543824,raw_trial_result
results/full_synthetic_development_v1/raw_results/8dd45e7e0618e38795c46874f66b9800bd6fde9b6f7082aa9651996b16ee1741.json,2635,4a801a45fb6529d5e6416de79800fdd565ab5f082db0ec09da9e208164d42277,raw_trial_result
results/full_synthetic_development_v1/raw_results/8dfe264eac4ea5a8523a65d05186bec7bb2b898421c71b90f1877d29ca8d69eb.json,2070,ebd4696ab98c1f91a2cdf063173c6f0b67447ad128057b8fb503e44bcf609bb3,raw_trial_result
results/full_synthetic_development_v1/raw_results/8e0f9d0caecef3d580866450d5a2450d2088c6173eae04848285fdbdc316dd81.json,2673,5f3a65c0a16dea7ac9a3d8e3f3b505c064aecb1083867b39dfbd393f145be952,raw_trial_result
results/full_synthetic_development_v1/raw_results/8e1e31fd25e29161fc18a44c1d9cbdd76d3e5be4ee00bb6dee44ccf7e0b67c35.json,2631,2a507a3c530dac9c8ca7ef93ca21ee03f16404f9c388cadfee91dbfcca088057,raw_trial_result
results/full_synthetic_development_v1/raw_results/8e7f0f0e7536eb9a8aa9fba3390fdfd35d3e8ec0b14d33829a8c41f106be8e4f.json,2057,adfb2974c275794b476d4794465d1b4505aeec0ccf331f12111fd4048084be79,raw_trial_result
results/full_synthetic_development_v1/raw_results/8e83dbbae17bf331afe4d859c538d727d4785bdb6bb88c12e2c6c031a794183c.json,2669,c6d86d75328772a92deadf10b30084b18a0ac432fe9abb8653301b50528986e7,raw_trial_result
results/full_synthetic_development_v1/raw_results/8e8796cf5690d4e84750c670cbb4facf6c76bb10822d7f351b7ad6dd08a57c09.json,2644,fc0ab7285684c462480a983630b151b8d69587f914f0125c31b09d317c5d5beb,raw_trial_result
results/full_synthetic_development_v1/raw_results/8ed14584957d7f358dfe3548cd410e8d8b6d769111f386c3a47905ce366de095.json,2641,32cb265f3320b2f76855f41fb0f2150b2af831d4e1c842067ec29609b91393b4,raw_trial_result
results/full_synthetic_development_v1/raw_results/8ee0ea769ba841cd38ab1345d79a9b58bad1e4f2d87cde16e2a88eb2583648ea.json,2067,7b96178657342a51b8f0411eeebb932eddb0c76b352c719f126f74cfe7848201,raw_trial_result
results/full_synthetic_development_v1/raw_results/8efbd2c7eac144ace89b2e2291a33c7e7a6a502e13ad74add4a9ff7660c77f20.json,2057,2110c46a693655387cbd2daa9a9a96dc00cbcff91adef7ca5340824e65859f71,raw_trial_result
results/full_synthetic_development_v1/raw_results/8f044e017a84712829093bde61ce94eea5c45220f9b33a44ebb34374b3826d32.json,2039,4909b3e4a5777859eea9695ad568319a2d36e59565117950994b3eee5d6a6557,raw_trial_result
results/full_synthetic_development_v1/raw_results/8f18da3cba73d066c961bf55cb852c8b07280d1addd56278e935ab35af718698.json,2034,37df0138e9a90ebcfff753b8104d33d632f29917e983f684c4cef22ecdb757e2,raw_trial_result
results/full_synthetic_development_v1/raw_results/8f265b62d3e713897888056427d989e5128cecfcc6eaa661613cdd7c9fb7a9e5.json,2027,f6bb79d482c2d7a9f880735907afb9aeb3254ff8a4fa37796e11d2f67b21e619,raw_trial_result
results/full_synthetic_development_v1/raw_results/8f26d5f3b519d7efff64eb20d095bb0c4490a0e968b857e1070d5409fddaa8eb.json,2670,0da07ab96f5639aaefd4ec4af1802338bd443934d7a9611d89f8a0b0ef28f0ad,raw_trial_result
results/full_synthetic_development_v1/raw_results/8f4f88184ef239e9a663aaf89ab62ec49f195e730f3db5f5e217308e71b6e19a.json,2047,490b19ef4702e347d061450629e201cb245c79eede5ceee3e431e3d27c6e51ab,raw_trial_result
results/full_synthetic_development_v1/raw_results/8f59731bea937680b7412490358f27ae9ef2932c85c03a403e3e011f7be022cf.json,2666,aa3b408f14a1a94ed94ad9ebfdc119288da1c0d020845a1c95fdaac042558cf5,raw_trial_result
results/full_synthetic_development_v1/raw_results/8f770b53e4efe5a3078886075f774aa238f1aa904f0c244890a019bf52da360c.json,2656,9cca44056423bd4af6421cd14750f26442818161fc220afd4afb20bcbda1ab3b,raw_trial_result
results/full_synthetic_development_v1/raw_results/8fae40973696fb64373dc5c284b8d8705c68aaf6a6f63efeb9f489c0cb304aeb.json,2101,5a9b8895211b39fd1ddb4d9bd98327b086f87e9b1a20f4da75355b99d76493f5,raw_trial_result
results/full_synthetic_development_v1/raw_results/8fb0ecd74481c2fc31928b293216c56b34075cb102c6987bf91d79abcfcfda67.json,2076,cf5a5a1d784a34a2f164d8baf6c5efee28f026a2bf27f6278842abd70c21d60f,raw_trial_result
results/full_synthetic_development_v1/raw_results/8fe33c954ac8ad4576685ea7b9bc00b56ece94173e49d22e8550ec81750736d6.json,2035,d6b8a6ff75190ea43abb4666e58841a58bac249f05cc4d179b004c16c09559a5,raw_trial_result
results/full_synthetic_development_v1/raw_results/8ff83eaf5fec5fdd98b5d7ae622454ff754d65f5a8d913134adf846670875d39.json,2061,a6824ab77f332d9b88ada68750fdfaadab0bbe79e20ff4613e4e911e91745184,raw_trial_result
results/full_synthetic_development_v1/raw_results/8ff8bce90d6062e6450629af0cb8ceeb446ea62c60681ba37f4e683075f95856.json,2693,1640639fbbf63f1772eb80eca612228cbc2ed2c1ff4c8a7771609ac602fb6cad,raw_trial_result
results/full_synthetic_development_v1/raw_results/900c77f9c05e3e3c4bf844030d8f3f791375e81eb3f84f6fd792c002ceaff4ec.json,2055,037cef96682f86c4f487ef254a5bba6312dc3c12c71392406aed3655d433dbad,raw_trial_result
results/full_synthetic_development_v1/raw_results/904e0ac57b367499f3cdaa7000a11a22a3737631cc8855921c1a4bbaa5aa81da.json,2647,e182972cf7a79f340e650705e81092b803256417e11e87fc9996146c6a2ffec5,raw_trial_result
results/full_synthetic_development_v1/raw_results/90548a2d3876eb759eb03a72db7eac18bc1969f5cc013e3c78f8f26a54df52fd.json,2033,f7388592b6330257dfbefad05013b9920484007fb9d0507cffbf38210f301c4e,raw_trial_result
results/full_synthetic_development_v1/raw_results/90797827cc0eb8dd283d4bdd5a8b51cecc49e6de1aef8faf5dac3a4b2fd0f229.json,2641,93bfd5c58ceb27995f6116fc3a9d06496cc911b526ff565f0ae7fa1b72957456,raw_trial_result
results/full_synthetic_development_v1/raw_results/908cd6787d6359a96c5e3b329d68c09c6a29667aabcb2b44c88d0a8392efd713.json,2027,afdd0bbffbeb2e1c261d2d315581bcc282497be5a1c5435d893c5e8a3f9c18f8,raw_trial_result
results/full_synthetic_development_v1/raw_results/909984367d88ce733569c22fbe7980e6561e83bbf8a42c9cba7b66605e79811d.json,2026,8b5684b360705c110bed9c6d93601f9d92024ce81c1c172a30659c9bbdd9656b,raw_trial_result
results/full_synthetic_development_v1/raw_results/90b48672a2ef280da7b3be56c9027fe9adcf2120217dcfa9bf392585eb2b26f7.json,2038,5a78030e4edd49f334430fbc8747df6e4c1bbaeaaf1ded92174ae6f3340327dc,raw_trial_result
results/full_synthetic_development_v1/raw_results/90d50b4ad7f36b22a34e9a76d406c1e050effae15a26d91499a1f7fdf2c25dc2.json,2046,f58839465b308204228d8b35adc01e124806dd593fb077a072d328c6676a8083,raw_trial_result
results/full_synthetic_development_v1/raw_results/90f3375cfae272377dee1a5b2334db80fb448ba4be76270cc0b1b69251914c32.json,2022,75d7031b7c299f6379faa15e9c331bba7a1d6229f1e6b6cfe43f4ce61d6abd49,raw_trial_result
results/full_synthetic_development_v1/raw_results/90fda3b7ce96a890622fe49169aa484d6198e7a386061f3d69cacb111dbc1ffc.json,2090,1f831c58b1954abf1465b02b9a8743db685d48dfa260e4e7fbc067c89200d958,raw_trial_result
results/full_synthetic_development_v1/raw_results/9114afd9fc6962223f45c4ae759785df5172f30833a133fc4d9cf65081bbc119.json,2029,8f3b35a6ae985c4576596ff32d62e3dafdc000b0da118118e4e46e987afc5f57,raw_trial_result
results/full_synthetic_development_v1/raw_results/914d7c70ca132c8872950664848cc2e6cbd715edf634e9bb59541b2f4203d136.json,2664,f2ea2a954e0a71f9896db1194d9d7fbd0dcb54785642388b94925b44edacca28,raw_trial_result
results/full_synthetic_development_v1/raw_results/91fd792418b171462107dd93d32764e11582e65a04ffcb788d79b2b31b2da45d.json,2655,2f43233ee14a569ad70cef20435eefddbf1a486440237b49166d09d1f9b3d677,raw_trial_result
results/full_synthetic_development_v1/raw_results/9210a001dd9a0a08ab0c071cf2879e8068ce3edc0f255bab514e39cd513876b7.json,2641,b53b6c51406025dc6477416502cc8d73734e15176c091cc14d7a152bc1f251fe,raw_trial_result
results/full_synthetic_development_v1/raw_results/9248d6da81934777a974d028696a12991950012782259cb382956a8aa2b9d8d4.json,2040,38f4b3648dd2300e05bdb4f01688aa8fcfbe0f2964372325f0d6e6a8185f198c,raw_trial_result
results/full_synthetic_development_v1/raw_results/92744e9fd0a63f7f0c2c80b764e342fa83556d8459b2ff6413385045a6b71561.json,2677,ad111b6d239b2389dab01abac2c677f7b1d58e72244941d2a48d90002dff8cbe,raw_trial_result
results/full_synthetic_development_v1/raw_results/928946161a774b8b42d02fb5fedbb2127d4705014af541c8a1b4b40bb8f16a4e.json,2670,b984ef0cc8448c4fcd62a9dd82ca16fa2aaa9cc6ba7a9ce14ffff22c044d0bfa,raw_trial_result
results/full_synthetic_development_v1/raw_results/929681f8673de4b2a00fb51460c1398f0c5ff1d240f0526ee1243c01736eb831.json,1994,14a00ef02141b78cf8343c703204f4b22a1c1509558c827c7dead98d00966509,raw_trial_result
results/full_synthetic_development_v1/raw_results/92a53bc15e0ed2d5290dbefca22d3782102c7168521fdba057b55aca0bd46f6b.json,2021,f32f65665ef2f8e95a27f1efa690f29292f39d6996dc6967f2fb6a3d36399738,raw_trial_result
results/full_synthetic_development_v1/raw_results/92b3636894f7589a8ee01465800a6db2af590ead1184306eed95e80e449a8425.json,2688,f5e0ee632ae161606c32f3b24e1f9cffeac744655ff32ab0986f92dbf2535d24,raw_trial_result
results/full_synthetic_development_v1/raw_results/92c4a175eeb54cf214698cbf586c5a963e15af0bf469a0b77e8491baae766c5a.json,2668,2a4b71f88b0831eb86157bd54b5a4f0043cccc89727350c52b42132feb16f7ad,raw_trial_result
results/full_synthetic_development_v1/raw_results/930d316cbd802e8f3af8feb6b83c1711ee35b4390e7724b5db246344223addfa.json,2034,fd015c6a0d591d34e1ba3680a129a33eb7913af59e53339f98955e153ce7e8cb,raw_trial_result
results/full_synthetic_development_v1/raw_results/9318c25ff8909402c65f5c3b6b06fd1fb61f7858a87b34b8a2369c3480e2d30e.json,2079,8bca907d91ea2106cbce55e2f6db3107a08aa2757651ad54ee219aaf06ece85f,raw_trial_result
results/full_synthetic_development_v1/raw_results/9322022bc0b1bf63d70b4b05a8174d82f9133d7b3c67d4420ec56e2c484de002.json,2066,a5184d159ae10e7bcdef5962e900824850d3f5890980948ac06fcfca217ac693,raw_trial_result
results/full_synthetic_development_v1/raw_results/932be38f92ee4c5ebe2767cf0f3acc7e7c50417ce4a5b44928ce02a9285562b0.json,2699,e0d7693837af02f7f916a8170ed48f6b35dca559b70e56983e71b844b664ace5,raw_trial_result
results/full_synthetic_development_v1/raw_results/9334f38ceeb03f257d4d3ad04300cb16967aad8abdffc18acbbb1f61cad6055a.json,2634,ab93e7d96250e81db93d05c9cd80275e306ef16105a98b6e9b9eb64b314728a1,raw_trial_result
results/full_synthetic_development_v1/raw_results/93a6dc37869e37118f62e53f4fc43138f0395c9bfa0f9e79d558bb214ecbdaf4.json,2692,4e23ac6041747f673bf7ac355248938cbdc8d36710b22a4b758a560b4edfbc33,raw_trial_result
results/full_synthetic_development_v1/raw_results/93c575e95a3c5504eca33036ef24fe5c4bb6fbb1291fa33f20b8bd5ba089776c.json,2022,95912b527a274cb27bc40c84842420ada7f364e99878b803e6497063cd00ef6c,raw_trial_result
results/full_synthetic_development_v1/raw_results/93f18f675698a42d9f6074b87ffe57928a55904baee2f16fa0554fcc418c22aa.json,2680,830529bf05b45c6399b4b1aeeb33ec5b9764d54aca37d3b2c2885b54fa5f94f9,raw_trial_result
results/full_synthetic_development_v1/raw_results/93f387cdc9e72b11876bd7c1621c003646860cd0fad3d07f9caf427479714a8e.json,2661,98c5bb2a842eba7b99f0aee5709a0fc8a2f4400d4a13240d8dc36c160daa31f4,raw_trial_result
results/full_synthetic_development_v1/raw_results/9404b09d247a56e8100531cd88fd45082e80b546ed5ee64837e8e80a75b37cb5.json,2697,d203c897c07f60d8638d5efc80173f2704bf791b09277264b4cc49671713e869,raw_trial_result
results/full_synthetic_development_v1/raw_results/94370b8e1aa2459c963970480b3b86aae5defcecff48f04f14ea8d0f09f3b4cb.json,2643,e1774c3fc012004bcdb3c0e3b2454fa0e3d36a050e45af30b6cd4a55cc4dd0e5,raw_trial_result
results/full_synthetic_development_v1/raw_results/945008c03a807fc666902b697d0125bfc5f63cff51a1d3a30f40b4a47c0a73d9.json,2017,e96d19d6330dcb3c2e480860ec322e82fac7abef0cbe576c44a58b09e3ceb937,raw_trial_result
results/full_synthetic_development_v1/raw_results/947e7d856b95880cc37c6c4f0c5b319212fed4ebc3e7c97aca26ffe04f723663.json,2671,07121b1489144a303ba9766c7d0c6b61cb6946a583baccbd5598457a2918a47d,raw_trial_result
results/full_synthetic_development_v1/raw_results/9486314801849a17651a029a87c0adc70b528ef4cf645f9a9c068126b3f8a105.json,2621,457b641a82d608ea22ae6ddf290b5b5b460c440d8d7b2981bbe1c02ff6d1aa73,raw_trial_result
results/full_synthetic_development_v1/raw_results/94ebb23e1a31388cf7211e5749ef66eef987eab1f0074165c7dc30e42c560be8.json,2076,735c042911d74cfe1d92a94235c6c0dcc4285ba9cac031b249739432a1f287d2,raw_trial_result
results/full_synthetic_development_v1/raw_results/9504fbfc2762f601cf715ad6939bd61de79657d1bf9ce4de1c10cd798ae0c98a.json,2052,a53908dc82079d23a1673130f984f02e0dde3ea07b675ce2be168d46e16bc901,raw_trial_result
results/full_synthetic_development_v1/raw_results/954a7addefb27b23316cd7fba816a427c67df0e4a4808dd35b56bf57668fbc8d.json,2652,2ea157b6a2f0f375e52283507d015ce72863a66f4a9f335426c91e165fe2ecf9,raw_trial_result
results/full_synthetic_development_v1/raw_results/955bfd6701f857fbb58c48295c88447d72842d11f4d00e58906a6a93bf18f74d.json,2666,67c2d4417062616cb11eab7a48f8e3881488503e8b19b916af1168fe7816b1a3,raw_trial_result
results/full_synthetic_development_v1/raw_results/95658218d8def0aeb805281b05d87525474b01ebd61e8632017299b9f8a17967.json,2069,d4585fee820e486de45b2554e3bea59e07be9054de3854f0774d658f2fa42dc0,raw_trial_result
results/full_synthetic_development_v1/raw_results/9588453173913f802dff403610550549c0b3325b34c994b9f313e5333c8b297c.json,2023,ead06fdce780624eaf2700db7b097f9dffe81ed90fcf7008c6b944e0e76ef1ca,raw_trial_result
results/full_synthetic_development_v1/raw_results/95ab8dd748a9a52ec957402dcf9e5b86fb1da0cf4ae37478afd3d7c3f4a42496.json,2710,1e7fe7ec6d49fae0fd20636c4382df860edb428c0912be009d534e147d19e2f5,raw_trial_result
results/full_synthetic_development_v1/raw_results/95d283966bda81e44c1c78c515a0bb72953042cb33491368d49a238acb7b74aa.json,2702,446ff70c05c04d5b3741f975f125bde7b7d2c57aa777ec534cddb34d4ec82c90,raw_trial_result
results/full_synthetic_development_v1/raw_results/95f8a67c9b3c9b470c282ee6eff37d0c103ac897d51743ed0925f246e1cb5ad0.json,2653,c04305c851a3347d0ead4a40ffae70f2538996224ea10485923ff953d3d6eb30,raw_trial_result
results/full_synthetic_development_v1/raw_results/9610f8e5e40cbdd680017cc169596e4e3d559c8deddc1f83a3ea5e2bbf89f875.json,2651,74738122590b27f6b3c417209c5597c3aa6335f11d02a3943d0e6496306ae20c,raw_trial_result
results/full_synthetic_development_v1/raw_results/9624f8dd16b83e0fe5d0c834aca3421fccb16e189497bc0140b01727ea48c986.json,2667,e3ab035d5c7117c1b8dc329e044e0f871aa7bdc6767b5d8e0fec284ec6730108,raw_trial_result
results/full_synthetic_development_v1/raw_results/962c23f1dcaca98a8bd7eb70431014d760462590215e1ef21127211646baa88c.json,2052,83e314a7147052400546bc95f513681320602daf3567026725aa2c3808cc2d63,raw_trial_result
results/full_synthetic_development_v1/raw_results/96845172472c901b4a21725e2856287484b549930f122916eabfc9b11906eb21.json,2008,ec04f2cd396015d70d56f9b9ea391f6a0d79fcaa11baa9fd4860e1d0d4eb14f6,raw_trial_result
results/full_synthetic_development_v1/raw_results/96ce5948a0c82cb92f846373c1cab07709a18cec2fa5df65c88f5cd86536a8a3.json,2661,2fc724d45ffad036edc1af975302eaf86d7bfd3a39b1c18ee648f578b3b2dc13,raw_trial_result
results/full_synthetic_development_v1/raw_results/96da7993a3529a79658512d4eca6af82485ae25feb012d02844698a0217e1a92.json,2027,3b940111d9b0b5ff0924bad7310d0af945656645a9ddb645ca6131f2a0fdab35,raw_trial_result
results/full_synthetic_development_v1/raw_results/96ede7f060bebcbdc2bf73f27568efb47737fc5f31b7abb4528e70490093d4f0.json,2653,c8df3f9662a49946027dcf85e455b7740d01bce6c0269f306f0153baf0cbac10,raw_trial_result
results/full_synthetic_development_v1/raw_results/970f43920f8d58c746f70e6bc224cbdadbf00c5a9e22244cbcd577e7989657a8.json,2034,2ad4fd1df08415bf225be4b71e164f9454b7ae4c66ce869a4514140adfc76b20,raw_trial_result
results/full_synthetic_development_v1/raw_results/9715eb0a2569e99d7f235100daee9ff92fd152470c9fd97535e90a47a27e68b8.json,2643,ff27ee21b0d16312cd3333a81f2d88e5c9eb380b433651329f6a6adf81d3c308,raw_trial_result
results/full_synthetic_development_v1/raw_results/97248823f60047f9d82cb3c5bc3b01488bd5d3ac94afcb970844f5bf48899e86.json,2679,2ccfcc1e5f9ca524a65e31ecaa9344ef8b8115b5fd26c40110378fafa3291040,raw_trial_result
results/full_synthetic_development_v1/raw_results/97368f3a25f0d6b7a2949537561152aa29c7d0d1cb6f522d39620cff3c8c392d.json,2009,c773ba15590889a508f1d7c9b8c1ea7886bed51a14b091eb537151b1824493a0,raw_trial_result
results/full_synthetic_development_v1/raw_results/975733e36e1e0143092b9af68ad9e1953788cabe3c5b1d1aab0d5964f6c5901b.json,2669,81141270932326d116675ef9baeab6284ff9b0776ee472807321f307403e33b5,raw_trial_result
results/full_synthetic_development_v1/raw_results/97b8790aaaa4b23325149c93efab5fb183314a31060c2f53b767a3648bb9571b.json,2047,ca8a2e48f3a2651dd36939a05d4f760ce0028ad824be50ade5508ab6e684bcc6,raw_trial_result
results/full_synthetic_development_v1/raw_results/97bdfcd40bbc6147f36ed44f996c997cf1d8629445f9201cfe9c425d6b9d641f.json,2053,cb4a331a76bee0b2d89b4f12a3c1d3d1e5f92667e73ca5e52236b9e698a86153,raw_trial_result
results/full_synthetic_development_v1/raw_results/97bf56185dcba2805e7c3b0bfa8a3eeef7f3f14770d13af87e90609cccc2a134.json,2694,f0ef9f373b3efaf672e2769c892342823fc75b5c11f34d9df008aa478bd412be,raw_trial_result
results/full_synthetic_development_v1/raw_results/97c5ed8bc3f453918e0320a814cc11fad27448bb3b136835d706d80fa933f531.json,2025,e5234ada3532f62783551f29fc800ce3b634f05a072ebf45bc9e285f81de0617,raw_trial_result
results/full_synthetic_development_v1/raw_results/97ff590a1feade6b8bc868ce37f679124196b1a0d728c47048bfcf01dc10b87d.json,2662,605ec30db088f7df75565e80be38d15fac701521f99c29233d268646ae139a4a,raw_trial_result
results/full_synthetic_development_v1/raw_results/980f9b808169ec1eaa501213e02c9ff13372fb7389f84b3291da93ebe01cd4e4.json,2664,f2e7d3b67f626e8644b8063a0c814e26bb616b3566770eae97f06d8248a36941,raw_trial_result
results/full_synthetic_development_v1/raw_results/982c2e71ac4f9a2faf559dfde03a13f8af3ece97657435271e004706da59898a.json,2051,aa34c6fdfaa4987fefabb00e31452a5f7f66157d700b3709f48e24d17e624930,raw_trial_result
results/full_synthetic_development_v1/raw_results/98546e00cca246deb5eee420215cac23d8783590cc705f8ab6dbedb9a584f606.json,2668,1c445ca0776fc1c231c48103be71cc2b63447d8ab34c5a2d7a7139485839d900,raw_trial_result
results/full_synthetic_development_v1/raw_results/9859351fa8296000e4e79221ebec0133c01881d305b3ce7e1ba9158988426bfd.json,2701,3c924c39aa34d6a6c9ec3f772ffee8fd3cbe66b400e891159d26fb0aa7d55fc6,raw_trial_result
results/full_synthetic_development_v1/raw_results/987eb7861190ef4b67d06761aa6043a9202cab836dcee0c10eec7fd0afdd8128.json,2060,29fc8e25f7d928ffe955367c46c7dbb5554d14da751b73ed8c71ba5c553639a4,raw_trial_result
results/full_synthetic_development_v1/raw_results/98dfb4a78ba82429bf083c5dc48ff940c247cadf647ae3f1ec953432ce0ecfce.json,2019,324db738f0a24f7dfcb127230d5ff8d2f0d0327f3e8308c91a1ead35007e2f71,raw_trial_result
results/full_synthetic_development_v1/raw_results/98f07ee0c1798c21c8e9577ce045d7bb8f5787e853a69a727e30a929c577a421.json,2695,66aa969ec620871dcd7c19c5bf399658abf364246e8b8b50cbcae7bbdc4c64f0,raw_trial_result
results/full_synthetic_development_v1/raw_results/98f9751d213f5c81fa746f2782a2d44082b9d1e11eadefc340a5b75136486483.json,2026,d401bb02002ac86ab493a5f2c8c0ed97b19821c8980964ef52e950b5e5603be2,raw_trial_result
results/full_synthetic_development_v1/raw_results/99078b7aab361cc18946dc661f9281890cbac1c965a995d5d4171d35726d4422.json,2682,91132596a5f7d96e36da11f1524aaae4475c612072d15d3818a8914ff92dc614,raw_trial_result
results/full_synthetic_development_v1/raw_results/990e6c61c87a917ec89e98ba61f641f8021d44cf936dae12d8d50cbd13d7ae05.json,2691,d3a2df8154824c880c3a399f9c0aaf4b348e4ced7b591cbef1cbb26880ff72c3,raw_trial_result
results/full_synthetic_development_v1/raw_results/9918916ca5e630346f1cf2ea00e1a057dfdd5c6deaddfffce92d1b4c5114afc9.json,2643,e452e3222ddd4ba69296ade3ca36886938b79e3313fd5a9c9449cd3ecd642622,raw_trial_result
results/full_synthetic_development_v1/raw_results/994e9be61c0d42aa8a7ca652925878f98b8bf20bc9c91cfd2184807997ba2524.json,2671,470a01a3b6c3f6df1fef8648f99fda0ad7f4f55b8f7125aa09ad87ffa6b09f50,raw_trial_result
results/full_synthetic_development_v1/raw_results/99e3a0697ece53e0e5171d879d4383d314f78a25d4cbcfb4683b0561c26931d1.json,2684,b0040781cdc1a87e39ecfe4173c385741bb24749a68b1e09714544113bf7c8a4,raw_trial_result
results/full_synthetic_development_v1/raw_results/9a05b71c7387707516b230e8711bbecb56fc52de4d1ba93db5aac40ea769675e.json,2021,5e40391c1b103ec7258d9cea1166dc360937126f8fa9aca523a73c72e800bae8,raw_trial_result
results/full_synthetic_development_v1/raw_results/9a2990eeee402a917970ffd4040400e0d75734f62f4e5427c6cfe6e3b603ae0c.json,2051,16e40f5b6d093a124ba6375562746e52b0a1b020b5e0459b0f649159445946a9,raw_trial_result
results/full_synthetic_development_v1/raw_results/9a602e2a03f939ff5808e1f34173fe60f587d8a5ea42b8f5a372a31dacca16c7.json,2625,0309bad8431b925afd5e5ccf2f56819cf9f5b17bc239b045e71511573d54e7a7,raw_trial_result
results/full_synthetic_development_v1/raw_results/9a9b1c896eb28717b68a5ff2ed689e19f56b59754ba6ef849d330982bf5a720b.json,2053,dabc304b7bcde7a5b5d5fa1939a5990a6af4b509b6694bd1e32b611970611cc2,raw_trial_result
results/full_synthetic_development_v1/raw_results/9ac20e79edb7858cad3ad3bf97ea05034afcd1664c0ccb31e059d026270dec53.json,2671,3a87706db5b8633a0619fc6e95fcecfbbedcc830d062e46e63e08ac868f75bf4,raw_trial_result
results/full_synthetic_development_v1/raw_results/9b230b83db5a1eed6ca328fcc56504502aa8fed5e1c78b26caccd1ffb67c05f2.json,2069,e9466b4703f12ef9d22addb1e3e2006bea6de16de7d77237cd309cde4e4c764c,raw_trial_result
results/full_synthetic_development_v1/raw_results/9b434525331ad6998cfa5a8afd839ebd67200ac0c4b9343cc42cf907819ed9eb.json,2701,3fe35c04d619382a40878ac47730d68eef6d7a70667dc927eb730ee7834beb53,raw_trial_result
results/full_synthetic_development_v1/raw_results/9b4e6a6de3c5b60359e39612587cb7b9e816594d1369c5a9f9f00d1853b35e84.json,2048,3a1de958e7b53f61a13d84f862abab793df57be0234e13876e22af4aff36579d,raw_trial_result
results/full_synthetic_development_v1/raw_results/9b622b16a42a3f3e1aacb84fabfe4984a10ccc7d60b7e5d2e5ba23cd7174755e.json,2643,4cc062d8ab434144b38edf3772ab0c9bbe9ef50436a905ad53206b7cc25c455c,raw_trial_result
results/full_synthetic_development_v1/raw_results/9b9541f40d89f5608001ac7a48c80d726bfc1805d60e638d0546716d82c89445.json,2049,0a48b978ddd9c0710d8afc05918f46ffc9c0ec793f8c4d797cc403cbc2924f5d,raw_trial_result
results/full_synthetic_development_v1/raw_results/9bb1baf8529afd6c24febf560635331f482512f800287cf984f79bbd60047e16.json,2046,7861d9deba48ff61d51cd7cac6d943f37367512eec8d3d77a1794716e603e00a,raw_trial_result
results/full_synthetic_development_v1/raw_results/9bb23ca240c65e63b2131133dfa0a58f01cd1f0dc1ba309295a6f6c557881287.json,2697,ead7387eed60827c0f4ca2d5a54e90a1e68ca1849bc286842f855a832835aaf0,raw_trial_result
results/full_synthetic_development_v1/raw_results/9bfad355d17342eda4401d4fa98cca155ccf899a19f3695cfed2dd4f6d99441f.json,2035,cdf63d182762f101c615326d5c96d91db9b95626c43e1ea4837d6689d7fbc143,raw_trial_result
results/full_synthetic_development_v1/raw_results/9c084659b2b8a87029e00926826b8a5afa33ac8bb62615a45b6c2c2b33f74ce4.json,2696,663a12b59fe97c213e126c0d167763cecb6eb9f3ec6f878855a7670a6b92fa86,raw_trial_result
results/full_synthetic_development_v1/raw_results/9c451edabef16638fcda8ca65d5ff3e4763cc5a97f5df7fdfb8abe36e03bdae9.json,2655,a39207e7975b18994122aaae0ddcb9d11122444a041182bad5f72fc87ae8bd41,raw_trial_result
results/full_synthetic_development_v1/raw_results/9c4dbbeda042d0a6f3e05ac8e65d881fe19cf5e2c0c395598a4d6616b931928e.json,2687,f2e9d014968d3a9c1d1b0facbc65c9682a84e22305562a5394b0ce35543f2d3d,raw_trial_result
results/full_synthetic_development_v1/raw_results/9c86fc41fee33289095a7f0b5dcd2a18fbee0928b43e80e150b1357174beb7fe.json,2634,359d193969764e9db54fbd0732117e5d685dd4816f4737f3eb1d8a4ada21ed38,raw_trial_result
results/full_synthetic_development_v1/raw_results/9c9d1b00433ec8f62d2731296498d0075755949b24db1a58aeac9cec3f40e650.json,2034,408cf94021149b20242809931b909903fb385fb239fb236cb6fe5981c0ee3ce0,raw_trial_result
results/full_synthetic_development_v1/raw_results/9cbc9bfb3b4ef2cb0d6b307117b16a78b713fdf5457c544969da997f1149ae4a.json,2060,e2e5646c319f6920a3645e419543644e7b9cf9dd0fa23a08a76b9b2b5fdd3816,raw_trial_result
results/full_synthetic_development_v1/raw_results/9cc3486b743e4a20bdbf13eca76d67694165f8ac3f8c1b53a815cc88c0532812.json,2020,e01bb34b3a338b054af15bed3adc3a5a06b3cc2a2d8e773e5251c0d20f037cb2,raw_trial_result
results/full_synthetic_development_v1/raw_results/9cd220b5f6862c1f108703f6155c0e528c66f1bbb8baa9d9e78d567b8e8d21bc.json,2049,02591afc4a28b8709b20a9d36490c6a3165c78799d7738e917ae5030c89d1f15,raw_trial_result
results/full_synthetic_development_v1/raw_results/9cd4e449c3f66ed8431de8a41a80a10e9ef19658dcccfb5698b9d4c88cb4ec0c.json,2058,6af37e686197d3373d5c0c41b32a9f1fce00e11a6ed24d759025c3a78e527168,raw_trial_result
results/full_synthetic_development_v1/raw_results/9ce48cdc10fa83a79a26c50432ad4d2018b8d9ecc653dcf21b07e06c1ca70d3a.json,1999,300d7a9feaa458886f9266095852db621d0505175a56bdc6438f1d5c913afe36,raw_trial_result
results/full_synthetic_development_v1/raw_results/9d136d64b1d329a455e4e8f9f4840d2e3bd17dbb14fec6b54348a5684998dfa9.json,2698,91db5f5907707c11541b2c240d30543172b5b9967973283fdc8ad1160cfcedde,raw_trial_result
results/full_synthetic_development_v1/raw_results/9d15ee05525db75e74a636a69f52363cfb03f67bc0ee8f8474ea161dc0892314.json,2657,b08b800790d135c4fe7c666142f016b656973127f2c8f2134ff84373fc70402b,raw_trial_result
results/full_synthetic_development_v1/raw_results/9d2a91ce2129bc84ff09de375515086fa0cc76f9541fd4384dd56210463d7be5.json,2043,8e03b7a387099715820faa86184651a96573c680dab89de10d0304d7f4a57f5e,raw_trial_result
results/full_synthetic_development_v1/raw_results/9d9a0bfa922c1018bebfec008a1f8f23eca1f3b22fdf45f47739a91696d60a19.json,2038,5838a33583b6d2f8da818499c5cda4d16ebe15fcbfdab1a6e2e1861f1f9f693c,raw_trial_result
results/full_synthetic_development_v1/raw_results/9dc9157b3abf13a93c23c94f6a249edf5fd1011e7551a6ee9721d14a65f80932.json,2691,e1e5f9815d72654a0ba525a29bf83e73ecbe32750da14959b2f4d7f5853a94ee,raw_trial_result
results/full_synthetic_development_v1/raw_results/9dd13c0b74cfd1e1bac1c534a30d203057c8ef6dbc0a675fdb657662982e3d15.json,2042,2c0ab9d6cb4addfd4a64d5b4207d7dcf7ee84d96857f49e77a5f39a67a63197d,raw_trial_result
results/full_synthetic_development_v1/raw_results/9dd55a7653456030efb6c0fa38df054954fc323ff68f766ef107e7e84cc183b6.json,2050,9ff7adbb78e9eb34602b0c26e1f647eef2fd373b9a3c5e4bb03f8f12fd34425d,raw_trial_result
results/full_synthetic_development_v1/raw_results/9ddf8b672f039d05256bca4376a27f00cb9fff1e478463d6da85f45fad3e1931.json,2621,ce568c6e0badb37efb9a8f914e4282cba676b203f6c60da73f0b65532bfd4d3f,raw_trial_result
results/full_synthetic_development_v1/raw_results/9e1c9b9618e68deff8639de1f375f793dec8b8edad85377008e8c67545661826.json,2686,efae9233af364a79d5f93ff03ca88a0ad6b5e13266daa44c1ac3d11a97bb3127,raw_trial_result
results/full_synthetic_development_v1/raw_results/9e76606feb604783f232934b56c0f27310880f88e0597006246ae030ab40b170.json,2700,37f572a5061ab14c3e494a5bbfa9fd01be53c0884d989161a58a398076333bba,raw_trial_result
results/full_synthetic_development_v1/raw_results/9ea14f7296ad3ceb6ccf89b9674c5e959d466a1c3e1aa02601b240a040e2b77c.json,2656,6567b0611b288c4f47b5cdfc1e77ca83e0825d00af46f7dce6162186876443cb,raw_trial_result
results/full_synthetic_development_v1/raw_results/9ebfb8938411e919e3f5285c653d4b67801a0b1af788b3b5c339abd8a52f5bb5.json,2699,175424134e983ec8daf78ab15dcfe0e79427f5e128e08c80092fe61b48317f22,raw_trial_result
results/full_synthetic_development_v1/raw_results/9ed00a1d6ab65fc734f6b012ff0b3ccf634d3780a80cb6b6bfa615cb1d2f1ce8.json,2688,69cfdf6de31af54d57f48d37dee01dab082ba8b7580550091b4c9fe83085dce7,raw_trial_result
results/full_synthetic_development_v1/raw_results/9ef7100186ee4508de05b739f90d52ba5949bdd8464e94387865c8ed79b36d80.json,2052,7dc941055f8c66b75ece913a956dd6c6ebf4fa5af9d37de6a38e89c9609e7441,raw_trial_result
results/full_synthetic_development_v1/raw_results/9eff118ef4a882d6410665dd49fec56e17cbca6c7f7e4a2855521d2f3368fa94.json,2628,bab04902f405997bcfec34eae6e757963b352e199ffacca2defa71e6ca7d6768,raw_trial_result
results/full_synthetic_development_v1/raw_results/9f0db406a31a02f77fe5905a5aa12b0da72fb51538695acc35f9e1ad1c12a182.json,2033,60d44f076642396c8998ee793b93a7dfa8c0932245de242aef597129afa54327,raw_trial_result
results/full_synthetic_development_v1/raw_results/9f0de39c30e24379aaea430db24e3ae58f7ff402f684477aba813617f621d0ec.json,2689,e3b07cdce8fb8ce673293f2fa8f7a191156227ddb5aafd1ad34544da93323ab7,raw_trial_result
results/full_synthetic_development_v1/raw_results/9f1a53e4fc55286a59c2af7f622b6a9ae923881c4c8fd289999c9b7dc8d66b53.json,2664,892f4a363cd8da316286d7da36a3c4cfa38c7041929405cde5cc79dccc90d69d,raw_trial_result
results/full_synthetic_development_v1/raw_results/9f46568eaa39468eadb68b41733de0db5fbec0b432ef9b473991a6b996c29b9a.json,2050,1d42ceb6d75d6c280b5d203b7a7f1c8c464cbc202a5c781aaba94fe9202f457c,raw_trial_result
results/full_synthetic_development_v1/raw_results/9f5e7449c587483692d36b7be3e782e76b23f76c667374c97f63c7234e47d7a8.json,2693,e41b3ffb613d055273e7135ea5567b15432e15890beb06dcf19c8c32de24e745,raw_trial_result
results/full_synthetic_development_v1/raw_results/9f6d518ce33f697cacaa9d9efddc521c1db77c8bb4ca966a12ccf8ec7e9fbc0f.json,2622,890df15005a84a508c6a3a6b353b8dce57c0e5b42c0d748a75ff43fb9314baf0,raw_trial_result
results/full_synthetic_development_v1/raw_results/9f804e067d35b71cda6286ca62a7c3fce9f9b943d247ddcf8626380c2ca58e45.json,2672,14ebcad41529d8a74dfcd6539a40c904693b45247d94884121a88ca3d9732ffe,raw_trial_result
results/full_synthetic_development_v1/raw_results/9f8d85565a0d7c053d6e31bf1b0239d3752b068544a730267eaf72f6e1eb8f59.json,2671,d5ba706787f271f0a4643088f84c5040731933b7aba49a3fcbe03c4cc49b3c03,raw_trial_result
results/full_synthetic_development_v1/raw_results/9f923490b0b797efc93428d384be10af816bda1aec60fd3184ebe9f6938b581f.json,2637,025b903d6e9d7ac10456ac580358ab41a49929a5ef941c167296191db8409281,raw_trial_result
results/full_synthetic_development_v1/raw_results/9f9cad2a16349b856cc67b394c82e34a7d9ea48e5b92660363ca5f022e5532ea.json,2031,23c4cfbaf611a99bd41bfcb5041a19fdb19e758b8841570cfd3792a168e6be91,raw_trial_result
results/full_synthetic_development_v1/raw_results/9fa295ae43fbe5ed790beea9dc9beb6e2702494c05a9b860bfae771053d4c77e.json,2083,a1aefdc96ce8374548b383210c56d9216caaec09d1e09c18e0d046ca0a35cc0c,raw_trial_result
results/full_synthetic_development_v1/raw_results/9fa812d9f50b1290aa98df841351bde8f332caee22040f46eddb443d3eff1004.json,2685,bd32c9e436dc89a3323f384cc6c4ee41068b6f79cbcc2ad15e8bd7f2cba38280,raw_trial_result
results/full_synthetic_development_v1/raw_results/9ff099a72946a96b4b7b023a3f69c7a123df92400af394cc155f04bba722d29c.json,2651,54209b2799a6cd052319014519de79b7013eda36ab054f014a216bd7ec8fa663,raw_trial_result
results/full_synthetic_development_v1/raw_results/a0548477d84c9018c009f7112213a34f8ee3ad32faaf9127e3e1e6a97d1fe800.json,2019,18b16c239c5adb1b1ee2d6a02de38cd5655caf84e3772adfb773ce49e1b65586,raw_trial_result
results/full_synthetic_development_v1/raw_results/a05833d13f75926252c9360ff03478cd654bb98f3d8b20705f512665e74169d6.json,2067,57017e9b733d7c16144119373c41415479bd64244919d75b0356c63ac6d8f1ee,raw_trial_result
results/full_synthetic_development_v1/raw_results/a080ad2fac218a30c06e513ba8dcf4bb6c8d32ba4ec33025bb207896878128b9.json,2693,cbc634f1647077da8f208e944676b0e97dbfe8bb6806fa535cdfaa1f12f58417,raw_trial_result
results/full_synthetic_development_v1/raw_results/a0861f0ccef1a49e41386a123eda65637605843f73f51e7481be05618b2d3f67.json,2037,bf212f53b1d51c7ee9f9976e8ea4e38bf20ca0d6c075ab430fcdd039a7c0b914,raw_trial_result
results/full_synthetic_development_v1/raw_results/a0ac7ee57b3c4a947f74b82c18414cc292be1191382c6fadddb814410b8a73ee.json,2652,19806a5a4c853a20b884574fb0f72381d2562c7f28be5da9c1043e36defdf32f,raw_trial_result
results/full_synthetic_development_v1/raw_results/a0c920bad6a139400a11c8bab90e8de608f4146a05c267efa2e5a87a32bc1a03.json,2667,95f93a7f73474428e88a22cbb7297b23f0ff3e36a360476e9e908d1ce10e7a7c,raw_trial_result
results/full_synthetic_development_v1/raw_results/a0cfa45a638a094c282f217bccd2a2222649140cf504ae474d68fa09001d4beb.json,2662,0d1a18d4d40df0887557b8250861c5fd3b93daf44e28c086da60cf25d1f948ef,raw_trial_result
results/full_synthetic_development_v1/raw_results/a0e72b7d617e878db50d743924ca746603d8b20309216f90e88a26664db78a88.json,2069,7b4d8cbde86a8346ccf9cd22c9078c206b14d37ff649145e4748d12de0a8369a,raw_trial_result
results/full_synthetic_development_v1/raw_results/a10bc3cc045be181b120e8eb543e744d1e0e131b96d7ac7b7320184b707579b2.json,2048,8a0c32e8837a93f6dd85db93cfb20234c0ceacab869a49316b59798baf5a67bc,raw_trial_result
results/full_synthetic_development_v1/raw_results/a11c784eee61e1b230f3b75d11dc76454233a7eb80b5bfef51d6fb5c2043189b.json,2029,edb9d51b2d7457874e5dd5718bd3f0f14a62b5e7180bd398888931da1855f6d7,raw_trial_result
results/full_synthetic_development_v1/raw_results/a1216507e218ef3e731f8434f1f227e8592c5e767b606750549398cd9842296f.json,2646,ca4673283ed6acce68f6f4105a746f3f9e26e6e604f53ebc49e0735e0ed9ac92,raw_trial_result
results/full_synthetic_development_v1/raw_results/a15fd6a4dbe2fd9c0c88938ba44dc3aefe005b567064d4e5729fc6ed5c17e78d.json,2676,34da189fcd156a745ac0bb30172b294d142ef1a5bc533bd9857b51a2a120fe64,raw_trial_result
results/full_synthetic_development_v1/raw_results/a1698d5634e1f9e8cbb14d7d251d6880ffbb77d05929aef42a79272aba8553dc.json,2650,f60076755d6f1c16cd83051a87218fb4860daefb5863148ae921837545e43890,raw_trial_result
results/full_synthetic_development_v1/raw_results/a16dcbaac02e8941fdf49e43b6fc3181df12a66334876eefef1b9e19869f31e9.json,2628,03fc70728c8a4f15422a78c6888a3816a0725372bbab398c499460179c9ecd48,raw_trial_result
results/full_synthetic_development_v1/raw_results/a1753dda60a75bfebea269e8da01bb1387538494349a4a4f4ae077e7b72d47b2.json,2696,a05c4f9bc72872fdd60d185321f7ce55b2fe8622976128ae19af8976959ba0b4,raw_trial_result
results/full_synthetic_development_v1/raw_results/a1837e529a534eeff3c489bc34f31553da18ceb7b78653a2bd0fc00ee420d6ae.json,2047,b9d5922fed862b32e8cac762846340722cce8e347bf6866d932c19d34fb04f09,raw_trial_result
results/full_synthetic_development_v1/raw_results/a1b41f23de0ce210f86c12437a4a063afd400d94f80221fd8c253366f966ffba.json,2054,78ced741b5ec0af94f094f163dafd43c09e3c46c0194ac73e81c268b6cc6e742,raw_trial_result
results/full_synthetic_development_v1/raw_results/a1f709fd94777eb0bb89dcc5b9b4b346c0c638d49dc18ef03c3a1ed2c1743fb2.json,2017,83c03585e38dbcb27962a73d7af500b301a52546ef7f6abdcf5a2e0901af8ac9,raw_trial_result
results/full_synthetic_development_v1/raw_results/a1fd1387f646bf71cfbf0e545f177083cde0aedb695ad4b57388071837450f5f.json,2656,230d8e7ab8d5a947fefba4362f6c534cb15939aef7ea6e14d81b387a2345732e,raw_trial_result
results/full_synthetic_development_v1/raw_results/a1ff05fd805d92968b0bbcb2930f165e8517dfbded7607328c5196fc667d4672.json,2023,0e090a6a09bc5fefefc2ba7c474b3892ba0104245739365fef491f16d81f101e,raw_trial_result
results/full_synthetic_development_v1/raw_results/a224505437ffaaf28b260f032694edbc5cbae398bbc64bcc368b3aba86e0e386.json,2074,a27bb52521febbcc0ad15eab75af3787e2a82466aafdab61f487177f77914c32,raw_trial_result
results/full_synthetic_development_v1/raw_results/a25252bd8b3b8aff739b35a60cdb0c89558e9c2867d2a9abb6de1ba718f9f6fa.json,2697,816e7a46762c1eb78f3fb9dea14273fd8d04c7bf5a737950d9ad652d8f217e00,raw_trial_result
results/full_synthetic_development_v1/raw_results/a264a94b7e4ad0c1e29c74907a36d199b3e8fd2730aec19b927f431435a1ce0a.json,2665,a1c57f2a9c155f97f06f236ade87e5c0835b628ff74b5335b17dcead203e0382,raw_trial_result
results/full_synthetic_development_v1/raw_results/a2a15ca490cc7ebfdc413e5ca1f77d0043bcd3ebe4ad25e2e7d1144ee1f64f4b.json,2044,a40a0d465e418de04a24cfe17c40ac5baa4d7f5baacc69da28346d38b85f4884,raw_trial_result
results/full_synthetic_development_v1/raw_results/a2ae438b2aca23f7abd300490dd680d328c52effb42a561afed9461bd9d1395a.json,2663,5af78520718a42b5656731f746dcef07fe02910e320fcf6a3b9beafa130c5972,raw_trial_result
results/full_synthetic_development_v1/raw_results/a2c85eaa8345caf27099fd73dc3e15deef8a8e41f14c09ce3d361f294ba192a6.json,2656,0027a40b18df765e11199defa2a6d698cd81bb8d82cc7db0029d1a48cc5c1ac6,raw_trial_result
results/full_synthetic_development_v1/raw_results/a30c665f17b28995a205b9deb9e2fd7a86319cc3aa5bec3b35659fb5a3889cf9.json,2673,5806473915513cb8acf92cd6376a79262a581314012ecc34f247bc2cd44c514a,raw_trial_result
results/full_synthetic_development_v1/raw_results/a312068022da8dcb170e7d433890ed2ffb97663e698728c8a3a8822085425bb4.json,2663,905134725630ae0e54f774283585d673766171c4937b36b7c0ae263b0cc848b7,raw_trial_result
results/full_synthetic_development_v1/raw_results/a31f87f4cdec8032db6032710347522102fa7b3e65ed828a1dfde0eb7abfb9e8.json,2637,ac91313db449297193e68378a2e8402f7ec50c3d355ec0c7f4715213b595c3e9,raw_trial_result
results/full_synthetic_development_v1/raw_results/a327bca1f9bc406c671b6ff6ca16be69156001202b28a74d8e5953cdf73aeb97.json,2051,28df61458d0c59f28f5579647aa011ad037544fb14035d10b49dcbd59f170372,raw_trial_result
results/full_synthetic_development_v1/raw_results/a32ff1ad8c55989259813b7ae5f9074cf3f9c682f15d5d44b57381511ea4a7fd.json,1978,d528aeacba8b2c48d77b3e450676bada6f6b00b7b494d81eb079fec671149aeb,raw_trial_result
results/full_synthetic_development_v1/raw_results/a33743db7cc4fd9255183a4fd437f27da97ce2305b1b81eeb280179ff2969547.json,2660,43a55676e64a678e9268bd54526369010edfb4901ff30781573c2441d2cea500,raw_trial_result
results/full_synthetic_development_v1/raw_results/a33cd862bb46cca823ae20c6d0f45bccf383abc8e2b4b0289496e09f9b9a4361.json,2057,6fb7fe0445cf47f3495aabf3479da6b5313b176b44755449b2ebbb14163898a9,raw_trial_result
results/full_synthetic_development_v1/raw_results/a36f7a6e201711693288d9a2fad1d194fb1e9d9cd313979c8c16b2a3cd505bf8.json,2053,5a96dab9f04adb6dc52669432bdf1458408720511868ebbf83dea50ea369d028,raw_trial_result
results/full_synthetic_development_v1/raw_results/a3893688f452761514043f0b83c277cc8d085f982bb3c4f15c016a993dd80c4f.json,2668,770f92258dfb7c2efde7f6666c8bab79aaf28e28bc6989b77aa0ee2c781f0a74,raw_trial_result
results/full_synthetic_development_v1/raw_results/a392c09afb4893ccb068b24b8abc21b8a43573babb9d2a9a88495a8e3016ba55.json,2648,966f90766764efcdc329cab468c3539566f8bd47e0010f0c4af3a15ca6eddd34,raw_trial_result
results/full_synthetic_development_v1/raw_results/a3a88f4fb7e2c4caa605abcc003cc7ffd0181f520a2664f088ffcf308259afc0.json,2645,b964b5bc5592f56d7bed789259eea0b2ad4813a0b21d82d226ab58df83b492f5,raw_trial_result
results/full_synthetic_development_v1/raw_results/a3af04a24e747a7bb9e009e4511593998ffff9e132d6dc9c16679cd7c60859bd.json,2031,338de36e0e654fe3993208418bfc04278597bf3892ceea71cc01ab27b231890f,raw_trial_result
results/full_synthetic_development_v1/raw_results/a403adb10e88e6ca3d7424a2f580f28bb7e6c5016a2b2e5e3e3df7a49d75c646.json,2670,1f3eeb751d9927b1539c712bc79a8c00aba0c201a6b768c0bafa5e09b49a5757,raw_trial_result
results/full_synthetic_development_v1/raw_results/a406e52b222b45f4d06fb865ca351e8b2bc7b33f14e35b87cf126ab5e5fc3fa0.json,2058,851e553ffcc5d5398644ad0dd5c606c13e164d0dfc9ba75b8401c9a6fdba4dfd,raw_trial_result
results/full_synthetic_development_v1/raw_results/a431d0ef8b905b2c7255df4df64df512d82b8c1649d4072f464f7d1bcb35a09e.json,2663,d1ea9ae93544a9f0253e7a6861a9d06805b6d62ab7e025e4195cd28977d2fcea,raw_trial_result
results/full_synthetic_development_v1/raw_results/a43c82a0f00ac2fc1988e7c4aff7c31882bc0616fefcb37aee112ab04cf64469.json,2648,cf1543f3341a52c557f9b281a9f182fff0947da22ae84183ffcab7683b8d625b,raw_trial_result
results/full_synthetic_development_v1/raw_results/a457c7aa8846ecaf07ea647854066210f10b7a782beee0a1083f5825c6d34219.json,2654,a3a831a6452ac35e8f8423b1a6e253bd46dc242654ac0bfd5f61ee292d10af63,raw_trial_result
results/full_synthetic_development_v1/raw_results/a461bbb1abe101e98283faf6926448d05cccb554e68adb60b0f23cc19b5e1e39.json,2672,f5f7cb80cc110177d7501a1a03571a5a1d7335bd04270d1562e2075edd3049a5,raw_trial_result
results/full_synthetic_development_v1/raw_results/a47dd132eaf532484f927e1dbe53d65e5ae1bee1e138f3f80bd7b5c745bc7f2e.json,2668,0326264fe884fcdebb93bafa6674ea2bc55329945507e1730774f776b4bb7e96,raw_trial_result
results/full_synthetic_development_v1/raw_results/a487cb1aa9cbf80cf032fd97ce35a50e75b3f8a0ac6fc62b21b613e33de3735a.json,2045,a4112cf994adcef15185ab44ebc857f6b158d9f86531443bec123bb7534079b4,raw_trial_result
results/full_synthetic_development_v1/raw_results/a489b198c02f94717dbb2e32798bcdbdd9b6c38b5d128161222a9289e69206c7.json,2012,0c86e1fb1e9c18e97a4d0b8e252e8a296152b116c93c2e9d9a7bb96bbb046b5c,raw_trial_result
results/full_synthetic_development_v1/raw_results/a48d33ff6e053f3d15107d413da9c76d8fb92297e82614618774ac34fe6f7c2a.json,2033,21673ca33fe3a6eec79b3a2878cc387f4afec944ccbf3d0ed8461673ea9f9b41,raw_trial_result
results/full_synthetic_development_v1/raw_results/a4e1fcb8aeb0995273ab024ab91789613500201a5b6a807ec977d00bce618f04.json,2038,fdaed26522a986181b239d78829896bba027d2b42da61715de86c045aefa6dd4,raw_trial_result
results/full_synthetic_development_v1/raw_results/a4fa0bcff18280834ccd9c768a20886cb424e65e89d3f1426031f25a54ee7f46.json,2692,d9f2c971c6c1591304ca411bdd2201006a41d9e7fa3571e6b4dd89e68306bfd4,raw_trial_result
results/full_synthetic_development_v1/raw_results/a513886144f44d4331ab3491bd6a38422298914262770aadf876454fd15315e7.json,2666,2c7327381aed6ed7658591c2b2bde4dbd7c3be2fd47d8b857c3efab70a8a6c26,raw_trial_result
results/full_synthetic_development_v1/raw_results/a552c77922bd74677b917d6d85a81e446e7e5d185918d292693d4b890565c191.json,2702,41328e454509b267723d6a86797be23658d14f31f8f5b892d17a4dced2c7634f,raw_trial_result
results/full_synthetic_development_v1/raw_results/a595137f1284469df60be767c88418514217f5a1997b959d8f60680c82b9ae16.json,2018,2ce101b4e5dc4067eb0ae0f58c59dae19216a00d6f6eb5f45d6bb60b7f507c6a,raw_trial_result
results/full_synthetic_development_v1/raw_results/a59c263068ac2696ec4a04c58b203e8ea7bfbbb2ba2c36e7f2734cd558bc674f.json,2692,aad43cfab9b9cac6c41cf52d8cbaf6a527c424d5e48db4210790ae42285f701e,raw_trial_result
results/full_synthetic_development_v1/raw_results/a5ab70f9279fdee84f6d23fa6db1d0a7c3e8e26d36c939b5a23dd0c00fb50ce2.json,2654,924cb29cd931661e50caacb15cc93bcc995322c31e441181c46b07f11abeb7ee,raw_trial_result
results/full_synthetic_development_v1/raw_results/a5c9153632276b55dda8ee20db468caf9314e08cfb563085b06dc941799dcb81.json,2043,ce7091d533eb34b8930f9521f24e5181fc09140e988ccafb68dd0eb088f85616,raw_trial_result
results/full_synthetic_development_v1/raw_results/a5f21269fe1eb1900e06cd97e2f4fab6e2f541f2f1ea165e1df51ab0d09d2e9e.json,2070,f53d997f116491d7926dffcb9511d5874c24f153615cd706736b95eed65d3fc1,raw_trial_result
results/full_synthetic_development_v1/raw_results/a6010372f090f773c3b62383d04777dc448079eb0fcad7af5f20e3d97879fee5.json,2673,04d9487bb6a285c6b45f754836c821fdb6da5ffa714de5a37484356a7f6352f1,raw_trial_result
results/full_synthetic_development_v1/raw_results/a6010f3f56e48031d084ef311d1d9793322d70eb543dbabd93e335128dec8c8b.json,2037,f8b46d1cd8bbf7c978d2f1e1e78a0829d22c94db5321e1482493e22aba17befa,raw_trial_result
results/full_synthetic_development_v1/raw_results/a61179c9f1e5da26bf07049c7939e43064d0c44ba44431bc5b302431610a1414.json,2654,c56a869f8128a9a4e5340640e2215a232422ba14459d7572eb85fbe90e140b77,raw_trial_result
results/full_synthetic_development_v1/raw_results/a628add69c9b8909f0d448709a25e9d3494fa3719280877940eed7968e049b4e.json,2019,92c412c44449882e1a407139f64c023fa3ca7fec7e8f435e1d1186bc62f6b15f,raw_trial_result
results/full_synthetic_development_v1/raw_results/a6731e4943211028800d60addd186eacf063aee13b6b80bfa3df2646151e8286.json,2627,52e70ef2554226c63f7c9972033a658fe88260b637155c5c4188e9727a8fdbd6,raw_trial_result
results/full_synthetic_development_v1/raw_results/a67ca233107dd1b1c940db16508839ce6967fb4ae07b67274541b5ab42aa5726.json,2043,dfb624a38a3b5fcc824448aae865e549f411ee29d2964e1c270791a2a0ce4bc1,raw_trial_result
results/full_synthetic_development_v1/raw_results/a6c87a7f617c4eb470e9a95392367ef6bda643216dc08a12b5515d1b87226896.json,2020,51a708c8e3a914feaaf214241fc428cebabeb8bc93236ea643417264ab1e273f,raw_trial_result
results/full_synthetic_development_v1/raw_results/a6fd1f2b975a44267ddfb07fb3d09a4deeea4affd563bdb02cfe462c3a8dd555.json,2674,55e8153e776b3b562cbe04129545bd68b2c3864faf3e4232c6dc462b8982cd23,raw_trial_result
results/full_synthetic_development_v1/raw_results/a755ed17cdea2eda8e568110c26a2498df66d6706904da5535f74c9da954f62e.json,2042,2cdff0e4d09db85cec8f38eedb44b9fdd588f749c55cb7828d4e4a8ade00c05d,raw_trial_result
results/full_synthetic_development_v1/raw_results/a75d7a8cb3a7dd3c6dc72637eeb37b6f9485985a5a5726be903dc2caf12e9fa0.json,2018,4cded0e6618cf1cee8eb78d5504065c7affc7d129300603699e2095196be26c8,raw_trial_result
results/full_synthetic_development_v1/raw_results/a7671f8a17cd0eb1e2fcd9242d0b2f0a76de5c096d551c25e51d1fe98895b53d.json,2054,c35369addbc04bd441bf95cfd98bc30ae99f60864efffdde103043df24ceba5d,raw_trial_result
results/full_synthetic_development_v1/raw_results/a778034107fa36ff6064217116b4c62a4a54a1eba07b7d1cb6b2cdebc5400ad3.json,2692,7f241e2e01b6e184a8aa6902d01f65e2796239f168ab436750c3bd507d300a7f,raw_trial_result
results/full_synthetic_development_v1/raw_results/a77aaecd93d7362a875ec5a477e7a80243b3a2446fc74b299331b13801aed38c.json,2030,cad23cf33df5803f1f5551bc1a924c9f8abf8c4d0860be96d5dbc06e9c511a69,raw_trial_result
results/full_synthetic_development_v1/raw_results/a7a9a919bb2e8fad0436910c09ec2700d6503e5fbbea0680cae35a17439adc41.json,2012,b85a8fe1df4d749627237383bfe55165b9aa50cf2606a46ce28d40d928fd63d9,raw_trial_result
results/full_synthetic_development_v1/raw_results/a7b5ec317e5d471ce7517a850e9d593d34938119e32de55f04f7d7f6fe6385ab.json,2053,7dc5054dfd2697be9f8213f4c8f63378824838e48abf34705246837fd07ef550,raw_trial_result
results/full_synthetic_development_v1/raw_results/a7c44fefbe853344b8ca56360a24f2aafae4d26664974a53f2e20a17281d6c33.json,2065,95bf90b56f591da80bb9e3d26821c05b87718d736936e6630e736f8d9922db94,raw_trial_result
results/full_synthetic_development_v1/raw_results/a7fe28780603ec7071e7d4b4de1616cb5006064bd5bb346df8e1ab1f3cd97590.json,2678,7cf5a7df0432006e7e7a90a628af78fa2fc26c493875f74e35bb12b52f3190d7,raw_trial_result
results/full_synthetic_development_v1/raw_results/a80841a917d8d47b8b90544ddefd2b71973218ce8ba396483321aa6e928c8cb9.json,2021,0849efaf5717e7735f83c831e7a64cd6bb190799ec6ca9c1f8cf9f5754f972b1,raw_trial_result
results/full_synthetic_development_v1/raw_results/a8665404b794d3adb70d2d1f39a13fe6af754ac12ce97ff7d9271b6699ce27c3.json,2082,cf2b96098028e497a6a32f6907f34c0c05707b8e5f7c2ac206238a1b13fa807a,raw_trial_result
results/full_synthetic_development_v1/raw_results/a8727c150a53f9923a55eac9b1d5b997d873f5c503e0f0183b78000ea4ded8ea.json,2690,04b128708dbf629f202fa4539273d9b4286f366d440b8233bcc407c60272839c,raw_trial_result
results/full_synthetic_development_v1/raw_results/a875e8f381c1292280bb6675c991d5dca61999fe85f88ef2b4d388d3027e0a94.json,2625,f1eb46a33f6156d3d12b232dd02cbf1ea9d95964e278af2176edd11cf545ea40,raw_trial_result
results/full_synthetic_development_v1/raw_results/a87c8e48d1e70559217451d5c90f70693e8972322e0858bae841e199871772a7.json,2677,9cd7e0e3785ba1acc79bf14fa8d0baac3a2b840798bf613f0eba14a1ab5a8de4,raw_trial_result
results/full_synthetic_development_v1/raw_results/a87e3ed3516aa87a8ff4ab73d75d34b4607f0d8ddd23ce5c35ff989ed74d23e2.json,2694,ff7a741d666bc2c9041c1d1420a125c1eef7b9bfb81ffad32526dc9f2352c0ae,raw_trial_result
results/full_synthetic_development_v1/raw_results/a89cfbd067e5ce0e803cab8c12067fe9ced27ef240c1dc3e52cf1a50dc52465e.json,2021,1f8e15a7ddf7dcef86f7a4dbe5b84bda29a6282c0cc569e966169e33171227c0,raw_trial_result
results/full_synthetic_development_v1/raw_results/a8c85aef59991f39821aae9974c3240db7059bf507b6a4ce80fcdc02f904d603.json,2688,ff44026d1d7abb7aae6e6652f656b7473926f8978ed6f3afd5135ac7e718d38c,raw_trial_result
results/full_synthetic_development_v1/raw_results/a8d3ab6e703305450c4960c059a9f2652614dd7b1b611e30f306768e5bbd41c6.json,2041,4dcb1c0b8d9585a67605af180124eddbf9f23e11e15d9b1d93ffa5334d14009a,raw_trial_result
results/full_synthetic_development_v1/raw_results/a8e1b7402aa22ae8f5a231115f7d1ab4b10b29410d95aeb6b7a1c13d425eb09d.json,2655,af3f9293b091e02f765e9c61d4b386edb363471cf282bb03fea2ee3f33280ce5,raw_trial_result
results/full_synthetic_development_v1/raw_results/a8f06b7be3f26ed830df461c7eb6e179fad6ff559d9743e5d09e90d4ef0aa71c.json,2059,953e88791c6e4610a85990b4b0e333ffe7c366d0369b1f7032d67cd332607d0a,raw_trial_result
results/full_synthetic_development_v1/raw_results/a90c486a5a14c962eb669822d2b3a727ab2d079b299ee1c0cee26d1385968a0e.json,2616,5640a6e2346f25c19047ba29bfabb04a0b6f6551d968c3c73fcd8f6c0b579573,raw_trial_result
results/full_synthetic_development_v1/raw_results/a939ffa06c1477dc2b54df4e9741f341459ea517df87df7adbd3183720e91baa.json,2664,cecbf2e693d4c1c1f801854cc856c1214e1247b8c5dbb177a7e52ff546dc875c,raw_trial_result
results/full_synthetic_development_v1/raw_results/a94d5da1387253b00366208f8f4082d125a52abd49bf6231d1a49490460ff5fa.json,2052,1dc3e0e468c676ef9488274a3ec7fa30eb2267c0669e181a95bf356649e5e43b,raw_trial_result
results/full_synthetic_development_v1/raw_results/a960d1ae7812e0a3f97910e9399e6ee34f0e808344f98b698393a32d5935b0fe.json,2031,0482b2b109fbe0c33d1b7e8810226656c709d6312845a4996ea27755db7f6add,raw_trial_result
results/full_synthetic_development_v1/raw_results/a96c6458d8f1465dd2268c82b666b3887318e2278b91dc0b81e5250bc858ee5f.json,2036,3cbcbb6e480a3ceb961dea1242c7f09d657481eca741a93ce528170354a31111,raw_trial_result
results/full_synthetic_development_v1/raw_results/a976f2759f4e7b84bbb0b97f77daeda3afd87bfc0c58664c87d0a2038823354e.json,2043,40a6ea98c0c67917f401d85c6cd8a2d02ad2ab3054e429f2848c693f8791cf1f,raw_trial_result
results/full_synthetic_development_v1/raw_results/aa0fe9396dbaba3cbe1d6b25b8d645a849f1987b331252d6243e89a372d9cce3.json,2034,7caa5f3e07dbcf08380995da6f552885af64192a775f89ccef5aaec37a89fc25,raw_trial_result
results/full_synthetic_development_v1/raw_results/aa22fa1c74f5a3711d684b28e2891a30df38232a23d59a3b74acb12c3dc5ae0d.json,2700,e084833ef9f9265c4e4ea82a08d1b877ecca7379833fe7601ca3b748ea61c8ae,raw_trial_result
results/full_synthetic_development_v1/raw_results/aa516a533c612336c750a69387bec6c74a268c382be0069f3fb452c84fdfc65e.json,2653,ad61b1fd1df3c40e6ae6a423f71beddaa4d60f195e674a0a3e35ec8c59e391aa,raw_trial_result
results/full_synthetic_development_v1/raw_results/aa711ba77bb27bffb63bbe05100779121505310d7ddfacbf7bd416a1c1d95b51.json,2663,1377a6ea0ef19747c483f11054ce692014d4432bface804ad0893bc2d7cf5077,raw_trial_result
results/full_synthetic_development_v1/raw_results/aa86f128694e7e58855cdaab1d78811c4c82eda949614880e79e0366d2c61697.json,2637,0440182556e59874ab550f70a510270519c410690b8e4e06664f8ce9b342da7d,raw_trial_result
results/full_synthetic_development_v1/raw_results/aa931f1828d9c8c15551babc25c7941537030de1ab0f7d0a204131c7d36cb863.json,2664,1e257c16d92f28b6e132b6991e6354a94bd7731745b516e38e82cf04cc33cc2a,raw_trial_result
results/full_synthetic_development_v1/raw_results/aaa3b3db033063ee76fb3bc40cc143e131d000110f50d6f584c078cf92b6bd96.json,2663,0ab79e6f17e7b22ed9c08bcebcef7481cd9f5c005a3c29dd2f2cb116dab0476d,raw_trial_result
results/full_synthetic_development_v1/raw_results/aabf03d6f78d7b4f59d503109ae0dff73320814e81a56ca4dc65dbec3ffb34a0.json,2639,a1c0594acc98caaf48d222d350049604cbd7289185e65d2227f75ee29430a2a3,raw_trial_result
results/full_synthetic_development_v1/raw_results/aad4b2773b3a01b11d74d22e6fe72b3d7aeba6ab0dc203874e87f1bf9bae76d3.json,2054,7567eaea1c11cf7a85e2b73da9ca879fea455c5873f807b00e28ee4af374c5e6,raw_trial_result
results/full_synthetic_development_v1/raw_results/aae2cc550a616b9b280cfaf7c61120621555ec98f6f3fee99a66fb9a68620be0.json,2672,c0f4732f06aa48fb69c80853106cbec2eccf77120d718639dc385e065410fa7a,raw_trial_result
results/full_synthetic_development_v1/raw_results/aaf4aa322be8c92bfdd7aeb956a5ce2932810c8405ce465aa4e8a723d0406363.json,2666,6337ef08a1aa7f76be1bc4c7ce8ce0edc467f9929c6288902597fa12cd41d487,raw_trial_result
results/full_synthetic_development_v1/raw_results/ab14119409cd05c4005447eb0bea5d087c9825cd2b86b1f7345ceb5f3ceead67.json,2620,96e86e8859dcd5584c260b44a47838e1c9052cbe5f65ef710a802ab440e632ac,raw_trial_result
results/full_synthetic_development_v1/raw_results/ab284a2a4d0471d251c7f6b554464cdc09cc88da32ec073de260da3ec4e5df1d.json,2664,3a0f039fb85d0283321faedab455c8973d755015657389e29ebacae1a3f434d8,raw_trial_result
results/full_synthetic_development_v1/raw_results/ab51da31aa5d921960744692ed75674c284b31b711146b059d2f6d48496210cd.json,2663,51cd36dcc39d8478a9b96623d7a8cb082c8bd8626ee0254b8ef975df36f91a59,raw_trial_result
results/full_synthetic_development_v1/raw_results/ab5b710e60f82f09683978be74768a46dec94cdba002e739f0947a07066b4210.json,2033,7a3d6d060f5a43094abde539bbb58d1ffb3d2daafe7b24afac185113126d1c19,raw_trial_result
results/full_synthetic_development_v1/raw_results/ab7daf4f2273d0cfd8d401f7db830d3e72e5143616ab9ede356ec981e8079852.json,2059,5995424209cee0bf3c1ec3f3ef5e650adfb5b531727d9e256649229695246bbc,raw_trial_result
results/full_synthetic_development_v1/raw_results/ab7fd262b058c8c73c5bcd97e3bf19119cb07dd3c707c59096381930cc253fdd.json,2644,b36e695475746cd80d295a4f835847035f0b86c5fc534342c54f07c784023784,raw_trial_result
results/full_synthetic_development_v1/raw_results/ab876cc314b25b23ff8317f8c074338e726e72ae45081679c669efd4c51cd761.json,2665,45b1b4482e9f7915183a8482bc865de5cc967c2a06bd6b4dca1bd248bbecc198,raw_trial_result
results/full_synthetic_development_v1/raw_results/ab94158bee3cda5618a6674e1429629ce99b44d2bfafb5342af91f24753c9207.json,2626,ca31de3ab46aa5c902da705204772cffa7281e262846112e0e1a9e6879d469e2,raw_trial_result
results/full_synthetic_development_v1/raw_results/aba65e5ad311637b898d3e3781c6b6144dbe7d4894fd3de545dee34cc0621511.json,2656,fdf01b246ed06422101dcdb00d951bd4f824d93a53582b6c763fb5aa3523d1b2,raw_trial_result
results/full_synthetic_development_v1/raw_results/abe839af93210b027541726d05bdaba3d375a5404c80e539896d7e721a1a9e4c.json,2674,7e87a4cb330947a9df23bc89ea8667c6dbf2c045d34fff266b2dc93b77a20059,raw_trial_result
results/full_synthetic_development_v1/raw_results/abfe50b9f0290e968a6edb322a616e005d34e08add1812b74f196e4f716a2731.json,2664,7f97b51404cb044f7205372cdad812d9c2e778568973983e6cd2f979a078e981,raw_trial_result
results/full_synthetic_development_v1/raw_results/ac000786cc4c0046bf2cb9f7807e4e7478b332f1a2c518c044675da8ba713cfa.json,2656,353723022a71d43a8049425c0d9b51f6a9c84524651e3e54921eda73fb1e9fa2,raw_trial_result
results/full_synthetic_development_v1/raw_results/ac0cbb266b3c7b7f3b80fccc9b160caf3cefb0ef9828a6d83267d929c738b684.json,1981,c4779c4125f9c03965f5f0d43a780c699c2c1a660128b8b2a07653447235e916,raw_trial_result
results/full_synthetic_development_v1/raw_results/ac7cd0775ee64fd98df46c60137e6286aa6fde5f832897a9ad91897a775ec44a.json,2673,93c1d591f8f7797da27148ffec8261d2c27f223ce3f594c9d0044af7ef662abf,raw_trial_result
results/full_synthetic_development_v1/raw_results/aca2fda0a603e47db61cbe56acc26fbbe3dfa24ffe42a3028433e892c01ba351.json,2088,151715f79e2e84259b9973f9a68f8bee10844497d1e614c6e17c6911311e2dab,raw_trial_result
results/full_synthetic_development_v1/raw_results/acdc308e6c6227d36ed1f99213552cb5016e1677b9f618674aa835fc82847800.json,2627,86a398dca3c9a57dabd4fb823cf2682a8bf734130a12393fa996122c5a1f738c,raw_trial_result
results/full_synthetic_development_v1/raw_results/ad266e284b920c4c585bfa78b59cda1300bd4fde656d4cddc72347f01dd319b1.json,2658,39d5dcda718998c374852222b69a22ecba6e053d9cc6d616389830f6f6d3838f,raw_trial_result
results/full_synthetic_development_v1/raw_results/ad73663bd7b0f248ba69ef8ca211b44896dca2f75b47a8e1c5be6da93b5d32f8.json,2069,f902dd2d2d46ef217ab59f161d52d5552b0fc5c67ba97b32fa9d726ff1496374,raw_trial_result
results/full_synthetic_development_v1/raw_results/ad7e92a077e104c8bebacedc7fd32c10424d3580e8a1c6f5b32a041586068835.json,2033,0117692fd80ff1bf28e13ee696b84f1d18f78877b04c62cfa37c8b34fc796a97,raw_trial_result
results/full_synthetic_development_v1/raw_results/ada6c655da06821f6b2e0e9a4ae2c32a9bdd8d5a4ce5396f8d8d40337eb3d1b7.json,2667,304258d5fd8c4ee7a6e22890f9d57b80f61ab5d6c2fa3cf40ca5861361bc3ae2,raw_trial_result
results/full_synthetic_development_v1/raw_results/adabd49e3f6991046a7564a9dda8b16c2e2894195fd62a9700a1257ab655ce2c.json,2046,667c5630a8876b4e9f78650dd5f2edb6b6e7926c53ccbbd4a95224b5e17ba1e9,raw_trial_result
results/full_synthetic_development_v1/raw_results/adae4647aabee71b001156413baf7d6a6788253a6c1c06cd676c79cc35f3f820.json,2016,05d40657c0d6a62c8e0ff19c3b2a48ef9cedd27e9d658aa4a0b564ad98e90d7a,raw_trial_result
results/full_synthetic_development_v1/raw_results/adcdaa8a26ec9d516049821c489bedb27c56756b5600757faaf87d783d0ca1c5.json,2630,baaf199f4fa5c5383b3989fe979271cb4cb4f68d0b533dbce01e6f750ba51e6c,raw_trial_result
results/full_synthetic_development_v1/raw_results/adef52e43fa497a3c80dea9c57fe9a36590ac1c70b0c53fcf8ce512e7b388139.json,2650,a1ae5217565fbe94f77bafb579bfff9ec09ecc4626769db02dfd35f4a4980a92,raw_trial_result
results/full_synthetic_development_v1/raw_results/adf0fdc497fac600a97cd18bd733a0f6c5c1fb39be070f6bcfecebb52dc8e871.json,2038,a7e3a5bfed6c5e94205b71c1de2aac8dee8d0399afaaeb30385aa71bbcbf8ecf,raw_trial_result
results/full_synthetic_development_v1/raw_results/ae0e7a8276700b8f328d3fd32766bb5bd0c6d1779daaea0dfe0ac8d208e2ccd3.json,2677,8559198a580ee7fac7b06c2a616c37fd008be137de8adda620a7d6335d9db06f,raw_trial_result
results/full_synthetic_development_v1/raw_results/ae748c2124aa828191241a7344f1ac1259e21e7c9c5143ec04e13ddbc679b512.json,2049,a8ec5cc5b169f05598a80e54183915a36c5034eea4b5e52723de055cbeb9f1d3,raw_trial_result
results/full_synthetic_development_v1/raw_results/ae98ac27c7333325a6e98c306150c38e2cbe9392733a3bb6d854cd58676ea675.json,2652,8fd9698e1f50671bc2daacb33ec02525b9746a3cc7c531a04df82062e9623676,raw_trial_result
results/full_synthetic_development_v1/raw_results/ae9d7b67d13588b0c84095ea48e4e36c771a96a129ab8b2498c2357410834482.json,2627,dd1a3c6e3925e4969452a4d966232a0d9bacb3adf3fa67937d3d2a4c55279a7c,raw_trial_result
results/full_synthetic_development_v1/raw_results/aec70965113c8b862946e0a172e01d11b62fdfc5bfb3abffc2423862d2035abc.json,2088,3e1be68e64377fe62ce092ddbc38a37877d268e98dcc8ae3b76dd543a0c1558d,raw_trial_result
results/full_synthetic_development_v1/raw_results/aeeaef898f09162d5632680ac0241326595707f4c206d61f768010cc9d90fc0b.json,2665,b7d7b1252d16028062e166a926732238a4546f454cfa41eee6d806bb972803f5,raw_trial_result
results/full_synthetic_development_v1/raw_results/af0820462d6bdfbab566ed7c71ee29418300caeb9f0008ea50d0b92337bf2637.json,1999,2d3dbec664125462b2e5db7eaa39b35332b91df68528dc5b9794f95f9c66487f,raw_trial_result
results/full_synthetic_development_v1/raw_results/af23736d58fca78b2d6da6f33c7c0198bbb40945c3fa31de8fb07b354a7fb354.json,2059,8e7f9d6b27f5987e5885ab1341ddfadc1d1cd62ecc42df02e96b774c631a7e25,raw_trial_result
results/full_synthetic_development_v1/raw_results/af313c196448f0d272ab475382b41d8f6fe2eaaf61dbc594f07a517009eb3fd5.json,2639,e09f8b3a1f63cbc87747f6c5e239f97e1ef586b89128c9ad2a54ea8539a0fe8e,raw_trial_result
results/full_synthetic_development_v1/raw_results/af621cfbd1b91933e670f3a1ca73ba8c2261daf82190e96b11fe0a81c1f82b55.json,2033,6acbb7ffc966cbd0b09c9d23011ac6417c1c9996024658604340e34a8f8d7d99,raw_trial_result
results/full_synthetic_development_v1/raw_results/af88794e5664d2fae0d71a80477475558f26d85c9efd677516f8c606e2e8449c.json,2647,0893c2db735951538841bd4ac5007c38c30e470b9a4b9b146e77cc57253b1964,raw_trial_result
results/full_synthetic_development_v1/raw_results/afb6f28ba3927dc7dbe57f75da4ecdbe944f9c9ccdaff253b59ef087400802f5.json,2060,ae6dc58d9327b2a04865443bfda35d5bfc3d5cf76e06563df71675b7733ebbdd,raw_trial_result
results/full_synthetic_development_v1/raw_results/b00bb8c431bbd0c4e2ce03dc0558f4e7b9f120f0a9c6597d802c2abdef91a9d2.json,2612,4d2a47409dfb9a98027efcd645e177f0a5fbc7c45d5450dac11e9a99f0c13ff0,raw_trial_result
results/full_synthetic_development_v1/raw_results/b043706b7b69c68f1d0fbea16a9b7f792cb51d2d2ec5f4f58794cc34e5211721.json,2631,21f92eed4cbf4ff66f6cdfe537e5a296c9c8bebeb8165dbed8f9aee24e20477e,raw_trial_result
results/full_synthetic_development_v1/raw_results/b04edb9d2220a2e414183d5c232f0b0b217cb03a88400607e4b65b5f55ae1b0e.json,2662,b6acfc5a9234b7511d969e53c12c17c58b42073f510b7b9222bb04fff6810d01,raw_trial_result
results/full_synthetic_development_v1/raw_results/b057677e8b57f8db10a75057845d238da2397b46aa5c04c3255ab8973cfdf18a.json,2705,6418c1353eb45636946c3aa61e3bdfa0cee4685d8b6550b8e403854f8516df0c,raw_trial_result
results/full_synthetic_development_v1/raw_results/b0a34bd882d88cbba6fa1f8a96492822abdabcda9f22e6ef564952f8f956a20c.json,2009,681cd4d65e109d38374da9b9c2d5e55a9f063c765b9218a86bf4bf9c5ed7c6ea,raw_trial_result
results/full_synthetic_development_v1/raw_results/b0a9ab3560c897169e71d4d9f1a1fa0d5a2bcde72bf2d51034c1a47a49992672.json,2085,8537d04370f1a555d62bd65805c2b6262f5b6a70d79b20667a92610e44c891f1,raw_trial_result
results/full_synthetic_development_v1/raw_results/b0d21075a42e43b2d7a349ec031b2e9a4cb32d7d84cb2b9f29dc10d1714d8b26.json,2060,399a8ea5ceb3b09ec47d2ba1edcc6738a32789869a71c6cde74ebe45b9d02f36,raw_trial_result
results/full_synthetic_development_v1/raw_results/b0e3c9a747656d65eed089fb1311cd75c3dcc4960b7eb32f416eedbbd992d972.json,2093,417e0f003985904b7d070e956bbf90856633bbeb47de3dc96ba096af7e41b351,raw_trial_result
results/full_synthetic_development_v1/raw_results/b0fa8ee8344835dd93d03290dc7435677b05f4dfefdd96695a63a99b3ffaedc2.json,2051,cf56867e6b079a9ea3b1559612b23d49c8faa44779c17c9821a3be5d24c32bc2,raw_trial_result
results/full_synthetic_development_v1/raw_results/b110f893e408f5573e9ade7b655816a17d3a319629c05e0948eeb13e5fafd72e.json,2644,a15d52508fc1a51b92ddf4c0c851fb433e67feddf26a5e5dcbef1a44ef34a95c,raw_trial_result
results/full_synthetic_development_v1/raw_results/b1489c628285c4b915da3ea7acd6c38f927d18863277591b5623c0c1e3df94f8.json,2066,bfcfe11c9f1534d4763e7619e177be695ae855ba3e37ef071d77aad483185e18,raw_trial_result
results/full_synthetic_development_v1/raw_results/b14afbc22edb7ebddcc9b114ebdaae6d690bbc4e41faef134f66d2107691939b.json,2056,77c17681396d3f1accda8ff1672a36bdeee23313062f15e38cf89ce395d97750,raw_trial_result
results/full_synthetic_development_v1/raw_results/b16cb83069ceb2c6e55b02317bf6d272ecfd1d30da21ef3c5e9228e47cb749fb.json,2652,5dc508c6b6cc4aec2d9d5912bd45825da43153f48b8e347ecf28c113677266dd,raw_trial_result
results/full_synthetic_development_v1/raw_results/b18bd5505c42a3d4813ac14497d8c70a57a01bcbb4734030d9ac1bdbf6038633.json,2075,feef5c1d3affeb58910fe3014b893b1701009173e8fc6ed2f1183c9f6699f8c7,raw_trial_result
results/full_synthetic_development_v1/raw_results/b1aa1ccb033d89d0fface2cf415c89b573e2c2a770a937b5335ee6dceb3f515e.json,2698,71066da8c058d56c6541dd2041bbcd7f01bd021a4316b7105240d8f2cc1d1f6d,raw_trial_result
results/full_synthetic_development_v1/raw_results/b1bea1098d1ef6d81a34a3af298bbddd93d9baaaa227927222e753992b534caa.json,2617,c22c066898e9be9ca7893b11e117cd6a9aa3ec9e5227f22407b27395280e148a,raw_trial_result
results/full_synthetic_development_v1/raw_results/b1dbee8f51cad1babb2bef50affcc5ec3f6c9ebbd0ce72a80133106015e85db4.json,2034,f8832519dec5415a1030ff5826cd5a7fb7613cad5b52ee5d55ab51ce229b0c88,raw_trial_result
results/full_synthetic_development_v1/raw_results/b1e1a3a04b33465a66f81e1c87efe5b410a418713828c3e6ef354472beccea6d.json,2694,d80d9b2d8577957af9ba03533b68597a0e17c856e22dbcae2ca8840e3fa5141e,raw_trial_result
results/full_synthetic_development_v1/raw_results/b223c617076a0d11a9ca39e914cb58be3bf8a86da131e0f55b83565faeccd0ec.json,2696,f7dc36a4a7a12cfd6037c9968bdd3b5d806963128c7bf80a214f940da10752e8,raw_trial_result
results/full_synthetic_development_v1/raw_results/b22709caf68a2e09d5f310a99ff0ea8373bb90ea36a22f0457b5f6620ab8f931.json,2676,041c737998e8470a29b81a94153c283544eed712048982176766255516e9850b,raw_trial_result
results/full_synthetic_development_v1/raw_results/b281210a1828cc97e4477af7b8c8d7ef0e3974c46aac91506dfd521010781549.json,2693,5c4261aebd2cecaefe7f2e1cb970fad9d1725089152b802dc9387542a7817213,raw_trial_result
results/full_synthetic_development_v1/raw_results/b29cc53f15218bc67586d71478dadf857fc2b55827fa4cf7b75ca72a67759e3c.json,2631,fabcae9153a49dc211a492786e4abe110b4f2e93efbec2662af6afc005dd110f,raw_trial_result
results/full_synthetic_development_v1/raw_results/b29ece29d852bd86da8193e71b5e3f077bdd837d626adf3145593bc3e5cefc23.json,2042,4dfa3b3d7819e8bf9fbc37342c623b688adde7ee6a91163ba74ed27506a0c093,raw_trial_result
results/full_synthetic_development_v1/raw_results/b32ebd845fa48be7b2abec63a850c6815bba76cbf24c4a46f9297d1e5540e3ce.json,2036,a460ee3687a81979f48550b9c52fdbb3423d529382045fa01c5dcb1d823d9b09,raw_trial_result
results/full_synthetic_development_v1/raw_results/b33d8e43199209a8ce1240e2d17d5b9fb2c58a6ac7dc36a5251f2a1828f7243b.json,2010,ce1404b33d8ac9ed84dd0e187ce787cd36543f4a1fa0469a10642745da07ac7d,raw_trial_result
results/full_synthetic_development_v1/raw_results/b3908ed56ce1b1df5ac6dc875fb30551b69ae56a45265ef3c92f2c5e3ba9dbbe.json,2626,e69a10aee5310b5c986c2bb13d47a40dd3c3f949a012e1fb5fa123cc5f02c146,raw_trial_result
results/full_synthetic_development_v1/raw_results/b3ee79461f2d623d17324c5186d7f12102679b707964d29306f26e36e72ccf95.json,2057,7989fb81872445c844caef7a6c48da9a7b69761e1a9662c94943286829d53713,raw_trial_result
results/full_synthetic_development_v1/raw_results/b409a834e025b9661743bbee2d7b47ab99761a846716eef2ee772ad2723b23a2.json,2692,7a40702ef1c8cd1f7c5972f5ed8b2337fd85b377b3e92fc6822af9e1c45cf292,raw_trial_result
results/full_synthetic_development_v1/raw_results/b46d26b749c15ac11ee97abe94060a2e6e1467d276ca9bce5766d3aa6f26c5b2.json,2056,24cb591705ab278055d883359715bd1017f0e55699b367bfc6b448198ad7ff8f,raw_trial_result
results/full_synthetic_development_v1/raw_results/b4789eaaf7d119dfd5438c8deeb74794eacf56a703b808580f6368e08f587428.json,2037,6edf8947413410b40518225afd829e8fb90ca5eab3eacf3d800ae4cc43f9b645,raw_trial_result
results/full_synthetic_development_v1/raw_results/b485d2734b7aae0a9b13606f1ef6b5e8fbefad55ed085b5f88f26f4bd82427eb.json,2084,619a51471f40cd9b5dd95c07356727e71494b7ab84b58a04aadeec98c0fff176,raw_trial_result
results/full_synthetic_development_v1/raw_results/b4a994ed1b0e354f6798cd8b1086c4f0c35199e019d09d8cb216943bf520a1a5.json,2041,98d2c3313b6a89bbc20bc1581d8b40b21a4a6ed1bf38be2aa4ac71b752a00544,raw_trial_result
results/full_synthetic_development_v1/raw_results/b4c28b96ba55b183fd41ffba6b9ff278a490074160cdc6a3e3f76fe31ea8bae5.json,2658,d1cc3e22c0630791b04ebf9abb3d0a855f5db40318b9beb6c9396c890db49c61,raw_trial_result
results/full_synthetic_development_v1/raw_results/b4cddcc4c1fdc1a5d78acc49e049be32ab2d5631d9f9c782e20674163ee0191c.json,2035,f2cb61604235e831a4476a86bb98e6b15ec255e71dae2cc0ff4948d186e366fb,raw_trial_result
results/full_synthetic_development_v1/raw_results/b4d42e6adf922f75322b54c0e57d28bb28f5022eb77481f031219d5d502860c5.json,2673,7a5041c49eafc5ea1a61602f084aafd4dc99a3b2486abeebd16b2827defbe008,raw_trial_result
results/full_synthetic_development_v1/raw_results/b4dc263398af2f1b42422b81647e841c09132dfa160a5671dac25fd449650d98.json,2701,0ca4078f8c41a8dd100177be18722a013584ddf6ac1db1554297368a68efb9fe,raw_trial_result
results/full_synthetic_development_v1/raw_results/b4df38c993a84c867702f06a92806fa5d053183153668d6ea1e1fa88cdeb229e.json,2045,5cf09e6118dd3b45edc9d598470b3d6d05c3fb1f4f3c4a7af683778f3d1136d3,raw_trial_result
results/full_synthetic_development_v1/raw_results/b51c2475ac46d0f44378daff2767ddec9f7dfb176a884b1933d42ec674e547de.json,2046,0d0b34d68b444aaaa25c72182f5df29836ae2112adb49ffb038e408eb5f8f5f2,raw_trial_result
results/full_synthetic_development_v1/raw_results/b577424c1226cb0885a5820d75e700381d42aaa494a8d2dc655c73936f27975b.json,2671,cfa5d4b8a9a6b3743519de00f7708f266cc37d7384e6469045172dc6e956cf01,raw_trial_result
results/full_synthetic_development_v1/raw_results/b578d647a0a670e28d11d3c9a0eff4271b6e53fb74dc9b9954e1e97ff1ed92b1.json,2642,8bced5a1890a6585ddf865b7ee96f8a884167dca7503008847cad55c39cac979,raw_trial_result
results/full_synthetic_development_v1/raw_results/b58e2a9e14ca7eb834fbeb1f3f07343bb7af72abf5c5372499997d50e4e6627e.json,2043,f3bda6afc4ab77492f275a35cc62ed40855da261dfee1582695122d256e3166d,raw_trial_result
results/full_synthetic_development_v1/raw_results/b59c1e4be61307d8a509a90a1b09c321953c855c5fb3a8d8c1672aca8f487caa.json,2058,a0ff9d559a4149c80517fcd9e95583597a419be23e07a0230f8841c689fc3fd1,raw_trial_result
results/full_synthetic_development_v1/raw_results/b613e37300b6de09f1bfa2c30ef1dd0c4ed6f18ffe15169e3d2f46ca63f4ab48.json,2046,b9abe71e744bbb435964130c32c41f29bf6e42a72cda49947420fa763cacffa8,raw_trial_result
results/full_synthetic_development_v1/raw_results/b619a935c0afa647cb0ffd00ac98e5b2037a74a491d25f3998f6847347f21eb0.json,2043,373137d3a81ee76e282d15aaeb9b34d560d195180577768cc436552053f79bb5,raw_trial_result
results/full_synthetic_development_v1/raw_results/b635ed52a55137804f9318a5e780636b0a3de166247378aa4a3ce63285cc61cb.json,2654,1aef55cc87e064c61c3d0256dc68c0457cb869a1fcbf1786b8dfd5ac5745ea67,raw_trial_result
results/full_synthetic_development_v1/raw_results/b638c5d53537140344b042867298e657520c3178cbbd25b71c20bb1a9dc5415f.json,2088,18bd8274a347ffbbcdb2d24ba00e554a6f21c2c519bd0b7ca7680b1b45e9c9c4,raw_trial_result
results/full_synthetic_development_v1/raw_results/b64cc7a2e1b0b9fc96cdafbc9ef695e9a159545c2c2c131ee8f196933086040b.json,2070,1603a5228ac675b582a34de997fde40c22e652946e4161b7ff80aed67878ca78,raw_trial_result
results/full_synthetic_development_v1/raw_results/b6dd05a9a3579e5c1c47c2dd4a7c21cc67dabfe441235a7dad891271af9e4781.json,2663,e18bce835e556694bcc9cfa247cb07a8e3f258798220ad09a0f0e61d0715f6f9,raw_trial_result
results/full_synthetic_development_v1/raw_results/b6e6456f568859ab15021a93deec0419f7661167a7e5052387c75e8cfc59eeae.json,2069,996e9a5ec02004799af349cbda157a6f322d245f102d7402b3d079dcfbb196b7,raw_trial_result
results/full_synthetic_development_v1/raw_results/b732c51b9d7c453de2643c807c9c7bd27d6e17fcb0d2f0f45fcddf16e8c0854e.json,2666,b8965ce4a5559425478d523db311c245f5385e3a32e23e6c5e96b99404c9dab7,raw_trial_result
results/full_synthetic_development_v1/raw_results/b7448c228e679932e3ae4055803dbcbe7b886d06664e455127ded012ca0c4ac5.json,2043,24ed4b88d70c520037c361abbf7abc3e78ce3fb825b1eb5600f3f0e9c38c5f10,raw_trial_result
results/full_synthetic_development_v1/raw_results/b75bf5b165eb3b4ddb1165ea24df11c6ebd510aa4f31e40a66a6a15328d03fd0.json,2047,2c4105b9e46777c3a6bda42977a787d0e8eda43451eaa03d5cdecb4dcda42f20,raw_trial_result
results/full_synthetic_development_v1/raw_results/b76078b1a1b8a994604609b720937907b808e6989687aaf9e833a9bb32fe107e.json,2055,6593945e2c9aecd48f8c08dfd711de4acafcd5d2fa0a64f8721c15688b0b6e9a,raw_trial_result
results/full_synthetic_development_v1/raw_results/b76ff6bc388479081b0a81c2a8be80328731baae1d423ad1341d88e4ca32b70b.json,2661,9947228c132a1b5fae011374483ba62b2ced26361b3e7b4947f3768d8e777f9d,raw_trial_result
results/full_synthetic_development_v1/raw_results/b77cd34e912a1f369242be0bd09e147d317277bc28c8b893b7e790c98914590d.json,2061,9b9a878f71973431b31459501623ba6cba6c10baabb24423284850b8be09a709,raw_trial_result
results/full_synthetic_development_v1/raw_results/b78ae3735fa89e0a21e41ef567582d91f6fff89763d66508399bc1aa870f0bc7.json,2036,896facd773e547da819cbd3ef029dc521ff023a67d2f0fe7cae4fcd99e115c13,raw_trial_result
results/full_synthetic_development_v1/raw_results/b7cad9cb58c831447a70cdca791c198b07e45a1082e8121fa80f291805c9d1b7.json,2652,a7a07a51352c50152d23465d175cf9ff2710d83d97a235d7f5e17bf78747e0af,raw_trial_result
results/full_synthetic_development_v1/raw_results/b7ef4175e6fbac6cbb50c1f35188056ed1deaa8394a5e514bf69479e66064402.json,2069,d31a23aa77277bda4221e6e79d9ece762c825d7c75fa8472a4f31f413168dced,raw_trial_result
results/full_synthetic_development_v1/raw_results/b82071b53861c0c60d2f3b2e39314e1d0bc6dcf74e8c1643e8d4b5cd283e4c52.json,2623,54237056f0f15a2eb788778b085072105f3aea777b1cf9dbf5044faab3edb9e5,raw_trial_result
results/full_synthetic_development_v1/raw_results/b84e70c31b47e2f9ff9ba4b6e6e106049365edc2e3b36db3b3dcebc8979206ee.json,2708,a2bb6bf9a9fc21c5998418005d51df16fd2c4838184e6d6bb437cd049d0e3dac,raw_trial_result
results/full_synthetic_development_v1/raw_results/b881ce6610a1191cd630f802232a809b4683cfc38cc28cebb85d9c9372330747.json,2070,fc40d1eca92d66c25cedf230a869a9268696bcb177826bfa37c6c4d3e91b79e2,raw_trial_result
results/full_synthetic_development_v1/raw_results/b8945fbd8e88b8e68e55223b47f40cc7dcc4a491508835819d35bddb1e749b87.json,2679,ab35faab634d48a4be05bf985150fcdd03f785e8ade13394479c1ab71160e7ab,raw_trial_result
results/full_synthetic_development_v1/raw_results/b8eeb2d8c9e995190ac73e46afda1ba843887fd3716f0ede88a1aabd2215d639.json,2710,35d4cd1565a3945927db83ffccb36a3cb2052fc80573d126bb634250d7543bfd,raw_trial_result
results/full_synthetic_development_v1/raw_results/b908f8075f47e7b00d0916776fc3cb14172b463ff041c91016464bf7d6b16225.json,2025,33a983fed7557bc85f65878982d48428c0f017fee07879a91edf5e9261bcb8d5,raw_trial_result
results/full_synthetic_development_v1/raw_results/b91f88b34bf64883813bb9cc412ee3e5a868bae0bad5927a9122eebb6959cc33.json,2013,8e49e4036e4226ebfe86dc45187c1923166b070896475e905c17a0f941dcbbe6,raw_trial_result
results/full_synthetic_development_v1/raw_results/b9252ea5ec9767a27a5c75288adbd81bd3391498a8953e02b2d3aa2778ea2a55.json,2037,c5def615dae27050ce02554ef39d58f7c31cf5c384867dd9124448136b54ade4,raw_trial_result
results/full_synthetic_development_v1/raw_results/b92c16e464cd2f4ed79caf1088b247abd8aa850865ba552383d34c8b97fa83ea.json,2660,b51c311d8eafea5799905b9959ab95dfc7d4078c65dbbe269af94890940af9a7,raw_trial_result
results/full_synthetic_development_v1/raw_results/b954e795e17cb2086bcde79e912c23bc23f76e0d4f5e8be98db112603850e4f6.json,2667,825d4a5c020223e751018a289a99dbd02f3f7c5a2f6a636f80e46fde8305b270,raw_trial_result
results/full_synthetic_development_v1/raw_results/b95e228993062d892d6be87fa0ab0fb05fe4c95583a2c6182449592e07c12408.json,2020,1597c3428a7eaa9c46c30bb374ea1464517e2020cafd5f4a43a319daed8c093f,raw_trial_result
results/full_synthetic_development_v1/raw_results/b989d22205fb918d596fd9cfa9aff957392c9dd42f6d45395106987d8c08ac1d.json,2615,2617e60c53f0197f404f48ca23f1a00231bdb4cfe92c47ca1759b5015a193067,raw_trial_result
results/full_synthetic_development_v1/raw_results/b98ca79d39e9368082d17d13291dc0a45354474ff63c4ad1eceac2147f1c0283.json,2620,1b0d3e2e5566d61faa680d4e7601fce3df2ed29bac053379d056d2acab56a805,raw_trial_result
results/full_synthetic_development_v1/raw_results/b9e7e2f430ec91bb49c03c8e749aaa64cea4d7bb7486c90e560359de765a88d6.json,2041,18e2c4f5c742ed95b013b2a6de06b8ce21af7f4650a083d43cd55947220926f8,raw_trial_result
results/full_synthetic_development_v1/raw_results/b9f5f93092c8c3f448efd3311987b4e893e3cb01ae21b36faa94ee5e028d1f2e.json,2037,5e2a87423bcce5dbe16b8cadbe7c16f83d841346ca767250c70a530745815d79,raw_trial_result
results/full_synthetic_development_v1/raw_results/ba2f0b78cb65a08ead095aca94920e88634ef78525d0321bb2b34afea1418898.json,2092,344b5260c3fd6980123948600daea05b71097183cc92215c7898fa0e4e7cb6d4,raw_trial_result
results/full_synthetic_development_v1/raw_results/ba41fdee7e872127312906dad7b5bdfcfb08804dcaf6816086c44a9b88527c97.json,2053,ca59a783e8df201286f3a45186951309490a6e54fd19467d647e9f51e8e47501,raw_trial_result
results/full_synthetic_development_v1/raw_results/ba736e89200a2517beb10904c3a18dd0506547024d54a701c4dca084933522af.json,2693,c5cff31a316f5b4876a86d950cc5c8b72aa52d86c7da4c3068da1eb0f2b3e7ff,raw_trial_result
results/full_synthetic_development_v1/raw_results/ba7792369f96fa4da3e2544f981597e129b37734bf023b188814c6969de8943a.json,2670,ea2c1012b338e9e1676239328d6dfcde4a6fb929d6684a4963c2473ca915afb2,raw_trial_result
results/full_synthetic_development_v1/raw_results/ba8ca85fe5c1f74aa0a6f30096c4482e6c31dcfb72c2fc66c2df68411fa3b4b0.json,2668,e68ef794ff066a7d30751bf175bb5c65fd9255859b3503ade09b5e4594f499d6,raw_trial_result
results/full_synthetic_development_v1/raw_results/baa8b1f39eb6b15f4b5da1651a9873c5430e24e91aaf80d38cac6737c9a506b4.json,2663,183521654424d7ecc85fccc154512edfc61da39e20590d768ca79d58598450ee,raw_trial_result
results/full_synthetic_development_v1/raw_results/bac1c36cdcf370ccc3c0feea40089e3833d0a9e43f0c79bd8dab80098822f2fb.json,2710,1ee8332bf55d579077949b68ed6374451a04cf44d89a2007aeff2720389e0353,raw_trial_result
results/full_synthetic_development_v1/raw_results/bace91c772b8b95e3f5d48aea31689249dc0c31c84dbb620e822b8e1dd8c27d1.json,2663,1f8928e9f1c66da245c125889fb3e3e40a08cf077f79a25aa40da22dc7c8fd03,raw_trial_result
results/full_synthetic_development_v1/raw_results/bafa03b4e1e0e9c9f782c53c022cd8c73b59ccc17fbda49396f0d5a6079157d5.json,2057,0ecc3471ab9596436b275bb609c3d67a11ea275913dc78a9db4022581fd98903,raw_trial_result
results/full_synthetic_development_v1/raw_results/bafbf973d12bbaba2e207ecce0518d1c35cd20c296bdb9d679c8517c11879045.json,2073,2ed4f5cee9df65a8b2e3d1462300a60505b56a392b66cc218c3532d40d208611,raw_trial_result
results/full_synthetic_development_v1/raw_results/bb1446b9897af280e9980bae9e631b8094d28b5243815318be91ed351a3f0dbe.json,2628,b577bfc49ef114d3ebe082d4e5eb57d0845063d3b7c14c2b11c9f205be48d21c,raw_trial_result
results/full_synthetic_development_v1/raw_results/bb4bb244441ddcae9b6c6d05a823b8da5b001dc04e464a6a4fbcd6586350cd91.json,2021,a9e5c74b3e79b81a696daa2939fee4774f78cdeab1284011716ac05b86d5730e,raw_trial_result
results/full_synthetic_development_v1/raw_results/bb807b57db774b6118f46609cddf30c49662be2dbfdfbf0a8c1ae000fc316f15.json,2050,4ff72107f2fdd2ed65247fa12a48c2a548f757d7d13713834955b9fec950685f,raw_trial_result
results/full_synthetic_development_v1/raw_results/bb979d895a03c5a71e1fbff5f21c946ba57902e3b351003f8d985fab32ab3067.json,2030,239d0065d7e1e2181bcc56d545e817922d4c5acc9871c638d25c0d4eb8fe8404,raw_trial_result
results/full_synthetic_development_v1/raw_results/bbf4dfbce75adada6550f491436a9b3ca9d948eb1e2ac7674cf33f90f8a4b40e.json,2695,b05db5c26366b379df0b686f2c109d4974f076b5cad684b1158b22fee234a26b,raw_trial_result
results/full_synthetic_development_v1/raw_results/bc227c46a74821192d22ef2dd09f05b996219e7775a13cf8094a6e1e7cca4e7d.json,2070,b5a4c7e6c37f93e467eb840d3c863e0cd15d65ba3269c8bc18b87335d46c0ee9,raw_trial_result
results/full_synthetic_development_v1/raw_results/bc58eed1baa90ce9daee92b78a96dcc65f58c30f91cd39650870e6e608836227.json,2044,a1051790477077cde5da4a7d3e5818d97651ed311906e204bb364658c0f315e0,raw_trial_result
results/full_synthetic_development_v1/raw_results/bc76be44a3c611415fd21725081d82c570e765abf7ea79a6f8939e7999efeebc.json,2692,6dd0bb863eae48e7ac5744913b5a176058f27d20c130f4462f907052549b4c9e,raw_trial_result
results/full_synthetic_development_v1/raw_results/bc7d0e36cc235d852606f323ac8202f0f0406bc0cc726d916f1550c1a4078ea1.json,2657,ffb8f81b45094b64bb45f23f4ce69d8f31b3f7f6842c2a4ff99f2593f545e97d,raw_trial_result
results/full_synthetic_development_v1/raw_results/bcaa5425150f7584ce234963be7b8d69857f044b89b59e2cef49888bcd39e997.json,2058,27276179c8f8b5a2147a2fbb888eb14f311a28335d9daded4c8c95037b92c3ec,raw_trial_result
results/full_synthetic_development_v1/raw_results/bcd1370ab72f4565826273d87ca358500a950fb7a0db82f72c9e52493348cd20.json,2695,5b7ed04154730a95ad55131d1955208173792a5aeca2c69e36ff76e21406b0da,raw_trial_result
results/full_synthetic_development_v1/raw_results/bcdcf99e30675bf06102e3d774b7fa918a7d35b82381225083c2d415869f9116.json,2049,b4cbfa1a662d3536fdadcf88cb022792f2886783f8648e92fba8459fdb7cd20b,raw_trial_result
results/full_synthetic_development_v1/raw_results/bcf48ca1f2921ec83e42a1ad68f0be7e82e9047fa7f3c3dafa0b73fb6d7b5b75.json,2015,dda7d4114ea91dcce219d178f7a51253c7943a4fffd4da7ff5a397077a129524,raw_trial_result
results/full_synthetic_development_v1/raw_results/bcfe7a84fe22b619df022ee283aa74df2b440b0591f96833fb4108fa4eed9b0b.json,2670,64c4743b900b3a38fb3516a609da9a21eaf05a047b740ac285b7fbad885eda43,raw_trial_result
results/full_synthetic_development_v1/raw_results/bd087d474101c6bc78d8b8e74038c352d27298193a74e279463b5ba5d619ae2e.json,2033,0732b0ea6bad0201a9a7e23fab841e5938c25591884d6a19b18084eb30e6fe07,raw_trial_result
results/full_synthetic_development_v1/raw_results/bd1de08edaf2e01dcaf141659bb932910e0b931eea968e7e87fdb370783833ba.json,2691,fc50e6e5475e7abdc3ea8c64d0a7b05ccd100d0201200c5653a4b562e7537fae,raw_trial_result
results/full_synthetic_development_v1/raw_results/bd3128a822ff8cbed5ff97d3b53331b126bf614e27140d3627f9fc7505fa896b.json,2689,dbf5afcfd2d533ea14e748a1eddac34fb8bc798590c8039a26a7e905afc018d4,raw_trial_result
results/full_synthetic_development_v1/raw_results/bd7539cb6e774121c0ff509a88e719bd2edf980da1b0924539db3e3d635b54b2.json,2697,1adf3c40999ea77ae2a5c304ba8c9a77e2928f05746d0fb01a6093e7f7d345ba,raw_trial_result
results/full_synthetic_development_v1/raw_results/bd7f1435b65f8b26da346e720ef91aa0b62ca3e391a83ef82478e20df8ce20df.json,2058,d32ea1aaebb51bb677ed60803ad78af6f4de4b0d0bb5f5963629fe15d6dd76ef,raw_trial_result
results/full_synthetic_development_v1/raw_results/bd8f9d17decd2037618705d5bb5e0bb570a83c5bc55b565f12d3c5de32b103a3.json,2055,5fd0d1eded808dce6b27445c47f60e1221da513313e35cb15cb5807fb01060da,raw_trial_result
results/full_synthetic_development_v1/raw_results/bd91fc177080e063b525219b0cea4cfbe128483c08d64853a2384473f84ba1cd.json,2645,86a79c5de96efedb5060217ad69839c9e56c752fe7d810393aeb7d436fa39c23,raw_trial_result
results/full_synthetic_development_v1/raw_results/bda44890f1306c6eb5ac06863b6277d5220d23998e2831c7d40d532ff615f84c.json,2051,577a3c05faa7cd5ddce92815fd4b21d5e1dd18154a2c34c41df45320f088d13d,raw_trial_result
results/full_synthetic_development_v1/raw_results/bdc9059562bd19bfad4b43be39ccc4bb033305684a45ec1d3b7cdd42f57d6170.json,2052,4299e2c7fd4be07fd53c34c1ac48c0e9c97f02dbd0bce063f1b8e9a0cce8a010,raw_trial_result
results/full_synthetic_development_v1/raw_results/bdce64e73467f8be74e21bc832bd096683e0bfc5ae2edc4925e6c1f5f2fa39e4.json,2068,9140c264b6c3510a6893a829cdbf8efb77ae6bc29d45dd4e5bc354f7a7586adc,raw_trial_result
results/full_synthetic_development_v1/raw_results/bde88ad95450cf90d1f7f8e4678240ae7c63c7a7542b67ffe7910bcfc960de77.json,2690,a98ba5488a483f2ed67eb9e85b6363eefa6ff8989ee03ffa1203e9460f8a16c3,raw_trial_result
results/full_synthetic_development_v1/raw_results/bdfd8431b27bb70b3c5d9721e870c209d410069c475eea86a01eee8b76f2d7fa.json,2069,a9c661fba3b1038fd3ced5fc88e488e954ad1414e5a3d95a43dc0c7d2697f76f,raw_trial_result
results/full_synthetic_development_v1/raw_results/be4d0e456040a9d46664703f088a8195b01f4174fb5ed2b13c1ee0114ade7e83.json,2037,6012e333f04244a38a40bba1e348389f03d8a2152da1c7a7bda09d0bda1e3792,raw_trial_result
results/full_synthetic_development_v1/raw_results/be5168f69c7348ce89a6e3118f6d0f2cfa2acd8a7d46a33198f91a79b3b5b77e.json,2645,530125c4416bdd41f18648820604bcf316b8d3b608bd0bf8a67597219ebc36e4,raw_trial_result
results/full_synthetic_development_v1/raw_results/be6efedeb0d53d52551a53b2801f16c9ffc0a1e7dfff70b3e15fc90b45d96487.json,2664,9028154583e694255e567c657c4bac78657af5bdd72cbe956284388571159db6,raw_trial_result
results/full_synthetic_development_v1/raw_results/bea0360933ff8b30de3d440bac89722be1846d20d8ec04aa4a43fe0756d15aba.json,2064,aa097c0ebc809b1b39150d12bf872617df03e0c8012ebeece37efb8acecb4654,raw_trial_result
results/full_synthetic_development_v1/raw_results/bea47b0e72cafb1aa7c4cebbe8aeba4df7f3506abbb2b23fe9f8907ecdf7361d.json,2662,92883e13cb4d298a47c4e5fc93fab836200cc9ad6e0e7b9389d7901a017eaeb4,raw_trial_result
results/full_synthetic_development_v1/raw_results/beacc30677e3cbc6940079785b97c6780b45d9f6768ced232b6cfccef22b79af.json,2046,7f2d49187be0942bcd6ab5e34ad1070b527d01d24d3c1f599c6f0d540b5a0fd1,raw_trial_result
results/full_synthetic_development_v1/raw_results/bed14ee430f10fd16b575073c019cbfaf5c058a40973c86b447c57ad1a536005.json,2645,6e45fe931504825f37ab6b71923059f7728ab6e5e2d374062ba0471a96986cc2,raw_trial_result
results/full_synthetic_development_v1/raw_results/bed99854b52142f1b202a766a0bd05854c364ae0fee06b2dde98e1ba6fb408d7.json,2689,279729bf8f7d8b2536590a5d268d8e8df53d24aa855207d5201ae67212105b5a,raw_trial_result
results/full_synthetic_development_v1/raw_results/bf2e5982c8fca71964c82eec8b654b182ebbc5290f69f6b3b11d5d0946e3a2ff.json,2673,e7255fda0c8fbdab17ede57c7f4457b288d47bb80ab8e15b3f154476f20c9a06,raw_trial_result
results/full_synthetic_development_v1/raw_results/bf4f86ed05933ee8b1c2a9e507268053bf6aa52b0a84908dd1e744d11a9fdbb1.json,2671,0b58d483e00b13fd599785c8b4a39c1b1c1c479b70e29695cb2fbe52066c9852,raw_trial_result
results/full_synthetic_development_v1/raw_results/bf5e9a15250a4bc2c0d427bb8ea3b71311b28069126e2e4491c30f9ed6258801.json,2695,318675498d3a6111d498868020221a72da7d879cee67a000a26a7f668f1a7521,raw_trial_result
results/full_synthetic_development_v1/raw_results/bf91d3a307453b2f1832094185654127496a8bf643981af9789c152a8aa0feac.json,2033,9ef3314a5175f720981a8b7a460da90699a2e73fbca99c6fde0ea4052575c832,raw_trial_result
results/full_synthetic_development_v1/raw_results/bf9afc9e174c27a3be21476fd8cf683250a36f032b5597fd8b07b77fde78e98a.json,2054,d6a7b6dfd36bdfc13fbd3617670652c25a2234aba52b4c138638a480bfe8f37d,raw_trial_result
results/full_synthetic_development_v1/raw_results/bf9eaba7f23fd5287b22ab0bef5d302d01de1db84ab9a919c56c1fef0ca2c762.json,2039,8bcfddbe9ace0b91e3e894aa86096d0e419d986da8fc0b93af6ba27181ce4a6e,raw_trial_result
results/full_synthetic_development_v1/raw_results/bfbca2418f07dc6fdd418c8dc34aa6fe8606154ededfff7608144562ec4625cc.json,2643,9a1fceb7e2558fdea9c26a603029cbb3fe0b5ad0286be4f0a896f5bc665ee316,raw_trial_result
results/full_synthetic_development_v1/raw_results/bfcfae456ffd5b017dcbd23993231279fc8460d1141462fc9b56211877121018.json,2684,4db006a7d5afd4d84b8e74aeec2f145daa2883b422b51af6e08bc86c15080239,raw_trial_result
results/full_synthetic_development_v1/raw_results/bfdd3d62f8d13756c4916ebb625a36f14c06a7385ddea396ac0b39ae41097c5b.json,2064,a2061610ee0922d5ae15bb3149d9b8b4c8599b5e320e84c2d0701d0ce6e771e7,raw_trial_result
results/full_synthetic_development_v1/raw_results/bffd48efa952005c03844637f6aa3df36d75513863ec5d055d8908b88570df04.json,2085,95cbc9a880c04818304afdbf5fb0ee1a15a3291c43b19e518431bc4803060691,raw_trial_result
results/full_synthetic_development_v1/raw_results/c015c0ce87e48da8f5acbe9b11f70ced401c264d11f71bc89139c1b8095f2e98.json,2032,5125dc936f44af21fb83596c52fdde35849e1b51f0ea203950eb9556de95759b,raw_trial_result
results/full_synthetic_development_v1/raw_results/c0582caca5f7878d505b7b04fa03982dceecc1cea7b41286c43ca467214e5597.json,2060,b99e1fc1bc31d412e98b99684e58da53dd3aaaee43dda06dba24bfde5073a6d2,raw_trial_result
results/full_synthetic_development_v1/raw_results/c059f432ca90c43a75624d98345004394c312dfbdeb98fc568ef67f411bd7f2a.json,2042,95f8ed6e9b091d3f472458010826068056ad5dd1476f8c92efb8e6e612fd3fb0,raw_trial_result
results/full_synthetic_development_v1/raw_results/c08ab8a314a9b95cdc67ea8cbd36f04093b5c2d35e00b7441a22a0b00091357b.json,2687,c0b7bdc75b5e794eef9a9c5b97cb828553ac5ce4541b3864a98f9f3f99ac2261,raw_trial_result
results/full_synthetic_development_v1/raw_results/c0c02290b61845902c7cd417d836809b3682af251245a7bc563deb5c107dc2ef.json,2651,e45d977b6a84a4b66719394c83e6b5feca6666e38ba84992560edf4ea5d448ef,raw_trial_result
results/full_synthetic_development_v1/raw_results/c0d4ad2a08bd39ddf5498d859267d918b7366cb8f40083477fe06cb2e0dded3f.json,2680,33d686dc44a4f51995508b2a16a082a670b0b2911578a0fbe99f55120c079fcf,raw_trial_result
results/full_synthetic_development_v1/raw_results/c0f4a75ea30641147a37e39c442abae93dbb9bfa45bbb122b5a8bd75bd91f1b7.json,2087,f971bfd28bfc8657e5fb180b8b831863d4538c981bd2b3682a20f1d6c26f7e72,raw_trial_result
results/full_synthetic_development_v1/raw_results/c108498ffd705bec6216ca3e2b695e467ad731778d2bcff8f3cc43506c7e7ff6.json,2036,205bdf8c6a80db27dd6ffc70ec815153683178b58b1082417b080bb9beb078af,raw_trial_result
results/full_synthetic_development_v1/raw_results/c119c3fd333725ba0b47ea70388a633d2cc9568827381dd307727e5b820d6741.json,2043,8c9d4dddae8121b96f2fb8de648988e409a68695da426f2af30b54fabe7fea4e,raw_trial_result
results/full_synthetic_development_v1/raw_results/c11def69facf144e83a56ed4158eb409261c1872c345e7137a4155d891f4b35d.json,2672,e34cf497d624123ef5aede875bc7e15a23a687afa9370bcdc052567f494349b8,raw_trial_result
results/full_synthetic_development_v1/raw_results/c123fbeb673e356ef83f20c53ff7d57c35b6039da3f7e6ea148f38ea3907c180.json,2053,2051b57399e678c473173ace14b1a1a5f8d2690756da12a01bd04f984abc2d6b,raw_trial_result
results/full_synthetic_development_v1/raw_results/c1726948a0baf9b2eea762991f5c1edb1d1dc5c8edd19600647ad76359599879.json,2657,896219abdea46839ffccdbe5db8fc34c8e3375aa81a611e0ea8e0a32d4555159,raw_trial_result
results/full_synthetic_development_v1/raw_results/c18a6d8d683678d0732ac6f5672a7a382e53eeb8750267aa16b829d2c3d4cabb.json,2698,b5f2010c24d05e34a100100b4bd5e9bca88fc386f62541e719b89d654c844d0c,raw_trial_result
results/full_synthetic_development_v1/raw_results/c1ac2a23808a4cecb762d0cd5c5e6f2b618f2cf49f30ac5613902318c74d6a13.json,2007,247082c4fccc9802dde207f7ea3c0ceb8146ab18064ee3d5937d0d006d77144f,raw_trial_result
results/full_synthetic_development_v1/raw_results/c1c81e621289ac5a438865a03a339e26ff5a05b151e47fccdf704cbc5d4582e8.json,2055,daabd6d0b6b8a038449704b61b849ef9260a613fd9dbdaadd68eb85cc1b1d41c,raw_trial_result
results/full_synthetic_development_v1/raw_results/c1e422dda7a03d37f147f85476d58dfafcf0bb6cc132dc47e2e035eaf0df53f2.json,2650,f91a0f9fb67d7d7c825f2056a8932892e3bebfaf02b37f2c481633c509ecf169,raw_trial_result
results/full_synthetic_development_v1/raw_results/c1ecc3ee1462c25e85e13a807ded5a3d5bf64ad08f3eaa244f1e3bfc7097b500.json,2671,0d9c5d9cb3dcab88059f8aabf09bd916f4fda5a3b9a7cde3ba44430662d94ddb,raw_trial_result
results/full_synthetic_development_v1/raw_results/c208a8836dba8c034907ffcf332c170b5f202f9073cc152df62d78e989c9a2f8.json,2692,d717cf425f7d5264756221258d231a648020eb61e04b233fe2dff4c19710492f,raw_trial_result
results/full_synthetic_development_v1/raw_results/c233659065a12387a41ad9de2d445620603cdccc147a27e789739a51052c72f6.json,2057,0987e32a5d97a48e9f0a57184991d2687e405ecdf2232ace247c5b3dd49ca40f,raw_trial_result
results/full_synthetic_development_v1/raw_results/c23fe1b61999e951f9d1fbff442248bd2878eb67713b19453d9748355f46018c.json,2008,079a544324911f4468410a8e4eb365a30352aaa2a989c306e18775dbdbb85099,raw_trial_result
results/full_synthetic_development_v1/raw_results/c24f565a98e525cc69b0f109987343d890800304a5a6e3bae63b8f8d2c039aea.json,2710,343eb8b0cc177d0d34f44fa92721476ad6e915d77012a0cc49cdcdb853d3ad48,raw_trial_result
results/full_synthetic_development_v1/raw_results/c2689dbd456cce9ee0506f6bae5badea51453f536f4487a211643a77a599eb38.json,2037,c647c7d0f72de69ddc121a3eb89df47239b16ecdaffaaad01bf8dcf9c470097f,raw_trial_result
results/full_synthetic_development_v1/raw_results/c27701d424b968adf66e0b500450884554df76a6231988642e8a5797778d4060.json,2668,7ede408d2b871aefb32a060c7eadbb289eab1b4964e6cc2935b620dd159f6d1a,raw_trial_result
results/full_synthetic_development_v1/raw_results/c282487d3f2aab47f29c53118fb1d7c6d23471e28d934f3e1bbaaa34d4d592bb.json,2067,c7aec751cb571cbbe053d96d7fe7e8eab6a3ce779dd3343fae5a500004150e2a,raw_trial_result
results/full_synthetic_development_v1/raw_results/c299b6d2e735c1f9ebdb862eb6ffa0b2965f3261dd3be4e3c0cbe2a7a1ade0e1.json,2616,df2a238a846e4ab9643ceaaa8ca0988b10dbe9098d0c83e891d89cfbbc22aeaa,raw_trial_result
results/full_synthetic_development_v1/raw_results/c2d9b2cf35eadedab55646fecd55fa15b3553498d37733ce4ff04ca019b00328.json,2067,423425756d4c78d6065c17e2e75bc9ad4381530b8fe220ad1fcce1045e7d7404,raw_trial_result
results/full_synthetic_development_v1/raw_results/c2ecf0c79c9c7ff6dc71cd2239c610f03c63cb2458ecaad0b1dec4899c1069c5.json,2048,1bcbddba7b0622d8630ac0f08acce6726d594a389e320c07cdc17678d418e823,raw_trial_result
results/full_synthetic_development_v1/raw_results/c3045cb1d639844569ca656e8d90d3fc476dd4cbf579ddc60a542b6aea98c162.json,2040,632668f9e136a172449e3982acb94e0b37bb2f9df16954aec359e6af356629d7,raw_trial_result
results/full_synthetic_development_v1/raw_results/c325f98060d2299e5924e1b5b49dec1faa2ac19c294232287f140bd4cc2e30f7.json,2087,49cb46d3add50ca0cd5ec0ea933d091f20ccfedc2d80091b1610af6669259896,raw_trial_result
results/full_synthetic_development_v1/raw_results/c3457141c1b02f0ec7b1315b61bccf92c59c6d0ce6d4388729aec22a589c6ec1.json,2036,6f3b82b5625b410f4b34d5120381e79f41a46c5a78980e4a6f0e2e47e0db2edb,raw_trial_result
results/full_synthetic_development_v1/raw_results/c35a107f86caa9239e46041dc498f50d9244aebc82291a464a536635a4115ab4.json,2661,4ce38776fa08a574e38f7e837fd41b5f7b52a645d543f71fedfd4dd37059d7b0,raw_trial_result
results/full_synthetic_development_v1/raw_results/c37b84a0eb5eb658f135bd1bad96566e6008e1a0ae34f416c8e3e4e43d94d801.json,2079,226ca2a16c16f5311de41acf1cea1e6f9ab91442261710033f367c5b6e74a44f,raw_trial_result
results/full_synthetic_development_v1/raw_results/c3d329625c559f366c0a9526acb9801369b28b50c0f381025444c543bbcd5f85.json,2688,a753c82dffe8ee6ce78186e5a6420c4c2a97c492b35ef4500780f5c14c101cf8,raw_trial_result
results/full_synthetic_development_v1/raw_results/c3e704367204693c17abf9febe5ffaa8b578cc96b758b4b21aed015dfb9b25b9.json,2695,69d580718a8033736a727c6cfe7b35fa64fdad8865665a979074ecdb85525224,raw_trial_result
results/full_synthetic_development_v1/raw_results/c3f254fff4a9efff7d426cfb93502c0e6fcb8f5dac0e05ad16cec89f4f8b7e79.json,2662,6be34dfc60df23b9fb8e2d5d3725ec4add41c78287d0ae2849d7dc51c88bb9e7,raw_trial_result
results/full_synthetic_development_v1/raw_results/c40a54717d481d5cf56b51e52709ee72188c31cf8ed1191029629e835ea71bab.json,2687,a9f4ab17b364ce33ce5baf810953a46a1d502324e859c0a2fa53060db17f96b4,raw_trial_result
results/full_synthetic_development_v1/raw_results/c4243dbea9ea3c036a802e2686c6cb7d0e7b6612f7cf61c6f5a07ce9ec6cf4b3.json,2031,3608a91cc5c312e7ee8be0397ef463673c1f3fd5445d2050abda4deee906b18e,raw_trial_result
results/full_synthetic_development_v1/raw_results/c4337bf925a3585e7e02d09bef73a1347e6107042b3d87619389b71ff2f0dd45.json,2655,5b3c03cc322e340f872d9036c95754fbe83977ca9930bed96cf5610753617d2d,raw_trial_result
results/full_synthetic_development_v1/raw_results/c43bf4b72fca545c4181f91e265ad02fa42872455c999aa88f82a2cbeec51811.json,2690,660d94ed2cc4c829074b2ead571c2f82c93c26fd1cd2b34c2d1259e409f6b67a,raw_trial_result
results/full_synthetic_development_v1/raw_results/c47a6bc6960b35417a73cf9bbf1914adf6b5a2fd708454c738d0ebe6e5b5f6a5.json,2017,403598998098d8943a40566db423231d55e230fe010bf2ba88ac8e4aef4fbed2,raw_trial_result
results/full_synthetic_development_v1/raw_results/c485a1f69fa6ba7ff4761ecc890a4f15a106e0e3efe67d6e9dfb43da4b462698.json,2033,a158df9dd32f8d41f26d3ac3d04510d281a97437494ab746b59ccc20f6d3f844,raw_trial_result
results/full_synthetic_development_v1/raw_results/c4869696b8250e8d1e6086a8e752167a2c6cd8624bdadf380bc6cbd8ce951a31.json,2036,cc4bd486e58489cb0cd2c023c0870402d3d3af037da5a6c46ebe0f7583691c74,raw_trial_result
results/full_synthetic_development_v1/raw_results/c494e0fe26dcaf2f4557113674c14eff39bcb44408c76590ff8fbb5539d975c0.json,2053,905b170c153a9e6e5d09b07646e74f3af344260e0657957bc46ea5359d7102bb,raw_trial_result
results/full_synthetic_development_v1/raw_results/c49eb4b874ecb07264766f829b64fa84b14064f0e689257feedae96523095dcf.json,2696,2d9185d27364f57b65a5c43603cfae8e5d43db62c9dcd0cb5754c4f1fdc9a0dc,raw_trial_result
results/full_synthetic_development_v1/raw_results/c4ab97913f2b9dc12508718696693a387bae9c5422f622e08514cfd313071f7e.json,2661,9c8fedfeeab3699f8cb7f357eebf34d8bee591f35f6ba6ad67b2cf1a99ee39e8,raw_trial_result
results/full_synthetic_development_v1/raw_results/c4ba926ed4601343b88f7a97773cf2fee82174449c25ea20838d965869c70d07.json,2666,282f3634978789307d8d5c99a7da49aaca39166b9ef9ea1b1d3bb8fb16d7e755,raw_trial_result
results/full_synthetic_development_v1/raw_results/c4caf108fd9db178d7451694081588025fb3b2e47ecddc6f8850dc3823ccc1a2.json,2028,dc19ad62fadb1afcfe2dabf36efa605f0a4cb6ed4ec72bc04577a18a028cfd1f,raw_trial_result
results/full_synthetic_development_v1/raw_results/c4d1178615e7cf18a0c6ad1e3a94ec4818dcb5827514de42702233c4967cc7bd.json,2695,4b5723861cdedfa48565470b77f175f217540ec7d2cc9507a0a51c1acebc1b16,raw_trial_result
results/full_synthetic_development_v1/raw_results/c5253e579eecfc6529779c9598d31df2ac6477b91444800e1792bb2ad2d72333.json,2698,126b2517214324f7a9e9eb5011f59db68e8d60d9a87deaf52a18c735bb203e6c,raw_trial_result
results/full_synthetic_development_v1/raw_results/c557b2393bc1a6af1869d73db53e4f40e8eb22a698525d37023c618c688f095e.json,2660,2d9c4c0b5ebc796a75fc026bb03ebac327f6d70e817aedf5f1849efc9a936f3d,raw_trial_result
results/full_synthetic_development_v1/raw_results/c565cf8bcefdc0fab3a266be46d9548dac0eb75b7fc0d12e7e3e9bdedd3b6a77.json,2670,ab8e4855d1b6db79722a0f6a8325d299f1ae919aa47815398bb22927c6fe214a,raw_trial_result
results/full_synthetic_development_v1/raw_results/c57d0be69046892adf91f7b087f45edac6d183d0f734aeba9a8ea97acc52edf5.json,2068,f379fd304c9a1bf198de5e0bea8608efbf459ad488941aea95cf62d9f78f64aa,raw_trial_result
results/full_synthetic_development_v1/raw_results/c58e195cbeb2d30ac93d811544bcc6da3f31d8ec413a14baedfee95971efb1af.json,2063,c372f033516ae716e63dd26a7880932fede5b51699a4743df2c06fa49f1138af,raw_trial_result
results/full_synthetic_development_v1/raw_results/c590b97773cf9e027f9dabc81fe71fa6978c48c917a7eab198716c75eab87a04.json,2653,81eaa9b96ef12223ab5773f2d6dab50e66a6186f1dcf76714ef8ca4fe3c8931a,raw_trial_result
results/full_synthetic_development_v1/raw_results/c5c3c483b7f5a12c303d3c9516dadba58cadefeb272731d494ef64d4ac29e390.json,2654,b37370e3ce00f06e9adf07e7760a6c6f600b0cbff844221aff5909739416051c,raw_trial_result
results/full_synthetic_development_v1/raw_results/c5df395e21504a7c7aff23e1d383f806a11f5170a38af237105d5e2b575304e9.json,2632,fb9f7de53df8deecc7cbd04f3bf1faf8b4fc0d3d1955d5d550db6b6eb4e0b9ad,raw_trial_result
results/full_synthetic_development_v1/raw_results/c5ffb5c395787bdba1fb6230f6f9bc495f79731dc9690a65edb65074d83128b0.json,2088,3a34bdf4aae66ac59f1a1b20f2335231134ddc5f4c95d9ec797010e7850f4135,raw_trial_result
results/full_synthetic_development_v1/raw_results/c6209dffe82b4bbafa7e4cca33a463ef43f3c798a792443cdb3a1c2f0d581a2e.json,2697,11a8eb8a400f61cf0795eebfa501103349028305d1c4cb4d8e483cb806a9b87c,raw_trial_result
results/full_synthetic_development_v1/raw_results/c6274ffaa337df3d08fc0395e7a9d1751388c7cd6aa18fa977824c09e7d4a026.json,2642,d5bcaac6d14870aaa94a1e63ca2caab0e982a92f4667daff379f5b5814951345,raw_trial_result
results/full_synthetic_development_v1/raw_results/c6324204fecc2b76dc7084fa574b48ac11f494e205d3f9f1647dcc19ec4302f4.json,2691,8f171e6f6e399b55a1c741b66ffea60336d89c65c84f9d2fcf2ca0f6486bdcd6,raw_trial_result
results/full_synthetic_development_v1/raw_results/c654f8ba0f0f95122c714ed7cb115f990225fbe0fa6bfae00629a84c01501c84.json,2710,2c0b27bcf5b9331a4c77641dcecc3ed2ed043c9bd914c83d7842219ba60e1868,raw_trial_result
results/full_synthetic_development_v1/raw_results/c672b32a540cfa34686347d2e2fe738921855926b3ded6c8e4c4e2a09fe47380.json,2690,706a27a3882d306d54d01cd082131d5b6d8265ce60506ea979fa2f5514729b7c,raw_trial_result
results/full_synthetic_development_v1/raw_results/c6794d3a478079953ef4727836e214d38a4b50e99162f860c224391f857b5529.json,2683,b6597999ccb4764de6457bf91f7085d417838e169e4d778a6542ffa585e49dc3,raw_trial_result
results/full_synthetic_development_v1/raw_results/c6f0221b756f3723387a51682496af3fdf29f1876f0bdef4f53ba9bd8e060a37.json,2069,ae2052e66d0a91dc4278de1bed9bd0f02753ef5786682cefeae6ebaefc989c8f,raw_trial_result
results/full_synthetic_development_v1/raw_results/c74ac37200bbb3d094c0c47177c8b83c9235e7635c0e08d5300d26124447dfe3.json,2025,d9eeb8fea502ae766820f493eebbdc7e6f64f6ff491ea5beb9c974052ef2759a,raw_trial_result
results/full_synthetic_development_v1/raw_results/c75641fb6e79a4541d6d5634725fc8a9567471ac4377db0896c74fbc4b554991.json,2031,0a40a9c8801f53b2b09e5a762f8778f8c23be896cec6dd1a5e9721c00d49f6f4,raw_trial_result
results/full_synthetic_development_v1/raw_results/c768123e88f1eda7d02509c82da7247a82893e74a61fa4294839f9d376e194ef.json,2644,782232906c13082888ab854b15dc074cbd67fadbbdff9d7f3cac2b5440e95978,raw_trial_result
results/full_synthetic_development_v1/raw_results/c76b066feff71f8a244e11889ce23cb20147775af95fb7a499a587be965f3f71.json,2092,117f1f6809a9253506126b81113e98ca99094e6f733c70e9c4bb314360b3a97d,raw_trial_result
results/full_synthetic_development_v1/raw_results/c7a1bb6a35b910d9fa2c3838f84db422a3a753918e38cf0098fc819f25349757.json,2061,3f69c7bf0e285bf508c0fc46c4f6775f4e4e7fa6b1cb54171cb704d833c6cc74,raw_trial_result
results/full_synthetic_development_v1/raw_results/c7b0343c5800c623f0e17e59f79998bcbdfdfd2fc1ff9654f325e47edb01f57b.json,2041,9c44633e4cf01f24d33c37721a1f7128eccea4266dc24720f7c60ce190f25b19,raw_trial_result
results/full_synthetic_development_v1/raw_results/c7be9994b820c4ccca88a4576485616b16f7d557bc4b23405eaeb187129c7e85.json,2657,160b8a7113bd94af9cbd8486dbd1fc2d417fd84667f0a61dce64a2158347c634,raw_trial_result
results/full_synthetic_development_v1/raw_results/c7dcb2261c79e20b9adda44bc467f8c506d99047a8955320187ea975c52e3831.json,2049,3311ceb1a1d5d8c2b0c813fe3988e283248a63c579334d7fa1cbb4c7bd6a6813,raw_trial_result
results/full_synthetic_development_v1/raw_results/c7e20c82f7ad3483772d38fc9a100e8062810cef380c6f8cfaa3ded23c2c4554.json,2017,970396ff5fdd7aec5387b3ae39639cb2d80afc4c8623e379549ac11fc4f27f30,raw_trial_result
results/full_synthetic_development_v1/raw_results/c816610909d9d8a60f66bf75e48b2b7940174222f13663e54519e266b8c41a84.json,2670,e6e52d4dffa3e357b8b956057ceaf03e3411872d7f5ef9c8a82b03c37c9b3cc7,raw_trial_result
results/full_synthetic_development_v1/raw_results/c82a38407ca2a850826c558e50f5578b44e1ba56ba14c1cdfc68002666da4203.json,2682,46805834b1e11d776ed50e8a6ea88bd75e5594119c70902bc4294b54e0f5f414,raw_trial_result
results/full_synthetic_development_v1/raw_results/c878b0bc379a4d10c37b6157c8d1b433f83f97c3a7a0101d2ba0d997a3eb0698.json,2682,a778735ce5afff0599d67da0dcb100e8593fc328e1fccf87cf78a9127748efa5,raw_trial_result
results/full_synthetic_development_v1/raw_results/c88e6133e005e1d52463476fd10cbdf5fe72951b6abd561762d37ed7ff433c97.json,2021,86cdf2aed39219ce2eeb8dbed6fc5f73738770400f7c3bcec3990672c5fac045,raw_trial_result
results/full_synthetic_development_v1/raw_results/c89fae5c06b5bed9f5acc71f6ebf9c56027bc2411c97c4aa074e746a4b95cff3.json,2026,2f755a02fce227790e41dd496d453c819e9f7c018bcec11d5f5bf3e35dc1763e,raw_trial_result
results/full_synthetic_development_v1/raw_results/c8f085e8cd62fe64bd1ef70488398eae35258d38b8217145878e29caa91a6f97.json,2665,767077feff1ce971847483e1bb101ff669fbb54a465d4f5084149b407e8d2529,raw_trial_result
results/full_synthetic_development_v1/raw_results/c8f7ec420b77e759be577ab2074e52fe52893c9cea9ddc8482a3db3ad553f120.json,2698,d33727a7ab9bd3abe4f297b0e5615e71e4a001446c98dc23cffc1580ce5f13c5,raw_trial_result
results/full_synthetic_development_v1/raw_results/c92718bcf994bfc2fbc577399b4196c880ea1085b11a9bfc68175d4424cf0fe4.json,2061,c7595d1d99dbe36513bce9761bb25ca4a259b9f4246cdc221811ba2bb522658b,raw_trial_result
results/full_synthetic_development_v1/raw_results/c931322af7716f2450e439a3c46fc34c8471dc0a75efef143d80a379c8e9ab17.json,2034,5fe3090f7cd07060abf40070142158c23e7204176eec901f38247f863cd0ad62,raw_trial_result
results/full_synthetic_development_v1/raw_results/c944041a100a79c0afa3b6afa2c607cd0b1439a55d0fb6fa679bb33a7249aeeb.json,2049,3f5556eef6ed02d6aa061ff9a3b2316033ed7d4724a131716ac03ba504056017,raw_trial_result
results/full_synthetic_development_v1/raw_results/c9663acda83705f5c0cb00c4709a02ee8fbc8c79db8d332c99a739030dc0dbfa.json,2045,16fa50c2f4fac6120cd8688cd04c19742de818ecca24181f5efd29d8edf2f76f,raw_trial_result
results/full_synthetic_development_v1/raw_results/c97560bd7b06692f11259b1c16cd6e9ee83b2dbdf83957758e064e88d8472081.json,2089,a815af1ed30c3ddb3f3d9980afe04747e31a96d2e55dc0d71aa295d36163686d,raw_trial_result
results/full_synthetic_development_v1/raw_results/c994f1fe81eff6c6aebf36e9fbf83fbddaee7159eb99d12f3b1f4077c799c460.json,2048,40644f1cc71047bfb70a3ce6e67e1588da55733a0bfa6190919faa2eec27fa60,raw_trial_result
results/full_synthetic_development_v1/raw_results/c9a31b9947af03c2f14d5606dd402afc044a4e6666c8584c618e68196719cd48.json,2630,1fb2b8c7fc02d3fb331845ec0ac8b72794fd0634e3342097c33841e714624482,raw_trial_result
results/full_synthetic_development_v1/raw_results/c9cdad119945f90ff0c39813640d47d4b6bff813f9eee2f242ed3aa2cb035089.json,2652,59660ca86b576444713a4b32b13836e6829729c09dc06b5d7bbea3fb9b21dc1b,raw_trial_result
results/full_synthetic_development_v1/raw_results/ca7272acdb2ce2565d53a8632ca15c3f824ed16e72dae5af7b79f66adff71c41.json,2034,db62ab3d7bc5d8f24d0a8bf5888205f1234382de5737271d94990dba532f49c2,raw_trial_result
results/full_synthetic_development_v1/raw_results/ca746b378ed9c5794e2d2d45c79985d3568e212576ec3ba1bcba243bcf5a5dec.json,2644,ff5dd364cc56afe324f609b559b6a975eb76cefe8ff1fc8ff982f2b009eb32f8,raw_trial_result
results/full_synthetic_development_v1/raw_results/ca8944ccba45b3fec39d5b9e2e02bdc74b7eb97a9f0e48d2f8bd9d485746ddf3.json,2694,8c9344a0b5bd431e050579825a8a635fbf80b807e4ed0b4bd3671c455e0b45ed,raw_trial_result
results/full_synthetic_development_v1/raw_results/ca8da897e4aa8524e0db1e17b36ccc0f9d609cf2061e3b300b312d5e77238976.json,2055,951b26a0602cd9e80a87bb41518f52872b04a6bc8c50a2141a8bf5ed19b45869,raw_trial_result
results/full_synthetic_development_v1/raw_results/ca92a72abbb7efad835079285d0dc7e52d155612d85f6222b94ee5279d177943.json,2707,33a0abe97d5bc9d73cd4a7f5a78ec0ee091dd720dc6e914f9dad3b57dad74322,raw_trial_result
results/full_synthetic_development_v1/raw_results/ca9617ca6bc6a3b01dde4325f80659efaf03045ca16e508997fcd009cc5faa0a.json,2056,b2806db68c7fb1f8f8339e5394330f04e249a7ac4c69357547afa023d739daa3,raw_trial_result
results/full_synthetic_development_v1/raw_results/caaa6d4b993bf3103d32afb5e87f6f048271477afc594a314a232b26da931a24.json,2620,49cd57840da19e21f726e270e830bd98eafd22427e5c351cef1a583ffca30dc7,raw_trial_result
results/full_synthetic_development_v1/raw_results/cab86f16c4d9159bdc45d7a9891965227a8cbd058925e8cfc96f6f824141236e.json,2634,062f4d7b66f4b86b2fec00309dc004bede48648c71f3aead969947d7fddc86f9,raw_trial_result
results/full_synthetic_development_v1/raw_results/cabe1c2b712c7c076097f358d342bf26dc90043f7ad8d30fcb574dc9407df2ce.json,2643,4a2eb68e27277c6633830da89aaa459b9281efbdb24076c286d810664b6712e2,raw_trial_result
results/full_synthetic_development_v1/raw_results/cad2de4b02ec4587363d9d56f4441e65e5f2f8b1302e5221237ba5d88a9aaa77.json,2057,347c068e626a015574b08385a915a8fad8d1bf66b213ecf76283d8e7ee097580,raw_trial_result
results/full_synthetic_development_v1/raw_results/cafec6742a59d2652d1e7fdf2c2d5059211ed9a9bdd0614f42eda5986315ba19.json,2058,8ee9f36a5f4cdd0da4925cbe7d9f9b9bacc018c019c593eeed73b1318f53c505,raw_trial_result
results/full_synthetic_development_v1/raw_results/cb031cdeda32bac8cebff93834c89fef44db8bca084ea8719696fe98e793d2bf.json,2702,c61e23f4017c74404d245d47eea06c0352787bea3d1fc6c661b3a5bd2ceb9ee7,raw_trial_result
results/full_synthetic_development_v1/raw_results/cb5c4ae4d7af499ecb0c1fb6c48eb52492e06495a47639d0f6cbb34f4db7b7c1.json,2029,29bb99cb7942e54569df608d87f6213805a9088daec7f69e7cbcadefd1d90467,raw_trial_result
results/full_synthetic_development_v1/raw_results/cb8c17279430e121274ef53206e1f4d3b3b6c47f523c5c686e281acacb99049b.json,2644,6c8d4a776325fc752a0a7a4b28822064028a7e73dee15d95e8b1ef812da888ce,raw_trial_result
results/full_synthetic_development_v1/raw_results/cb9bfb4d9cded04d8f21dc6a2fb1d994b3360b22425c4eecf8c84b607d132b3c.json,2618,1032c6e8be1338abe2cce09f66b1c16f186c56b92349e090ba8fbb2fef1b700a,raw_trial_result
results/full_synthetic_development_v1/raw_results/cbc2ade161b5a61a92acdec43a4c9fd40c21061b7decb6294ea83efb244a7c14.json,2673,e3947b10a329b0275b1ebc87f793a92cd636ecf6d1d565aab65e1f896009e5c2,raw_trial_result
results/full_synthetic_development_v1/raw_results/cc1014271c18e24a325b41ff16fda65560671ccb38d43fea56264b5ca5c3d714.json,2024,d639d55eb362e09eb6ccfc3bc15c7a523fd85985b21605e4e7aba611f5fa239f,raw_trial_result
results/full_synthetic_development_v1/raw_results/cc243aa3845dd533c8bbd824bd082fe4ba2d13506eed2d0b74fba49cdb0e2d83.json,2650,fe79a29ecf3dd974aa61b59fb7656614769eb2d19951f72511c6fa05f6ca61d0,raw_trial_result
results/full_synthetic_development_v1/raw_results/cc34b6a37b3ab538794550540214f82dc66cfdf4e13dd651be01241fc2065247.json,2648,0c287849ec135d9dbe8b52fc18fc9f342dea1c4cbf02c28019960fe2bd41f4fa,raw_trial_result
results/full_synthetic_development_v1/raw_results/cc3fd860236b23f42341dfaf20bde0e498b359c58c0257bdeed62bb9bae73b60.json,2677,e20bad442006c941fab6264a34fe413d2a503614fe717c1b076af6639aa97c6b,raw_trial_result
results/full_synthetic_development_v1/raw_results/cc40fe7dcf49eac1af2d2243765b57aab4a9019ac0c5c862e5d94352477f9e35.json,2642,8f564116104d8c1f6f4fe2fa408448f62fcafe4ef2cee7678d966b84b65a7290,raw_trial_result
results/full_synthetic_development_v1/raw_results/cc89c85cb69366b69834cd5cc52d60cd2757895491ffd938ca2fa49d7e1b17b9.json,2690,3bf5d77e276d039cb667946472bd9a1c1cab7bd9ed99ff43b7e1ecd4e02ccaeb,raw_trial_result
results/full_synthetic_development_v1/raw_results/cc94646a827da380ea1ec8d57383bbf2dd1ac8968e9f7222e15284f0f06d31f9.json,2038,bf1f8a96c5cb29a1c518016bce7833106a3376a0f60d014f25847e8e6eef13d4,raw_trial_result
results/full_synthetic_development_v1/raw_results/cca5b8881ae54249ed58e45e6a76159fc65041e6333f0525b3220681c113fcc8.json,2702,f6f14a6caad752976d8d21519f6367dc9a3ef83bf5a4edc7e3a5e441c9583846,raw_trial_result
results/full_synthetic_development_v1/raw_results/ccd450b7028cdc57021209020cee2ab580c3da52ec4027f245d0ff0f1755f9e6.json,2078,cd6f331e9ffc8bf8a8ec92a34cdca532abec88d8031fca01c6d2e4bd302d899b,raw_trial_result
results/full_synthetic_development_v1/raw_results/cd0003a927785838e3c7519cd05be6b4de6c605fdbc9276b8c23f5cbbc7dd7d7.json,2038,08b68e35bc14a4e60f3415651da3a0ed4cd14222903f2dbf1e4b62eb1a6cde36,raw_trial_result
results/full_synthetic_development_v1/raw_results/cd21072ad2c235b00764753d5596c63c236a0a54a9db79bd76bc2739c4283948.json,2033,bcddab2d4c64d884ddd7422fded2960c69b93a9d351c8c0f162603805aeb4b35,raw_trial_result
results/full_synthetic_development_v1/raw_results/cd2e7d0e2f671d11b47f9a0385d540b6abf421e381bf062fe0deb855fffc886f.json,2659,5b23a227936ada4b260e7491f3d867978cef44cdb46a818420fcb60be6f041f0,raw_trial_result
results/full_synthetic_development_v1/raw_results/cd4499a2d2b58e52742649ee9642fa4bf29769200cc3d11a5c012de708fc067d.json,2698,8cca32f7a809a54060b02ac129c0f67507dd4c36a9b2a179f8cc0a35f6af3c7d,raw_trial_result
results/full_synthetic_development_v1/raw_results/cd536e91c914459a58f4e69da0e9eed6e4605f4f4bc76574cb8b0121bb540a23.json,2640,715ab7863ccb3f0afffe64ac2906d65e153f3605bbb8cea2ec2f5badda61700a,raw_trial_result
results/full_synthetic_development_v1/raw_results/cd6a14fcd2fc51752d6f4596e8285638da7e6d836328b573dd694da839ccbf60.json,2034,c70aa7a53fcdbdf642fcf9d2d533f9be3712a5d51e4dd9324c0f5dc834dc86ac,raw_trial_result
results/full_synthetic_development_v1/raw_results/cd75529d3e20a30c38af4550179748f8c1f7f1b347e25ddef39b0989149fb1ef.json,2095,70ebd5bedf52b5e458b875068a97b9f44c7ad1478b38ac18eb46d5311bdecf07,raw_trial_result
results/full_synthetic_development_v1/raw_results/cdfafaca49cddb52edbc42c8d59ab50631098f83548ffcebe52402bb55ace16b.json,2621,01a93d85e8464ead8ab3f7cf628eae39c7de2bac10b57d211a9617fdf5588098,raw_trial_result
results/full_synthetic_development_v1/raw_results/ce20e20e5fdac1c84c38fc231a1e52fc1163da5d23637dd1078168c26ef35a7e.json,2703,7a86e279457845f06b5e0f3091728c1f35bc3907d16606e2876c82ebd77b77cf,raw_trial_result
results/full_synthetic_development_v1/raw_results/ce6064be962acd3c386c0594aa9a1e58adf5c9d4751047d7f721b31396c6d5fb.json,2053,f75956b806f887013fa58a10c4bfb564333fd1948fbdd4094d6fdf93ab924788,raw_trial_result
results/full_synthetic_development_v1/raw_results/ce609e4b8cd50d8d4e544fa0c0ecea0aa8ebe4e3b93d8cf8f4fa752c10e08959.json,2640,b8df1acd43714fd832a9975295646be873828bbda18575acf0b681757c44c18a,raw_trial_result
results/full_synthetic_development_v1/raw_results/ce63ae69090049368c3ffa0956031dd6f28c6b55ff969ae216c12de73e292943.json,2052,09c06d73a1d1a181c2eee93e5692879360f32adac0f38e0eb2cde3bd38164635,raw_trial_result
results/full_synthetic_development_v1/raw_results/ce7f27983416f6921beb4694e8f762565ce6ed207293d8869e2f025cdb1fb330.json,2700,4e893dd7141cc6f443e2316969f935a00dfef0defa8f9d28372cab1cc42af2a1,raw_trial_result
results/full_synthetic_development_v1/raw_results/ce951455f1f9479a2819e901ac07fa92c8f305f5b224bb9bbeffe9f20239d99c.json,2667,fdf56763a50f74c833e4186c17d70720e68133caa09d2eda230f42a27fc9bf3a,raw_trial_result
results/full_synthetic_development_v1/raw_results/ceb0304a2d0a1daf345b3bb8ef4f67d11896bbf086aedbfb236b36bdef4726c5.json,2053,c1f06bdbdb7b63e0dc068429a7af4eafa7e81d3b34d078bf53c81e1e9f3bcb4b,raw_trial_result
results/full_synthetic_development_v1/raw_results/ceb842e87b5e171382c87a89ca559de0b2c68ebc57455c5eea72f301ec5b604b.json,2064,0cf2ea9dc6af44bef5653c054447fe1fde4cf602df070ef47b1cc8990e75d971,raw_trial_result
results/full_synthetic_development_v1/raw_results/ceb909c3b57c35a40fe4822bd77ad4be604a33b3d67900d908194b345b54a818.json,2658,fcc92482d22910398e2ef9e18703b2181160ae6e5bbda0faae2e6684ecdec107,raw_trial_result
results/full_synthetic_development_v1/raw_results/cf004576a0b520757b91214b11ea0d8a4cb98e01bdab423c848738a94f605711.json,2653,bed4b9e0f952c5f2848a6bf50d2e75e9c5703fe2b04b32283a13840953009366,raw_trial_result
results/full_synthetic_development_v1/raw_results/cf7bf9d888e087cfed0183be5b41b1d93a53986d592491601df91da533246782.json,2692,510164f5bde2ec6c0b67149762aed4d0664df93b723657a7b18bbc3672e8d5d8,raw_trial_result
results/full_synthetic_development_v1/raw_results/cf9413f8e86534c89513a54a2b3b38a059f23e151f672a9b6c6c096b2c8c046d.json,2035,676d28706c7d2e21906154862a782b7500184e3ff88ece6b5cbfdda17bc1dff3,raw_trial_result
results/full_synthetic_development_v1/raw_results/cfba9298f93fc2c3140783dfc4f4b12c0aea1c164af5fe9fb18758ce244aba69.json,2038,38e682c1da6f2cbe4133318a9e6489b5d573e7ec574b4e41f3b9d3f3062de430,raw_trial_result
results/full_synthetic_development_v1/raw_results/d00e5df5103dfb2265007482c654c6c2d596bc678a7fe735da442063b0b80b00.json,2660,ef71bdeea728d3703375e6fd17f970c2550d0b4c472d2ed451549b37acb352c3,raw_trial_result
results/full_synthetic_development_v1/raw_results/d01588a6cd2c9d7ea4aa94ea7d89473cf9f18524ca5533c1d94adac63d297c41.json,2655,2a1cd4d5030e3c19eb929814a308c0e804b3316033b3dfb867506786214d62b6,raw_trial_result
results/full_synthetic_development_v1/raw_results/d017e532b596364643803be4ec2f0e0408a0e4d822f9cb06fa2129a599f626c1.json,2053,abf9d8409405f7bdd0f5840f9f12634e51e1a455347017f29c656c844cdc4326,raw_trial_result
results/full_synthetic_development_v1/raw_results/d03a73452b5c7d99337447b06406e64446d327e0db284968679690f40dc53b19.json,2053,7a9d2e08d2b621990303bc3217fd7f0024a29deb3c02d3a1514ad9e630b529dd,raw_trial_result
results/full_synthetic_development_v1/raw_results/d0429c7828ec74aa33a6de7f02c7ad0abf86bc590bc32b3330bd665fbe503959.json,2032,c02fd25161d30a441cd7ae8fd6fa12c404b150d492fa2fb59302f66cd35723d3,raw_trial_result
results/full_synthetic_development_v1/raw_results/d05bc977b81cae60feb4c7472870145b21a67ca7423e4e68a5c402eba85b7f23.json,2668,b8dc485cfcffe1672357393b3f850c1b1e517acc3019ecd537f9bcf86b228cc0,raw_trial_result
results/full_synthetic_development_v1/raw_results/d0922d7aedcc99314066ef871943995d68a5f75b2871bbe08eab84e78da14564.json,2692,de722ed01eb19460d6cfc45d93a19e0b9adb31eb828395151992550d628189c8,raw_trial_result
results/full_synthetic_development_v1/raw_results/d0b3f5d9404e673fe58c6410d924b72e92c307afa17a380b9c9f60b2323dcc5d.json,2030,f80b8020c7bfc0e381e75526b490930a1d354f3743ecef6c2d984054d677c271,raw_trial_result
results/full_synthetic_development_v1/raw_results/d0b747be9e6fe935041b24c2e9a8b79d5ad28fd16b31e207f784e957919f081e.json,2040,c95f65fe5157b39fe4fdc1a9ddd238b4dcb365ff11663bef8ea90d2279de312c,raw_trial_result
results/full_synthetic_development_v1/raw_results/d0b942ea3c36f3d34b0ef427af755fd8f60b6fbe7e755a81b9e2e3876144317c.json,2019,f7de4250557e881b388cc86002e6d61c19fffebf7c7f7a75f19985d80192c3e5,raw_trial_result
results/full_synthetic_development_v1/raw_results/d0bed0d41f521b6f8a3326a63ec5878eb9a40fd812b9da3fdbbac8a6ac9be188.json,2696,7bcf8357269e3a0d10592b3dfedb57b69289cdbb8fd75a9bb49919373a688f5b,raw_trial_result
results/full_synthetic_development_v1/raw_results/d1467cd84d3a97d63d267025db58f390eefca23ad6b198c2d19f071fe33ed2ce.json,2010,e35c0545c5f86965f2a1f3c47dcc8590d5baeaf482e03222f427d2d5665bbd1b,raw_trial_result
results/full_synthetic_development_v1/raw_results/d150794e6585936496d32582383039a40d55e1d8ead897d49c228853599cca5f.json,2061,9696defe82fff8a00b9f7c1687ed547d6babd4f6c5998632712e250e7a59e61a,raw_trial_result
results/full_synthetic_development_v1/raw_results/d183ba7a754c5a008ed43925de62f578bf0b3665c2904850aaabeba977bfdfeb.json,2040,4afb6072e7c2df0bde73d9424ab94f65ece6859b301b2684665cf0d71a8e9808,raw_trial_result
results/full_synthetic_development_v1/raw_results/d1a827701dd08276aa583f3a8c34b378eb0cf4886fa32ba68bbd17f6bd5c59e7.json,2652,aa3e30e84d559eee58c3b189e925e9f4ecbe58d56adebb530369828a9d771dc5,raw_trial_result
results/full_synthetic_development_v1/raw_results/d1c67a4d6d22431ea98afbc63515cecd8f61863f4ec8924bdfbc25837486cf23.json,2056,4a1a2489dce8b1e693f1c8ce042ca34af175e34a8655c61c422fdda7c4a546c2,raw_trial_result
results/full_synthetic_development_v1/raw_results/d1c749b7f0cdb4189d2418389fd8ad3821ad9ea07a4592e6563eaf4b37806186.json,2670,33b9e6126d4833ae4dbcfa27c1dd4ecc2bcb219ea2259efc2400d2c55adafe60,raw_trial_result
results/full_synthetic_development_v1/raw_results/d213ca7686a71985f3f9b46bee3bc23feb06773aabd973dde7e6b4ebce1d5848.json,2018,91de7d82f0336b16cfe0f76e8f48f4a54ca8bc34f9eca37340626490ec888c72,raw_trial_result
results/full_synthetic_development_v1/raw_results/d252da644b9d3667cc3c1cbdade8a0ce5bd2b061c779bb112eb1c4f531164e2f.json,2022,05b39e0ed80c29fb3704ed2e4472ec1e6741785c4f90de3ff76861f8b7eba798,raw_trial_result
results/full_synthetic_development_v1/raw_results/d26bc6034851e11128e0ecce34868cadea42d2f9286d2e3ada0cdec6d776bef4.json,2653,037aa348bf6554665b020f9d73ad606ac53c6c779ff7852d89eead470260b5c4,raw_trial_result
results/full_synthetic_development_v1/raw_results/d273d4e14b6a4c8c0dfd31744b22844f110d53bcc8db0899d51f45b9b1b24e69.json,2640,305d1201340fd8f6174571cf2996a55910a6073ab6febdb6ee2872670d933a42,raw_trial_result
results/full_synthetic_development_v1/raw_results/d27920e9ba30d79019057c1083ccae5c957f96d58d6bbb8d215c7b65090027a7.json,2021,a81f66c5aecf5ca4ce96f52a7b1fefc02fce6ecfc0c109f362ad65f8d65a0073,raw_trial_result
results/full_synthetic_development_v1/raw_results/d279bde2606c89340a7f13548046283d590179e127404f942f2a32fb33730c19.json,2058,7caf79bc974287d6f2f0edc900395c7e01abe3e854d77a714dd32b40949d3694,raw_trial_result
results/full_synthetic_development_v1/raw_results/d2a11da46e8b3f5e065336a8bfed60df6d5228a35d3a929b373cb9982fbf05f6.json,2665,3544dd043b8d341a97977ca1516843e3a570bc76bbe37f3fcd505d94561d53de,raw_trial_result
results/full_synthetic_development_v1/raw_results/d2ae81512774f4fe439eee5b6cf4e7cdff21409f4fc83a6a41c5adc3788d1bd8.json,2685,3230f03f50128c0f07cf188c4c05cdf57bbe1df618acc4a5f2c9c95674440ebe,raw_trial_result
results/full_synthetic_development_v1/raw_results/d2b025bfe0d31b5746e8cfd36b1c25b6d8bc3be6ced31d665e5bf39118bff2cd.json,2059,536a04ecd293c4be5ca48c836f028269c799073c88effb2f3ae579f25c092a7a,raw_trial_result
results/full_synthetic_development_v1/raw_results/d2b15a3157bda419c28e6136e13701f84eb199d5d4e335be8fe247c49b8a3d03.json,2048,1643a4f5e71806bc653d4b2643f763bdb52d9121b71cfb590e54cc282a4d6284,raw_trial_result
results/full_synthetic_development_v1/raw_results/d2dc327fff929df4765a760a497a62ef774672a5801ae25a2f0cd7d777d82333.json,2074,4d37fe35b89e12cc9f0be08fdb4daa7c2ae57fce87392c46554a3a41f909bbd9,raw_trial_result
results/full_synthetic_development_v1/raw_results/d2e626c6005d0e2127fd0f7e37a6d71174e9f5c7ac871bc62cf116a54bd0c43f.json,2070,a04c76366e258fab77aa17d9c3558628a3b6e7d38f35bbb27e195c412dba4f05,raw_trial_result
results/full_synthetic_development_v1/raw_results/d318eb5c0b63e564e6940b13ec00d3bfb47f37a2a96dca4b5b7878b2fefaf349.json,2046,c5ef6fd7637344a20e6c4d320984afa3f669643e2904c62c06dda38bb311e805,raw_trial_result
results/full_synthetic_development_v1/raw_results/d335917a55a076c9b978f029307a723a0f11a86580e1f47ae95fe7f621a2335d.json,2070,23eb212f3e0a7b793c668b698acae6efe6d9868c9885fe524c1edd16b43fb92b,raw_trial_result
results/full_synthetic_development_v1/raw_results/d35bf87afd028e159671d7aa77936652d54dfc158ddbaff450592cfdc43254c5.json,2056,5a3f3f466dea1039f0f7c393e5a30dd50610208fdc9d408c89a97d6e9b7f62a9,raw_trial_result
results/full_synthetic_development_v1/raw_results/d3724830fe160e3bcfd3d30fa0d435c6ebf348655d27a58ab1e55502adb67370.json,2051,51eaef954987d013953be6003204c8f06fbcd3ce5161e5577a3155c74453a79b,raw_trial_result
results/full_synthetic_development_v1/raw_results/d38698a1743bc2a8b7833e3c8bf62aaf6bbc00e13c48dee7bd47a7b682f6bac8.json,2056,0dc444c3fbf2d9d3601fc2d337b12b8144c122c0b182053e670e59a6773a0d8d,raw_trial_result
results/full_synthetic_development_v1/raw_results/d38b79a8a203fc46c0415221a7b91e5a01f26ddfa816f3d227358f4fa5261065.json,2048,a60a35b4f319a4c0dcaf72f29b54d138eb4d876e348d2d30a7eabfbbc918c3cc,raw_trial_result
results/full_synthetic_development_v1/raw_results/d3aa2e1e383341aec433901e854c62d29d9f235b180d70134a99dab772ccae56.json,2054,fd8879ed0b76a84df266fbe97c9cbd425226e35ada7bffc8a8401c012f36e866,raw_trial_result
results/full_synthetic_development_v1/raw_results/d3bac617e0a3b6f40b10a1a99e15a9542a6b0a8075d6dfab929437c17422d9a7.json,2045,80dad8c3231dfdb9a3fdb4526799b8df005e26275485378aefa0a3e99314c0e4,raw_trial_result
results/full_synthetic_development_v1/raw_results/d3e26e1c87768748b304d040a7f12276e5e7749f3ce4f81fc27bb9ad34e55853.json,2702,ca7045fa5009ea0b761fc42ef60ecb6b20c67e26f37a83dd16816b874454f193,raw_trial_result
results/full_synthetic_development_v1/raw_results/d3ee6240f27d5e6e0de3369ce6c8c59e3f82155668ea1c43b8894278239eaa9f.json,2652,2502b061a62f9df2d16b8e2f33362ebdee70a601b09f69f48619bbd7417ea19d,raw_trial_result
results/full_synthetic_development_v1/raw_results/d402ccadb825c65353b8ed5f10eb5b53ae4a69058fa6d585ecee1af11ef9548d.json,2044,8332cf3108ee59b84ab5e6312882bcb9601e4fc316743be599d6b09bc5dc9d8d,raw_trial_result
results/full_synthetic_development_v1/raw_results/d43b1eb64b6f232b87ad3a7446530846009ff8da6ae7ec9c19ca0d30fa10e021.json,2012,2a2e169e747326681d6b5971eb5a9f23d1cfde4f2813fa3c0393c365db983100,raw_trial_result
results/full_synthetic_development_v1/raw_results/d4498e6923e2119264649632ded8d355c18d4c61e61dbfaca72ce3ed6612d732.json,2063,8560a560d6af48cd217419f41cffd5b1be4b6382c96c062603290329b02063ca,raw_trial_result
results/full_synthetic_development_v1/raw_results/d48b191172ae2f8c90e44dfa09e91a3e49122685189aeb99bd3c505395f3c8ce.json,2063,a9f686627d7f09f56c065ef575b12598024759dee7eb81c876291321b33b72e9,raw_trial_result
results/full_synthetic_development_v1/raw_results/d49ba0af1081889d2120d73c0822ec487ae95a6de928e3b1b5d71440798c0482.json,2666,cb87b869eeccba848ce2db78f3efa5f69b114591bfe8bb96e2c86b821a40c357,raw_trial_result
results/full_synthetic_development_v1/raw_results/d49bf2e859a750378757cefb1ec997a5b01de66b9f97afedc2b458bf2a8aa1ff.json,2676,503c67c7b0de1b86b3773c011965a1d417899de29a6cfbd0adab3b00624d7e90,raw_trial_result
results/full_synthetic_development_v1/raw_results/d4c8c469886653c5ece12d32efb8b1f6e4c23a095d2a617d9cfe00134cef0de6.json,2663,4ee1d9af616e60d1f1104a309922e2640f977ddc13fd7dd9f31c73be78f60b5e,raw_trial_result
results/full_synthetic_development_v1/raw_results/d4de1cc62c9a6141244f18d9a6bd6b26ba67f93bb2a90b8344b9c9aeab7556ec.json,2658,8db3ab6ed3e872ff6cb9f229f6420efa3ca30a42fe270d82add8caa560607203,raw_trial_result
results/full_synthetic_development_v1/raw_results/d4f4c175ad9d7271d27c0ffe477cc4971003691a4477dbeab83de92401603d5d.json,2067,25f03d3ab7044dc0601e570f3c6338a2fde5741c4a286daebc22eca22b124210,raw_trial_result
results/full_synthetic_development_v1/raw_results/d517c7cbef3b0770d682dd47bbd586847d4b35f26c3833130f90e7b717d795ae.json,2055,676b5563b984877d6494036c4c3d553e74d1e4a432342436bbce0b6969596540,raw_trial_result
results/full_synthetic_development_v1/raw_results/d522ac6d167c6a426ba3f4c7f96578a377b9794cd45ea34c5fae1126ed0609f6.json,2701,f50b09ce269642a44f337dab1886aa7cb2f12c75249bb5e92358e851847bf771,raw_trial_result
results/full_synthetic_development_v1/raw_results/d538467cc01314ebd715e8fc2b5a98470512497909f6a1ce0815ccb916411bab.json,2611,ab4c366611cca303f8895b9518fecf84a1cb0b0f010f855b55e87bbb89f939de,raw_trial_result
results/full_synthetic_development_v1/raw_results/d59078ac4d7076da79215392531585f60e9f3d94e5f14bbaae6c938dc53d82ad.json,2023,d9a621c261fcfc21d1dca9a56ac654f6252e468997f58bbab5a08593569d29a7,raw_trial_result
results/full_synthetic_development_v1/raw_results/d5988e440f82ef614d5550b29e682cd62c1b4cca2fc1042af4ec54bd79dc0fb9.json,2663,2da536d83334113b05f16ee000d6c1963e62805cfab8fdf8830517f9cd20d98f,raw_trial_result
results/full_synthetic_development_v1/raw_results/d5bc39eb00c73265df7dc8213746adc406dcb50458ed5baab2809bc0a82af4d9.json,2025,566e1b4044085e500c008bd7f5d56b618d5b663302d19e4da9080cdf1b40d540,raw_trial_result
results/full_synthetic_development_v1/raw_results/d5c9e335ec2327db1a8a1e5c2bf951fa9314dc9c0888efd9216a72ccd85fa7db.json,2656,f56baae0d761ea94106663d5d449db4bdef1eb6b6ed5ca7a6fa5c85650e8d344,raw_trial_result
results/full_synthetic_development_v1/raw_results/d5caeeb2c4ea48d4f639e19f88b0933317b58900ec3fe5a6219f671171b1a475.json,2025,ad58b214d6d6a8e7811ec2cdea00d1f08927b2740d53c6aa3f8d5a2d159e95ca,raw_trial_result
results/full_synthetic_development_v1/raw_results/d5e02794a21c30448955550398218cb772cf84a010f5856d4ec4f3ac9da7878c.json,2647,41ee62808d2dff7d4acca632cae0ac846317a4716325967d93f9dbbe57fb420d,raw_trial_result
results/full_synthetic_development_v1/raw_results/d5e6411aa0d116423d13ff37dcd9229b2f8d0dfc785d0d097c96163db2094642.json,2040,ed2ade4471035f9469ac4196c30fd1898e3f91596ffa3724a75328224af0a6e7,raw_trial_result
results/full_synthetic_development_v1/raw_results/d64d17b37642ca1bb1af441188cf99575d2120bcb8afe3bc18a5bed5044f433e.json,2664,35c9e5c9610fbe890cae1ac36dd9e0fdf6c1cfd5aee9aa64c2581e830dbbce6a,raw_trial_result
results/full_synthetic_development_v1/raw_results/d6b5520c77af5116bacdf4bccd1cd30b138d27359e8b0fc082608e2e8a3ea001.json,2653,f28248dabdff90d656ebad19b6dfd01e452b36d4653aae5e66db21bc71827a67,raw_trial_result
results/full_synthetic_development_v1/raw_results/d6b853f9a962412b8b8afb9bd20ff0e0b205bb18babf4b0dbd72fb26f96c6ac9.json,2699,6af569dfa2b8f66ace1d4c8d73787e75a13adf1d97c64800c374ffeb4f3743ba,raw_trial_result
results/full_synthetic_development_v1/raw_results/d6c63116d9545ba2aba2bb93852a1e8f72a8a76566a26f85962106ad5f569b06.json,2688,bf897da8d95acbcd3118323f865dbf6b9dba8fac30cf389e216d4d60bcd18d0b,raw_trial_result
results/full_synthetic_development_v1/raw_results/d71267b809dd72a799b97417b2c93b1a349779a17d9a2cc64741064bc517f931.json,2038,7e5b2522fcfa70f538a7c2040d7b779eb8cfeaeffcbf78421fcb30df06f45bf0,raw_trial_result
results/full_synthetic_development_v1/raw_results/d72494088e396783331d2f06a74bc5ff742eb03bb70f5f0b269a1c629bf4de46.json,2069,030339cece6235186569a28507c7e13419ac71afc77649f6ec0fb6681a664e0e,raw_trial_result
results/full_synthetic_development_v1/raw_results/d72d6de766c0db5416f992aa68ac1ad20e027a90d08bf8e8f74ca8144b6d20bd.json,2059,948194b7028a49d159b3fc12a1621e0bf51d892f9353a776e13c94e975ff4003,raw_trial_result
results/full_synthetic_development_v1/raw_results/d734fc90e2dab8b8ede9fe0ace8dea785aff1bc0202a6e3277dd1cf855ba6876.json,2050,d2aa7db43436729927333acc8fb44fac32f5111821b12c83fc563b1af399c362,raw_trial_result
results/full_synthetic_development_v1/raw_results/d7406485503cbc551cf7a2e1bd8d12540aa4afc581d4109d774fd118c53193f8.json,2088,35f62b6ac0d1c4846e220c03b06c7b64d16572d3e7cca61156d4e32d944ccda3,raw_trial_result
results/full_synthetic_development_v1/raw_results/d741dd47034a5a5a749ca8f77cda30a807c74557482febc62a60b6376cd7707b.json,2068,bb3cedfde9136f4a3e606b88a5e09d0c934ad1969ac98e04116fdaf48d0a88f9,raw_trial_result
results/full_synthetic_development_v1/raw_results/d74a1e2a6016c41e91924163d6b53f56d95ea71dc9270ea8e7beb322495d3c88.json,2669,65acc035e86bcbcc24f9e328403e56283f4547bbfc1651aedaea5cdd7b059c39,raw_trial_result
results/full_synthetic_development_v1/raw_results/d74f036b7db5c5b7df3b93c2036ac4ba318350b8f17982784e6057775b83d448.json,2072,2606f2abfffa586eb36582064f8f36e2853e964547dcc55d7436eac346aee856,raw_trial_result
results/full_synthetic_development_v1/raw_results/d7648489a7a93a5a43ef72dbe7d0dab71d290582e690c332af09aa6167ce6b53.json,2089,3ec023ef25c48f7c9312e189672b5f0a24345a62a55917b1656aad714eeb5bf0,raw_trial_result
results/full_synthetic_development_v1/raw_results/d77da811b9fdcc42a10a7925c44fec8ce903e1787927dcec1785dcff6985e595.json,2068,2e156f741f9aa6ef1d856638a77b6778a042c4151e8b964967b97d9edc26acd0,raw_trial_result
results/full_synthetic_development_v1/raw_results/d7ca33169f6f3e5f74a7177fb746a601c4877f7468f9e6354eec2f2522239265.json,2661,4b418b4606854f161a982f053cea010950d092c6d36201e0a535536ac080d4d0,raw_trial_result
results/full_synthetic_development_v1/raw_results/d7ea13fb37d3accaecb2a45e49deac2792bbb11e65f81338e87f6e99650bcbb8.json,2053,0da0664a13b6a33d1ac742ad85583d6c288bcbf6aefc9fd6e171007dad33fc2b,raw_trial_result
results/full_synthetic_development_v1/raw_results/d7eff9764590d90b08291e59b201792efae89b703d2b29ad5f8ec714185d469c.json,2037,3bbeee48304be3d4cfd321422b380ba8b4cad664d11265a462f23421a22f07fa,raw_trial_result
results/full_synthetic_development_v1/raw_results/d80f8b1a0439bd219c4c076635c23c8db1e97a45bbb87dcac7604a8269af1ad9.json,2689,8504d2e80d9032f2903a0ced775a7d8e7b911488bfa73e31b5d65df29f66084f,raw_trial_result
results/full_synthetic_development_v1/raw_results/d882dc797dc59a070b69e9b3585e1416030be94dd65c2b63c34d77019619fdca.json,2047,73b0c85293a20c0f215e25fdaa8998452897e9678db4f920c46c7909eccbc25a,raw_trial_result
results/full_synthetic_development_v1/raw_results/d89cbaac40663cd66060fc41890b047192c2ebb6265f0ce4e54b174a4c1e59dd.json,2033,2ba1ec0ffc0f26f90729f711bf156c4fd1aa7118aa9392ad275262eecca5e572,raw_trial_result
results/full_synthetic_development_v1/raw_results/d89d780d4508ed5e454dffe4638ca2b2009bee9fd8f6b823e9e3ba5e112acde4.json,2027,4b9dbe1638354f33ddd1c7bae60be3232f464c929f8d45e5dbf8ffda8e2cfccd,raw_trial_result
results/full_synthetic_development_v1/raw_results/d8a4773aed4f61cc839c610e1a4e540e2b4be50e1e2df9f9cef595003942fa84.json,2637,05c5bf54ba435edb74283a8af5dd5edde71bfc8b8ed4c62830015e2b0e69096c,raw_trial_result
results/full_synthetic_development_v1/raw_results/d8b8816dba9b1b7fa037778fa9f4e34b452f6aa46e8a702e3546d80b13bfd429.json,2682,ef29fcbad2426595952577da3835b69171d2245c66139111570ee76404d4ff8d,raw_trial_result
results/full_synthetic_development_v1/raw_results/d8d6d079fdce125d14ce1ee80ae8b227c109fde94d20bfb3102bdfa85c6e50c1.json,2056,305d9313b09276d1213c8a9740327f9caaba55b1ca89eca27419f918209152d2,raw_trial_result
results/full_synthetic_development_v1/raw_results/d8f4df9cd2bfdeb516dfe3a0b1db638f4645f03c1a9c58b41a75b71ae03101f6.json,2698,497623f8d9f063b9f2ae0e4d42d5bfb8b2052bf751f759f2c2f4cde368ab42da,raw_trial_result
results/full_synthetic_development_v1/raw_results/d9889165d532ad82d9305a043aab1eeb9ab65e548d3c711a869c860afffacb18.json,2691,e84c4f9f53abffeb84962e7dd89ff065593cb41ff08b50c0e957c1db90c2f48e,raw_trial_result
results/full_synthetic_development_v1/raw_results/d9fb1779808f79335143be851181067b1739adaa20d6f27c7506b71f5a86ea03.json,2081,9e56c0aa18640060a0c0f23541fcbe8a1b5c1446e3aa8297b42e5054d58b6e6b,raw_trial_result
results/full_synthetic_development_v1/raw_results/da1c193b632aa1f152489b40b7bb501a390b7e00bf5ba54925cd8a788d5d6f16.json,2056,1cd308f6df4bc06dffd9fb288aa5bcb83e233097892e792c9dadff83b08754f3,raw_trial_result
results/full_synthetic_development_v1/raw_results/da334111a28d0f25982c041b04a9fe98958376d0c4c1aa3983d8231436db9ace.json,2693,50a515a8ba0d7e04087e938a82bea11192d0b12208dcbe3bbd5ba085f65791b2,raw_trial_result
results/full_synthetic_development_v1/raw_results/da50324e7b68da588d8d9aa76741bb86c85c4cb7463a19548e8e391955d783d4.json,2662,658ebe8f5f3c5d141f83e28790612e08bc48f7fa1dcf10dbc7e08770d3f41f1b,raw_trial_result
results/full_synthetic_development_v1/raw_results/da7b56de3c8d3ba000ef087c0418ba01fca670bff0a572a37692de20e6e07626.json,2644,1f0531fe6b0e2d5643899d9b96d364c16333f42a9ac761ff9d1e919b2c0e010c,raw_trial_result
results/full_synthetic_development_v1/raw_results/da7d5d4f2549e8d532893029e07b3c406d415f7c669a2bf985f3d65f3bb7c89f.json,2682,12068838f66ef10da6d09055daa48489ba429b76568e7a1509980211d6f74228,raw_trial_result
results/full_synthetic_development_v1/raw_results/da9228c8d058ca7a8ccc2e1d8fec9cddf687243aaa33f6676246cd6212edd60c.json,2027,9d9cbfb3f5498da138107dd1be4a997348bc8ce4f7eea9df7799d174bca9b078,raw_trial_result
results/full_synthetic_development_v1/raw_results/db00136affb782fe22bee0fe55d68f5124ca510f0e5ae55790fae173342ffd0f.json,2069,13ce9a5b3e9f396686d3c633b03de0a8d8c02d922c2a11ca58e7937113051c49,raw_trial_result
results/full_synthetic_development_v1/raw_results/db0e80e0cb836d809cd8a22c0116e99603ec38059f199b4dcb1b2f73bb7160c0.json,2681,418b8ac43794663980ba9875af95745afcbdc2046c3e0b0d8e6d730ee6cd5b8f,raw_trial_result
results/full_synthetic_development_v1/raw_results/db2bc55904cdb051d3e9b73ae4dace392ffbc73e14631d5709252b7b0b506a12.json,2065,c3e18a2dc27fb1c5e08a2d5aa220a93fe167a961b65895d14c0ca62e6e127156,raw_trial_result
results/full_synthetic_development_v1/raw_results/db2d56da8ec9237337f73a6679aefc12e0a7bf140c55fbc960c5752c32dec1f6.json,2652,ea4c3669f0cf0c2a4f031b4625eda5de4f5829a610d0b03075d9df14ef46a644,raw_trial_result
results/full_synthetic_development_v1/raw_results/db2f74af789f2e30bb07fb38e9dc8f39df4a6eadd4b4c277619c42997f55ae0a.json,2697,3981b6475f3a3c0c4d9413e5b17aeee37920bf52baa1cc04f7a61542a0a4a8fc,raw_trial_result
results/full_synthetic_development_v1/raw_results/db371dcb9ea6527dfd4b943d49ab25ebddc4148bf9887e301f839fa87dfdb430.json,2698,74cd610049e4dfed067d1bd48383df734f7d8f7eabe1b95480aaba940035540a,raw_trial_result
results/full_synthetic_development_v1/raw_results/db3a3b95f142889484a588a941b881a7d871dbf9ea5beae337806af1edf93a1c.json,2055,46e06fc8a9326f11b6a994c9ecceac9c36f5fbd791acca932fc8d4eb8878b2b3,raw_trial_result
results/full_synthetic_development_v1/raw_results/db5750ea2947c1acb9c0c07e7482517f8a262f417318f1edabd0f8c3eb7b4a8b.json,2625,59b73b6218b0629e6b81c2578cfa3b0ac9024359ff6c08e3a4161200553f5c11,raw_trial_result
results/full_synthetic_development_v1/raw_results/db643d19b80ac5908b11f95024b6a134cc2c4e2a26bd942c22eeacb2578021b1.json,2042,537d7a5f2acf97e5794e70c0313b34f5cc5bbf6372f7dde93b88f90602df0417,raw_trial_result
results/full_synthetic_development_v1/raw_results/db649b5d1ed98470bab8bcc3cef1065b3d011603e1ce4a845f25f51e4ea003cb.json,2086,55a1eb969b7bc08dea13352930a6a7c80a7b91fd3858767e7d057728e1340de1,raw_trial_result
results/full_synthetic_development_v1/raw_results/db6d04ddb4b9a7d2993a9ca6f26aff3c13a2161bef81b4e096dccd9863e2f84b.json,2040,9faa8072466a1ebf31e3717aa2bf44577e7bb6dde160741ec7864a95782dbab5,raw_trial_result
results/full_synthetic_development_v1/raw_results/db80d81388d7e35a5fb2f0e0c71a982f751447b307466e31caa91db97a91eaad.json,2670,2beba00bc521bc2b5ee378c7bc7ee4a7c1fd31e01dc3396b2f6a0a4d2769c40e,raw_trial_result
results/full_synthetic_development_v1/raw_results/db95983e3c4392e246ddff50f75a1e02a4e1e5583819a97fc2d90ec993c3eaae.json,2081,dc81987748d7958222ad89d77ad2de9c7b7a17b757b2c67f6b22dec92aa56a6e,raw_trial_result
results/full_synthetic_development_v1/raw_results/dba7ae540990d2797b640c133f585f200e0d26a5eb4abe2c6f446337e63dfd87.json,2701,5118f1aa9ecdc12347445145fde5899ce3ca786a8fc14a84cab5a5cbf6c98f27,raw_trial_result
results/full_synthetic_development_v1/raw_results/dbac8f14c9f010ac8ae8df0658a0224581fb2c8750d44009abafe5257e01db10.json,2701,dbc75401e112c38e232363b7b468dff001b479faebc951969819d8643e25727c,raw_trial_result
results/full_synthetic_development_v1/raw_results/dbb289a544488ddef486602c383d813d92b1792afbebef8f703224d6695392fb.json,2012,e535e0bc1ce2527ff0df476a62220a333639f55697bccc7bed459818fcc61c44,raw_trial_result
results/full_synthetic_development_v1/raw_results/dbb509414d67999c6b3c2877793a5e09b67ff3f4c7b46c88c91d982539419193.json,2633,abe372237f67ccfe540d3c18b6cbd1aab892afa539cf18a30ef9e8ecadfe9ca1,raw_trial_result
results/full_synthetic_development_v1/raw_results/dbbc2e31e83be424ddc1518ffe23e55c53f0d1bcd3faccabdf5591fe10682159.json,2019,bf25c6b9c96c2bd2a26fcb29ccd9fd06676d598b01a82b72f8a83ba02bf72a15,raw_trial_result
results/full_synthetic_development_v1/raw_results/dbbe5899d47421c7fa51b1227a044f00989fcd12a4fb5807210147db1b09db00.json,2612,24ea2414194c2086d4ad2c401e7ca21fd07f9e21f534c997493cb51aafb139f5,raw_trial_result
results/full_synthetic_development_v1/raw_results/dbc6194c3cca7df3cbe712f300f9ab114daa172d6a3dcddddb1f3f1833a05999.json,2665,b74ea3ca28d91875d5349b2b531ced853e3a857a586f6495f8f97ae7529ba6c3,raw_trial_result
results/full_synthetic_development_v1/raw_results/dbce679bb0c34c4ed4f8bd3e4587e3ed09b10f563b773661c08d9c7ca6b47dfd.json,2674,d408c45f94acb7745beb0da5bea1806979cf2564982891d16f0a7f462c4f3456,raw_trial_result
results/full_synthetic_development_v1/raw_results/dc044c4dab3d3b8378c5d9b319b35f7527e663fa6b8607050d2c6514a0c178cf.json,2696,e2a45701910d7a4f50b3718d32963900bdf5e09688f37302c3ced4cead558f0d,raw_trial_result
results/full_synthetic_development_v1/raw_results/dc08433cce9fab8e43e75f61914ea11d30f11601ad05ff8cc93afde3fe847717.json,2000,12e8e56efd7f51e1a73e3e9965d5c729594ab2f7eff9d3870b6c91e4268f02df,raw_trial_result
results/full_synthetic_development_v1/raw_results/dc978e4cc07f76dee0ad2f2d933f9f55f8a1eb1c78a3d3bfc68cfa84a4c8c2f8.json,2686,73d2b49e523451078cc2000a38f0146faee5f3993b2d42253fc60c2eb3db05c1,raw_trial_result
results/full_synthetic_development_v1/raw_results/dca5ea3c2c43d297f59b8570a8c84de3a7825371345b8335f0fd5325f40b89a1.json,2696,49ccb1e214ecadbc18d447688a482ae57a2b817f95e7fa609917cfe2d7b85774,raw_trial_result
results/full_synthetic_development_v1/raw_results/dcc9695c4357c0adf95d9075e2dd6596c12d19393eba694e84b6ba48f8a55490.json,2055,399375e2c3ec32f8eff0d4661403c780405a0414aec1318fe3d057607a69fb18,raw_trial_result
results/full_synthetic_development_v1/raw_results/dcfad766415d140ae23df8e47429c2216e29d006ce5c264cade626e892c332a5.json,2104,ca1c125710f29530668f1090db4ca2350926e5f1b8bfcaec285eed99d19f39cc,raw_trial_result
results/full_synthetic_development_v1/raw_results/dcfc564ab352bb5c05cd1a75536b0379d824158685652ee340518b0c63e6bdb6.json,2643,d1060cbcda74141a7bd0b90c6f10f688e94b50024a834837d67bb8ba03083041,raw_trial_result
results/full_synthetic_development_v1/raw_results/dd4d22c7b9d0898b97d3ceefd2b16f1e668074ba788d7f4a1f00149abd15dc13.json,2630,ef42b36d3b500446d0f95ddee80418bd5fba4f600486da19efc66775b18308cd,raw_trial_result
results/full_synthetic_development_v1/raw_results/dd66160d37a30eeec13bd1f4dd9760d0ec59f4c1d96673c4d20462530aa67e9e.json,2023,a750bf0da5d5d0c35c1f3c308024ba5853e47e392e6ab36b0a2a9b0ef6ad768b,raw_trial_result
results/full_synthetic_development_v1/raw_results/dd878b91792c30d27f7df48f234503bb48ea92e31c21cefb694d527714125dd0.json,2664,ebf8ce898a9e20284deefc5a3e377a9a9a6d5da1944075988825772764c2802d,raw_trial_result
results/full_synthetic_development_v1/raw_results/dd921668c02cbf0d646b0cbdf9ff524f8a97bf4f2090c15abec8b63a8e87b83d.json,2697,3250d5f9b77abe1bf3961b56e09e0f3ba577b7ee4811ae5a79d4c7a8fe89c8d6,raw_trial_result
results/full_synthetic_development_v1/raw_results/dd9461f0ab676ce47e2e579241c1af9d8bbc406897d35823e2e9eba19b9742f9.json,2075,e47eacf4fb3b29f860befe65dbc5c3b7956ea6e808f1a3e3a321eba48b2f535e,raw_trial_result
results/full_synthetic_development_v1/raw_results/ddc99bd28044591958a541880da9acc4a242e7ad809dd6fb5a5404f481e199f0.json,2020,ac9247a5deeef4bb5111a667e4ae413d15c69dbc61ada8b8ec7ead1b3d49f204,raw_trial_result
results/full_synthetic_development_v1/raw_results/ddda6db8b574c57ba6ac26b9332cd52f47d3ef0bde6954376c868e8f3a104ca0.json,2057,79d06337a8a574f88d7afd7411ee865ef3e84467dd1b3ebf188119ed1866f62d,raw_trial_result
results/full_synthetic_development_v1/raw_results/de2765bf3bc4b95ecb13a84a349e2f04a29de5a69cb5a32e5a330821dbf0c59f.json,2676,a5989178c9c435b2e3edeb72818df5d1de73566bf2af6d9419fb313e27b3537a,raw_trial_result
results/full_synthetic_development_v1/raw_results/de7587285fac4d6034d55c01f48befdd6a35414354d1e50e560a98d544c65934.json,2642,20417b2672e82961da480b4867580bdec551521fd3951e6cc7fdf4c7ee76bd43,raw_trial_result
results/full_synthetic_development_v1/raw_results/de77fe203ece35380d5c39631b16d8cf98a2c7cf540d4e39c7a2fd17862750a1.json,2012,51ebc696971fc03c7011e53a73c4f1810eb953bbe47770e4b2b9674ed61031aa,raw_trial_result
results/full_synthetic_development_v1/raw_results/dedcea43abe2a9ba3a4b6df28006cb105c58e81766b10e0f758dc81195b17c8c.json,2015,88395a1e460fe29faf58bf0b244034c440d0e410a11702a0ffeee913b874c500,raw_trial_result
results/full_synthetic_development_v1/raw_results/deebde4f3e3eb40ec73d33b0c296094d38dd42a805b649e04f2514a98f48f5c1.json,2664,5ad4f543d724b33078cea39dd8da0f4ebed10e0218ad58eb527c7a9b6894aebe,raw_trial_result
results/full_synthetic_development_v1/raw_results/df0849624e379f2f2f24f41d612fea4e66151de2d98ad87e00b7d50222ce604e.json,2036,e9c7ddf8bcd13a4f74901fde52f0b848535f3aa57face38cce8fb43d6363e695,raw_trial_result
results/full_synthetic_development_v1/raw_results/df2af43b43cf01159fcd3c172419d91bab01fd62bf4de0257ce97846bd7333d4.json,2693,b60b3cca5788fce8509a23ede0fe658398774d3c098815d175065e1ee873f425,raw_trial_result
results/full_synthetic_development_v1/raw_results/df3df6decaababd9cdd317a131a4f5ee853382456726816729f73f0a0f2bea40.json,2657,2e321e2e1f2ab27c0011e73a617e1901a52084c30bf12d57a9559492fc1cbf9d,raw_trial_result
results/full_synthetic_development_v1/raw_results/df5ff988aab5d3b2b6d7e7c00cb9951537e19ee18be6735ea8d825bcb7e78383.json,2675,e5f13c8a1f59ca09f5e29051684e875a492a21b1fcc9afc85b07a6a8949504a3,raw_trial_result
results/full_synthetic_development_v1/raw_results/df7f804ae140e9e2aec7c762cb3e1e0a1be76fd08fc40ec0f534927fde37b4dd.json,2078,86b944af55d4af64931ad2f4ecd936ca7e0ee691f081b4c130e1f0a9cee5947b,raw_trial_result
results/full_synthetic_development_v1/raw_results/df8ac37c2679c6b46d2dd2d7a3221867410769caf2bb29d33a4a24d901d293df.json,2666,65e79f5f01fe49e3faaa797b88e810c392fc1f9507dc3ea9fd4c6ed3ed4be650,raw_trial_result
results/full_synthetic_development_v1/raw_results/dfab14d29e5eef5fa4f38c8bf377ea50cb02261d181318b5eed43dc6f1779846.json,2682,26fcdb46fcaccf54f8fb72d16778dc304195f44556f7cb38acdb76a7ee9076ed,raw_trial_result
results/full_synthetic_development_v1/raw_results/dfbd4ba8f2e2b9b3bbd8fa0a329bca9cc6657c53cc812edbb3998454374fb5de.json,2653,04f2d0aa36f59edc690dc20c77f6b915d736fd98e5becb1c03dc3c335ae6bef9,raw_trial_result
results/full_synthetic_development_v1/raw_results/dfd2153e2ef9e5aa4906d132b00b95c4f605f42bd41def7c6bdb011b058ae315.json,2646,37fdd4529e301e38c0e2e4111fd8b620893f6d3993e230829b971dbfc00328f1,raw_trial_result
results/full_synthetic_development_v1/raw_results/dfe79a0281a60f2b5645bf66a4c335fac2588c78f580c6b2f7c5659141c1c302.json,2090,b2dac8b77957175693a40bd23d030ad93b67303f984c0e99678caf37b876a5ae,raw_trial_result
results/full_synthetic_development_v1/raw_results/dfe9fdad4423ae350a02c9bd6d252013b09f304a5487bd5d06690f535491bf1d.json,2058,cb5196e4065d665a1c327252b747bdb4854b316ad6fdf9749ecfa860e1e914d0,raw_trial_result
results/full_synthetic_development_v1/raw_results/e0138225c75de1f42cf453899b3c55ade5995675235950a769ddcafb86335321.json,2699,9c252c36217e6f97489f9f19d47d95000eb4c08aab7d1f593344e2642faa9098,raw_trial_result
results/full_synthetic_development_v1/raw_results/e01cbce74c6bcfeb7141a5a78c18bb0561ba275da44e52415c6c6fde3c13bcf0.json,2067,57e90744f012b0935f964d84f507f6b93c0805c4198a8f190be6fa0739a47384,raw_trial_result
results/full_synthetic_development_v1/raw_results/e05664ba7d25f6b8b82604edc856acce619252543e70a664b241ddc37d1ad3a3.json,2060,e5d4f257c463c518d3d8cf2ee649a7223676f1aeca9a885aa6f8d9ff8617074d,raw_trial_result
results/full_synthetic_development_v1/raw_results/e0d52777bf813e59e507b61df2d2246807d58cef69814414ba4c42a2c475fd27.json,2020,788d91270e5b9fc18d7609a01526945c514c503a6b236f252e98e4a571ccb75c,raw_trial_result
results/full_synthetic_development_v1/raw_results/e13592a38d4ba8621618c1bb1c60735eb659787fe613eec76c013d14ddbc8258.json,2639,56fa690bfe821fdee84c63867936ba4f43f9c4ca93dad26920fed29867719343,raw_trial_result
results/full_synthetic_development_v1/raw_results/e16ebb3f9e4fe3d506258b21913b250959308153582618a52505de6439c20030.json,2036,96550d88512948120003a4989368243a6b4029deb19be6ed3f2f1455c3d11f32,raw_trial_result
results/full_synthetic_development_v1/raw_results/e170104f3dc0e9b6d5705d78c75b393b12a75de7ea86e0b1cac1c5a476d0c74e.json,2059,ed625307a4c6008fc416eaf6fd3d03350381c9eff0d2f17f9e0971d184aa3a88,raw_trial_result
results/full_synthetic_development_v1/raw_results/e1bb080b149d8012f66f980cb77e7789a0daedf6a6eb862d6c19abbf56d3f4c2.json,2688,4a8c716f3320b941b8687408542dff7d70a1322283526b310f5234b3cda081da,raw_trial_result
results/full_synthetic_development_v1/raw_results/e1ce07e8a237f3affbe2c2c8ff45a25c1f95f1ccaa693ad2426f5ada81a6bc36.json,2030,06a16e7513a7a849ac16821d36c4a242268723ee6a7ad10e70b328768771e04d,raw_trial_result
results/full_synthetic_development_v1/raw_results/e214afffee7b5e45fa9828bc7f17f3b843d1c818478979bd8c0523fcaea3d5b5.json,2670,8303b6feccd22a01bd8b3ad9cce2b73442352afb8e84fdeb1f4a08974ec7e50c,raw_trial_result
results/full_synthetic_development_v1/raw_results/e22096bb4a486e467521050f5d3bf1ec27404651cf074551a8cc52130342513e.json,2651,33ff7580ee4a89d02569d9a28eee3415c80a674e562c4b081e70f7af1118d265,raw_trial_result
results/full_synthetic_development_v1/raw_results/e24370cbec14b76f2d5b7f1f909b3f7270570e6887844e3b72632ac3b56afa45.json,2654,01be826b2de884e06bb5c02b759967ac63e7963ccda031791b57d7dcc8e92888,raw_trial_result
results/full_synthetic_development_v1/raw_results/e24e53135898de65fd0e06fb77eb10255b2db43b896c06104bb4c088fe71a052.json,2048,0304a73f0d08a61ba20d9d80d31823e21d37640176fda2ea7ae7b8225b0a84a6,raw_trial_result
results/full_synthetic_development_v1/raw_results/e2520510d406f33eb686167fa80cb3d8c0b521ea0cd448674781fc89b494d227.json,2069,08ea0df9defa8d640a0952fdef0a2db81073ae84017ca16ae1a29a96877613da,raw_trial_result
results/full_synthetic_development_v1/raw_results/e26879ba1371eafdc7852d548ebc10961d93ec39879627b826c6ada0887e879c.json,2043,a858ccff25eeb45acbc7791b650540b4666b117fc37bddaf2fccacab8c374486,raw_trial_result
results/full_synthetic_development_v1/raw_results/e27bfe436461491f08a492754102846f13d87375d015d0e2e13465561c1b7059.json,2035,861e1ba5f95da7264d0ca6f473dbe571abe705662a6b19030811f4209472343b,raw_trial_result
results/full_synthetic_development_v1/raw_results/e2873a540c52e9128964c4edc76a1b5f6437d295c848aa02dc60d83857ca1023.json,2633,cdaedc68dcc8a7f9598cb743a2a3152ec463590fc0735c4ffb2fd12360c9b973,raw_trial_result
results/full_synthetic_development_v1/raw_results/e2ac0526d659e430fdee47599167a04f7a64908b10d5648086bb07cd67f0102f.json,2699,72e4439fe658721ecd54288525d92e11652592385d6e9c1df13a54ce44f66e4d,raw_trial_result
results/full_synthetic_development_v1/raw_results/e2b4bd92ffcdc152fcc5b7d8715992526bd248f47b7cdf3020af65ab32f0e9ca.json,2021,6a7fa79e6da702ca13580ef68d18c04d2e2107fd21bb62c5273ab53dc1e8e9b3,raw_trial_result
results/full_synthetic_development_v1/raw_results/e2b72ad0614ecaba5de2704801c301a0316e206a54fddad9adfe69aa67fe8012.json,2054,829d95be4d143a3f97fa474b7978899a8669bf5cb08862ebd77684e202b5da8c,raw_trial_result
results/full_synthetic_development_v1/raw_results/e2b9bac8484a3e77567c6fbfd4cf09a809c71bbed79a6866196f6291d2d40fe9.json,2077,96944804c3285813b01ef32e877a287be760e587272284d378b7fb2472468afc,raw_trial_result
results/full_synthetic_development_v1/raw_results/e2c1a7b829878ccdd85dd3942a2a9c783cd3caae769585974f7ba20a33132315.json,2033,e530148bb5c8eec070f6d01c5502388ac4fc5253bd363d768be031cb8a87e4cd,raw_trial_result
results/full_synthetic_development_v1/raw_results/e2c2a46c0de225d604f0f9e975e028276012a61a95141fb44a49a6db796d2727.json,2661,cbcdcf325014243a8856be19cecd3d4ceeb9cc21cbd52d44516911be6125ce9d,raw_trial_result
results/full_synthetic_development_v1/raw_results/e2c3d936e37f932e70cbb0f8fec5204357aa2d1ed58db69628b63e6db7e67809.json,2030,3ceea10404f370d159152b0b449570539cee902184b13f721d663f0d5a093e93,raw_trial_result
results/full_synthetic_development_v1/raw_results/e2e09064d99481a1fd5309219dbc3390d77e482d2a2570a1c7d1b419f6d19f98.json,2671,6ee66b15b3533451ad13ae9933d8fc8ddeac3b872759d48de849eea82b33dead,raw_trial_result
results/full_synthetic_development_v1/raw_results/e2f1b715dc88a36dffb979dfe2138c0b49e5d2ceea22d5c1e914314c1ba19b9f.json,2035,325fcaf0cae46b87a8136f0e54804ccb2a58e6fb40fa665a825d9ab107f98274,raw_trial_result
results/full_synthetic_development_v1/raw_results/e33419ca40ed18296b8cd0e6dbba4cadbb886bdb9caead409e9131806de4ac1d.json,2063,471798f7aa1a7f2041c276474966f0cfb61975ad65964ad24b5cc93bbc17c793,raw_trial_result
results/full_synthetic_development_v1/raw_results/e370dadb9d0efbe87ea5a17945e73fae52608c2a7cb61b0f5f18a657d9c06a1d.json,2669,c6d1567b0254e50a3f1bf53bcc352d286f7d68b242e1265c8e03103d4cb71b90,raw_trial_result
results/full_synthetic_development_v1/raw_results/e39947b8c8a833e76b7fe975ed7d9cbf8594effe6d9c695727ad3bc63c6f03d7.json,2068,e0c8513f9b9c645097c8bd0e3c2c858a20f3898bc5c8b7b290b0880f823e5097,raw_trial_result
results/full_synthetic_development_v1/raw_results/e3bf6fd834f889b15843d56191e86289432d905f8bc834b759228dc6ef49bf58.json,2693,9799d8551ff297d521a62bc183190eb88309e266e953fd30cac0ddacf74af617,raw_trial_result
results/full_synthetic_development_v1/raw_results/e3daa44accfb6ab77f095d012a14b9c90f36fe761003fc53f6f894631086289e.json,2028,42c209e6e4b8dad5326858145eb613a34c136ad5d9f202b28edef01cac4f3500,raw_trial_result
results/full_synthetic_development_v1/raw_results/e445fadb0fdc81e79542e2ee50e7f20ffa4dd6d66d73b9e05afe5ff33f8bbdbf.json,2666,0cd836053536ef30f9ea68e98833cb17c9874c14ef3a8c54d22d9431fc5223bd,raw_trial_result
results/full_synthetic_development_v1/raw_results/e4b7e77142a48e5c28a9b2b105f7c352706d51451f0db1708112729de7afda31.json,2020,93fb43f786e7e521801762c0cbdac86ee83081e8fb64f50a927019c94d17e91b,raw_trial_result
results/full_synthetic_development_v1/raw_results/e4ce8f49305d204604ef1a36a87f987c2a1c36565f6f6e8e47449e6148d11c4e.json,2059,ba98dbe8b15baedfe6303a870e41d150d070520c46683ef5817be5fb5e215aa7,raw_trial_result
results/full_synthetic_development_v1/raw_results/e56ef38592939b4b2704b4c3259ad547503efc333f97e7d61e138fb951af6adc.json,2060,dc682fccc20eb4dc1ff89dd6b50832d0317301df048351bd9d14e0b3ded80542,raw_trial_result
results/full_synthetic_development_v1/raw_results/e57c76395cbda96851c61326d524ada7787a604838c6bd23747fa848904ab807.json,2646,00cc835b2a6a92bd64bf0919703da45aa9281387c3495e4154527a2360316e25,raw_trial_result
results/full_synthetic_development_v1/raw_results/e5c8d1808f79ffb88d1a8f5fbe8199eb5f0182cb73b40122f30b27df0ee27db7.json,2662,d67a4989aa54718fdac2a1b21313e753877f130d35a9f949c66c59ad53b2aa48,raw_trial_result
results/full_synthetic_development_v1/raw_results/e5dfd0ba81be83612a8a61fbb2cf7650be0b83f5dc29f37d655c102cf0a2f075.json,2689,1f6ce47143ff5436cb048147283d33e0c97156be9ff25d784bce3592d5052455,raw_trial_result
results/full_synthetic_development_v1/raw_results/e5e645248a890d6778b16fdbdaf5b111dfe23ab30324a6116eb32c28162ee9cb.json,2013,a17c88758a0b14ade6963d4e1f53fc8d6333080143471b0c1c2f6e52f954a7f0,raw_trial_result
results/full_synthetic_development_v1/raw_results/e63a38602c217f56d96e59ef58a74432719077453e8a6bbe9b4245a0ce00a82a.json,2037,593feb4b5b7d41a854ddbcf7d4e15c9ac7ab11b1a205988b05e2b788a814cf01,raw_trial_result
results/full_synthetic_development_v1/raw_results/e67fc90ce6f799a6132fd3400e890ba4126119c21f2f236e0bd578bad50af9d1.json,2666,2f308409131b3a636f623cc8991d9a5a96480163d24b19b27957d83ef1896def,raw_trial_result
results/full_synthetic_development_v1/raw_results/e699f94d0c673747ee58bc4f0312c7960b98041987561da70c82f5130e6b25d3.json,2102,38e35035cf5178efde1933cb68d1fc462b0a2afee947a7d8a5c67436e28545b7,raw_trial_result
results/full_synthetic_development_v1/raw_results/e6a18ef1d1cac16878863f318387492d363791af62e5afe9459b5f91f331a99e.json,2647,4e013142106d0d0999260f9dfa4beafdc4c98aced5d43277c189ccdb50f0290b,raw_trial_result
results/full_synthetic_development_v1/raw_results/e6b4ed5e4d94f52c957da95b4d71732203a628b5fa38353f57caee6852aaa2c1.json,2693,dee27a366d282c98caf9c16b4b12b38f79c1371d0c319e2dd6e93503f90a2a1c,raw_trial_result
results/full_synthetic_development_v1/raw_results/e6d956b092302d5d843b1c399a5d300d95d63da0ac24eed9745e1496244db11b.json,2686,67c31ce6b61c590b28ad57976f160f81935f35c4fb6804f1f20929a0150fa940,raw_trial_result
results/full_synthetic_development_v1/raw_results/e6ffa10a15fde044b9e5bdc7a7ab2d6d3ac374bb6edefd488faaa020be5a4033.json,2693,7892181816452113183059464a3d9a83f681baaefe49f7c3f5291b90cbb74e25,raw_trial_result
results/full_synthetic_development_v1/raw_results/e700639e9605f5deaae0f2a4b2c6f9e61ac0c10fad5b2183c144866c91c829fd.json,2652,42c8b6b977a773db5f108a97813ba0e138b5eafc9c6b97987e1766ec41612c18,raw_trial_result
results/full_synthetic_development_v1/raw_results/e70593ef20295d8d16e2ab6412dccd1d566076f25983aefd83c7f55de312d47f.json,2689,d9d884d8c80e1d0bca0522a8f8084a9f3c176239486941824b091921cafce1d5,raw_trial_result
results/full_synthetic_development_v1/raw_results/e73df32e217eb01ada645006fbe6f7fee7070b2c3492916512ef1a43ca32c6d0.json,2668,84338893e0675ccd90fe0917cb955edab523c2450c059a6e38fff5b78b27bbcc,raw_trial_result
results/full_synthetic_development_v1/raw_results/e740f8f5a3bde5d89e1e4481c2a7f854a42c887d3aaa66485d218f9c048a2aef.json,2631,5dec5f83b9827b263483deb33ee96658c29877a31a54cd89a221f6954d515198,raw_trial_result
results/full_synthetic_development_v1/raw_results/e74a61d856c6be6e6cc473688b7dbbcd55c7915ccdb763022bcb3f6ce6789025.json,2046,6fd298ed375a1da08bf55e0dcf0bd674fad4b9a42c80f12d5aa5e2004b6fb8c3,raw_trial_result
results/full_synthetic_development_v1/raw_results/e75c2326520ca904ca2f16c6123869c0771e40ab32670d9117f76f3e511931da.json,2037,43d5c63c7e8991d1bcb02e15db43adf2a149b9a7a2d593500339cc99d4f72fe6,raw_trial_result
results/full_synthetic_development_v1/raw_results/e7ab12ce320262e235287228d49d065a2077ef1488bd71d83ae1dc4ea252a0cc.json,2633,8936fff572b352b8fbe00aa7e39239e2a791475edcd79289a581cfabdb90a254,raw_trial_result
results/full_synthetic_development_v1/raw_results/e7c995e04f06657423c56dfb287911545658de3da53f1adfb963026d4ed4f727.json,2648,365480085695e23a777d11148c32a02e2c2aa7e55ae8539c365211358d3909a1,raw_trial_result
results/full_synthetic_development_v1/raw_results/e7e8bff4ebdea4ea6079ff9696038dc178a86d24420cf78acfca1f42db0fca93.json,2003,3e42170c7e826861aa7550ef5d122873953d3294f1a2fb74b0c9d3f393a09961,raw_trial_result
results/full_synthetic_development_v1/raw_results/e80e74154dd047907d79ca0c2f7a47b74219e989151c61b33866a31ba5b1219a.json,2034,e027d2b0ebd8f693e9796ce2544ec8ebaf9f25ddd168c62311f0a6e625511756,raw_trial_result
results/full_synthetic_development_v1/raw_results/e81765c83b12983d68208beec8f3ea5a97a5baffe6fae4f591e40c96d2080eee.json,2666,194a52155b2a3fdb869f627924f65168e96d5eb56d20348eb6e042545c1a2482,raw_trial_result
results/full_synthetic_development_v1/raw_results/e84d0cfd27a6e60f769a13861cc4dc77e554413f6aabcc3db1ce9ab0935b11eb.json,2624,38bbac7d3ca58bc3893026e388fcf009f36314a85f65278e1d14d2068e1cd04e,raw_trial_result
results/full_synthetic_development_v1/raw_results/e85a393f90b47a8c713c9e7cad0f1f524837956b7d5ce46ef5287be987437c4f.json,2065,1c0e5a9f7f6f826be1ce268000a664bbbdf75070f2a7ea821fad8a20e2b5d9f6,raw_trial_result
results/full_synthetic_development_v1/raw_results/e8994dbbc7dae62a9648fb7f0b8ffccb4d32359a56c34da8f8d184c1c31ff914.json,2027,5cf377e504c075a8924c8e18be7d9b453ab8f36f7143af729ec0344a4adff413,raw_trial_result
results/full_synthetic_development_v1/raw_results/e8ad50eb9e063b24e3837f2ab48b4767f410df120bf2413aa6341600ded5fef5.json,2641,74a4472eacc2d8e6b52f6960eafe20be623d0e2466999fb254249acdd84bff44,raw_trial_result
results/full_synthetic_development_v1/raw_results/e902285082f89df0ee1b17e0ba0eeefd645f9d7b3062b58beee2195bb72e4337.json,2056,db7bd7fcb55dc79c21c4bb0ba947333f700f0f31185362678f4d3e8a6e0af071,raw_trial_result
results/full_synthetic_development_v1/raw_results/e91506e543f8240f651563037553a64ea82de996a7a18644ea4f43f55042df15.json,2673,606441cec280da1cb5b2d931ec81c05c0d954e2f144ff95087e7ad22e9f8de02,raw_trial_result
results/full_synthetic_development_v1/raw_results/e94a3f9b4db7f7902a13b633fa4756f607416606c96ca4d618293605befa182e.json,2047,8df8ff671cf71a9e1bf2000df209237de98ce2fbcd97850f843be6092a72400a,raw_trial_result
results/full_synthetic_development_v1/raw_results/e95fd049fc0ee5359bcc3ac148f54384775a0293ae2723c033310b8e376fbc67.json,2640,eac57ead814db1a36bb1ca12da2baad65eeee0dd0ea056fb61d363edc63cd3c0,raw_trial_result
results/full_synthetic_development_v1/raw_results/e96fab3fa5ed1c15ae57d83a4eb83d77354a77bfe1f41a2a580c85169ebfcb71.json,2690,1e4316972cca301848d36ac5a015b394b5d8f09e230366f65d4807b884cb1065,raw_trial_result
results/full_synthetic_development_v1/raw_results/e97685e4ca605066d372318e5b7c00d7a0d7f33cdefe6d38d8b52d30cdef6b52.json,2663,9f14e5e77fa884911c15642e0d35f2436946bb0f7a46cd06722ac1d83cb6a557,raw_trial_result
results/full_synthetic_development_v1/raw_results/e9912ad92fd9dc0f0f14d109e86731b8058689eb96494bc816113de6d1dced2c.json,2663,968e0ea213cfa866cd26ead02bfe651161980ec918e481e0d1c42c681e1c8cd1,raw_trial_result
results/full_synthetic_development_v1/raw_results/e9a3c0d73f729a61ba15d7d852b0ed388a1e89aa47c7adefac48fd397dc110a3.json,2012,5649969675e0ff204f7771bf20c936cf442ce7b79ff0ac6d1dc44493db0ca174,raw_trial_result
results/full_synthetic_development_v1/raw_results/e9ad71e6981b6ec6ed3765ea8bf05d2c3c400726526ef0937d2cb0fdefd88cbf.json,2643,c610649950796191cadc8d13ebf633ec992b8907071c8cd817ce97db5c8f0e71,raw_trial_result
results/full_synthetic_development_v1/raw_results/e9ded61688daeb47e9048ec3b95d782a8df571f5916b6b484cc0f30cf4389aed.json,2696,8461f55e82de4e4755d5665ac9c58094fc6376566adde359f7c4eef78ce04f6d,raw_trial_result
results/full_synthetic_development_v1/raw_results/e9e1b2f8ab1e2affd57ca6bf69c851d0e0c1a18b78f25d7eb4e512e0c3b9a3b5.json,2660,e4854a057d344f7dc474f50b835e56fb0d9069559cac75cbfdaa1ff8a6bbc1bb,raw_trial_result
results/full_synthetic_development_v1/raw_results/ea0c32a2c4dcdc2ef1bba61d9a5c432208a161bf5b12d7d787fc9aa826097636.json,2686,79819bbd7c40f60aa0ffd9e907663c2e4c6e24cf5351a4227f203b319101f55f,raw_trial_result
results/full_synthetic_development_v1/raw_results/ea149c6b3f4dfd6d8598dbabcfd691d18c137a286a09031ddd943da8ee4c4dd4.json,2038,afa9685c093f18e8f9d77dd347cf56d4d9c0ded8ec04e5aa808b5d817866c4dc,raw_trial_result
results/full_synthetic_development_v1/raw_results/ea536e10ce4850fa25339f5d25e8eccd80104bc5b905803cda453fcce47a4c5a.json,2648,0688d3a14483c3125f87582563bb02b1def6af7867f718a2252639e245375f4d,raw_trial_result
results/full_synthetic_development_v1/raw_results/ea5466d0f960270d36abfc0b0a763bc7d52f33570352b10da82e713a794b0b77.json,2034,aa06ec8295d21c4939ba961539033cad8b4289b320193e2f077ad56e9cba8b16,raw_trial_result
results/full_synthetic_development_v1/raw_results/ea56abc4eb99505736e10c6318577235a42442a45240f18635e65568e0aa6cdb.json,2074,64c9d1966b8402a0194ed97667416cd37088eab785ce55b9b775a0a4a39e8386,raw_trial_result
results/full_synthetic_development_v1/raw_results/ea6274e0b9decab94d394e9d2fc3242861829212cbcf02fd64218a6de86d7d33.json,2643,ae3ca93f30f497093d971eab95c077e1eabcf5beaaa68910bb670fa0a5543cc7,raw_trial_result
results/full_synthetic_development_v1/raw_results/ea97c47796ae100654fcc44038da17582c74cfa180d809696ce77ef14d51a32a.json,2057,5ecca76fe8144cfbc3f92e741a92bcb5639189ab9713d6ab8a52e1410d4d20d1,raw_trial_result
results/full_synthetic_development_v1/raw_results/eaa58b785e8c309d12ad9c413dbcbc06d93c848aae0f437e4ef043e6bab8e3ba.json,2021,dd2b61c6bb209fcd48a09d418b6d78b9ae8743d246ade08445d60cc2bb781491,raw_trial_result
results/full_synthetic_development_v1/raw_results/eadfc8a7d69c975b82dc18df7fad968cf742f6fa4d891b2efb2265d209324cda.json,2698,8e655a8148dce460e3b090839e1ed63056b873d581638e9448cf269057e673eb,raw_trial_result
results/full_synthetic_development_v1/raw_results/eb03d34bad21825691ae4b718287ffc99f2b4be340b31c5b65068e0792bb8d67.json,2642,672ad4e89c35e168d75d28e0310d36207e82987173840435cf7cb091010fc8f8,raw_trial_result
results/full_synthetic_development_v1/raw_results/eb2c9f110aaaa819a9762a180c929a83541c5adff5b08a917dd46f67dcec1c9c.json,2637,01a1b5488f727b2d3b13524f9e2c1be4bc5f607b811ca6d4c84ccca25434d079,raw_trial_result
results/full_synthetic_development_v1/raw_results/eb2e53d022de4871b7b44fbc9f742f73c2074b2c2a2fa15585f522c1c84b36ea.json,2045,9edbbbcb5ac60bb82c2936ea8645d0f986420c31c459280b3750e842669b2534,raw_trial_result
results/full_synthetic_development_v1/raw_results/eb42de8d14957c25baff7b3b226070382f78f0f257ec5bd0d2a4638ee7df43d5.json,2058,ca6c3fb7e6d4cd1e4a1c0694a88519942777a48475b5db070b7f11ad682a7650,raw_trial_result
results/full_synthetic_development_v1/raw_results/eb4ac3d0b60fb6b2bb174f7236d94339889861dd8b4e1bfd53ff659bb419cc98.json,2689,486e69ccd9885166e5aa32a1c1e6383aba5d9f948563ca7f3d8b95cb145ebd51,raw_trial_result
results/full_synthetic_development_v1/raw_results/eb550dbb4a89748c5dbf47b505188202ab1f8f2a0997b939885a86be3b6de0e3.json,2634,2d0d99f8254681df3b121087780b9d4d379e1a4fd9b75433486db01783f510cd,raw_trial_result
results/full_synthetic_development_v1/raw_results/eb691563f330a5ecfd2b55cfb2e2620b714b78a7bedaed0d52bb74cb1ca4afe8.json,2696,39808e5ed246d336e85eb441cef702758f20539201aed24fb20bf2199b5ca0d1,raw_trial_result
results/full_synthetic_development_v1/raw_results/eb6dcc12d497fa1c94a9635091bdf4d0dd9541bb23511f1c31b3792af571985f.json,2042,3540250eb6d93dade414881f7a197ca64996b4dd2b34f4b7de5dfb0bbf147d33,raw_trial_result
results/full_synthetic_development_v1/raw_results/eb7117a43923ba80300e76445faf7132ba5bb3d6ca52f3b9f5ef0bc7f36bc474.json,2673,19e6c089a3ce55bb860463abfdda8dd5a35efa5838e816d82f8f0d0f123e7dcc,raw_trial_result
results/full_synthetic_development_v1/raw_results/eb73fc53889de2a37a064135cbe8e8f0645496dc1ce2de3e978b79626481dcc1.json,2015,09de926a71cb764b266193e4defe87ed40872daacda04b3864a54ee26559b603,raw_trial_result
results/full_synthetic_development_v1/raw_results/ebac3da24ebfb676906368779ffcd8609aa25eb11a41b291a789ebc0ae7d2bf3.json,2025,1df3071fee7727e3e6667b546be2a493a15812909fac6a94e4d305d23510ff5e,raw_trial_result
results/full_synthetic_development_v1/raw_results/ebc2d1305b4c9558b12979d4f89d0101d17c3d132e02b90d57b62e2610d46cff.json,2042,6896372878516dc3e7c23efc9f6c9595efb1119229813dd5c2e05ca750d46a08,raw_trial_result
results/full_synthetic_development_v1/raw_results/ebc7929ba3f75fd5313f14861769c2c4f231fecc70b38f2dbe21c93cdf0dd5be.json,2016,7ed7dabd375dd163cac7bb71e7f68aab7d0b48389c8545007db862fe9dc76325,raw_trial_result
results/full_synthetic_development_v1/raw_results/ebde21fdbe9971b0c88af772598a7748ad7a4b82df211fa83dac64dde08cb50b.json,2020,de3a51821adffddffb0aa687b18309a73362ef75e25b94117f29015969e180fa,raw_trial_result
results/full_synthetic_development_v1/raw_results/ebfc8a75528e8123caa0fe3c8249c93423b9aff4f8e3758fa903b414b68c35c4.json,2673,d46e4a274c2530491b441e0613fa393aa504260ee53491468fda6c7375ecd5f0,raw_trial_result
results/full_synthetic_development_v1/raw_results/ec078772285255538078243ab52efd9befa1c0d31d8d1089d2811aede5db5867.json,2023,c86eeb4d5dfab0d9e7a1c8e24599e543fdea2b3235b6d2af7d8b39fd927e045d,raw_trial_result
results/full_synthetic_development_v1/raw_results/ec1aed889351a6c6d17f48a8160396fc979e6b4ec4ededb9b514b028ed260409.json,2035,1f314121651bd9bf6995eed329c2f2a646ee639e32b7d562a7edb2920f4c0b5e,raw_trial_result
results/full_synthetic_development_v1/raw_results/ec45f989eb6273c2fdd05616e870f7debcb48a02f12966d1dfebcbd02a6cd5e9.json,2021,138b9c797b1d139b92fd7fc29077802f4a422c6770f406fded56b07053fce338,raw_trial_result
results/full_synthetic_development_v1/raw_results/ec478e092fdf4eff22e0abe5c1bfac7774fc6ec25bd7b11c85ae30f7e5570250.json,2693,0e0a5b197ddf37b9f4877134579731005ba0e1bf708b7c682a4d6d63f7745745,raw_trial_result
results/full_synthetic_development_v1/raw_results/ec524ae1f10f3082a7daafca813f1471e44f1fb402cf3b891e4172ec3a8f52e7.json,2697,02ef2ada457c41aea2c7ce278f65794c8a372c9eff44efaa4bbd42335b4e9bd5,raw_trial_result
results/full_synthetic_development_v1/raw_results/ec70246626f455e071e6f29dfc9cf808da7ea5b03a70b48b76ac3db5fa77b4e1.json,2690,1b19b235f346c91fc0944aa03c644090089adae80795a53b7e68e43b629c7b23,raw_trial_result
results/full_synthetic_development_v1/raw_results/eca91ceaef7159d73142e93c49f73ee46fa03114d59f1b36d12b998a79537874.json,2673,b335022254372c2f5490307a939bf9480101e9bbe2628f1b29569ccc0e6914ae,raw_trial_result
results/full_synthetic_development_v1/raw_results/eceeb528c96e220fe2eea3ce9b444bec3310cef31057c2294d07eb206d9d2498.json,2647,86a6d84b51709fad5f713be39c48c8d432382586debc950c673e209fa779a8fb,raw_trial_result
results/full_synthetic_development_v1/raw_results/ed4302e2f2ac1456cdb777a1486bc0d8b6766b66de753e33da23551a82efc552.json,2655,126da9e348b1911fad468e77fd1a0280943e22d57b2ce2fc4c7a127ee3ee072f,raw_trial_result
results/full_synthetic_development_v1/raw_results/ed458a8c71f835898a52da2ba4271270d1d88a5d778d930eba56eec452f657b2.json,2022,c54651025cc63e4612e9c10292022833b397a3196d9116102a93430bc2899ee7,raw_trial_result
results/full_synthetic_development_v1/raw_results/ed9cead2dcdfbe0306c487d0b8266e3705876189ce5f2e7ce7baeb6029783c9c.json,2638,51390e30d26853e5679642af40258ff414ad9f895fc8e82c72359032652cf6fc,raw_trial_result
results/full_synthetic_development_v1/raw_results/ee1b47c4db1d7cb0ea1a4745249fd4a16a5b8af97a38b93e2bfe1c35003aa5a4.json,2646,a8d4fc7befe7efbadd4101ee8f6d193f59566585450eacc375426abe5c870609,raw_trial_result
results/full_synthetic_development_v1/raw_results/ee202bb4805b2c9f4a6d9964a4cec2b11a15accc35ecae08883da3c1e41728ad.json,2693,3ca9856fee1ab7225e2ef8f5a50b63ade54df88a704f45959204b39830f98211,raw_trial_result
results/full_synthetic_development_v1/raw_results/ee3b322ad7f0c5b6da3e169c2a682cc4fd5f0b3cc628a7e7dc1903b9f2d3f8b1.json,2055,b5e072e64819733a934e91d4f6b4b60d8c8ea88b018ce3c430edc097fee2ade3,raw_trial_result
results/full_synthetic_development_v1/raw_results/ee6cf6d16fc0661151c00a6d799175e70ac32f965959eebb2d4878573b8e8064.json,2701,766713ed86f4a3639a0aef2c73d529309f43b6fca11fd4220b7e9fdc30c9f19f,raw_trial_result
results/full_synthetic_development_v1/raw_results/ee708c0824a4b0d1122037be5b50f93f74eb2e492276d91bfa0b1c9cd18971ae.json,2633,c7cf451af068503be2d346c3d78e1e12be71286bf933f26da0c05acaa6a91ca7,raw_trial_result
results/full_synthetic_development_v1/raw_results/ee883548cab5596b778861746173d71dda5ce0b320f3de7d3160c241df5f5692.json,2029,979b8eea7823360ba480108a7bdb8d6c6a278a082f6294071516a47202933122,raw_trial_result
results/full_synthetic_development_v1/raw_results/eec0e7deed5d86fe8bc77a115c65f1a459f137027bb22fcc0cf604e40886a8ff.json,2653,79ed990fb6a2d2f5a587fb488b6f7ef582adc907e9ef19f290032056df5afd2c,raw_trial_result
results/full_synthetic_development_v1/raw_results/eec6ea439f7dd58dd9c4aeebb1bf8ae008f40dc7594297101b0bf0a695f86c66.json,2655,8d253f1cd1fd6dec1805e8f53430af3c74e35fb19c4126ac0b606df4f7efad40,raw_trial_result
results/full_synthetic_development_v1/raw_results/eedd392c3b4013bd5d548f6bc9df2078b10c954ff5d384f64468638b9595c915.json,2044,d2242fea610eff543e5421d4c7a8050e0fe1315f228ff1480c5c7deb458cbea7,raw_trial_result
results/full_synthetic_development_v1/raw_results/eedfe4f3bb0f47156bffe50326dd309ae249763c3e60c71c736cfc6a7abfa67e.json,2688,b5932d57ebfae63876f7d07a9d0104b7f7e01fea141eb488bf378c20d6e7a0ca,raw_trial_result
results/full_synthetic_development_v1/raw_results/ef125d55b8b41f686369218296b91e5e58d351cb25673d60abf8de96ad60ebe9.json,2054,d34b8200c5fa070f0cc55ed436ab286fae7886abfc86f0a6fbc33702bbb0376f,raw_trial_result
results/full_synthetic_development_v1/raw_results/ef202e94328387ce354fbbbbb072f2184701d126c9d4ab81f2b0405b1b01b360.json,2663,fff8995bf3b81929900a092a4bbda3a57cfda6def60654a9ff2e68b2f2573925,raw_trial_result
results/full_synthetic_development_v1/raw_results/ef2de608223b3da20a32900c5a89a91cbe766d48493831df205914fe98b627da.json,2037,1440f3d05adf9c2150af6e4d7cf2c1e759199f1cc033dcaac9a2ad1b52cc912e,raw_trial_result
results/full_synthetic_development_v1/raw_results/ef38620b83fe7389aaaf9f2d88f7c3aaa0f42e88ee8bf43c0341f94f233cd4cf.json,2033,378679e3fef99d2492cd5b38e7bd3d7c49982494aba55ab88d924bb9420b4f52,raw_trial_result
results/full_synthetic_development_v1/raw_results/ef55a05fd674de1e4f635525c80de6ff1fd3f707655c1eccb54a3ad8563c3d28.json,2656,39641a6234e27aef1cab5fa31db289e9b71019420f7b20556176a47b101f7000,raw_trial_result
results/full_synthetic_development_v1/raw_results/ef74baad717613829ebb79f77cfa13e46205911cad022826e76f6c4b15863290.json,2663,c4e18ced58db56950a71a0e7de3f5731044e620e4d4231635bb45ad78490e7c6,raw_trial_result
results/full_synthetic_development_v1/raw_results/ef83af9a35574dee3dc53341d89a69580a3e9e8f07bdfc9d3137de91e762e688.json,2028,90dee9d92b6c642397a156fb22025717f560d359d11f72918a45abad8ce2e9fe,raw_trial_result
results/full_synthetic_development_v1/raw_results/efe1d7cf3690df694699832600784564337752111dca408fd02b9380476fc6fe.json,2057,a09eb9f00a1717d0fef5556bfcf95b945ffc9f7e8ad8f954da6d195cbae97d3c,raw_trial_result
results/full_synthetic_development_v1/raw_results/f01445a737743537a77cde8d49ea9ec09ff6355a7c844ced55b962c9567ddeae.json,2073,f9cb57f0991051a619a4b7b552590caa97bd2525d8b9da78ff92646674f558bb,raw_trial_result
results/full_synthetic_development_v1/raw_results/f01b9c58f96730cc104be3927810cd250fd9ba0b42fb3d9380f4809cffb856ac.json,2619,9c5fe71d91313d77532514296b300fd04b89686e21f9ba37c11895e3055e5df8,raw_trial_result
results/full_synthetic_development_v1/raw_results/f026fb5c2dd058532d5b239b647afc17f6de9f4399cf3336cbe6ddbc87ab807e.json,2064,302cacf753c0d00c8909fb381b919e06a1b6c1fa33c9e2733118130fe98cdbc2,raw_trial_result
results/full_synthetic_development_v1/raw_results/f030ad142dbf613b36190e1d4180706affcbdf24a89a812bca4fb43a71930fc6.json,2029,ff86a746b2e3b28a95230b1a4179a95ebec0808fb52d9bc4bc50d61da10ee873,raw_trial_result
results/full_synthetic_development_v1/raw_results/f0384dc765decd97a8d5ce2b53ca81dca9cd0551f7f3d0f9591a8c6d29f09c6b.json,2045,aa98aee9e8cdabbd72442fbc2307bdd1e1991171b391e4d51bf3b9bf754130ba,raw_trial_result
results/full_synthetic_development_v1/raw_results/f03921b7d2228abe9ec2f755897a71755871fc3ac17e3324e8f6b6b8ed284d01.json,2610,d4e43b7e785bfbad9f2829dbe3c0ada4d981960425e0d5861d59550cc3a02b2a,raw_trial_result
results/full_synthetic_development_v1/raw_results/f03dc175e60b96dd4ae9d64716e124b2d529935c908442c2bf00fd85e45bd6ff.json,2095,86cb008ffb7ca96e2c32362574a37b046b265df41b8fb4d164cdb29a90ffe651,raw_trial_result
results/full_synthetic_development_v1/raw_results/f05dd5ee1eb8f73311436c8b9e5c87d001fb93b7d1f08b84571fa64c6c962ff9.json,2038,8d1a852d284ac9e533facb76669f0fb79f59dfc8bc7dcf60c54c35eccfc844cb,raw_trial_result
results/full_synthetic_development_v1/raw_results/f0ab12f77881926b7b243094184345e19f67f318b2ce481f0ad22320fa13980d.json,2046,3996fadf3ecc8e11b462d3f5d1af4844a3302e58debe597308ea63a467210fef,raw_trial_result
results/full_synthetic_development_v1/raw_results/f0e207b29b7cef9b58909be94af182ed5640e92d59746f664d2dd67ebc53e37f.json,2045,f288b27a078e06c4f1e45664b8c16de37ff1fdd47e113b4e2aafe44d7990a3b8,raw_trial_result
results/full_synthetic_development_v1/raw_results/f1195188bb6c026e454380121e29b97608bba2b1390ecc1df181c909dabf070a.json,2059,883e4ee57b866185d6d1848d0841c404a9b36e665bc97659d4ca851e7013a862,raw_trial_result
results/full_synthetic_development_v1/raw_results/f1224a278e9f6043cd146b562f0cd936cb7d07c64ce0f300e739ce373dce0d8d.json,2700,013b4c36a34ecf2c1302e14ad9b1a0f99e929c9a82b5080d9a10c2abe1e5dcd1,raw_trial_result
results/full_synthetic_development_v1/raw_results/f140ae645d60e5eeebe1709e83422f4048601f9d6f075bba4af18f7f35ef16d4.json,2051,8d4f2dc9d3dd735112ca02fb4e3534ecbc0beb718f537b4d1742d3a66614670a,raw_trial_result
results/full_synthetic_development_v1/raw_results/f18ad790a740cd1eb24c0f599bd4d88f693c7803631f99ef79422964bbae79f8.json,2612,d04d83b9eeb5fa815df3a91f4d6e9c317ce92632836b2a6eaf0c0eda0b243b56,raw_trial_result
results/full_synthetic_development_v1/raw_results/f19aecbe6c5c2047ec8adb3ad5b9f2b814d92b5e770e404a4df33a811de299e5.json,2622,57b9b31cc38ba4a3e11b25664e587e3f04c0e2db7b297ae2738112a11fcd8ed3,raw_trial_result
results/full_synthetic_development_v1/raw_results/f1b88711764ec45ea024df4c7b886ac942150f4c7240225884be67abf124d485.json,2037,b701756d3b72f74ccb7bb0d0603ee42ec353c6bdc7d3de0bfaed4a68b4a4e6ca,raw_trial_result
results/full_synthetic_development_v1/raw_results/f1c4317f048f8be9d4c12ce49c57cf1a008d52426f37e312d8c8726fd582fbd9.json,2652,3c17462b2791482bca914d01bb3ec6944c40c24c10fdbc0a0c2b0866c2c87c4c,raw_trial_result
results/full_synthetic_development_v1/raw_results/f1cdbbed10329286ba9f16b5260fb0de38bbe26bc35a42985ed9e3a02aa394ba.json,2037,7398f750bcb8292c2675c919dd02f7aa1cf16e0b4388375aa9ff7b2c31a56698,raw_trial_result
results/full_synthetic_development_v1/raw_results/f1d65097820cf68b93022e3c0e5e813a9a03e90d96b51eb308446c2ecfb85d64.json,2699,b52aa49a2342f1159f88dc597894e5aafadfeb38f6624c54024826a7a553f5cf,raw_trial_result
results/full_synthetic_development_v1/raw_results/f1e28863db30dea9c4865f38ad84d243a7024ff8e971ec255c34f063fe7ad059.json,2674,034ceb0f8d2cc154c79f73309546f0cbf725a8309b113ce7d8e3eb05b646658c,raw_trial_result
results/full_synthetic_development_v1/raw_results/f20e0e9279d14944d3fb5c6bf9d5bdfddddbfe22c777e87aa67b047b2787e8fe.json,2050,e081828c9eafa6713ff577395d3cfe1038e4513e0a09796ee9ff908e77801973,raw_trial_result
results/full_synthetic_development_v1/raw_results/f2219f5263de866fc6df3b21fb8f134c07891d50ff81ff75e6c52f8b93b0970f.json,2055,99143dd3b8b1df2896013ffe13d13f0bac6129a6b09951c4e83c19dea29b15b8,raw_trial_result
results/full_synthetic_development_v1/raw_results/f2b1c5d124b6022bd5e2d89b554d89757ee274808ba75feb7a7a1229493317c8.json,2671,937d216d3742e18e7fac8d828bf4614d3ef99fbb81278bd93c76947c1269fe1c,raw_trial_result
results/full_synthetic_development_v1/raw_results/f2e75988ce08babe3550a5ee55d976ab48406eafe281271a0ad1debf04d77c4f.json,2645,242fa495e19d9d18d6722c70631e6b09bdd82c7d9686a5a4571a07f5b60298de,raw_trial_result
results/full_synthetic_development_v1/raw_results/f3071f550b19dea341f1494c3856724d2a885fea1d8f6fe41edd681fcfc3c211.json,2017,8d5958d48738b9fc8875fda99b77e89ccf79464c206700e52804aa056f3fad62,raw_trial_result
results/full_synthetic_development_v1/raw_results/f34fdc1da7f69d18e5aedec9c16ba71668896ba0ca50857243bff15d1f067945.json,2029,1cc6a02ba6229def77a1ea382246d501fd5830e05c5ade229f254bbc3fa39b51,raw_trial_result
results/full_synthetic_development_v1/raw_results/f36b5b9d9f56e147108ad5e962e0b90d9c7139921dfa6e9bb71ebe44705332c7.json,2673,129fdd77a56d3b6621f71dcb2870b9c1768a022dbc62f486fd869e71035150c1,raw_trial_result
results/full_synthetic_development_v1/raw_results/f385b99508d91e61f88f1e850c1ae4cc9ef12d7eefbec9118a74baa04a0a1f4c.json,2079,3169f920d09d728539103767722145dd2adfc7df4d9d1f606c63e8238d59df36,raw_trial_result
results/full_synthetic_development_v1/raw_results/f3919c9aa9db226a346a8741e53df927518a3c6cfd3446ec26eeac0673e40502.json,2082,185807b00465cc1a0219ce2b3ca211faf644b4101baf7bba7d8ce0c03b9483ad,raw_trial_result
results/full_synthetic_development_v1/raw_results/f39fc7788c636003706a7a5b5816f66e58f2f3a608afc6f69adaf6ecd17566fe.json,2617,f08ee0d153190079d9429b49ab84d5950257a2e2b8780d8fe5ec75f883ac0545,raw_trial_result
results/full_synthetic_development_v1/raw_results/f3fc2b26abe1133b44371abf1e40281bfcd8494a181580bb5aa29e06453fa8db.json,2058,960b1ef73d9df84f140d4554d0b37109a6b7627591a05783a8afcae17e4a7158,raw_trial_result
results/full_synthetic_development_v1/raw_results/f413105119499dc8794f4a612ca172ec64b61d2a5c8c975c564184a768474573.json,2653,dbbb40c1805bee291376b909846f794348d9806ac895cb035fe33d3465d8d990,raw_trial_result
results/full_synthetic_development_v1/raw_results/f445477eca00df627ecff5924955829ec80e03b683c46d36f60f7b36dbab499f.json,2046,06fdfef20cd0d3827f0df8f99bba2e33a434e8e93bcc913dccf2ff37fad0e7d6,raw_trial_result
results/full_synthetic_development_v1/raw_results/f4684c3a292270866c6123e7cdc4af5953ac54c7dc5aac824afc09c7d6aec4f4.json,2671,2e092840ed959d6560e36c9655e6717af16d936ad21964b987fafae3aca21dc6,raw_trial_result
results/full_synthetic_development_v1/raw_results/f47c2d691da3abceae51863265ab3917c82db8bd9d348c4eb19f42ad949a09cc.json,2068,a05ada3678c7dff7197c45816530865eb2dd2f19625567c1578d1a80f72c2c1f,raw_trial_result
results/full_synthetic_development_v1/raw_results/f4b4f00b937a8729b010251d9cbe250b9b12805ba97d782e0a61582d329f965f.json,2643,3877a090305bb388847b67f42531976c652dfdb56af222a29b17f5704753f09d,raw_trial_result
results/full_synthetic_development_v1/raw_results/f51147fff8728f022db06a32a676abcf9fa5a9431fa559cdb9b94ce06aee8cbe.json,2710,64f192aa6093ad6ac85bbc919ad11fa2bce629d026ec6a3c18ae809189ee27c1,raw_trial_result
results/full_synthetic_development_v1/raw_results/f53ee77d5e62e7d81f72810be056c59c6785816d05044edc01485e9eb8eadd07.json,2676,9b7f6141e1d26fb6bd9dc2e83c92fdcf0d1eaae31f8e682e72a24e2a1397eee1,raw_trial_result
results/full_synthetic_development_v1/raw_results/f55d3cd5e45bf68a7915716258fd8728bbd5e466c2968ce8ee29f834374fdbc4.json,2067,1ff1f2fa0df3ac9e9f537fd143e3ee10fc112ba5a124b7865d8f2273e92945f3,raw_trial_result
results/full_synthetic_development_v1/raw_results/f60e93d326ab705c3e3c7562fc2841e2b40801b960f29d6a362af771e27a13bd.json,2660,7fc00a5c5b8254daf0103e1801ea29ea89e9825d7871b9c32dbd80fb631f8c2b,raw_trial_result
results/full_synthetic_development_v1/raw_results/f60f06d200a0376777805189c0de56d4bcc5ba26487b71324ea3190a7cf151b7.json,2040,e485a970f23cecb55c6aaa4cc0b7969439db2f9250620d94fe8219b5dc524df3,raw_trial_result
results/full_synthetic_development_v1/raw_results/f6229cc893aee5e0510407213e1a7821918812fa0680cbf2704bd6995b3eab4c.json,2647,7556a2e7805d44177c56775e77557f8eaabc3ce64238e8fc0d987ed4ae724a31,raw_trial_result
results/full_synthetic_development_v1/raw_results/f63ae9cb50a7a0ba2760b2d3e7176554c7c1ba03890f86904dc6b9135e3be2d2.json,2036,ee5381385279ca668e904e68aa0f1e28fd0cb221d1bbc6313a4084da7f359c25,raw_trial_result
results/full_synthetic_development_v1/raw_results/f64c3df3a1c5c6be521e8f027c0d8332f73031e6cd1e9864a559cf311f471ee0.json,2062,4219a63ba6d8c4d10bcdb6c01be2c7b42e70be0c41be7f8617825df061f857ef,raw_trial_result
results/full_synthetic_development_v1/raw_results/f69b5776673107a9c92228d218b55369766bf270b6ccdb5e52e8fe4237a7d51c.json,2018,87aaecdaee29f0ce346bd5f884f3e2debfe51dbad5cb20dfa0f368fafe9d287e,raw_trial_result
results/full_synthetic_development_v1/raw_results/f6b7507e58dc4ce9d440ae2b6a02e817d9a560912810cab30b9d8f822a3d53de.json,2053,12004db1412926534c2239fafd50ee78633e83f4d63702272735bde452acbfb4,raw_trial_result
results/full_synthetic_development_v1/raw_results/f6e2e6140f7b0d0fb1fb02643fb49af39e0af809394247fa2e47aa7a56aa72a0.json,2056,9926a70821362ad07bb1ad6472a064141bab9354e6fd8bbb71f5cca49b54a7ef,raw_trial_result
results/full_synthetic_development_v1/raw_results/f6f6f98619598cb6fc3b024dca99cc3b3e408fa86b594e2f33ee5c7ce57c356f.json,2047,2cb440f154b2eb52f757c5ed57754633924d0e49b04c52b564eabf2adcf5b734,raw_trial_result
results/full_synthetic_development_v1/raw_results/f725b5d1b06e419cb4cc53e9e640ed1db5b205f94b37c9a29269cc77f5848b93.json,2079,9e864f6ff5150465ba7925dfaf6172d90fd470cac97bf25ac3fafcdca6a8aa97,raw_trial_result
results/full_synthetic_development_v1/raw_results/f757313fc24f4749b5ee8c96caf83411a86d470a0380ba0f2a6d3f14071f4492.json,2665,b79de0c18613d05837875f026f81b252f3492a3fb6dc2dbf18be7c6272464ae6,raw_trial_result
results/full_synthetic_development_v1/raw_results/f7725f7ebe2efe3536408f617e01b61669803d33dd513d38b236e333b857239c.json,2634,fc00b2f1c18b0b78ef15d12704079c224ec532bd3d1bf23e73316c86d9029e2a,raw_trial_result
results/full_synthetic_development_v1/raw_results/f78bd949141e9a06cb259d929765625da4caf884a4bb1df8921aa299208ad958.json,2052,639b0d590e5a3fbf61191394b4af1c6f66e8294052f36716188361fdb0bb6223,raw_trial_result
results/full_synthetic_development_v1/raw_results/f79036ac1ef467a40f657e7375a2d4f7f7817758554a3b021bf9582704993ddc.json,2664,f7fef3593c0312e542bd2e85fc67bf3732e0bb3db81934a0cfa561fcc8be1c58,raw_trial_result
results/full_synthetic_development_v1/raw_results/f7aa79b157f298b6b4fce8af52d0aee7c9c8413675bc6c7c7c9aa2c147aa0f99.json,2701,6b7391ebd69a13092c58d322778f39ffee98e98e73ca8b105d8bc80992c96e52,raw_trial_result
results/full_synthetic_development_v1/raw_results/f7e116f2bd09c2e0da4c82e4ccb0c6f58fd3b1f4772e4eb23d09890af1c882e3.json,2079,30ef2ec1c0562b1bf480b5f3ca623be976542069a6f753e244dc9bf4ed740ec6,raw_trial_result
results/full_synthetic_development_v1/raw_results/f80fccfd5852a637f2a040e69c568fd5677dab29de5a52371e680738e5818ac9.json,2088,4b85b4004f1795f8eb9e5773f0a49e07d328aedc50699751892b3decbb455977,raw_trial_result
results/full_synthetic_development_v1/raw_results/f836fd7312101ad7a1293e43ec80cf39e84bea1dc00714d575e6d100ebe7bf65.json,2659,0973f8b585ecb0e12a4af21f6f4f6dc33a05c246c50af66e590537146e76abdc,raw_trial_result
results/full_synthetic_development_v1/raw_results/f8745837de52b37b34068eaa76de15edf9d519a368efbc5c28b4d80f363763cf.json,2666,0b3319ad4b6e553031698c52a27a8155128812e54f0182a339e824cefb483911,raw_trial_result
results/full_synthetic_development_v1/raw_results/f8804ffe31ef124b74aa982a88a928d8ff2666308e40e9ecbbfc9bbe1a109a6c.json,2056,49f75b51b5ae33eb8efd1481cd54aa66bdd1953dfd11fea379e1518321835e7d,raw_trial_result
results/full_synthetic_development_v1/raw_results/f89d5733e4f52c58644b6652bbb82e8f694843071b5a40526dfc6fd6d26c4f1b.json,2052,f875e291730756e23f2adf2e7f35a1d6be937a1db2f8ee391747de273cd1f906,raw_trial_result
results/full_synthetic_development_v1/raw_results/f8a18edde307f0d60ad6fed5e32125ca872d07fb103294cec3bfd6c23ae2874f.json,2648,35d7b5767067428fdeed6ffcc63cb7c2b2bcf40f0ffb7bef263d567907c7a04a,raw_trial_result
results/full_synthetic_development_v1/raw_results/f8a23b0b90686f20b32e49d3daff8ddc689b4e7fac99dfd8387965e9778487a7.json,2040,5610b199e87089b913518da7d5b071ea0ab5612869d1274e997ba81ffe58ff1d,raw_trial_result
results/full_synthetic_development_v1/raw_results/f8c2134094946f4c17324ea752b558fa706f0dbe50a861026ac40beb59f13d77.json,2645,c710abf684ee15c896802d7ee93243f5a7707a5b4c7c9a030da7c6eaa9515ae5,raw_trial_result
results/full_synthetic_development_v1/raw_results/f8c33db8ff8787548d5bf0009d516d326e129ac4f2781cfa531786d6fbb32b04.json,2051,f705508d0443acd8d5c5e4784314c78507405867ae2c36d1fb82767c20fe52e4,raw_trial_result
results/full_synthetic_development_v1/raw_results/f8f99342949c8c33d2adea30ba3d6ca219a9a18542e72519d46775671d697c6f.json,2675,e79c3a74d435d7cef206b1cb33c5de9e638b290c1803f5c2c579c44340fa2208,raw_trial_result
results/full_synthetic_development_v1/raw_results/f9094b890e4ddfa3d3e5dacbd127280d69019302f84e1410d980ffab7b39f1d7.json,2065,a5149f8e8c99130490c8fb22002cd6a386738b98c2def62e9b8256bf54829b55,raw_trial_result
results/full_synthetic_development_v1/raw_results/f90d4fe823b15b64282daa32ced83b682831a3bc2b91761579364fd421c6f83e.json,2693,3ad2d904a5dec1f86c79cc3a2194388687715fc16cc15dbc68ac5fccb97256ad,raw_trial_result
results/full_synthetic_development_v1/raw_results/f914f893705772cc1fc8edfda04d91d001c568e3e547258eeea9a7c76683e34f.json,2041,5a78d709f225f9a6f3436ac3e35d72f6fc7dae112bf3d3d50dcd4188349a0af5,raw_trial_result
results/full_synthetic_development_v1/raw_results/f925537381bb78db0a032a519cdb4403a06532281c25dad6ed6c45c2e58081f6.json,2621,5e1fe767380db7d7935d3014487cb373e9a9c5fe6595a66a135f6707ede0f8f9,raw_trial_result
results/full_synthetic_development_v1/raw_results/f955e0e27b5d678b199702c8c20a4521264b130a09d3b5ad1d13fa63250e93c4.json,2036,8aacbd6abd7d8419715f32bb32e82c6037a289554d1e52a66e8d3ea4057cc871,raw_trial_result
results/full_synthetic_development_v1/raw_results/f9572a5ce8e9e9cb6768d5b008c1bfc3eec5967eb0f4b75fff158ef15ff1e37c.json,2642,dbc6bd5c4a09bc9c805041e89525b67f67e680e5270627df2b2eaa22d5d21e5d,raw_trial_result
results/full_synthetic_development_v1/raw_results/f97ef2bc106a6b7a03a4f5d93c4984b96326f58655e1279cb1f680479bf2ec7d.json,2064,8f183624a2fca725ae4e2796f7d975d3540ff997f6afbe2593ef492883b958ee,raw_trial_result
results/full_synthetic_development_v1/raw_results/f980564343336a92957e136f3fde28ad869a083b12da6ad048fbb29d67736c7e.json,2657,86794f29b75940a7b3163bcf23aa932a6877123a80c795ab4b809e04232d343a,raw_trial_result
results/full_synthetic_development_v1/raw_results/f9889dfa462de27fffbd2a0ea7e38d0650ab210251f915974d96a118256de240.json,2053,d007e599069414aa557451ca4edadd8d869233b999c610b2c7f590f78b5c6ada,raw_trial_result
results/full_synthetic_development_v1/raw_results/f9b2ee6b6c612f060929927782075b1db77eb6d3089039146bf83a8f878de089.json,2659,694516563ed8d34170d9c86ddce87ca1e4f04a107467c1694afaaf3030d5997b,raw_trial_result
results/full_synthetic_development_v1/raw_results/f9ce012371172666c7dc3c19b7e1f4c2f172fc82924ff3e1ddb3679a23e763c3.json,2053,12b0e16682f06a5d43f34a702f9d05248aa620ee6126aaeeb21255f08e2668e2,raw_trial_result
results/full_synthetic_development_v1/raw_results/f9e1aa3050fed4c32d1d8ae45257d01d56a7ec6d643fb1e7bcb2bede94bd299d.json,2033,498f81814c3bc7e8f5558974ff2524caee1aacfbca6d0d460ce11c8cef9054ee,raw_trial_result
results/full_synthetic_development_v1/raw_results/fa52f2030528d84804248606b2257080f4637e92fdaaba430689aa3054f541ce.json,2672,224ad2bca7011da197151da6153f132b406db9df4874a253f45dc8b5578b5519,raw_trial_result
results/full_synthetic_development_v1/raw_results/fa5bf7937c60c51610f673e03c18f107ec0ec4df9b2af80077bcf9703e18b691.json,2636,c5205fdefd8888aa1565be41419e6a9ece2bbf2cd5a10d075953622b893e18ad,raw_trial_result
results/full_synthetic_development_v1/raw_results/fa90de235d3485d1dfde6a1a9ee3f8fde579123f6dc96444f60e5749348a580b.json,2046,e2e3b79fbb09eb82956ab79c24e0a97a12a1d3ae2b4399d6ea6ef19b6d7bf20d,raw_trial_result
results/full_synthetic_development_v1/raw_results/fa9e0d7f56437a492fc2f7ce2f6f12643c3d5875a41ed7944a1a919c37112156.json,2667,c81f086bab9f64d730819bebe06b964f3ddd27794736e2834d7deec8d29f65c9,raw_trial_result
results/full_synthetic_development_v1/raw_results/facc70ebf5a3c8c1e7aa3acea3ec40a6ea1f256fe267da706d517de27611896b.json,2676,3e18ff1417d5f3848279f1f0831f64a41d084ea5fa8c1cefdea9869d17993745,raw_trial_result
results/full_synthetic_development_v1/raw_results/fadb7cd2f3a6a7c443b2fb2b4fb0f67610befe92973c269fb22ca5d04b744e49.json,2656,6f8c1ce1f3734372c31ddec8ef3ade88ad2685dd801b2f381602b2ce98e4bdaf,raw_trial_result
results/full_synthetic_development_v1/raw_results/fae06a65b3cf04c90e7394e37cdad7170196802962c37f3c75d2190090147450.json,2625,f3366db9de72c1a024084c6f9c9f684c85a9731335ac5874def7a80331bdf0c5,raw_trial_result
results/full_synthetic_development_v1/raw_results/fb030b41af77e49db43b9a4722f76a9e74d9339f00da51efa62aa406ef65aab7.json,2643,c26eda333065e34788733d58d8ca4edb6a77f622ae472d6249267caf05be202c,raw_trial_result
results/full_synthetic_development_v1/raw_results/fb1c95bc50853935796678aee8175ef40ccb1218738e7a44ac3f48d16c7242ba.json,2055,e8800b2679e1782d0ce0efa9fb09f454c715f93c503a8e37e8da9aa889385eac,raw_trial_result
results/full_synthetic_development_v1/raw_results/fb53753a4e3c6145e6af845127d472dc86e3659be2019ba1cf8592808f9e6760.json,2038,d697d0e1072b9d725bf1863f7b4107d46211fa30e43dfdefdf8cc4f6b553b0fb,raw_trial_result
results/full_synthetic_development_v1/raw_results/fb5e6da1e044c73721cee5086a7c238844006effc682a9756fc550d90aeef6fd.json,2064,dfea24cf5bf0f0604a0f36f51227760907f71713d10908fceaaf6892c58e1ade,raw_trial_result
results/full_synthetic_development_v1/raw_results/fb61561c6e4f0d012f821080c4c0cac9f5fde77e94862e0a3d1360b250ecd58e.json,2073,be57787824f415869f7bd4cf80716681cdb77ceb1e30d0ddf0767695cb1a94ce,raw_trial_result
results/full_synthetic_development_v1/raw_results/fb658578d0aa768e08bef42b3dc27182adbbbaae48a09715fee1a312d47f2448.json,2670,41f0dd1b3712ff40b6d8e58a5ed9f47f4dc6606ab8857234378144c0934a1155,raw_trial_result
results/full_synthetic_development_v1/raw_results/fb6a62f9ce7def3e3766d52dd77137999103a5efa89bcb63a019412166fdff69.json,2696,e8774fa5919c0addb32cbaa275971cabc9630915bbcc61c2aa1185cfcff8ab1d,raw_trial_result
results/full_synthetic_development_v1/raw_results/fb79a2dc08a161e59cfa51917005a4b4969c7c64bd9ea14f7d9b28814b725ca3.json,2651,663e9afb2fc38d04fb90c04444edc4ecf444ee038c777e6b23655413f4dd4a4b,raw_trial_result
results/full_synthetic_development_v1/raw_results/fb897036cebab8c12c0693c7bd1061f83a6f6fce39ab04204cc8ab90296c21a7.json,2671,57c34a034dc2f91db642a51aeb0019887b4f76182571a14d3647cd653dbc8765,raw_trial_result
results/full_synthetic_development_v1/raw_results/fbb65bccb94604983f92b3f9a572295d1f0fe595e0ac07bd3c8195ffce6e3cb5.json,2069,3d5a03fbb18fcc5390f21fd534e7f1c03ee78e41c9d072b235a416ad5e51f5b2,raw_trial_result
results/full_synthetic_development_v1/raw_results/fc27745d576dbee56ad0cc0e68ce6bf8481884ff9b12bb42edcca99919bea357.json,2036,ffca1b0e23dcc10d2152a781a4b18fe2e9335cb12ff8ddf253e393ede3b390be,raw_trial_result
results/full_synthetic_development_v1/raw_results/fc42544679ef64691eab5b0c6b197e16a30fbb825e4377fd6701a757466b7e43.json,2032,9f7f35f976e8e8ad1a636d499101a7d3ecd88958fedd2e09e857baa78d7e72f9,raw_trial_result
results/full_synthetic_development_v1/raw_results/fc55472ffc9d42e0ad18d3ad96ee06758878978498a599bd7ba24f3bb8b30739.json,2646,fc42eccb58c349601c551079d9361a91f5702ad4cf7af224033965e59eeaaa4d,raw_trial_result
results/full_synthetic_development_v1/raw_results/fc701c2854b07dd5da652daa7df59196de1aaf9d0048e4daf3d88529e281bab8.json,2675,b51f9f16b617191487f8dd53ab0cf5962c42d83f4a61556482405e7a0e110714,raw_trial_result
results/full_synthetic_development_v1/raw_results/fc79c0990c7c1b82510f14c4c28eda0a3edda1b000edca3cccb243e9c9cf9811.json,2048,8f5e9fb4c6f44495e79181aa7eff22ecd337d4fb2b96d78eb1611341d76add56,raw_trial_result
results/full_synthetic_development_v1/raw_results/fc9351e310f88ba83a2efc8d3e14386b265020517c78e5b3e9b348395c2a9303.json,2031,418986d1fd7633e219e5a73cdcddda1a24fc4433c27ad32daac485eec4bd059d,raw_trial_result
results/full_synthetic_development_v1/raw_results/fcb041a6efeee3406a92f03f76100ef1aadd27a169a0473548f643be8ea4f831.json,2084,2997d8f8757667a5af2654f97abb065c1401bea4b0c4be7e722128e91d696de0,raw_trial_result
results/full_synthetic_development_v1/raw_results/fce8e802779b922a28af00a872ca164520a65a96b54b606cd688d57056513f60.json,2091,d0e02ec0627a591b3baf77f0cb4cf7b438fa342a283ff664ea8cc642ba542efb,raw_trial_result
results/full_synthetic_development_v1/raw_results/fcf84740f3ef5d059d033bef5f84a24294b6139c06e54f0bcdcd503d4a11321c.json,2060,70e4ac910032a3aabe8d68efa963049d66243baad788e3575064db6740a9ff75,raw_trial_result
results/full_synthetic_development_v1/raw_results/fd0865d7dff9dcf744b2d30746d98b9767d4190fa1f4ef043c216a29c07c219e.json,2642,d3484724d7021cbdf3d6ed4bdb8fad4ec3b558b8ddb3bfbd0f869f32416356e5,raw_trial_result
results/full_synthetic_development_v1/raw_results/fd1046a52aab013d89863b353b599f5adf704cb452abe336139c17508e40b36c.json,2664,71678fde9024c0aeb57f417d8ead143de6865f3f84b22c5c1d259f9aea9476b3,raw_trial_result
results/full_synthetic_development_v1/raw_results/fd240514aa59325b8aa5f829a605b885a91ac3ad345e4dd3b7c9edba89defcc2.json,2023,76a7104da5a65c014c12ab4989c7b347e5b46882c2a33fcd5821203f437f1856,raw_trial_result
results/full_synthetic_development_v1/raw_results/fd249059bd6cff587897b12a7964c8c4cf6f739266c0ede342b2e344bc3511a4.json,2068,28e2c8624c1ac68c4136b7408a608ee51065228bc6343d47af527e9566bccd0b,raw_trial_result
results/full_synthetic_development_v1/raw_results/fd45627f28b70aebda4d63966a2811365aaec82370ca830462f36b9f4e90951a.json,2667,a2f1e0092fdc3e071719ab69f74ebebb8cff768f6ba9845c6e923a1765239535,raw_trial_result
results/full_synthetic_development_v1/raw_results/fd5e34603f8f8b6f00ab717c17c7a0089f7dc6e8edc48d317c916b735c3a3c9f.json,2621,9cb366b7e8bbd75428b0d86a761cc8563d6939ab97d5ca39c6ea06715a9d5908,raw_trial_result
results/full_synthetic_development_v1/raw_results/fd63da2da6c78a75f68518ee059f8dfb0bc6a66465d4b7c297afede48f4237ec.json,2667,9f7a4026ad8d932d73f383fd48d6dcfb194029a131731d7edb646b3a5e1d4f9a,raw_trial_result
results/full_synthetic_development_v1/raw_results/fd729b268f308d7ad2758644939947d4b107c9e8530bae653ea7d2906630697f.json,2637,bc784e38f0ece6662cae79552a957502391c5d65098d93ecc9c3c54a50fa24b1,raw_trial_result
results/full_synthetic_development_v1/raw_results/fd8f2a8cf5dd411158beb7e2637600452ed0676310d17bd0a4225cdfeb674fe5.json,2092,b37551c6b4901b7e305ef31a83755c159f75be5afd58dc060f6ae3e680065081,raw_trial_result
results/full_synthetic_development_v1/raw_results/fda60af39f96efe6ce0779b32d1db5f405f8db8df6466c477c061c26710726e3.json,2056,e3937241742cf2ed7506effca88a60e2f158d55c799df46cd3c69dc65ab849e2,raw_trial_result
results/full_synthetic_development_v1/raw_results/fdbc61eff6d320d47306ed6eecd28451a695ea3041e69212bb4e6fbdb064a75a.json,2627,547b78e161d0ff8e79bf4effcad12c0c9699e3ba27b8f76f868cdd9b6b3b35cf,raw_trial_result
results/full_synthetic_development_v1/raw_results/fde0f560710c1903af2674991f0fa3fb92fe1ab5d710be4e93665ae210b7c1e2.json,2693,6b8b325cff2ccd04a41fae9ab935695a91e5e3acac775dddcfa20efa8385e00b,raw_trial_result
results/full_synthetic_development_v1/raw_results/fde8eb20bf541461ffc7818045cfbaa488b80b52b60d6d16d3450d890323588f.json,2633,6c41dc5a11f574f30a04ea23501113c1eab9635ff0caa43884fdf44e5b35e2d8,raw_trial_result
results/full_synthetic_development_v1/raw_results/fe040000cea1cceb49df7ef26400a9d20d8110c96f572f6a64ddaa6834769e88.json,2671,90b1897adb9a0f3af7462fb4e6dd48193feede973f22c5419adeaf94ab078482,raw_trial_result
results/full_synthetic_development_v1/raw_results/fe15b89cefbf3e3cd3e5f26d5f99d6414485d62758ad58f241032113b5474d6a.json,2698,c5ebddff44947bc6c6def5328a9d1fe9d3d23cd2a8afac905dbbdd99ff9bef8b,raw_trial_result
results/full_synthetic_development_v1/raw_results/fe363691ea744bff8bfec47e9541f55b57300dc302d2a7e73019388d0040ffad.json,2037,49cb49cd20b26e7ab63d66fdae5ef089e84bed28b0da11af659c2c09499f633f,raw_trial_result
results/full_synthetic_development_v1/raw_results/fe3684eea9d28b498c8c0bd80fc7ff50eb78f875c1e40892141acc1121e087d1.json,2044,a3422feec303e0235e93f47c8c2ea4f54015636713869584a32257e2305a54fa,raw_trial_result
results/full_synthetic_development_v1/raw_results/fe4ea78c0fa2fafcb664ac3e2cef187d08bdda2fadc48e3516a94101b7aee138.json,2069,6b406ce5715bdef74100b7f9874118048ee8eff1d4d63cd9fdefcf4a52f17b16,raw_trial_result
results/full_synthetic_development_v1/raw_results/fe53fe3a90fa117fe144d31b123c9a5263800ec0e1f8d53c0d4a9e8210743093.json,2000,6f01df7a1685d240dc561a4e7e0bee3010592517065347155e87a48be18e1835,raw_trial_result
results/full_synthetic_development_v1/raw_results/fe76a7168fe84599dd473d8efdc77e0683e041bd5a3ac2d27b47fdddb45164e6.json,2620,c44ddfb9cce01b3e6e63fe0d37098822546901e8cc899ebba2d29fbfe8bcbb85,raw_trial_result
results/full_synthetic_development_v1/raw_results/fe7eb499b4ae2f7ee33ee6d080d96e9f7868d54bb98833b30c0b1f32f3a2d106.json,2688,a698f78693240db88cbc94b43892e39488ce1f575ed78efab90556c73d4f8ba3,raw_trial_result
results/full_synthetic_development_v1/raw_results/feb846e4d3d86cf5a1bf8148ded12680255106598520488b19a8ddfa8b58a868.json,2665,1b8f39b310e85a3f5a402ba9f18735d3812fb7100d18f56e46a29e59e01d57fe,raw_trial_result
results/full_synthetic_development_v1/raw_results/fec3ce3806e88d882720ab112b794646645ae1200015854e54f9a17dd08ee209.json,2630,a0a0a87ebd81dc05576352fe9db0a6a2dca988c2568596b57f166ba6eb6c50db,raw_trial_result
results/full_synthetic_development_v1/raw_results/fecd7f8be378eb2c768c1935be770e9ebc9c2f85181927979803f36a773d6076.json,2701,f35ee4dff7d4b60585f633769aaf9398d3305e3bbfe97ecd819969db7be33870,raw_trial_result
results/full_synthetic_development_v1/raw_results/fed07f0e512dcee9ea92a7939458f6a8859a8ab9126791449b777bebb05649c4.json,2655,ffee7af95782bef9d4cb36f96f8d53df0fb6a148aff16c698db6dbca5c3a5878,raw_trial_result
results/full_synthetic_development_v1/raw_results/fee831160102875dfc150406ffbbb422ad9cf1a908fa6aef2a1b2fe03e46bcd2.json,2006,ce77f5a69ac5631e40881c4d1e5d3f64913844968ea39c6a288248e73a31ebda,raw_trial_result
results/full_synthetic_development_v1/raw_results/ff0fde98cd16f107d348c38f9d7e5da63afada6591ffa8d61b3b3f3f906f16d6.json,2072,46cb5bc5f194a594a0fccc4bd802568cd03afd61622197c537a677df4e773db7,raw_trial_result
results/full_synthetic_development_v1/raw_results/ff5a56b631b1786aef7b92cdd9c9c9851c9845f9e2d5f98fc049d61ba2bdaeb1.json,2644,93855f72de33c10c8391adb424c53505116f58464e7d89c3e3544764be45f664,raw_trial_result
results/full_synthetic_development_v1/raw_results/ff6c0fe0fc948d07c72bb50c65d7ba4adffcce88c2123028246e0936b3e93b84.json,2650,69bf622de3b592b7f29f13641faba5289ca066e94bab2b3c2bfe18df9b496f79,raw_trial_result
results/full_synthetic_development_v1/raw_results/ff975d1f3d0f5a5b4766974ce80883f0c64cd33f4fdf7147712ee60776a67697.json,2648,38cc61972800c1c04a157516ec6c1131b85426e8bf5d08ecc9ec52b1d0e7ea18,raw_trial_result
results/full_synthetic_development_v1/raw_results/ffac4b227533a5ca36b975b005ecd434420bee2107fcf88b035679932cc0d21a.json,2082,8990230c2cf21c3b8d58aadefcb8d5bb48c69572b9a5f1840e8f92a16c59638e,raw_trial_result
results/full_synthetic_development_v1/run_manifest.json,1463,04a9fab13a8f21d6f8b6ee04fd46ed9e67095a801c9259648500df950575bd4d,formal_run_manifest
