experiment_family,geometry_seed,sensor_seed,level,process_seed,process_noise_seed_resolved,process_noise_checksum
stage1c_open_control,101,11,OC,1001,16723856003146430177,7b8ec801eab5672010226c4f6058fb0a342d9bcdc8218eeaff50311ffa91aec5
stage1c_open_control,101,11,OC,1002,1697932063559757454,8039c81c240130e84b901f429887d0cafa22dc3b2b366ccd1998f368380b5fef
stage1c_open_control,101,11,OC,1003,8454099827782692381,402a0cde726b34dbacc35e42d9602bbf81b84783e34ea652dac536b9dc0eabd7
stage1c_open_control,101,11,OC,1004,16963356498297156695,b9be7b1e6fef22ee4d768021471f7b7174bd4003b5fd18ef6f19dca5bbb9c299
stage1c_open_control,101,11,OC,1005,15448313603818100587,9baa0ba1ffc587cfe49e9f9119165f1d8c4148ef9607660a8a2c8a965d1130a1
stage1c_open_control,101,11,OC,1006,4750389503480969390,e696819d5edcb6a3f30e6f4350733c229d52b682450f155beff6b0f302f8aa85
stage1c_open_control,101,11,OC,1007,1290765150537214478,29ecc736a9f593d558021244f3bc5c2d51577018fbd04ef705c8fc1b868d902b
stage1c_open_control,101,11,OC,1008,10411745507119768719,11b7daf85527c02b9e9d88569b0aa709d6d2d54c99c0d1a8f1edcf7e7a640635
stage1c_open_control,101,11,OC,1009,10072285835309377884,fc341d2762e769fbb54100853f1e2bafea0f8764b21f8c2606a3d5d81d6f0ad1
stage1c_open_control,101,11,OC,1010,3369085357970287898,418c27b24f28552cde86514d66bddf47044591cdcb21119c9ebe8fafc5aac30c
stage1c_open_control,101,11,OC,1011,13128551860854943048,cffbde6ab70808ea1beb3f1bbd6d6ecf6a931172bac80aafe6ef7cfe4c389061
stage1c_open_control,101,11,OC,1012,7445501119768232058,ba5dd87839cda9354621c00170eaeb16ca4990a1ee4ce53deb284bae9ce19f52
stage1c_open_control,101,11,OC,1013,7147256512260133031,9fb9b8cf09957e12580207841afb04f43ea555cb1d16a25607090fe85544c5cc
stage1c_open_control,101,11,OC,1014,13486990739106874849,021bd6f6d0804a37df511c5a8842a8ecd80c24349e3abc9d30c3f5443890ef73
stage1c_open_control,101,11,OC,1015,9074152858842724215,69e92daf794c0bdd8c3f618a7d6c83373ec3e5a5a05c1e0b7e38042084dbb7ff
stage1c_open_control,101,11,OC,1016,5701929746709977491,341fa518f16ae3a0f5c541480243bb6d1a532027c875f5cc4b4c2d6f63947609
stage1c_open_control,101,11,OC,1017,2969975900021874679,5e56ae2b151380cd75592d01b800a50f011b58327fe931dd9bd998f5b49e4b86
stage1c_open_control,101,11,OC,1018,4481188912324999047,a9e08eac4bfac50899924938f05793264842c0a79edc62e1b3aeefa10b46ce3e
stage1c_open_control,101,11,OC,1019,14198341924516718781,4bc86699824987de0cb4230c663508d7f5976282b431377ec735bb811212f980
stage1c_open_control,101,11,OC,1020,10124363444993110070,a84581cee37fc192339b72b6c262ebcf9ad860185d8f7b5d701081b2cbf3cc68
stage1c_open_control,101,11,OC,1021,4611321007663371506,646fb5a3985977ec2c394e4766231f081033ddd32a9c839c2759aa628a1972ea
stage1c_open_control,101,11,OC,1022,11828392471938065285,291c96fd0c0fdda7e5ddaa282cbbe7c4ef24286f153ea7cc1ae3efb7e4c725db
stage1c_open_control,101,11,OC,1023,14202985829442061844,afab5ac634fb81545b5d6267bfbb5e9e5432b0e8bde8de5e296e0a7768c48d94
stage1c_open_control,101,11,OC,1024,2942758578439155484,af3fc7cb5af187303675716d5f2364189a1468a376a117f33dc90070890b2a23
stage1c_open_control,101,11,OC,1025,3801633644778060016,164db88168bddbe744f32dca946debdde14500fff2eaf11d82c181978a21d1d5
stage1c_open_control,101,11,OC,1026,1406533296780648701,cfe044c79ded1516f58e570898c5ab6ab31801d505e2b193c51d78bc344c9e36
stage1c_open_control,101,11,OC,1027,1779397500444726941,31eab212639889662e07ae9db04e64ae214a0b9e84fb8180f6997e04f8812fb9
stage1c_open_control,101,11,OC,1028,11743373377609923240,41437bc2b134fc6005ee44dfe3c7655cb98d06f5770ea3cff8ae4450d0b0b20a
stage1c_open_control,101,11,OC,1029,13345881862988158096,1159b69ac62b2bdb43406138d3209dd054ad85da67db28a29a98d2d431b02514
stage1c_open_control,101,11,OC,1030,9764861678018783389,83588089a9a2d338ee70351a5a8aa94c3fddc110b5aa62a05d7cdd296d4bf196
stage1c_open_control,101,22,OC,1001,15074787766072743744,1ac3ae30a18c35546acf789002665db9001fc025938c47f95210cdf4d22f9f6f
stage1c_open_control,101,22,OC,1002,3407370848412604220,95e2caff85f03f7becaef8fa87f98e01246e12cf85f083124987abf7027aa0f6
stage1c_open_control,101,22,OC,1003,9285853191377330580,e502845928b99338c7b82d0ec0c91a61956a06be09c946ffa5dffb00ce647c2a
stage1c_open_control,101,22,OC,1004,16432904385472878409,4487f09354064b27b1a3fe482c5077262d1cbb1c93687258df5020ba72d606b2
stage1c_open_control,101,22,OC,1005,7575669087044100468,e3f81f2a66b9d01c9819e4a5c5682be3561a6bb0b6f1819c428c10d8a0137f63
stage1c_open_control,101,22,OC,1006,3481385322721948164,ad2af5ca918cdda65ba5f4544f0bc6eeaac50a1f668f428b02ad65ae7563a77c
stage1c_open_control,101,22,OC,1007,14509162402543588429,7c6d7d4878ec60a49d0f9f070711d7c0b6f30149024702b51ccbbea793d61dd3
stage1c_open_control,101,22,OC,1008,13633709005753563960,fa429e809727ac4e252b934b8f4cd581bae302f785e3d42a82c2400ae429e800
stage1c_open_control,101,22,OC,1009,11840754959831913783,1316b85bc473ad15cbcd77df5519ce7932552c09b425464d712296e0a94a5ca2
stage1c_open_control,101,22,OC,1010,5563096618829512830,c5fec03fbfa73e1bfd4024865d78c6027192cb14647731883da9eeb05495f0db
stage1c_open_control,101,22,OC,1011,17403553323064778742,2b998b5cf88f70f7ca3cd1b31645cc5a5f493ef2801f968b23a03744aa2f7cc2
stage1c_open_control,101,22,OC,1012,8943817045882718791,5c76b54fe843e459fbf4e950b79e3b53f424657d10e77d5a3b9ac949f21f3a38
stage1c_open_control,101,22,OC,1013,16531578458113240962,7061a5dca1fc2c15d326f9e31f12ebd0bf05f20e49695cfb7df30d9d2ff0a08f
stage1c_open_control,101,22,OC,1014,15535417807821977403,bb00d887d9da2dcfbb7d966961428d6ab0b03e83a10f66ba3331dc6aef94b674
stage1c_open_control,101,22,OC,1015,11908751173004304899,08da79ff4912d6118f1d14ae171de6f9fd0346499cb7b09e63aa3c10000c0dd4
stage1c_open_control,101,22,OC,1016,16325898997434701589,b98ba29f42a214c1c95e59a28f99bfa02266bbde5a756ab29f18153cdff74ed1
stage1c_open_control,101,22,OC,1017,16746967276207259000,185740dc10826dd0cfa1bd07d151fbd4331c622072062b2e1dcccf4d82bd902f
stage1c_open_control,101,22,OC,1018,15508595927923494343,5cd77ff7c37aa5bfd06c6877e0354e257ff9d1ca907408df7c5375b4f9bcdb37
stage1c_open_control,101,22,OC,1019,3898617976243210674,a99929a1ef3ff138e79b0894fd1d3c61b896bf3fe35930fff9819de3c994c0b0
stage1c_open_control,101,22,OC,1020,6016575105088572492,a72ea9372383f9d6881259e025b04f6868eabb36756c2ce84bd4910065745df7
stage1c_open_control,101,22,OC,1021,18141171142862664398,cc08608f7787387032c084de796a0d947ac761cb12efcb766390c4c5098864f1
stage1c_open_control,101,22,OC,1022,15507771325481931096,2db442f4c5e84b27a23368ea68416bbe8082392f9a8fa2e7ec26559201363b87
stage1c_open_control,101,22,OC,1023,3047440149988592772,39b39fc955529b48f82f0b9dc69a39cf323af14b1d6c52c5aa59599146523d42
stage1c_open_control,101,22,OC,1024,8567539244633127643,dda3dcfed722e08e3eeb710d6984c3e4b432038b9de380e9b0c3f35f35dbdaf0
stage1c_open_control,101,22,OC,1025,6463174163373777747,6d2b84b44c75403a392427439290e1a28a96218aaae4c14e542ae7d9c6b890eb
stage1c_open_control,101,22,OC,1026,7478802209500283418,ab409695998610c8874e2382e774b8d613ef16ca902dda9bc5ffc1d4ba8c87f4
stage1c_open_control,101,22,OC,1027,4088455979043817532,397937c72712908a7255a6d9f84307e35e2e197f10474e31a6a306c7a1d808c8
stage1c_open_control,101,22,OC,1028,11305999526079219279,68576e3b3dbf402a68ebbbd2ca513295281dd4b38bb18168d195b311778b9630
stage1c_open_control,101,22,OC,1029,1700520508908973617,5ff2b3f697c3620d26005c097e371a07bbb4d2d71aa71f89a077ef12e7f4a5f8
stage1c_open_control,101,22,OC,1030,12879136597453511424,5a2d471c7643315be79687bd187a4684fc65c80a1075c3eef1ab65a4d285f5b5
stage1c_geometry,101,11,L1,1001,5298716704492741094,9bf042032fb0db5f9f19a535a3a50e6f28ccd086bc122f3d2299ca127140a633
stage1c_geometry,101,11,L1,1002,13119284158483706132,afea8ed5e2aee71dbda34712d3a477ee26854716481d1ef4bef9c795b66f0c73
stage1c_geometry,101,11,L1,1003,1459477216484999267,6182a21719ea9ea60d3c1f9ad31497242822f616dc4268e2292ed1650d32b57b
stage1c_geometry,101,11,L1,1004,10109263610455022178,54ea82bc8ef0bf9d13aa2a5b8d5ba6a312f0e45d8162dc0ff0fe8f2aa48b11eb
stage1c_geometry,101,11,L1,1005,13975636227321750546,f6e9bc511bd2b253968e5e64b2366f76121e24a735b5c2772d9b0a07de085d03
stage1c_geometry,101,11,L1,1006,12656809287045921059,90a8ffc354d4159c36a39e7d36a330524b6713f1a994d930c4789f93975e6865
stage1c_geometry,101,11,L1,1007,14059961287840524051,d465dd662695e379131a61ac6bad938a852a5ab50eeb512142d8aecbfb7409c2
stage1c_geometry,101,11,L1,1008,11812151302823774038,1fb2bf5479c1d56d946569ee77040b1082b5ee531af3d2098bb93d6405b299c7
stage1c_geometry,101,11,L1,1009,13901258944890665098,331a57e1b85488ef56608ded5e431a694c201808019fe80470cae0c75c6d49d8
stage1c_geometry,101,11,L1,1010,8166990151033949422,0f6ee4a38f6b4208525a903e183d044b8a942a14f293e7dea0cd5bec8687e73c
stage1c_geometry,101,11,L1,1011,4872281539123911252,1e12e31e95a740c4693b25ae37d5a259703ba29425c5487d888e9c4051464128
stage1c_geometry,101,11,L1,1012,15430213782745883706,1051ed2fda2bd35703d6537bcd1ca6a8a3a6c52d98ad6c622b016bd8f8592e45
stage1c_geometry,101,11,L1,1013,16304146588324906160,3ab2a10da6a152311fd434eddbe365a2d600c470b66405fd4098131c5998c057
stage1c_geometry,101,11,L1,1014,2975018038998013638,0694bfd8dd1dda241616887172afa51f08e3e36b45d5f596cb5241dec199f602
stage1c_geometry,101,11,L1,1015,14912964944713967950,65c674369ac1c7b821a4f0fee097df83591afb1d5c8dc63c618eed5fa9a6c34a
stage1c_geometry,101,11,L1,1016,7346765437274124162,daf39d86ce6c0ed4d33d072bd0284d7fe7510d516495ceda53320b9a4e1fbd02
stage1c_geometry,101,11,L1,1017,15848750789248442423,47fa4183b850319428a98eebfff8d849bae478ff97ef51bd81aeb8d77f19661c
stage1c_geometry,101,11,L1,1018,6506561343921100778,2e4943477170f32e9da8442c7647a1fac388a654bf8187d90b197af633f39e9e
stage1c_geometry,101,11,L1,1019,3674701938333038774,78f0dade0df2687cbc4029a6df8ba855e85006ba7e28b1435392a8e11e7cbe8b
stage1c_geometry,101,11,L1,1020,13241028846893970192,279b1a01c8a15a5c3407da0e2453e0437a2dfbde4fbfb1ff0091d24cfd9cb4d2
stage1c_geometry,101,11,L1,1021,3438702977640071059,198ff77233b7fd8b0847e06f24763ee1277822a8c176089ae0e4df63308b44bf
stage1c_geometry,101,11,L1,1022,9234911796927323906,bd4aaab4e93bdeddc43745dc3466a4b5432918236eaf9bfcf893e0483a7d28eb
stage1c_geometry,101,11,L1,1023,3888830074865870551,995f3da6d24baef0d5e80acfcce6aa7ccf5d209ed453ecba96de540b7d36281d
stage1c_geometry,101,11,L1,1024,13975092485298121176,e2435821b32b6197e4b4b25ff7f626139bee5bb7da879259dd68e66e121dcf3f
stage1c_geometry,101,11,L1,1025,3064058609086307990,ba78fe386752594ce6aecb6f7203cc5b37fe7388a8beec982a37a604fc39e062
stage1c_geometry,101,11,L1,1026,12167501332177659264,c2c287968b347d19814d1630f56e11468a004afdc4c4c2b8f8ae4d87784f68ed
stage1c_geometry,101,11,L1,1027,17584233755531672865,e7afc8dd0305021959d51a89f97a520792e708ea36a50a9e228f2fc6e53802f5
stage1c_geometry,101,11,L1,1028,6587224693383691435,b82bc5909e09dca9f9c2ee5929e169400646f5c52319015bf242d1903a6d40b6
stage1c_geometry,101,11,L1,1029,6532708206866535870,0158bdb8fd1af095700b9cf6ac98c68d0880acaa2b0d7bbc982bace43eb56439
stage1c_geometry,101,11,L1,1030,5869544775079315571,e3be2651dd17626d13929a465f1831e9f87a4964ff61f67e97ac19c34c78df79
stage1c_geometry,101,22,L1,1001,9496133652742936739,614a73ae59603cb19ddcc31ce861384e5c92992ee259b8a3de5ae232e9e54eca
stage1c_geometry,101,22,L1,1002,18263472840983827542,2edcb50d4f781eac0cbcf350c1c3676dc5753c196c3390babf33fbe534a188a5
stage1c_geometry,101,22,L1,1003,504116199590557139,f91691dd26d3f368ee3e8e9fe13cfefb381b063e4e12a60bd823932a865ee1ed
stage1c_geometry,101,22,L1,1004,5576006029063525276,fbb7791ff65617dab7cf56de43d76bf80b89c05ac325e6da9b952fe33d4997ba
stage1c_geometry,101,22,L1,1005,9874921965942074011,abbce741189a666647b936486ee0a66b968419afc990e8e8ecb5f7df07c26d45
stage1c_geometry,101,22,L1,1006,3777953515255085660,1681b388b89128a518539b05152e127562b08510cc2425acf1326cae815192fd
stage1c_geometry,101,22,L1,1007,684360373795357511,8891b554d0d0840e67aeffb3de60c9af034171b733ad0d86d358c5db18ca4bce
stage1c_geometry,101,22,L1,1008,17161272005110856799,d4a143c68b9eba7544d829e689ab12aafbc45f3499df3abcd9b1dc9d7ee4e43a
stage1c_geometry,101,22,L1,1009,16531611097670833689,4a33b7beedd3263c4b4a1b91d048f4e7faed0fdd466909e5de9031f7a05ed4b5
stage1c_geometry,101,22,L1,1010,10129552996510712214,7dbe75651535377e0ea793c3d2a699cb22b91ca477928b6d7c828722c962e81e
stage1c_geometry,101,22,L1,1011,2503743678543134456,6c981473e3682cded3fff7517292d8b124a1592c5c6fdc49f40c3a0b6e631846
stage1c_geometry,101,22,L1,1012,6772104312012492255,b33c9877f59ca9067c8663d05ee2fd189e6e19096cf29199bf1f6a3fa641dc67
stage1c_geometry,101,22,L1,1013,17349134929502363130,33818556548af8402bef5dea7139488a655369f796272f42f7ba3f1c52301f5e
stage1c_geometry,101,22,L1,1014,3996317174636764926,060c2c90260f2a2621aeec9c6917dd8c1b7384482415a46bf476d6e2d99773b8
stage1c_geometry,101,22,L1,1015,2537719729302829248,c2126b3e5968c89e925cd16c66a22cd24b063245a44b0e48018c640e598ffd9f
stage1c_geometry,101,22,L1,1016,8173720405448423497,a3c5a05a479283b6c5ffe74b5421edb816ca01abe58baefd530a79a55c66bbe3
stage1c_geometry,101,22,L1,1017,9282156257902052128,70610e04d728be144cdb6d79bf0c67771a7d92c590341981bf25c810a8d76d8d
stage1c_geometry,101,22,L1,1018,4094380165054195240,1ef6d2eb2f0298ee79a2d2ab5131ffac8bba812a69efaf14904c9607587e4990
stage1c_geometry,101,22,L1,1019,232334797343766784,b69c4536e8e4892960f4bec035e8f3e6370b33d92e722114313486128f054969
stage1c_geometry,101,22,L1,1020,2603859272869760810,944b8b10d564e14b924e4e67f46835e9acb70aa11c3ef58a054bdc2f917144d1
stage1c_geometry,101,22,L1,1021,17292652009690372050,36e40c6b7a12a81718fc9cdcf97ac0dce91c7229a358c1ce0670a35446416865
stage1c_geometry,101,22,L1,1022,10931720389916925404,b15f3829ed01535df8e154a7f08e591b940c68bb1ebb9cbca9ede33f11608218
stage1c_geometry,101,22,L1,1023,11014574666385492136,8ff75a295b520722cebf263ace7677577af73821fdf0cf7e4fd4ee5e17e548ba
stage1c_geometry,101,22,L1,1024,15936810653981778999,7587016068268d7d112d7378faa61c391c8eb7f72c28b47cb1a58261326251ef
stage1c_geometry,101,22,L1,1025,4619185348121154836,2523287ada735f28d9e0b4ca36c685aa8df632494e8f5eb31a1c834b9441d9f7
stage1c_geometry,101,22,L1,1026,1224953305104437231,1d6ff294da1ff3483c9df1ef47817d1db49ca50e4d82f04c7d9b02254d25c1da
stage1c_geometry,101,22,L1,1027,13879200011676902137,623d541ba1d29e1caf9f203cd46135107f467fe2555ccd8f1e213f6e5691e3ee
stage1c_geometry,101,22,L1,1028,775959765138108759,3969dc214f1e96b039255a09f9c296ad32a525d281d8cc26bc4335a111b0ce0b
stage1c_geometry,101,22,L1,1029,9732780909832306692,fa6604389da1345c7f0c50235543a1efbfa0c97a9d7789a24fd1017dec392757
stage1c_geometry,101,22,L1,1030,13874953231298244516,d7b43855e8d01e7f790f855eda7dbb8317d05fd88581a87db393622d89ee8ad1
stage1c_geometry,101,11,L2,1001,5298716704492741094,9bf042032fb0db5f9f19a535a3a50e6f28ccd086bc122f3d2299ca127140a633
stage1c_geometry,101,11,L2,1002,13119284158483706132,afea8ed5e2aee71dbda34712d3a477ee26854716481d1ef4bef9c795b66f0c73
stage1c_geometry,101,11,L2,1003,1459477216484999267,6182a21719ea9ea60d3c1f9ad31497242822f616dc4268e2292ed1650d32b57b
stage1c_geometry,101,11,L2,1004,10109263610455022178,54ea82bc8ef0bf9d13aa2a5b8d5ba6a312f0e45d8162dc0ff0fe8f2aa48b11eb
stage1c_geometry,101,11,L2,1005,13975636227321750546,f6e9bc511bd2b253968e5e64b2366f76121e24a735b5c2772d9b0a07de085d03
stage1c_geometry,101,11,L2,1006,12656809287045921059,90a8ffc354d4159c36a39e7d36a330524b6713f1a994d930c4789f93975e6865
stage1c_geometry,101,11,L2,1007,14059961287840524051,d465dd662695e379131a61ac6bad938a852a5ab50eeb512142d8aecbfb7409c2
stage1c_geometry,101,11,L2,1008,11812151302823774038,1fb2bf5479c1d56d946569ee77040b1082b5ee531af3d2098bb93d6405b299c7
stage1c_geometry,101,11,L2,1009,13901258944890665098,331a57e1b85488ef56608ded5e431a694c201808019fe80470cae0c75c6d49d8
stage1c_geometry,101,11,L2,1010,8166990151033949422,0f6ee4a38f6b4208525a903e183d044b8a942a14f293e7dea0cd5bec8687e73c
stage1c_geometry,101,11,L2,1011,4872281539123911252,1e12e31e95a740c4693b25ae37d5a259703ba29425c5487d888e9c4051464128
stage1c_geometry,101,11,L2,1012,15430213782745883706,1051ed2fda2bd35703d6537bcd1ca6a8a3a6c52d98ad6c622b016bd8f8592e45
stage1c_geometry,101,11,L2,1013,16304146588324906160,3ab2a10da6a152311fd434eddbe365a2d600c470b66405fd4098131c5998c057
stage1c_geometry,101,11,L2,1014,2975018038998013638,0694bfd8dd1dda241616887172afa51f08e3e36b45d5f596cb5241dec199f602
stage1c_geometry,101,11,L2,1015,14912964944713967950,65c674369ac1c7b821a4f0fee097df83591afb1d5c8dc63c618eed5fa9a6c34a
stage1c_geometry,101,11,L2,1016,7346765437274124162,daf39d86ce6c0ed4d33d072bd0284d7fe7510d516495ceda53320b9a4e1fbd02
stage1c_geometry,101,11,L2,1017,15848750789248442423,47fa4183b850319428a98eebfff8d849bae478ff97ef51bd81aeb8d77f19661c
stage1c_geometry,101,11,L2,1018,6506561343921100778,2e4943477170f32e9da8442c7647a1fac388a654bf8187d90b197af633f39e9e
stage1c_geometry,101,11,L2,1019,3674701938333038774,78f0dade0df2687cbc4029a6df8ba855e85006ba7e28b1435392a8e11e7cbe8b
stage1c_geometry,101,11,L2,1020,13241028846893970192,279b1a01c8a15a5c3407da0e2453e0437a2dfbde4fbfb1ff0091d24cfd9cb4d2
stage1c_geometry,101,11,L2,1021,3438702977640071059,198ff77233b7fd8b0847e06f24763ee1277822a8c176089ae0e4df63308b44bf
stage1c_geometry,101,11,L2,1022,9234911796927323906,bd4aaab4e93bdeddc43745dc3466a4b5432918236eaf9bfcf893e0483a7d28eb
stage1c_geometry,101,11,L2,1023,3888830074865870551,995f3da6d24baef0d5e80acfcce6aa7ccf5d209ed453ecba96de540b7d36281d
stage1c_geometry,101,11,L2,1024,13975092485298121176,e2435821b32b6197e4b4b25ff7f626139bee5bb7da879259dd68e66e121dcf3f
stage1c_geometry,101,11,L2,1025,3064058609086307990,ba78fe386752594ce6aecb6f7203cc5b37fe7388a8beec982a37a604fc39e062
stage1c_geometry,101,11,L2,1026,12167501332177659264,c2c287968b347d19814d1630f56e11468a004afdc4c4c2b8f8ae4d87784f68ed
stage1c_geometry,101,11,L2,1027,17584233755531672865,e7afc8dd0305021959d51a89f97a520792e708ea36a50a9e228f2fc6e53802f5
stage1c_geometry,101,11,L2,1028,6587224693383691435,b82bc5909e09dca9f9c2ee5929e169400646f5c52319015bf242d1903a6d40b6
stage1c_geometry,101,11,L2,1029,6532708206866535870,0158bdb8fd1af095700b9cf6ac98c68d0880acaa2b0d7bbc982bace43eb56439
stage1c_geometry,101,11,L2,1030,5869544775079315571,e3be2651dd17626d13929a465f1831e9f87a4964ff61f67e97ac19c34c78df79
stage1c_geometry,101,22,L2,1001,9496133652742936739,614a73ae59603cb19ddcc31ce861384e5c92992ee259b8a3de5ae232e9e54eca
stage1c_geometry,101,22,L2,1002,18263472840983827542,2edcb50d4f781eac0cbcf350c1c3676dc5753c196c3390babf33fbe534a188a5
stage1c_geometry,101,22,L2,1003,504116199590557139,f91691dd26d3f368ee3e8e9fe13cfefb381b063e4e12a60bd823932a865ee1ed
stage1c_geometry,101,22,L2,1004,5576006029063525276,fbb7791ff65617dab7cf56de43d76bf80b89c05ac325e6da9b952fe33d4997ba
stage1c_geometry,101,22,L2,1005,9874921965942074011,abbce741189a666647b936486ee0a66b968419afc990e8e8ecb5f7df07c26d45
stage1c_geometry,101,22,L2,1006,3777953515255085660,1681b388b89128a518539b05152e127562b08510cc2425acf1326cae815192fd
stage1c_geometry,101,22,L2,1007,684360373795357511,8891b554d0d0840e67aeffb3de60c9af034171b733ad0d86d358c5db18ca4bce
stage1c_geometry,101,22,L2,1008,17161272005110856799,d4a143c68b9eba7544d829e689ab12aafbc45f3499df3abcd9b1dc9d7ee4e43a
stage1c_geometry,101,22,L2,1009,16531611097670833689,4a33b7beedd3263c4b4a1b91d048f4e7faed0fdd466909e5de9031f7a05ed4b5
stage1c_geometry,101,22,L2,1010,10129552996510712214,7dbe75651535377e0ea793c3d2a699cb22b91ca477928b6d7c828722c962e81e
stage1c_geometry,101,22,L2,1011,2503743678543134456,6c981473e3682cded3fff7517292d8b124a1592c5c6fdc49f40c3a0b6e631846
stage1c_geometry,101,22,L2,1012,6772104312012492255,b33c9877f59ca9067c8663d05ee2fd189e6e19096cf29199bf1f6a3fa641dc67
stage1c_geometry,101,22,L2,1013,17349134929502363130,33818556548af8402bef5dea7139488a655369f796272f42f7ba3f1c52301f5e
stage1c_geometry,101,22,L2,1014,3996317174636764926,060c2c90260f2a2621aeec9c6917dd8c1b7384482415a46bf476d6e2d99773b8
stage1c_geometry,101,22,L2,1015,2537719729302829248,c2126b3e5968c89e925cd16c66a22cd24b063245a44b0e48018c640e598ffd9f
stage1c_geometry,101,22,L2,1016,8173720405448423497,a3c5a05a479283b6c5ffe74b5421edb816ca01abe58baefd530a79a55c66bbe3
stage1c_geometry,101,22,L2,1017,9282156257902052128,70610e04d728be144cdb6d79bf0c67771a7d92c590341981bf25c810a8d76d8d
stage1c_geometry,101,22,L2,1018,4094380165054195240,1ef6d2eb2f0298ee79a2d2ab5131ffac8bba812a69efaf14904c9607587e4990
stage1c_geometry,101,22,L2,1019,232334797343766784,b69c4536e8e4892960f4bec035e8f3e6370b33d92e722114313486128f054969
stage1c_geometry,101,22,L2,1020,2603859272869760810,944b8b10d564e14b924e4e67f46835e9acb70aa11c3ef58a054bdc2f917144d1
stage1c_geometry,101,22,L2,1021,17292652009690372050,36e40c6b7a12a81718fc9cdcf97ac0dce91c7229a358c1ce0670a35446416865
stage1c_geometry,101,22,L2,1022,10931720389916925404,b15f3829ed01535df8e154a7f08e591b940c68bb1ebb9cbca9ede33f11608218
stage1c_geometry,101,22,L2,1023,11014574666385492136,8ff75a295b520722cebf263ace7677577af73821fdf0cf7e4fd4ee5e17e548ba
stage1c_geometry,101,22,L2,1024,15936810653981778999,7587016068268d7d112d7378faa61c391c8eb7f72c28b47cb1a58261326251ef
stage1c_geometry,101,22,L2,1025,4619185348121154836,2523287ada735f28d9e0b4ca36c685aa8df632494e8f5eb31a1c834b9441d9f7
stage1c_geometry,101,22,L2,1026,1224953305104437231,1d6ff294da1ff3483c9df1ef47817d1db49ca50e4d82f04c7d9b02254d25c1da
stage1c_geometry,101,22,L2,1027,13879200011676902137,623d541ba1d29e1caf9f203cd46135107f467fe2555ccd8f1e213f6e5691e3ee
stage1c_geometry,101,22,L2,1028,775959765138108759,3969dc214f1e96b039255a09f9c296ad32a525d281d8cc26bc4335a111b0ce0b
stage1c_geometry,101,22,L2,1029,9732780909832306692,fa6604389da1345c7f0c50235543a1efbfa0c97a9d7789a24fd1017dec392757
stage1c_geometry,101,22,L2,1030,13874953231298244516,d7b43855e8d01e7f790f855eda7dbb8317d05fd88581a87db393622d89ee8ad1
stage1c_geometry,101,11,L3,1001,5298716704492741094,9bf042032fb0db5f9f19a535a3a50e6f28ccd086bc122f3d2299ca127140a633
stage1c_geometry,101,11,L3,1002,13119284158483706132,afea8ed5e2aee71dbda34712d3a477ee26854716481d1ef4bef9c795b66f0c73
stage1c_geometry,101,11,L3,1003,1459477216484999267,6182a21719ea9ea60d3c1f9ad31497242822f616dc4268e2292ed1650d32b57b
stage1c_geometry,101,11,L3,1004,10109263610455022178,54ea82bc8ef0bf9d13aa2a5b8d5ba6a312f0e45d8162dc0ff0fe8f2aa48b11eb
stage1c_geometry,101,11,L3,1005,13975636227321750546,f6e9bc511bd2b253968e5e64b2366f76121e24a735b5c2772d9b0a07de085d03
stage1c_geometry,101,11,L3,1006,12656809287045921059,90a8ffc354d4159c36a39e7d36a330524b6713f1a994d930c4789f93975e6865
stage1c_geometry,101,11,L3,1007,14059961287840524051,d465dd662695e379131a61ac6bad938a852a5ab50eeb512142d8aecbfb7409c2
stage1c_geometry,101,11,L3,1008,11812151302823774038,1fb2bf5479c1d56d946569ee77040b1082b5ee531af3d2098bb93d6405b299c7
stage1c_geometry,101,11,L3,1009,13901258944890665098,331a57e1b85488ef56608ded5e431a694c201808019fe80470cae0c75c6d49d8
stage1c_geometry,101,11,L3,1010,8166990151033949422,0f6ee4a38f6b4208525a903e183d044b8a942a14f293e7dea0cd5bec8687e73c
stage1c_geometry,101,11,L3,1011,4872281539123911252,1e12e31e95a740c4693b25ae37d5a259703ba29425c5487d888e9c4051464128
stage1c_geometry,101,11,L3,1012,15430213782745883706,1051ed2fda2bd35703d6537bcd1ca6a8a3a6c52d98ad6c622b016bd8f8592e45
stage1c_geometry,101,11,L3,1013,16304146588324906160,3ab2a10da6a152311fd434eddbe365a2d600c470b66405fd4098131c5998c057
stage1c_geometry,101,11,L3,1014,2975018038998013638,0694bfd8dd1dda241616887172afa51f08e3e36b45d5f596cb5241dec199f602
stage1c_geometry,101,11,L3,1015,14912964944713967950,65c674369ac1c7b821a4f0fee097df83591afb1d5c8dc63c618eed5fa9a6c34a
stage1c_geometry,101,11,L3,1016,7346765437274124162,daf39d86ce6c0ed4d33d072bd0284d7fe7510d516495ceda53320b9a4e1fbd02
stage1c_geometry,101,11,L3,1017,15848750789248442423,47fa4183b850319428a98eebfff8d849bae478ff97ef51bd81aeb8d77f19661c
stage1c_geometry,101,11,L3,1018,6506561343921100778,2e4943477170f32e9da8442c7647a1fac388a654bf8187d90b197af633f39e9e
stage1c_geometry,101,11,L3,1019,3674701938333038774,78f0dade0df2687cbc4029a6df8ba855e85006ba7e28b1435392a8e11e7cbe8b
stage1c_geometry,101,11,L3,1020,13241028846893970192,279b1a01c8a15a5c3407da0e2453e0437a2dfbde4fbfb1ff0091d24cfd9cb4d2
stage1c_geometry,101,11,L3,1021,3438702977640071059,198ff77233b7fd8b0847e06f24763ee1277822a8c176089ae0e4df63308b44bf
stage1c_geometry,101,11,L3,1022,9234911796927323906,bd4aaab4e93bdeddc43745dc3466a4b5432918236eaf9bfcf893e0483a7d28eb
stage1c_geometry,101,11,L3,1023,3888830074865870551,995f3da6d24baef0d5e80acfcce6aa7ccf5d209ed453ecba96de540b7d36281d
stage1c_geometry,101,11,L3,1024,13975092485298121176,e2435821b32b6197e4b4b25ff7f626139bee5bb7da879259dd68e66e121dcf3f
stage1c_geometry,101,11,L3,1025,3064058609086307990,ba78fe386752594ce6aecb6f7203cc5b37fe7388a8beec982a37a604fc39e062
stage1c_geometry,101,11,L3,1026,12167501332177659264,c2c287968b347d19814d1630f56e11468a004afdc4c4c2b8f8ae4d87784f68ed
stage1c_geometry,101,11,L3,1027,17584233755531672865,e7afc8dd0305021959d51a89f97a520792e708ea36a50a9e228f2fc6e53802f5
stage1c_geometry,101,11,L3,1028,6587224693383691435,b82bc5909e09dca9f9c2ee5929e169400646f5c52319015bf242d1903a6d40b6
stage1c_geometry,101,11,L3,1029,6532708206866535870,0158bdb8fd1af095700b9cf6ac98c68d0880acaa2b0d7bbc982bace43eb56439
stage1c_geometry,101,11,L3,1030,5869544775079315571,e3be2651dd17626d13929a465f1831e9f87a4964ff61f67e97ac19c34c78df79
stage1c_geometry,101,22,L3,1001,9496133652742936739,614a73ae59603cb19ddcc31ce861384e5c92992ee259b8a3de5ae232e9e54eca
stage1c_geometry,101,22,L3,1002,18263472840983827542,2edcb50d4f781eac0cbcf350c1c3676dc5753c196c3390babf33fbe534a188a5
stage1c_geometry,101,22,L3,1003,504116199590557139,f91691dd26d3f368ee3e8e9fe13cfefb381b063e4e12a60bd823932a865ee1ed
stage1c_geometry,101,22,L3,1004,5576006029063525276,fbb7791ff65617dab7cf56de43d76bf80b89c05ac325e6da9b952fe33d4997ba
stage1c_geometry,101,22,L3,1005,9874921965942074011,abbce741189a666647b936486ee0a66b968419afc990e8e8ecb5f7df07c26d45
stage1c_geometry,101,22,L3,1006,3777953515255085660,1681b388b89128a518539b05152e127562b08510cc2425acf1326cae815192fd
stage1c_geometry,101,22,L3,1007,684360373795357511,8891b554d0d0840e67aeffb3de60c9af034171b733ad0d86d358c5db18ca4bce
stage1c_geometry,101,22,L3,1008,17161272005110856799,d4a143c68b9eba7544d829e689ab12aafbc45f3499df3abcd9b1dc9d7ee4e43a
stage1c_geometry,101,22,L3,1009,16531611097670833689,4a33b7beedd3263c4b4a1b91d048f4e7faed0fdd466909e5de9031f7a05ed4b5
stage1c_geometry,101,22,L3,1010,10129552996510712214,7dbe75651535377e0ea793c3d2a699cb22b91ca477928b6d7c828722c962e81e
stage1c_geometry,101,22,L3,1011,2503743678543134456,6c981473e3682cded3fff7517292d8b124a1592c5c6fdc49f40c3a0b6e631846
stage1c_geometry,101,22,L3,1012,6772104312012492255,b33c9877f59ca9067c8663d05ee2fd189e6e19096cf29199bf1f6a3fa641dc67
stage1c_geometry,101,22,L3,1013,17349134929502363130,33818556548af8402bef5dea7139488a655369f796272f42f7ba3f1c52301f5e
stage1c_geometry,101,22,L3,1014,3996317174636764926,060c2c90260f2a2621aeec9c6917dd8c1b7384482415a46bf476d6e2d99773b8
stage1c_geometry,101,22,L3,1015,2537719729302829248,c2126b3e5968c89e925cd16c66a22cd24b063245a44b0e48018c640e598ffd9f
stage1c_geometry,101,22,L3,1016,8173720405448423497,a3c5a05a479283b6c5ffe74b5421edb816ca01abe58baefd530a79a55c66bbe3
stage1c_geometry,101,22,L3,1017,9282156257902052128,70610e04d728be144cdb6d79bf0c67771a7d92c590341981bf25c810a8d76d8d
stage1c_geometry,101,22,L3,1018,4094380165054195240,1ef6d2eb2f0298ee79a2d2ab5131ffac8bba812a69efaf14904c9607587e4990
stage1c_geometry,101,22,L3,1019,232334797343766784,b69c4536e8e4892960f4bec035e8f3e6370b33d92e722114313486128f054969
stage1c_geometry,101,22,L3,1020,2603859272869760810,944b8b10d564e14b924e4e67f46835e9acb70aa11c3ef58a054bdc2f917144d1
stage1c_geometry,101,22,L3,1021,17292652009690372050,36e40c6b7a12a81718fc9cdcf97ac0dce91c7229a358c1ce0670a35446416865
stage1c_geometry,101,22,L3,1022,10931720389916925404,b15f3829ed01535df8e154a7f08e591b940c68bb1ebb9cbca9ede33f11608218
stage1c_geometry,101,22,L3,1023,11014574666385492136,8ff75a295b520722cebf263ace7677577af73821fdf0cf7e4fd4ee5e17e548ba
stage1c_geometry,101,22,L3,1024,15936810653981778999,7587016068268d7d112d7378faa61c391c8eb7f72c28b47cb1a58261326251ef
stage1c_geometry,101,22,L3,1025,4619185348121154836,2523287ada735f28d9e0b4ca36c685aa8df632494e8f5eb31a1c834b9441d9f7
stage1c_geometry,101,22,L3,1026,1224953305104437231,1d6ff294da1ff3483c9df1ef47817d1db49ca50e4d82f04c7d9b02254d25c1da
stage1c_geometry,101,22,L3,1027,13879200011676902137,623d541ba1d29e1caf9f203cd46135107f467fe2555ccd8f1e213f6e5691e3ee
stage1c_geometry,101,22,L3,1028,775959765138108759,3969dc214f1e96b039255a09f9c296ad32a525d281d8cc26bc4335a111b0ce0b
stage1c_geometry,101,22,L3,1029,9732780909832306692,fa6604389da1345c7f0c50235543a1efbfa0c97a9d7789a24fd1017dec392757
stage1c_geometry,101,22,L3,1030,13874953231298244516,d7b43855e8d01e7f790f855eda7dbb8317d05fd88581a87db393622d89ee8ad1
stage1c_geometry,101,11,L4,1001,5298716704492741094,9bf042032fb0db5f9f19a535a3a50e6f28ccd086bc122f3d2299ca127140a633
stage1c_geometry,101,11,L4,1002,13119284158483706132,afea8ed5e2aee71dbda34712d3a477ee26854716481d1ef4bef9c795b66f0c73
stage1c_geometry,101,11,L4,1003,1459477216484999267,6182a21719ea9ea60d3c1f9ad31497242822f616dc4268e2292ed1650d32b57b
stage1c_geometry,101,11,L4,1004,10109263610455022178,54ea82bc8ef0bf9d13aa2a5b8d5ba6a312f0e45d8162dc0ff0fe8f2aa48b11eb
stage1c_geometry,101,11,L4,1005,13975636227321750546,f6e9bc511bd2b253968e5e64b2366f76121e24a735b5c2772d9b0a07de085d03
stage1c_geometry,101,11,L4,1006,12656809287045921059,90a8ffc354d4159c36a39e7d36a330524b6713f1a994d930c4789f93975e6865
stage1c_geometry,101,11,L4,1007,14059961287840524051,d465dd662695e379131a61ac6bad938a852a5ab50eeb512142d8aecbfb7409c2
stage1c_geometry,101,11,L4,1008,11812151302823774038,1fb2bf5479c1d56d946569ee77040b1082b5ee531af3d2098bb93d6405b299c7
stage1c_geometry,101,11,L4,1009,13901258944890665098,331a57e1b85488ef56608ded5e431a694c201808019fe80470cae0c75c6d49d8
stage1c_geometry,101,11,L4,1010,8166990151033949422,0f6ee4a38f6b4208525a903e183d044b8a942a14f293e7dea0cd5bec8687e73c
stage1c_geometry,101,11,L4,1011,4872281539123911252,1e12e31e95a740c4693b25ae37d5a259703ba29425c5487d888e9c4051464128
stage1c_geometry,101,11,L4,1012,15430213782745883706,1051ed2fda2bd35703d6537bcd1ca6a8a3a6c52d98ad6c622b016bd8f8592e45
stage1c_geometry,101,11,L4,1013,16304146588324906160,3ab2a10da6a152311fd434eddbe365a2d600c470b66405fd4098131c5998c057
stage1c_geometry,101,11,L4,1014,2975018038998013638,0694bfd8dd1dda241616887172afa51f08e3e36b45d5f596cb5241dec199f602
stage1c_geometry,101,11,L4,1015,14912964944713967950,65c674369ac1c7b821a4f0fee097df83591afb1d5c8dc63c618eed5fa9a6c34a
stage1c_geometry,101,11,L4,1016,7346765437274124162,daf39d86ce6c0ed4d33d072bd0284d7fe7510d516495ceda53320b9a4e1fbd02
stage1c_geometry,101,11,L4,1017,15848750789248442423,47fa4183b850319428a98eebfff8d849bae478ff97ef51bd81aeb8d77f19661c
stage1c_geometry,101,11,L4,1018,6506561343921100778,2e4943477170f32e9da8442c7647a1fac388a654bf8187d90b197af633f39e9e
stage1c_geometry,101,11,L4,1019,3674701938333038774,78f0dade0df2687cbc4029a6df8ba855e85006ba7e28b1435392a8e11e7cbe8b
stage1c_geometry,101,11,L4,1020,13241028846893970192,279b1a01c8a15a5c3407da0e2453e0437a2dfbde4fbfb1ff0091d24cfd9cb4d2
stage1c_geometry,101,11,L4,1021,3438702977640071059,198ff77233b7fd8b0847e06f24763ee1277822a8c176089ae0e4df63308b44bf
stage1c_geometry,101,11,L4,1022,9234911796927323906,bd4aaab4e93bdeddc43745dc3466a4b5432918236eaf9bfcf893e0483a7d28eb
stage1c_geometry,101,11,L4,1023,3888830074865870551,995f3da6d24baef0d5e80acfcce6aa7ccf5d209ed453ecba96de540b7d36281d
stage1c_geometry,101,11,L4,1024,13975092485298121176,e2435821b32b6197e4b4b25ff7f626139bee5bb7da879259dd68e66e121dcf3f
stage1c_geometry,101,11,L4,1025,3064058609086307990,ba78fe386752594ce6aecb6f7203cc5b37fe7388a8beec982a37a604fc39e062
stage1c_geometry,101,11,L4,1026,12167501332177659264,c2c287968b347d19814d1630f56e11468a004afdc4c4c2b8f8ae4d87784f68ed
stage1c_geometry,101,11,L4,1027,17584233755531672865,e7afc8dd0305021959d51a89f97a520792e708ea36a50a9e228f2fc6e53802f5
stage1c_geometry,101,11,L4,1028,6587224693383691435,b82bc5909e09dca9f9c2ee5929e169400646f5c52319015bf242d1903a6d40b6
stage1c_geometry,101,11,L4,1029,6532708206866535870,0158bdb8fd1af095700b9cf6ac98c68d0880acaa2b0d7bbc982bace43eb56439
stage1c_geometry,101,11,L4,1030,5869544775079315571,e3be2651dd17626d13929a465f1831e9f87a4964ff61f67e97ac19c34c78df79
stage1c_geometry,101,22,L4,1001,9496133652742936739,614a73ae59603cb19ddcc31ce861384e5c92992ee259b8a3de5ae232e9e54eca
stage1c_geometry,101,22,L4,1002,18263472840983827542,2edcb50d4f781eac0cbcf350c1c3676dc5753c196c3390babf33fbe534a188a5
stage1c_geometry,101,22,L4,1003,504116199590557139,f91691dd26d3f368ee3e8e9fe13cfefb381b063e4e12a60bd823932a865ee1ed
stage1c_geometry,101,22,L4,1004,5576006029063525276,fbb7791ff65617dab7cf56de43d76bf80b89c05ac325e6da9b952fe33d4997ba
stage1c_geometry,101,22,L4,1005,9874921965942074011,abbce741189a666647b936486ee0a66b968419afc990e8e8ecb5f7df07c26d45
stage1c_geometry,101,22,L4,1006,3777953515255085660,1681b388b89128a518539b05152e127562b08510cc2425acf1326cae815192fd
stage1c_geometry,101,22,L4,1007,684360373795357511,8891b554d0d0840e67aeffb3de60c9af034171b733ad0d86d358c5db18ca4bce
stage1c_geometry,101,22,L4,1008,17161272005110856799,d4a143c68b9eba7544d829e689ab12aafbc45f3499df3abcd9b1dc9d7ee4e43a
stage1c_geometry,101,22,L4,1009,16531611097670833689,4a33b7beedd3263c4b4a1b91d048f4e7faed0fdd466909e5de9031f7a05ed4b5
stage1c_geometry,101,22,L4,1010,10129552996510712214,7dbe75651535377e0ea793c3d2a699cb22b91ca477928b6d7c828722c962e81e
stage1c_geometry,101,22,L4,1011,2503743678543134456,6c981473e3682cded3fff7517292d8b124a1592c5c6fdc49f40c3a0b6e631846
stage1c_geometry,101,22,L4,1012,6772104312012492255,b33c9877f59ca9067c8663d05ee2fd189e6e19096cf29199bf1f6a3fa641dc67
stage1c_geometry,101,22,L4,1013,17349134929502363130,33818556548af8402bef5dea7139488a655369f796272f42f7ba3f1c52301f5e
stage1c_geometry,101,22,L4,1014,3996317174636764926,060c2c90260f2a2621aeec9c6917dd8c1b7384482415a46bf476d6e2d99773b8
stage1c_geometry,101,22,L4,1015,2537719729302829248,c2126b3e5968c89e925cd16c66a22cd24b063245a44b0e48018c640e598ffd9f
stage1c_geometry,101,22,L4,1016,8173720405448423497,a3c5a05a479283b6c5ffe74b5421edb816ca01abe58baefd530a79a55c66bbe3
stage1c_geometry,101,22,L4,1017,9282156257902052128,70610e04d728be144cdb6d79bf0c67771a7d92c590341981bf25c810a8d76d8d
stage1c_geometry,101,22,L4,1018,4094380165054195240,1ef6d2eb2f0298ee79a2d2ab5131ffac8bba812a69efaf14904c9607587e4990
stage1c_geometry,101,22,L4,1019,232334797343766784,b69c4536e8e4892960f4bec035e8f3e6370b33d92e722114313486128f054969
stage1c_geometry,101,22,L4,1020,2603859272869760810,944b8b10d564e14b924e4e67f46835e9acb70aa11c3ef58a054bdc2f917144d1
stage1c_geometry,101,22,L4,1021,17292652009690372050,36e40c6b7a12a81718fc9cdcf97ac0dce91c7229a358c1ce0670a35446416865
stage1c_geometry,101,22,L4,1022,10931720389916925404,b15f3829ed01535df8e154a7f08e591b940c68bb1ebb9cbca9ede33f11608218
stage1c_geometry,101,22,L4,1023,11014574666385492136,8ff75a295b520722cebf263ace7677577af73821fdf0cf7e4fd4ee5e17e548ba
stage1c_geometry,101,22,L4,1024,15936810653981778999,7587016068268d7d112d7378faa61c391c8eb7f72c28b47cb1a58261326251ef
stage1c_geometry,101,22,L4,1025,4619185348121154836,2523287ada735f28d9e0b4ca36c685aa8df632494e8f5eb31a1c834b9441d9f7
stage1c_geometry,101,22,L4,1026,1224953305104437231,1d6ff294da1ff3483c9df1ef47817d1db49ca50e4d82f04c7d9b02254d25c1da
stage1c_geometry,101,22,L4,1027,13879200011676902137,623d541ba1d29e1caf9f203cd46135107f467fe2555ccd8f1e213f6e5691e3ee
stage1c_geometry,101,22,L4,1028,775959765138108759,3969dc214f1e96b039255a09f9c296ad32a525d281d8cc26bc4335a111b0ce0b
stage1c_geometry,101,22,L4,1029,9732780909832306692,fa6604389da1345c7f0c50235543a1efbfa0c97a9d7789a24fd1017dec392757
stage1c_geometry,101,22,L4,1030,13874953231298244516,d7b43855e8d01e7f790f855eda7dbb8317d05fd88581a87db393622d89ee8ad1
stage1c_observation,101,11,O1,1001,945371169892452128,0400527f568126b45c090fa38d08cbec10d517c6f6858537d5f97b5565eb7ca8
stage1c_observation,101,11,O1,1002,3798217740690397435,c03469ef8f447043ee8b855f175048f3ac8a898b20fc27e2d8179f49affac0ee
stage1c_observation,101,11,O1,1003,10057915280879369222,3ae9e764fb185eec5d7a8dc22d6ed6ced49a41817f2b0e3044cfe322e971b9b3
stage1c_observation,101,11,O1,1004,13857205950016277282,06a7565fb3e1fa650be86fb5eae0cc50fe7472a0d8d93b530f59614f9a974b2a
stage1c_observation,101,11,O1,1005,17658049148050416250,0762bef5cd33281b912a0691de25656fdc307f5ecf14f9599f9c030a51340c2a
stage1c_observation,101,11,O1,1006,6334399382587689739,27a13939241b34cfde9bb964bcfb7772852112d282e3f22e30d0501c0d79a66f
stage1c_observation,101,11,O1,1007,13319216052011825419,0839497b6de6301f2724c4693076e6851b4ae8fdcf7b202023251b62b4634131
stage1c_observation,101,11,O1,1008,5569951799885942517,e47c2f9c8b09ff6c0f97a313c63e0a4fcf1668b589b4f0143e537a18ac605376
stage1c_observation,101,11,O1,1009,28072417422696012,47eb4e5db98ca0dd6fce25e6f2950c4df6f695848f99f7cf105b0806f5fefaf0
stage1c_observation,101,11,O1,1010,2318361446493380111,a3dd15f39a746f6798505fef0f771dfc904c2e29ba8ccef47f352f1dbd91cdbe
stage1c_observation,101,11,O1,1011,3463520108496542083,2abcc10be81aac2d46d5315a0fe788cdfd91192f1b1d0d56611adcd0865eb625
stage1c_observation,101,11,O1,1012,2340037479048503949,16581f6ed3351faae58c6507255169f85b73e14b4bcfe1d8aaf33c98773d84ee
stage1c_observation,101,11,O1,1013,16782301048502761840,eb41d05bc35ae0f5ba0748d950d909683cb2d5a1028ea16d346510daa80ca18d
stage1c_observation,101,11,O1,1014,8323225629652357108,b5a59427b70064b4c059c437490171b46c578e9e556b25ceaa0ead4a6349dc3b
stage1c_observation,101,11,O1,1015,12330294326477803781,9965c9578c7257451fe334ea4df912ed05729be1b51ece6d41ad61ef606c3542
stage1c_observation,101,11,O1,1016,1167718394631631279,b10ddd76b0ce5b61eee6c5d7cb32723e3c4edeb58417f2b725c5e873310902f6
stage1c_observation,101,11,O1,1017,17393441876699462052,e208045cbb075cab52afc0eedec2cd8c6e33dd559de26318c838e7b72e5187b0
stage1c_observation,101,11,O1,1018,12501791678644516293,3434c8f6393ab2cb6f25c4292932be56108e5931ecc6e3c4ee75d1208568ad57
stage1c_observation,101,11,O1,1019,17522141263886605776,68acb9947d975d23e26c6aabc956df21e55decd264af795c26e7646f1f18c7fd
stage1c_observation,101,11,O1,1020,16149128690175224579,e698abc11eb3552531021b529d2c6b1c256f54d643b725a681fb0fc7a1b0c2c8
stage1c_observation,101,11,O1,1021,391283001256085703,d5380494620a77a8369216edb0bb62be35f92be863e0d8c577f0e3e9accba66a
stage1c_observation,101,11,O1,1022,18311678747261491197,2aba62eb032b76bbda51c57460c7e9c4bebd126fb8e05576510ab58624ed6f6f
stage1c_observation,101,11,O1,1023,15291582886603360845,d5b9b5e59567c3dc4f0fc1161586990a77d0a6c42528c604ac6cae956d4bf0d8
stage1c_observation,101,11,O1,1024,2725649289821696892,c15112be039bf97f85b75bf3492f8b67ec11812079746a9078182440f3792755
stage1c_observation,101,11,O1,1025,1142291797430836996,963d9149d8852e3d30688ee57a1c87a3e19a1703df37a301de1ce5812934c8ca
stage1c_observation,101,11,O1,1026,11391070417778354238,ba41e7ff70ca338e6aaea731d25c9b2b7f624cf2052094b0b60d10cc1ecade3e
stage1c_observation,101,11,O1,1027,693392403811258233,b4bae591e0ba8e586af7d36aad2a82969b69d0c45c383f6d848c53a34dcf3d92
stage1c_observation,101,11,O1,1028,6657002712134507428,7ebdad4f9e73643956a005e3530dd9c0d1620f324e248fb08f791fd03fc0bb2f
stage1c_observation,101,11,O1,1029,15859117529997912395,45d03c9989b1cf99d567c0a0066b22bb88e3ef77881833ce7affc32501a8c21e
stage1c_observation,101,11,O1,1030,10314569987250482102,ebae3abe9166c7432bf4fda71f15812b39ecf7bba612ef9bef5c9b09d518b567
stage1c_observation,101,22,O1,1001,6271536098811025333,619f4b775a3fa5e0b3052d5b59e8894a2310b2a0c668b1429bd28b20a59feac4
stage1c_observation,101,22,O1,1002,13477856814520593788,80abef62d237befef5904d6ead4d4c095f29e40254a14a34d57ae6b89ff40fb5
stage1c_observation,101,22,O1,1003,15948319564136469884,3141652007970d24e145f796eafd549e29f38a18bed191ecae85e659d272d80a
stage1c_observation,101,22,O1,1004,6536822377154734216,7a0cc7d06f029abb078c2052bb127625e0a248cd3e9002bbcaea77a14625ec4d
stage1c_observation,101,22,O1,1005,17324440597402817564,2f9522edf63479951c9fe762c4ac631801dc5ab6b80c460e11e19d469bbf4cee
stage1c_observation,101,22,O1,1006,11286077459765398162,8f45be4e43871e495b7eaf0212010ae860116d46e1a48a618ca27020dde91931
stage1c_observation,101,22,O1,1007,17880945571363668046,502d6bf2f746b19f2ec04dbed866114c2741690a5a02ffb81faacee67a783fa4
stage1c_observation,101,22,O1,1008,7003677178386958226,05edb122ae1161c0b45871e927806d2b4fa3bf2436114654499c52a5b8130a36
stage1c_observation,101,22,O1,1009,7540700631033854217,c1c2f7adbb8d2c85fb87af60c4bc039106ce3c32afda6ddf810a9ef7bae7687e
stage1c_observation,101,22,O1,1010,184506110691917300,8352491e3a31e26d94e5e2d9a2eaeed70d5b476152bdae65b7db01d8188e6190
stage1c_observation,101,22,O1,1011,10353323874246684581,30320be652962526adf4ccd2f491ffb42ba0b48d4508a8b327fc71f8e964e072
stage1c_observation,101,22,O1,1012,13335222787972530333,b18d08782e6fdfaebffd822e9e397dbc26a309a0f17b2be74b00a5b80fb4e453
stage1c_observation,101,22,O1,1013,13206597240271864811,e858e4a28826f121c749ffeae2df380a634fa79c7c527653337f77cea08cf856
stage1c_observation,101,22,O1,1014,12353220308437996195,0acc7f6e24114fc63a0c03b7e66a816868692d4db76f9cedf3edf58e81e5dcdf
stage1c_observation,101,22,O1,1015,7077803372077892645,689b9cfdc311840bf4e13808f5afbf8e2c92203c99606ff46596b4d962de2e1c
stage1c_observation,101,22,O1,1016,12804356049703091241,505759b4073d29d108610a48cc59f40b419843231b00f47e3078502f1d8667a8
stage1c_observation,101,22,O1,1017,56806612647818958,bf5e355973981db3bac81b778518f98b56cf3b41413c42ed78d2b299f86f8f0f
stage1c_observation,101,22,O1,1018,17084513156674686755,c673b74494c28774694a666aa1066d0bd5db8a991501c41cb2b801436edb2893
stage1c_observation,101,22,O1,1019,4727609180401828096,348abe27df72556d6231b973b7050d2d4b6ae3cf7d1d0d05a5f143c94a901aa7
stage1c_observation,101,22,O1,1020,18173240321617509794,cb442ddbb609526d1f30e0a331198b0db009c115943838e261144eb88c12d937
stage1c_observation,101,22,O1,1021,16775416964721310102,a6131f801bfd43401fc6a3dcd7546d702e38082f78dd422c7968b67bab38c67f
stage1c_observation,101,22,O1,1022,6246409259722708718,626d1f55a4d4097a83cad489274d4bdb1147099e2232af583642c8ff87496c61
stage1c_observation,101,22,O1,1023,12819830530738028320,a0468e3a74cb9302ae9bb37973e33d4ca96fcc889991adb5ec4b0f4fbfc26f0b
stage1c_observation,101,22,O1,1024,2812567066902164152,00bd29e0a288958bdf720acd7401a21b3e0cf648cf21da42a0ca79c31a1b4ec2
stage1c_observation,101,22,O1,1025,99435721432417442,bbb3b97ca93fc02fee0479d449e97bc353fdab4fdf87f7b3689977c83a6becde
stage1c_observation,101,22,O1,1026,3130010137864825266,54b16064de24c9a7646247494db438949fbe7fc72af2dab536150c13512d29ac
stage1c_observation,101,22,O1,1027,2344906547029955386,e81b1123ec38d5c1b5e2c658607a1a4f3a5b8a437b48f6bfa93dfc36bfafa50f
stage1c_observation,101,22,O1,1028,15121856602581550988,ca483847bf5d926a831c887340fb0b30be52eb207048b7a9a55fdb867a87eb41
stage1c_observation,101,22,O1,1029,649753204668363758,2a3e15a4bdca30d6e5872457e780ad44accb1175c9b25265231ead51ebd4999b
stage1c_observation,101,22,O1,1030,8932429744462631664,55e590776dc6160347777f8df07a7be2969f6fa44a75ccd3229f49814362cfe8
stage1c_observation,101,11,O2,1001,945371169892452128,0400527f568126b45c090fa38d08cbec10d517c6f6858537d5f97b5565eb7ca8
stage1c_observation,101,11,O2,1002,3798217740690397435,c03469ef8f447043ee8b855f175048f3ac8a898b20fc27e2d8179f49affac0ee
stage1c_observation,101,11,O2,1003,10057915280879369222,3ae9e764fb185eec5d7a8dc22d6ed6ced49a41817f2b0e3044cfe322e971b9b3
stage1c_observation,101,11,O2,1004,13857205950016277282,06a7565fb3e1fa650be86fb5eae0cc50fe7472a0d8d93b530f59614f9a974b2a
stage1c_observation,101,11,O2,1005,17658049148050416250,0762bef5cd33281b912a0691de25656fdc307f5ecf14f9599f9c030a51340c2a
stage1c_observation,101,11,O2,1006,6334399382587689739,27a13939241b34cfde9bb964bcfb7772852112d282e3f22e30d0501c0d79a66f
stage1c_observation,101,11,O2,1007,13319216052011825419,0839497b6de6301f2724c4693076e6851b4ae8fdcf7b202023251b62b4634131
stage1c_observation,101,11,O2,1008,5569951799885942517,e47c2f9c8b09ff6c0f97a313c63e0a4fcf1668b589b4f0143e537a18ac605376
stage1c_observation,101,11,O2,1009,28072417422696012,47eb4e5db98ca0dd6fce25e6f2950c4df6f695848f99f7cf105b0806f5fefaf0
stage1c_observation,101,11,O2,1010,2318361446493380111,a3dd15f39a746f6798505fef0f771dfc904c2e29ba8ccef47f352f1dbd91cdbe
stage1c_observation,101,11,O2,1011,3463520108496542083,2abcc10be81aac2d46d5315a0fe788cdfd91192f1b1d0d56611adcd0865eb625
stage1c_observation,101,11,O2,1012,2340037479048503949,16581f6ed3351faae58c6507255169f85b73e14b4bcfe1d8aaf33c98773d84ee
stage1c_observation,101,11,O2,1013,16782301048502761840,eb41d05bc35ae0f5ba0748d950d909683cb2d5a1028ea16d346510daa80ca18d
stage1c_observation,101,11,O2,1014,8323225629652357108,b5a59427b70064b4c059c437490171b46c578e9e556b25ceaa0ead4a6349dc3b
stage1c_observation,101,11,O2,1015,12330294326477803781,9965c9578c7257451fe334ea4df912ed05729be1b51ece6d41ad61ef606c3542
stage1c_observation,101,11,O2,1016,1167718394631631279,b10ddd76b0ce5b61eee6c5d7cb32723e3c4edeb58417f2b725c5e873310902f6
stage1c_observation,101,11,O2,1017,17393441876699462052,e208045cbb075cab52afc0eedec2cd8c6e33dd559de26318c838e7b72e5187b0
stage1c_observation,101,11,O2,1018,12501791678644516293,3434c8f6393ab2cb6f25c4292932be56108e5931ecc6e3c4ee75d1208568ad57
stage1c_observation,101,11,O2,1019,17522141263886605776,68acb9947d975d23e26c6aabc956df21e55decd264af795c26e7646f1f18c7fd
stage1c_observation,101,11,O2,1020,16149128690175224579,e698abc11eb3552531021b529d2c6b1c256f54d643b725a681fb0fc7a1b0c2c8
stage1c_observation,101,11,O2,1021,391283001256085703,d5380494620a77a8369216edb0bb62be35f92be863e0d8c577f0e3e9accba66a
stage1c_observation,101,11,O2,1022,18311678747261491197,2aba62eb032b76bbda51c57460c7e9c4bebd126fb8e05576510ab58624ed6f6f
stage1c_observation,101,11,O2,1023,15291582886603360845,d5b9b5e59567c3dc4f0fc1161586990a77d0a6c42528c604ac6cae956d4bf0d8
stage1c_observation,101,11,O2,1024,2725649289821696892,c15112be039bf97f85b75bf3492f8b67ec11812079746a9078182440f3792755
stage1c_observation,101,11,O2,1025,1142291797430836996,963d9149d8852e3d30688ee57a1c87a3e19a1703df37a301de1ce5812934c8ca
stage1c_observation,101,11,O2,1026,11391070417778354238,ba41e7ff70ca338e6aaea731d25c9b2b7f624cf2052094b0b60d10cc1ecade3e
stage1c_observation,101,11,O2,1027,693392403811258233,b4bae591e0ba8e586af7d36aad2a82969b69d0c45c383f6d848c53a34dcf3d92
stage1c_observation,101,11,O2,1028,6657002712134507428,7ebdad4f9e73643956a005e3530dd9c0d1620f324e248fb08f791fd03fc0bb2f
stage1c_observation,101,11,O2,1029,15859117529997912395,45d03c9989b1cf99d567c0a0066b22bb88e3ef77881833ce7affc32501a8c21e
stage1c_observation,101,11,O2,1030,10314569987250482102,ebae3abe9166c7432bf4fda71f15812b39ecf7bba612ef9bef5c9b09d518b567
stage1c_observation,101,22,O2,1001,6271536098811025333,619f4b775a3fa5e0b3052d5b59e8894a2310b2a0c668b1429bd28b20a59feac4
stage1c_observation,101,22,O2,1002,13477856814520593788,80abef62d237befef5904d6ead4d4c095f29e40254a14a34d57ae6b89ff40fb5
stage1c_observation,101,22,O2,1003,15948319564136469884,3141652007970d24e145f796eafd549e29f38a18bed191ecae85e659d272d80a
stage1c_observation,101,22,O2,1004,6536822377154734216,7a0cc7d06f029abb078c2052bb127625e0a248cd3e9002bbcaea77a14625ec4d
stage1c_observation,101,22,O2,1005,17324440597402817564,2f9522edf63479951c9fe762c4ac631801dc5ab6b80c460e11e19d469bbf4cee
stage1c_observation,101,22,O2,1006,11286077459765398162,8f45be4e43871e495b7eaf0212010ae860116d46e1a48a618ca27020dde91931
stage1c_observation,101,22,O2,1007,17880945571363668046,502d6bf2f746b19f2ec04dbed866114c2741690a5a02ffb81faacee67a783fa4
stage1c_observation,101,22,O2,1008,7003677178386958226,05edb122ae1161c0b45871e927806d2b4fa3bf2436114654499c52a5b8130a36
stage1c_observation,101,22,O2,1009,7540700631033854217,c1c2f7adbb8d2c85fb87af60c4bc039106ce3c32afda6ddf810a9ef7bae7687e
stage1c_observation,101,22,O2,1010,184506110691917300,8352491e3a31e26d94e5e2d9a2eaeed70d5b476152bdae65b7db01d8188e6190
stage1c_observation,101,22,O2,1011,10353323874246684581,30320be652962526adf4ccd2f491ffb42ba0b48d4508a8b327fc71f8e964e072
stage1c_observation,101,22,O2,1012,13335222787972530333,b18d08782e6fdfaebffd822e9e397dbc26a309a0f17b2be74b00a5b80fb4e453
stage1c_observation,101,22,O2,1013,13206597240271864811,e858e4a28826f121c749ffeae2df380a634fa79c7c527653337f77cea08cf856
stage1c_observation,101,22,O2,1014,12353220308437996195,0acc7f6e24114fc63a0c03b7e66a816868692d4db76f9cedf3edf58e81e5dcdf
stage1c_observation,101,22,O2,1015,7077803372077892645,689b9cfdc311840bf4e13808f5afbf8e2c92203c99606ff46596b4d962de2e1c
stage1c_observation,101,22,O2,1016,12804356049703091241,505759b4073d29d108610a48cc59f40b419843231b00f47e3078502f1d8667a8
stage1c_observation,101,22,O2,1017,56806612647818958,bf5e355973981db3bac81b778518f98b56cf3b41413c42ed78d2b299f86f8f0f
stage1c_observation,101,22,O2,1018,17084513156674686755,c673b74494c28774694a666aa1066d0bd5db8a991501c41cb2b801436edb2893
stage1c_observation,101,22,O2,1019,4727609180401828096,348abe27df72556d6231b973b7050d2d4b6ae3cf7d1d0d05a5f143c94a901aa7
stage1c_observation,101,22,O2,1020,18173240321617509794,cb442ddbb609526d1f30e0a331198b0db009c115943838e261144eb88c12d937
stage1c_observation,101,22,O2,1021,16775416964721310102,a6131f801bfd43401fc6a3dcd7546d702e38082f78dd422c7968b67bab38c67f
stage1c_observation,101,22,O2,1022,6246409259722708718,626d1f55a4d4097a83cad489274d4bdb1147099e2232af583642c8ff87496c61
stage1c_observation,101,22,O2,1023,12819830530738028320,a0468e3a74cb9302ae9bb37973e33d4ca96fcc889991adb5ec4b0f4fbfc26f0b
stage1c_observation,101,22,O2,1024,2812567066902164152,00bd29e0a288958bdf720acd7401a21b3e0cf648cf21da42a0ca79c31a1b4ec2
stage1c_observation,101,22,O2,1025,99435721432417442,bbb3b97ca93fc02fee0479d449e97bc353fdab4fdf87f7b3689977c83a6becde
stage1c_observation,101,22,O2,1026,3130010137864825266,54b16064de24c9a7646247494db438949fbe7fc72af2dab536150c13512d29ac
stage1c_observation,101,22,O2,1027,2344906547029955386,e81b1123ec38d5c1b5e2c658607a1a4f3a5b8a437b48f6bfa93dfc36bfafa50f
stage1c_observation,101,22,O2,1028,15121856602581550988,ca483847bf5d926a831c887340fb0b30be52eb207048b7a9a55fdb867a87eb41
stage1c_observation,101,22,O2,1029,649753204668363758,2a3e15a4bdca30d6e5872457e780ad44accb1175c9b25265231ead51ebd4999b
stage1c_observation,101,22,O2,1030,8932429744462631664,55e590776dc6160347777f8df07a7be2969f6fa44a75ccd3229f49814362cfe8
stage1c_observation,101,11,O3,1001,945371169892452128,0400527f568126b45c090fa38d08cbec10d517c6f6858537d5f97b5565eb7ca8
stage1c_observation,101,11,O3,1002,3798217740690397435,c03469ef8f447043ee8b855f175048f3ac8a898b20fc27e2d8179f49affac0ee
stage1c_observation,101,11,O3,1003,10057915280879369222,3ae9e764fb185eec5d7a8dc22d6ed6ced49a41817f2b0e3044cfe322e971b9b3
stage1c_observation,101,11,O3,1004,13857205950016277282,06a7565fb3e1fa650be86fb5eae0cc50fe7472a0d8d93b530f59614f9a974b2a
stage1c_observation,101,11,O3,1005,17658049148050416250,0762bef5cd33281b912a0691de25656fdc307f5ecf14f9599f9c030a51340c2a
stage1c_observation,101,11,O3,1006,6334399382587689739,27a13939241b34cfde9bb964bcfb7772852112d282e3f22e30d0501c0d79a66f
stage1c_observation,101,11,O3,1007,13319216052011825419,0839497b6de6301f2724c4693076e6851b4ae8fdcf7b202023251b62b4634131
stage1c_observation,101,11,O3,1008,5569951799885942517,e47c2f9c8b09ff6c0f97a313c63e0a4fcf1668b589b4f0143e537a18ac605376
stage1c_observation,101,11,O3,1009,28072417422696012,47eb4e5db98ca0dd6fce25e6f2950c4df6f695848f99f7cf105b0806f5fefaf0
stage1c_observation,101,11,O3,1010,2318361446493380111,a3dd15f39a746f6798505fef0f771dfc904c2e29ba8ccef47f352f1dbd91cdbe
stage1c_observation,101,11,O3,1011,3463520108496542083,2abcc10be81aac2d46d5315a0fe788cdfd91192f1b1d0d56611adcd0865eb625
stage1c_observation,101,11,O3,1012,2340037479048503949,16581f6ed3351faae58c6507255169f85b73e14b4bcfe1d8aaf33c98773d84ee
stage1c_observation,101,11,O3,1013,16782301048502761840,eb41d05bc35ae0f5ba0748d950d909683cb2d5a1028ea16d346510daa80ca18d
stage1c_observation,101,11,O3,1014,8323225629652357108,b5a59427b70064b4c059c437490171b46c578e9e556b25ceaa0ead4a6349dc3b
stage1c_observation,101,11,O3,1015,12330294326477803781,9965c9578c7257451fe334ea4df912ed05729be1b51ece6d41ad61ef606c3542
stage1c_observation,101,11,O3,1016,1167718394631631279,b10ddd76b0ce5b61eee6c5d7cb32723e3c4edeb58417f2b725c5e873310902f6
stage1c_observation,101,11,O3,1017,17393441876699462052,e208045cbb075cab52afc0eedec2cd8c6e33dd559de26318c838e7b72e5187b0
stage1c_observation,101,11,O3,1018,12501791678644516293,3434c8f6393ab2cb6f25c4292932be56108e5931ecc6e3c4ee75d1208568ad57
stage1c_observation,101,11,O3,1019,17522141263886605776,68acb9947d975d23e26c6aabc956df21e55decd264af795c26e7646f1f18c7fd
stage1c_observation,101,11,O3,1020,16149128690175224579,e698abc11eb3552531021b529d2c6b1c256f54d643b725a681fb0fc7a1b0c2c8
stage1c_observation,101,11,O3,1021,391283001256085703,d5380494620a77a8369216edb0bb62be35f92be863e0d8c577f0e3e9accba66a
stage1c_observation,101,11,O3,1022,18311678747261491197,2aba62eb032b76bbda51c57460c7e9c4bebd126fb8e05576510ab58624ed6f6f
stage1c_observation,101,11,O3,1023,15291582886603360845,d5b9b5e59567c3dc4f0fc1161586990a77d0a6c42528c604ac6cae956d4bf0d8
stage1c_observation,101,11,O3,1024,2725649289821696892,c15112be039bf97f85b75bf3492f8b67ec11812079746a9078182440f3792755
stage1c_observation,101,11,O3,1025,1142291797430836996,963d9149d8852e3d30688ee57a1c87a3e19a1703df37a301de1ce5812934c8ca
stage1c_observation,101,11,O3,1026,11391070417778354238,ba41e7ff70ca338e6aaea731d25c9b2b7f624cf2052094b0b60d10cc1ecade3e
stage1c_observation,101,11,O3,1027,693392403811258233,b4bae591e0ba8e586af7d36aad2a82969b69d0c45c383f6d848c53a34dcf3d92
stage1c_observation,101,11,O3,1028,6657002712134507428,7ebdad4f9e73643956a005e3530dd9c0d1620f324e248fb08f791fd03fc0bb2f
stage1c_observation,101,11,O3,1029,15859117529997912395,45d03c9989b1cf99d567c0a0066b22bb88e3ef77881833ce7affc32501a8c21e
stage1c_observation,101,11,O3,1030,10314569987250482102,ebae3abe9166c7432bf4fda71f15812b39ecf7bba612ef9bef5c9b09d518b567
stage1c_observation,101,22,O3,1001,6271536098811025333,619f4b775a3fa5e0b3052d5b59e8894a2310b2a0c668b1429bd28b20a59feac4
stage1c_observation,101,22,O3,1002,13477856814520593788,80abef62d237befef5904d6ead4d4c095f29e40254a14a34d57ae6b89ff40fb5
stage1c_observation,101,22,O3,1003,15948319564136469884,3141652007970d24e145f796eafd549e29f38a18bed191ecae85e659d272d80a
stage1c_observation,101,22,O3,1004,6536822377154734216,7a0cc7d06f029abb078c2052bb127625e0a248cd3e9002bbcaea77a14625ec4d
stage1c_observation,101,22,O3,1005,17324440597402817564,2f9522edf63479951c9fe762c4ac631801dc5ab6b80c460e11e19d469bbf4cee
stage1c_observation,101,22,O3,1006,11286077459765398162,8f45be4e43871e495b7eaf0212010ae860116d46e1a48a618ca27020dde91931
stage1c_observation,101,22,O3,1007,17880945571363668046,502d6bf2f746b19f2ec04dbed866114c2741690a5a02ffb81faacee67a783fa4
stage1c_observation,101,22,O3,1008,7003677178386958226,05edb122ae1161c0b45871e927806d2b4fa3bf2436114654499c52a5b8130a36
stage1c_observation,101,22,O3,1009,7540700631033854217,c1c2f7adbb8d2c85fb87af60c4bc039106ce3c32afda6ddf810a9ef7bae7687e
stage1c_observation,101,22,O3,1010,184506110691917300,8352491e3a31e26d94e5e2d9a2eaeed70d5b476152bdae65b7db01d8188e6190
stage1c_observation,101,22,O3,1011,10353323874246684581,30320be652962526adf4ccd2f491ffb42ba0b48d4508a8b327fc71f8e964e072
stage1c_observation,101,22,O3,1012,13335222787972530333,b18d08782e6fdfaebffd822e9e397dbc26a309a0f17b2be74b00a5b80fb4e453
stage1c_observation,101,22,O3,1013,13206597240271864811,e858e4a28826f121c749ffeae2df380a634fa79c7c527653337f77cea08cf856
stage1c_observation,101,22,O3,1014,12353220308437996195,0acc7f6e24114fc63a0c03b7e66a816868692d4db76f9cedf3edf58e81e5dcdf
stage1c_observation,101,22,O3,1015,7077803372077892645,689b9cfdc311840bf4e13808f5afbf8e2c92203c99606ff46596b4d962de2e1c
stage1c_observation,101,22,O3,1016,12804356049703091241,505759b4073d29d108610a48cc59f40b419843231b00f47e3078502f1d8667a8
stage1c_observation,101,22,O3,1017,56806612647818958,bf5e355973981db3bac81b778518f98b56cf3b41413c42ed78d2b299f86f8f0f
stage1c_observation,101,22,O3,1018,17084513156674686755,c673b74494c28774694a666aa1066d0bd5db8a991501c41cb2b801436edb2893
stage1c_observation,101,22,O3,1019,4727609180401828096,348abe27df72556d6231b973b7050d2d4b6ae3cf7d1d0d05a5f143c94a901aa7
stage1c_observation,101,22,O3,1020,18173240321617509794,cb442ddbb609526d1f30e0a331198b0db009c115943838e261144eb88c12d937
stage1c_observation,101,22,O3,1021,16775416964721310102,a6131f801bfd43401fc6a3dcd7546d702e38082f78dd422c7968b67bab38c67f
stage1c_observation,101,22,O3,1022,6246409259722708718,626d1f55a4d4097a83cad489274d4bdb1147099e2232af583642c8ff87496c61
stage1c_observation,101,22,O3,1023,12819830530738028320,a0468e3a74cb9302ae9bb37973e33d4ca96fcc889991adb5ec4b0f4fbfc26f0b
stage1c_observation,101,22,O3,1024,2812567066902164152,00bd29e0a288958bdf720acd7401a21b3e0cf648cf21da42a0ca79c31a1b4ec2
stage1c_observation,101,22,O3,1025,99435721432417442,bbb3b97ca93fc02fee0479d449e97bc353fdab4fdf87f7b3689977c83a6becde
stage1c_observation,101,22,O3,1026,3130010137864825266,54b16064de24c9a7646247494db438949fbe7fc72af2dab536150c13512d29ac
stage1c_observation,101,22,O3,1027,2344906547029955386,e81b1123ec38d5c1b5e2c658607a1a4f3a5b8a437b48f6bfa93dfc36bfafa50f
stage1c_observation,101,22,O3,1028,15121856602581550988,ca483847bf5d926a831c887340fb0b30be52eb207048b7a9a55fdb867a87eb41
stage1c_observation,101,22,O3,1029,649753204668363758,2a3e15a4bdca30d6e5872457e780ad44accb1175c9b25265231ead51ebd4999b
stage1c_observation,101,22,O3,1030,8932429744462631664,55e590776dc6160347777f8df07a7be2969f6fa44a75ccd3229f49814362cfe8
stage1c_observation,101,11,O4,1001,945371169892452128,0400527f568126b45c090fa38d08cbec10d517c6f6858537d5f97b5565eb7ca8
stage1c_observation,101,11,O4,1002,3798217740690397435,c03469ef8f447043ee8b855f175048f3ac8a898b20fc27e2d8179f49affac0ee
stage1c_observation,101,11,O4,1003,10057915280879369222,3ae9e764fb185eec5d7a8dc22d6ed6ced49a41817f2b0e3044cfe322e971b9b3
stage1c_observation,101,11,O4,1004,13857205950016277282,06a7565fb3e1fa650be86fb5eae0cc50fe7472a0d8d93b530f59614f9a974b2a
stage1c_observation,101,11,O4,1005,17658049148050416250,0762bef5cd33281b912a0691de25656fdc307f5ecf14f9599f9c030a51340c2a
stage1c_observation,101,11,O4,1006,6334399382587689739,27a13939241b34cfde9bb964bcfb7772852112d282e3f22e30d0501c0d79a66f
stage1c_observation,101,11,O4,1007,13319216052011825419,0839497b6de6301f2724c4693076e6851b4ae8fdcf7b202023251b62b4634131
stage1c_observation,101,11,O4,1008,5569951799885942517,e47c2f9c8b09ff6c0f97a313c63e0a4fcf1668b589b4f0143e537a18ac605376
stage1c_observation,101,11,O4,1009,28072417422696012,47eb4e5db98ca0dd6fce25e6f2950c4df6f695848f99f7cf105b0806f5fefaf0
stage1c_observation,101,11,O4,1010,2318361446493380111,a3dd15f39a746f6798505fef0f771dfc904c2e29ba8ccef47f352f1dbd91cdbe
stage1c_observation,101,11,O4,1011,3463520108496542083,2abcc10be81aac2d46d5315a0fe788cdfd91192f1b1d0d56611adcd0865eb625
stage1c_observation,101,11,O4,1012,2340037479048503949,16581f6ed3351faae58c6507255169f85b73e14b4bcfe1d8aaf33c98773d84ee
stage1c_observation,101,11,O4,1013,16782301048502761840,eb41d05bc35ae0f5ba0748d950d909683cb2d5a1028ea16d346510daa80ca18d
stage1c_observation,101,11,O4,1014,8323225629652357108,b5a59427b70064b4c059c437490171b46c578e9e556b25ceaa0ead4a6349dc3b
stage1c_observation,101,11,O4,1015,12330294326477803781,9965c9578c7257451fe334ea4df912ed05729be1b51ece6d41ad61ef606c3542
stage1c_observation,101,11,O4,1016,1167718394631631279,b10ddd76b0ce5b61eee6c5d7cb32723e3c4edeb58417f2b725c5e873310902f6
stage1c_observation,101,11,O4,1017,17393441876699462052,e208045cbb075cab52afc0eedec2cd8c6e33dd559de26318c838e7b72e5187b0
stage1c_observation,101,11,O4,1018,12501791678644516293,3434c8f6393ab2cb6f25c4292932be56108e5931ecc6e3c4ee75d1208568ad57
stage1c_observation,101,11,O4,1019,17522141263886605776,68acb9947d975d23e26c6aabc956df21e55decd264af795c26e7646f1f18c7fd
stage1c_observation,101,11,O4,1020,16149128690175224579,e698abc11eb3552531021b529d2c6b1c256f54d643b725a681fb0fc7a1b0c2c8
stage1c_observation,101,11,O4,1021,391283001256085703,d5380494620a77a8369216edb0bb62be35f92be863e0d8c577f0e3e9accba66a
stage1c_observation,101,11,O4,1022,18311678747261491197,2aba62eb032b76bbda51c57460c7e9c4bebd126fb8e05576510ab58624ed6f6f
stage1c_observation,101,11,O4,1023,15291582886603360845,d5b9b5e59567c3dc4f0fc1161586990a77d0a6c42528c604ac6cae956d4bf0d8
stage1c_observation,101,11,O4,1024,2725649289821696892,c15112be039bf97f85b75bf3492f8b67ec11812079746a9078182440f3792755
stage1c_observation,101,11,O4,1025,1142291797430836996,963d9149d8852e3d30688ee57a1c87a3e19a1703df37a301de1ce5812934c8ca
stage1c_observation,101,11,O4,1026,11391070417778354238,ba41e7ff70ca338e6aaea731d25c9b2b7f624cf2052094b0b60d10cc1ecade3e
stage1c_observation,101,11,O4,1027,693392403811258233,b4bae591e0ba8e586af7d36aad2a82969b69d0c45c383f6d848c53a34dcf3d92
stage1c_observation,101,11,O4,1028,6657002712134507428,7ebdad4f9e73643956a005e3530dd9c0d1620f324e248fb08f791fd03fc0bb2f
stage1c_observation,101,11,O4,1029,15859117529997912395,45d03c9989b1cf99d567c0a0066b22bb88e3ef77881833ce7affc32501a8c21e
stage1c_observation,101,11,O4,1030,10314569987250482102,ebae3abe9166c7432bf4fda71f15812b39ecf7bba612ef9bef5c9b09d518b567
stage1c_observation,101,22,O4,1001,6271536098811025333,619f4b775a3fa5e0b3052d5b59e8894a2310b2a0c668b1429bd28b20a59feac4
stage1c_observation,101,22,O4,1002,13477856814520593788,80abef62d237befef5904d6ead4d4c095f29e40254a14a34d57ae6b89ff40fb5
stage1c_observation,101,22,O4,1003,15948319564136469884,3141652007970d24e145f796eafd549e29f38a18bed191ecae85e659d272d80a
stage1c_observation,101,22,O4,1004,6536822377154734216,7a0cc7d06f029abb078c2052bb127625e0a248cd3e9002bbcaea77a14625ec4d
stage1c_observation,101,22,O4,1005,17324440597402817564,2f9522edf63479951c9fe762c4ac631801dc5ab6b80c460e11e19d469bbf4cee
stage1c_observation,101,22,O4,1006,11286077459765398162,8f45be4e43871e495b7eaf0212010ae860116d46e1a48a618ca27020dde91931
stage1c_observation,101,22,O4,1007,17880945571363668046,502d6bf2f746b19f2ec04dbed866114c2741690a5a02ffb81faacee67a783fa4
stage1c_observation,101,22,O4,1008,7003677178386958226,05edb122ae1161c0b45871e927806d2b4fa3bf2436114654499c52a5b8130a36
stage1c_observation,101,22,O4,1009,7540700631033854217,c1c2f7adbb8d2c85fb87af60c4bc039106ce3c32afda6ddf810a9ef7bae7687e
stage1c_observation,101,22,O4,1010,184506110691917300,8352491e3a31e26d94e5e2d9a2eaeed70d5b476152bdae65b7db01d8188e6190
stage1c_observation,101,22,O4,1011,10353323874246684581,30320be652962526adf4ccd2f491ffb42ba0b48d4508a8b327fc71f8e964e072
stage1c_observation,101,22,O4,1012,13335222787972530333,b18d08782e6fdfaebffd822e9e397dbc26a309a0f17b2be74b00a5b80fb4e453
stage1c_observation,101,22,O4,1013,13206597240271864811,e858e4a28826f121c749ffeae2df380a634fa79c7c527653337f77cea08cf856
stage1c_observation,101,22,O4,1014,12353220308437996195,0acc7f6e24114fc63a0c03b7e66a816868692d4db76f9cedf3edf58e81e5dcdf
stage1c_observation,101,22,O4,1015,7077803372077892645,689b9cfdc311840bf4e13808f5afbf8e2c92203c99606ff46596b4d962de2e1c
stage1c_observation,101,22,O4,1016,12804356049703091241,505759b4073d29d108610a48cc59f40b419843231b00f47e3078502f1d8667a8
stage1c_observation,101,22,O4,1017,56806612647818958,bf5e355973981db3bac81b778518f98b56cf3b41413c42ed78d2b299f86f8f0f
stage1c_observation,101,22,O4,1018,17084513156674686755,c673b74494c28774694a666aa1066d0bd5db8a991501c41cb2b801436edb2893
stage1c_observation,101,22,O4,1019,4727609180401828096,348abe27df72556d6231b973b7050d2d4b6ae3cf7d1d0d05a5f143c94a901aa7
stage1c_observation,101,22,O4,1020,18173240321617509794,cb442ddbb609526d1f30e0a331198b0db009c115943838e261144eb88c12d937
stage1c_observation,101,22,O4,1021,16775416964721310102,a6131f801bfd43401fc6a3dcd7546d702e38082f78dd422c7968b67bab38c67f
stage1c_observation,101,22,O4,1022,6246409259722708718,626d1f55a4d4097a83cad489274d4bdb1147099e2232af583642c8ff87496c61
stage1c_observation,101,22,O4,1023,12819830530738028320,a0468e3a74cb9302ae9bb37973e33d4ca96fcc889991adb5ec4b0f4fbfc26f0b
stage1c_observation,101,22,O4,1024,2812567066902164152,00bd29e0a288958bdf720acd7401a21b3e0cf648cf21da42a0ca79c31a1b4ec2
stage1c_observation,101,22,O4,1025,99435721432417442,bbb3b97ca93fc02fee0479d449e97bc353fdab4fdf87f7b3689977c83a6becde
stage1c_observation,101,22,O4,1026,3130010137864825266,54b16064de24c9a7646247494db438949fbe7fc72af2dab536150c13512d29ac
stage1c_observation,101,22,O4,1027,2344906547029955386,e81b1123ec38d5c1b5e2c658607a1a4f3a5b8a437b48f6bfa93dfc36bfafa50f
stage1c_observation,101,22,O4,1028,15121856602581550988,ca483847bf5d926a831c887340fb0b30be52eb207048b7a9a55fdb867a87eb41
stage1c_observation,101,22,O4,1029,649753204668363758,2a3e15a4bdca30d6e5872457e780ad44accb1175c9b25265231ead51ebd4999b
stage1c_observation,101,22,O4,1030,8932429744462631664,55e590776dc6160347777f8df07a7be2969f6fa44a75ccd3229f49814362cfe8
stage1c_open_control,202,11,OC,1001,11621318944071975440,e5b9679c57502278a5b95cb97ea0499088ba88f1a7624230c53bb04124cd0316
stage1c_open_control,202,11,OC,1002,16521222747247898425,dfec8c9e02db23a6c5257c2b9cb4c8a51985485d4ae855cf556326f79e246c1e
stage1c_open_control,202,11,OC,1003,6575047873542314830,661ad95f7e253b4755126689802a35d4d9d6cc6d1fae5f26db934b86529c93af
stage1c_open_control,202,11,OC,1004,4830694778635120607,23ae8392412298eaed37c5e744598fdca2ae74240b726844f6dfabddad238a8d
stage1c_open_control,202,11,OC,1005,15472326757016499916,e073d6de5a4812c136dab9e3ddac847400165284fb8cd4cac09341b5bd0ef2de
stage1c_open_control,202,11,OC,1006,10150012633803146496,254c5b72972469bdc03adefb655be843b968731ae4ee7c0b3ba0ef684008d1e7
stage1c_open_control,202,11,OC,1007,15666974372629441829,1e3022361bea7894b3a95796ac79ae82682821ba9e06871a3f18b2e692c6d29b
stage1c_open_control,202,11,OC,1008,14247950793738910480,fb894f891cc9714c0aa0f667f001da3a40566a8aee634ebddf40d70edec4a6e3
stage1c_open_control,202,11,OC,1009,6089916732809394499,b77da1d8bf40cbadabfce3fd21551c5fb9dbbc00320c3ff17139d7ccbea99815
stage1c_open_control,202,11,OC,1010,6602871487688729463,15de6c7f42276194df02214d88893c0fc6ac5c9c06d3b9c8c6fe2028d88c6410
stage1c_open_control,202,11,OC,1011,16011677823036492971,c2de3229b60538ab22bae7f1676c8b998c565f075b2430fa14dfa4c4882f7387
stage1c_open_control,202,11,OC,1012,18284579416270807549,5cc24998b6405b5ce1cdd47435738fc4cf1e54f1e61c668b6464abf6a2dc13a7
stage1c_open_control,202,11,OC,1013,17045099008208040187,d0912e4871cc28e7992544c126c7c62d7d8f92ea027bf4139905fbda7384adc9
stage1c_open_control,202,11,OC,1014,13589398268113678731,d4af3d67a192ed33eae28370f52f614c52bc27fdc61e7a867d7e80f67ba1907d
stage1c_open_control,202,11,OC,1015,4561990753105903645,361ac7a7f8b01c96ee77695a29f7c420e74ab1dfa6ec5c2bace7fb9fd18e04f9
stage1c_open_control,202,11,OC,1016,3563700082659487797,af25b46dc41cce2241f10ecf044c160449ece234dbad6fce9090897118d1d4cc
stage1c_open_control,202,11,OC,1017,15823539552184449940,214a4fdb8d4d050de4a31b1908aa5c7c25ff558e99566a8e161ea4e9c85da644
stage1c_open_control,202,11,OC,1018,16563855364271817153,ecba47db857bea0f17eec38a0f3cb5b64e148c9fc3ae0ef75020a2e6b8dbfb87
stage1c_open_control,202,11,OC,1019,11967954120913821255,41c9b9664cb32b4dd6fa232bcc63e87eafb9eed0383abbae69b093c4fb5be05b
stage1c_open_control,202,11,OC,1020,3438493966490524165,222189bbf7636ca15f3ef344b9c0fb7b4ae205bf507cd41788992c58684cd746
stage1c_open_control,202,11,OC,1021,2833029015690020399,dfc80c23f1e579ab16de377edab8998d8e91da9426965d2aa1ccc17ec460dc7f
stage1c_open_control,202,11,OC,1022,7168786361254539223,c10b545d90d3feb0b11bbf8d2862d825cf16d10eeb5306adf38f9b6e8bf4bfcb
stage1c_open_control,202,11,OC,1023,4392257394670958724,3f5d7732ba31202ebe5be1dd46a82dd772eefbd07aa980589321b0bfa6d9d3de
stage1c_open_control,202,11,OC,1024,5588180986278402173,927d0214845cc2186822ed7e74e148624690ec3891e666402c2a546f4d793347
stage1c_open_control,202,11,OC,1025,15881707342305593092,26ac468e8e7645647b794e6541707edcad4ab60917cb751e20c8e082298f0ea2
stage1c_open_control,202,11,OC,1026,17327092788564070348,d89f613b818666615f29595b61fa83db23430dab65e75dfff26860c73780475e
stage1c_open_control,202,11,OC,1027,16126803676086167918,988e410260c9fd3f0af9b73f15080c47cd845898612d70d3b8016cca5e94c565
stage1c_open_control,202,11,OC,1028,13875713719510694414,b8fdcc48dec82edd496d63e223041cde0257177b6d9a1732f1d38bfb787c22bc
stage1c_open_control,202,11,OC,1029,15651983892911603427,df937feed1e923640e4ff0e87eb93f168e7feedd9683a763704f0df19288d1be
stage1c_open_control,202,11,OC,1030,766264221094308640,434bb0530f7ca9e90a123895e00cb8779f794ffd08c533c33a324851b26e1b31
stage1c_open_control,202,22,OC,1001,7005569492902266573,56ad94a866e1cec5607a5292772ced28d730d33fc8655633cf5b6f0210d896da
stage1c_open_control,202,22,OC,1002,15942349388364554621,cf2e3ef250d85d90bbae2d3adf46529207e1078d120b2278ed002d864a4a21ab
stage1c_open_control,202,22,OC,1003,5968126083241106490,a0be6f8d5a9093222601bb679ec4758cec97af7abf84f8b1adc210acb6aeb192
stage1c_open_control,202,22,OC,1004,16748130806205156055,d7d261ea52fab7ceccb9479dc510109a2587ac0ec30d1db2f7b04c03b85bd310
stage1c_open_control,202,22,OC,1005,13975474013881003294,42c9f868dd1477922dd5649d26c19e828de77382cfb6ad5e20c51c79624db983
stage1c_open_control,202,22,OC,1006,18093730991318180388,2293e06b797ec727608c3048586b9102f29709557493865e0d926b28de3e6d04
stage1c_open_control,202,22,OC,1007,5782325275828543048,045d8309431a8f5da821f23b1d62160567c89036bbbabc2d40919f811fb2b5eb
stage1c_open_control,202,22,OC,1008,9161250313227519713,7bf2e468503c13dad226e21573c71799cdd349e45c36a7b3afca804b6b879851
stage1c_open_control,202,22,OC,1009,14480614633565626471,7e18046789f44604110d26aec52f8f75bc871828c9978be9848727cc83222b47
stage1c_open_control,202,22,OC,1010,6371334496456407228,eccd3aba4cf196f11ffeef1bba9b02cc0c4be4d05c1aa44e20e62b60d586c140
stage1c_open_control,202,22,OC,1011,3661806785337249757,0438cead80698a36828143750f6ef869ceda321702ad4b8b7656f64718aea438
stage1c_open_control,202,22,OC,1012,9414801738773199665,5239816bafcfad2d5bb4801702e2a6ff14a4667671b711d3135386d310454eaa
stage1c_open_control,202,22,OC,1013,16383591443828448365,3a23eae90989013396dd0477de549a4c460872750ec4fdcb5653258751722f95
stage1c_open_control,202,22,OC,1014,6227965888344827700,96d0ad17d7618fe13570973a1e7dc717b7a407a0c21c446d8179ebe1dd15947f
stage1c_open_control,202,22,OC,1015,7949901802115876737,3390a3b90fd0592b0aa657050845e012c099a34df5689af3624d3c2b1a1c17c4
stage1c_open_control,202,22,OC,1016,8198420080391627357,3d6ac47fa195a0a89d5be2ac142805febfe2716ba0e142c9fbf2d871676c22e3
stage1c_open_control,202,22,OC,1017,332503171843042624,ff02e3190251883940753a4f29ff0d4b8245368eded4a43fe59d2616c4dab735
stage1c_open_control,202,22,OC,1018,15457855629202123556,323823d5cfcec4578d48770dc6653bb99917dbd1ca974f4465e900dccb8808da
stage1c_open_control,202,22,OC,1019,7817184681361297880,e560ed8cb12d36bdb5c155a7be38212b1f1b2d6837eacd8002dfd8398b4d699d
stage1c_open_control,202,22,OC,1020,12156954788512022787,f235dab6606d759c1472dd2be6f3acb85d99d7fa08d1c43bc98ead0326399d2d
stage1c_open_control,202,22,OC,1021,18021843798884873446,d1ad07fc353f0d0d310e64a62745547736d367642dbdf116c818914c89336861
stage1c_open_control,202,22,OC,1022,10024401210344335797,7bf7ffa7dd8d42857f321b80531f3ab63d1e28171e59d06d1e0794b49d3cefc4
stage1c_open_control,202,22,OC,1023,17668403602821694508,59f6a78ebf680b14f9b0ab3de689aee5ecca3814e58ca1842fd38ab5168ab315
stage1c_open_control,202,22,OC,1024,12203790373061340611,3b52af97250b529cf910ce22ffb41727d8a1d1b8fb2b20f103748dbf75dbb70d
stage1c_open_control,202,22,OC,1025,18199570271226669017,7a036f75ab54557564ae026a3a8f676d6d9a2d5c8b993090128c281635445885
stage1c_open_control,202,22,OC,1026,1924020799143196680,33b4312b03b59bd268a92097ff6cf71f31d492e2757d732c9d68c93062fd57dc
stage1c_open_control,202,22,OC,1027,10028149186845870534,4280156003a960022efa891bd1835cb891f697e5a3035ff47d513b72cc129cd9
stage1c_open_control,202,22,OC,1028,14159336392538864455,7d8c03c7bf80fe49ca158b470ea1d18dac371f4ffdc378552685df025ce3c20f
stage1c_open_control,202,22,OC,1029,9193428961204539767,dbfd41c44e41616dee94538c8b2ae4f7d6d3bee47cbb0b2e5535c9951e3a9035
stage1c_open_control,202,22,OC,1030,4788577832292853373,9e870eb38c7d7311fdfc8e4dfa8989bf3ce23fcbaed0edc143f704d14ddc79cd
stage1c_geometry,202,11,L1,1001,3656791792933459976,b15d7b718a2869d6a2864085a76b5a89257873188cc51ec0cc3f43011467bef1
stage1c_geometry,202,11,L1,1002,7363871602318067302,a1dbccfb3d5824fb8eb68681d5c375b952ff649e1c0b619e3d93bc6369b26d5f
stage1c_geometry,202,11,L1,1003,2659679883936676135,88ec1abef865e8b46589a55e80204ffecaf2020ac15f4e6b4b62424d6b111c8f
stage1c_geometry,202,11,L1,1004,16244626216767076391,9a084f442993fa464bcc986c069215a950dbcdb095299b479fca31cbb6a313dc
stage1c_geometry,202,11,L1,1005,14719513845620655673,413ae00160cee7c3342f0b6c1ba622c2b0a30cfaf0cc8dc4c4ee9b94e48da7b6
stage1c_geometry,202,11,L1,1006,34965889747921610,9e1256c82f5c09f57171b66ead27585f78ccbd077122051aba2df864ddd7f59e
stage1c_geometry,202,11,L1,1007,17619252056344075070,b9c821619fa6ed2a51ec2c922f846a5ad4cb8bd746927c275e25138899e54e5b
stage1c_geometry,202,11,L1,1008,4057917311936956369,ee9739d5f7382368be66957e5f4572c21d5cb2cf269db02e5917c761d62d778e
stage1c_geometry,202,11,L1,1009,8545675959040538400,8de96b3f55e2c5c14991cdbca831e6cf6438bc14bfacf836c41d7cc385239f11
stage1c_geometry,202,11,L1,1010,17019427125739507481,fc7001a9d0f9b25d65a13d9416e9ecd578f1d96d54cfeb8f17b76b235a4f2906
stage1c_geometry,202,11,L1,1011,14367809396699798843,19ff8ef4d20b8ac6a958984e327630cef321a30b10485fd447833d25344d3c9a
stage1c_geometry,202,11,L1,1012,13079551645454648714,2c7e8167f42d347525b8cf3d2942d9f74fb4a7ffe9a1f97368983938b6d217fd
stage1c_geometry,202,11,L1,1013,14363831563469670088,a2f309730c9a7f04f32585a69f512fd079a380b8f17c6dc1abe3b5794d56d0af
stage1c_geometry,202,11,L1,1014,9901724434197697894,2bd387ab244f4bf60b0c174b8870cf6d0224242670196ea239720cc4482aeb82
stage1c_geometry,202,11,L1,1015,18234994614711664493,e8ddee41dfaa9e21af3cad62489b65abd81e143f8ab6b9cc7f0d148391e45909
stage1c_geometry,202,11,L1,1016,15559224157064757263,9c3b63b259d0cddf20632a3a477aca06a6ed20a742497ef126c87c15568c7c73
stage1c_geometry,202,11,L1,1017,10862237983585635748,59a170b3340eed23d6d0cb96a86145bb6972ce4b849de5e01f139b9e9eac65f7
stage1c_geometry,202,11,L1,1018,698336415205008436,6e3464e1d2ba8d3474172469572e10630b445e4f4eb760f497d2db14c1a4db40
stage1c_geometry,202,11,L1,1019,15659354862241238435,d4205bce94c5893c5d82ae155811e85e2f10ea403b5909392de6613521e8a9ed
stage1c_geometry,202,11,L1,1020,14826561134094769388,4702eb223cc74b106ced562e980dfa2e327696c988717b6cfd36bf832a8e74de
stage1c_geometry,202,11,L1,1021,17220076667853025959,9c6679cd048944f033f6feb903cf8f6ce8bbf0d4d6743350f12b5eb2e1e5c9bd
stage1c_geometry,202,11,L1,1022,4394957356872696037,cb9391665d258e3dba376552844468c62a72aafa7cec0ddc6a4cee45610c7e7f
stage1c_geometry,202,11,L1,1023,1503623841097755424,133c526fdaa062d9cc28731739aa05fa413bf24dffe96f3718d92e0ea8b82fd7
stage1c_geometry,202,11,L1,1024,16772524820018478010,7b03773589345ad7edd7fa40327ecc84d1de0c44ed4ad67db96c759cfe665bc0
stage1c_geometry,202,11,L1,1025,1729556573826901224,1590cf9783f1d53dd5152e1117e763d87470d8e56264c9736e17e616891bbecd
stage1c_geometry,202,11,L1,1026,7422814930236120808,86d9d758fa321b3f1e0ed3a022734213144ab05860f61e48cd6bab0137fa52b4
stage1c_geometry,202,11,L1,1027,18374148168715244903,eda69faea60001e556d1044ade2f983219f9fe035e428e3e805428af8bb34770
stage1c_geometry,202,11,L1,1028,11609249709193096734,f19b3fafeb1999837001655ec8cf6e85725a14a001435b9f8b0d4c5e2b2ebc26
stage1c_geometry,202,11,L1,1029,6114519069032102917,c2f7d1fb029d8fe9f5a3c0b6fd3f551261d83977b2c3920b11b0efffb749050d
stage1c_geometry,202,11,L1,1030,11828351321196942069,507ff8cec3cc9f9530c11a306f9fed3f553b266d37199f9b41b46f4aed8a7d7d
stage1c_geometry,202,22,L1,1001,2020173499160075929,311c1c63e6d2f79571ac45d3db3eba25bc135c1a0abb24868bda550b935bd738
stage1c_geometry,202,22,L1,1002,3278172078419437918,d30fe59bd5dbb04df57f390ab0a2ab179a9e3c43c5c05b9a189aa6459ef8bcfe
stage1c_geometry,202,22,L1,1003,15025769501930956114,0f490684f49c2d3ffa01161bfe252a56ad02ef168f6c756a45429341c68d2d3f
stage1c_geometry,202,22,L1,1004,6393522402114438671,e16ce9cb28026b302049b3dbc4cddc8dd359c21283cf2d3b301511af96786e5d
stage1c_geometry,202,22,L1,1005,16966314076034868208,ebb5f49d81e20977e42ceaee8aedd866b8a632417a5261bcf0f75b0c79fdf1c5
stage1c_geometry,202,22,L1,1006,13275241966486113319,dce48bd7eba6d7fdcdd0c05024fbee6937d71a8327ec7da9543743c3719e90d3
stage1c_geometry,202,22,L1,1007,5627719899740385608,733e2a6916243c7d4c926c9ab2262a6d800461f7e4aed30bd47c0e1429084810
stage1c_geometry,202,22,L1,1008,12597680980096764937,388ca77cbdfc49ec9f7c62f1b1c0b2107fd457c4a897c1aeeca56f85ec5a3290
stage1c_geometry,202,22,L1,1009,15238375550989516308,4f44b0217e7832de0315c1b0283ab3b5e005f3a49de50d8ab3bc7be86f1c8c89
stage1c_geometry,202,22,L1,1010,8574409168059715675,35ddc9b27144f86557bd488b78de1abdc4684945a9ac72a33863bc5c224fbbb6
stage1c_geometry,202,22,L1,1011,830806841165736904,071be0038aa787400fdf175d3658f5fb0c6547bd2ffbeb47b841df287e62fd2a
stage1c_geometry,202,22,L1,1012,15397695053939709816,409cac3501366266dee0f5067677f2bb947bbdf232c63695cf92363c91130168
stage1c_geometry,202,22,L1,1013,3305873064335101289,185c7b9a423758755c1b18ae33415a0adf43ed8fcd26b33e8fa6b8be6c4112d0
stage1c_geometry,202,22,L1,1014,4431559262869331871,e044e66d582b5a7bf0ae341e9874bb433d77928c5f747623ad30b82bb513780e
stage1c_geometry,202,22,L1,1015,7390952897010385892,cd2bef4ab25382415c9ac47b7278feb986a63b43d280ce85b4bbfdbe3fb05a81
stage1c_geometry,202,22,L1,1016,14788868825568137304,58b0c6472c02ef99e10eed7999eb6c938446929522b277db40ef0bc1f46910eb
stage1c_geometry,202,22,L1,1017,1372025500559930775,d86e491b948d03fd0c0b65931370991e8df61fb98f1f842b09c56663dce509bf
stage1c_geometry,202,22,L1,1018,18119838660796025174,97603ae1bc0af2497a6b97c1ab7a9b353a1863988384b9da22e538b501ce332f
stage1c_geometry,202,22,L1,1019,1018291486593630942,ff66bfd09054676a86b0b19074b3ca31e3af733837510d4477b3a10a6c2e64a1
stage1c_geometry,202,22,L1,1020,5251984698096448503,2f27a7930eb5f5a7ecfaf1968e560f1611aec266df723eced3404057466acb68
stage1c_geometry,202,22,L1,1021,3295727639050339811,d584893dcfc1a1e378656e86961aacbf75327acdcbd148164cf66c9080244b18
stage1c_geometry,202,22,L1,1022,9018150613537612055,c1bd38f0065c6750f09e247b1e7cf0057966cb7839d3883698981b342c8c522b
stage1c_geometry,202,22,L1,1023,2790849959897878616,f116530e1f71537c16c6a8b2d10214428303264ac002e007fd8b43cd5b6d9269
stage1c_geometry,202,22,L1,1024,4133844275624496302,6e16f08aee045b7376e6e7549d4408e2bd194b1ab56c661de13c0afb62073da3
stage1c_geometry,202,22,L1,1025,8003252433148363973,278519abcf3eb3e7691e4b877af29cde153ceb2c4ec2313eaa2705a21fe70954
stage1c_geometry,202,22,L1,1026,12883667498086929192,2b87c75354866f207ea8fe1deedf70a2c75ddd29854b664692b1fd97f9344f43
stage1c_geometry,202,22,L1,1027,6252214414629619278,ae74af77f457c44c565ef1ebfd1013d12bb7b0be2dac58bed4eb4501c92dd7ae
stage1c_geometry,202,22,L1,1028,16364044632205693465,85bebe3f9544573017f445c5970a2292e5f708bdb7c7d901e4d6462118476025
stage1c_geometry,202,22,L1,1029,8080770454356566869,34a318e267bdf5c3340360fc4897b900a16680eb2b3fabec0945217670cbe97d
stage1c_geometry,202,22,L1,1030,5518405809987774748,4b95ff37ae64d756bfcfbfa4c75e24ce6572f8f9cf99345151d64dbd2c0c7980
stage1c_geometry,202,11,L2,1001,3656791792933459976,b15d7b718a2869d6a2864085a76b5a89257873188cc51ec0cc3f43011467bef1
stage1c_geometry,202,11,L2,1002,7363871602318067302,a1dbccfb3d5824fb8eb68681d5c375b952ff649e1c0b619e3d93bc6369b26d5f
stage1c_geometry,202,11,L2,1003,2659679883936676135,88ec1abef865e8b46589a55e80204ffecaf2020ac15f4e6b4b62424d6b111c8f
stage1c_geometry,202,11,L2,1004,16244626216767076391,9a084f442993fa464bcc986c069215a950dbcdb095299b479fca31cbb6a313dc
stage1c_geometry,202,11,L2,1005,14719513845620655673,413ae00160cee7c3342f0b6c1ba622c2b0a30cfaf0cc8dc4c4ee9b94e48da7b6
stage1c_geometry,202,11,L2,1006,34965889747921610,9e1256c82f5c09f57171b66ead27585f78ccbd077122051aba2df864ddd7f59e
stage1c_geometry,202,11,L2,1007,17619252056344075070,b9c821619fa6ed2a51ec2c922f846a5ad4cb8bd746927c275e25138899e54e5b
stage1c_geometry,202,11,L2,1008,4057917311936956369,ee9739d5f7382368be66957e5f4572c21d5cb2cf269db02e5917c761d62d778e
stage1c_geometry,202,11,L2,1009,8545675959040538400,8de96b3f55e2c5c14991cdbca831e6cf6438bc14bfacf836c41d7cc385239f11
stage1c_geometry,202,11,L2,1010,17019427125739507481,fc7001a9d0f9b25d65a13d9416e9ecd578f1d96d54cfeb8f17b76b235a4f2906
stage1c_geometry,202,11,L2,1011,14367809396699798843,19ff8ef4d20b8ac6a958984e327630cef321a30b10485fd447833d25344d3c9a
stage1c_geometry,202,11,L2,1012,13079551645454648714,2c7e8167f42d347525b8cf3d2942d9f74fb4a7ffe9a1f97368983938b6d217fd
stage1c_geometry,202,11,L2,1013,14363831563469670088,a2f309730c9a7f04f32585a69f512fd079a380b8f17c6dc1abe3b5794d56d0af
stage1c_geometry,202,11,L2,1014,9901724434197697894,2bd387ab244f4bf60b0c174b8870cf6d0224242670196ea239720cc4482aeb82
stage1c_geometry,202,11,L2,1015,18234994614711664493,e8ddee41dfaa9e21af3cad62489b65abd81e143f8ab6b9cc7f0d148391e45909
stage1c_geometry,202,11,L2,1016,15559224157064757263,9c3b63b259d0cddf20632a3a477aca06a6ed20a742497ef126c87c15568c7c73
stage1c_geometry,202,11,L2,1017,10862237983585635748,59a170b3340eed23d6d0cb96a86145bb6972ce4b849de5e01f139b9e9eac65f7
stage1c_geometry,202,11,L2,1018,698336415205008436,6e3464e1d2ba8d3474172469572e10630b445e4f4eb760f497d2db14c1a4db40
stage1c_geometry,202,11,L2,1019,15659354862241238435,d4205bce94c5893c5d82ae155811e85e2f10ea403b5909392de6613521e8a9ed
stage1c_geometry,202,11,L2,1020,14826561134094769388,4702eb223cc74b106ced562e980dfa2e327696c988717b6cfd36bf832a8e74de
stage1c_geometry,202,11,L2,1021,17220076667853025959,9c6679cd048944f033f6feb903cf8f6ce8bbf0d4d6743350f12b5eb2e1e5c9bd
stage1c_geometry,202,11,L2,1022,4394957356872696037,cb9391665d258e3dba376552844468c62a72aafa7cec0ddc6a4cee45610c7e7f
stage1c_geometry,202,11,L2,1023,1503623841097755424,133c526fdaa062d9cc28731739aa05fa413bf24dffe96f3718d92e0ea8b82fd7
stage1c_geometry,202,11,L2,1024,16772524820018478010,7b03773589345ad7edd7fa40327ecc84d1de0c44ed4ad67db96c759cfe665bc0
stage1c_geometry,202,11,L2,1025,1729556573826901224,1590cf9783f1d53dd5152e1117e763d87470d8e56264c9736e17e616891bbecd
stage1c_geometry,202,11,L2,1026,7422814930236120808,86d9d758fa321b3f1e0ed3a022734213144ab05860f61e48cd6bab0137fa52b4
stage1c_geometry,202,11,L2,1027,18374148168715244903,eda69faea60001e556d1044ade2f983219f9fe035e428e3e805428af8bb34770
stage1c_geometry,202,11,L2,1028,11609249709193096734,f19b3fafeb1999837001655ec8cf6e85725a14a001435b9f8b0d4c5e2b2ebc26
stage1c_geometry,202,11,L2,1029,6114519069032102917,c2f7d1fb029d8fe9f5a3c0b6fd3f551261d83977b2c3920b11b0efffb749050d
stage1c_geometry,202,11,L2,1030,11828351321196942069,507ff8cec3cc9f9530c11a306f9fed3f553b266d37199f9b41b46f4aed8a7d7d
stage1c_geometry,202,22,L2,1001,2020173499160075929,311c1c63e6d2f79571ac45d3db3eba25bc135c1a0abb24868bda550b935bd738
stage1c_geometry,202,22,L2,1002,3278172078419437918,d30fe59bd5dbb04df57f390ab0a2ab179a9e3c43c5c05b9a189aa6459ef8bcfe
stage1c_geometry,202,22,L2,1003,15025769501930956114,0f490684f49c2d3ffa01161bfe252a56ad02ef168f6c756a45429341c68d2d3f
stage1c_geometry,202,22,L2,1004,6393522402114438671,e16ce9cb28026b302049b3dbc4cddc8dd359c21283cf2d3b301511af96786e5d
stage1c_geometry,202,22,L2,1005,16966314076034868208,ebb5f49d81e20977e42ceaee8aedd866b8a632417a5261bcf0f75b0c79fdf1c5
stage1c_geometry,202,22,L2,1006,13275241966486113319,dce48bd7eba6d7fdcdd0c05024fbee6937d71a8327ec7da9543743c3719e90d3
stage1c_geometry,202,22,L2,1007,5627719899740385608,733e2a6916243c7d4c926c9ab2262a6d800461f7e4aed30bd47c0e1429084810
stage1c_geometry,202,22,L2,1008,12597680980096764937,388ca77cbdfc49ec9f7c62f1b1c0b2107fd457c4a897c1aeeca56f85ec5a3290
stage1c_geometry,202,22,L2,1009,15238375550989516308,4f44b0217e7832de0315c1b0283ab3b5e005f3a49de50d8ab3bc7be86f1c8c89
stage1c_geometry,202,22,L2,1010,8574409168059715675,35ddc9b27144f86557bd488b78de1abdc4684945a9ac72a33863bc5c224fbbb6
stage1c_geometry,202,22,L2,1011,830806841165736904,071be0038aa787400fdf175d3658f5fb0c6547bd2ffbeb47b841df287e62fd2a
stage1c_geometry,202,22,L2,1012,15397695053939709816,409cac3501366266dee0f5067677f2bb947bbdf232c63695cf92363c91130168
stage1c_geometry,202,22,L2,1013,3305873064335101289,185c7b9a423758755c1b18ae33415a0adf43ed8fcd26b33e8fa6b8be6c4112d0
stage1c_geometry,202,22,L2,1014,4431559262869331871,e044e66d582b5a7bf0ae341e9874bb433d77928c5f747623ad30b82bb513780e
stage1c_geometry,202,22,L2,1015,7390952897010385892,cd2bef4ab25382415c9ac47b7278feb986a63b43d280ce85b4bbfdbe3fb05a81
stage1c_geometry,202,22,L2,1016,14788868825568137304,58b0c6472c02ef99e10eed7999eb6c938446929522b277db40ef0bc1f46910eb
stage1c_geometry,202,22,L2,1017,1372025500559930775,d86e491b948d03fd0c0b65931370991e8df61fb98f1f842b09c56663dce509bf
stage1c_geometry,202,22,L2,1018,18119838660796025174,97603ae1bc0af2497a6b97c1ab7a9b353a1863988384b9da22e538b501ce332f
stage1c_geometry,202,22,L2,1019,1018291486593630942,ff66bfd09054676a86b0b19074b3ca31e3af733837510d4477b3a10a6c2e64a1
stage1c_geometry,202,22,L2,1020,5251984698096448503,2f27a7930eb5f5a7ecfaf1968e560f1611aec266df723eced3404057466acb68
stage1c_geometry,202,22,L2,1021,3295727639050339811,d584893dcfc1a1e378656e86961aacbf75327acdcbd148164cf66c9080244b18
stage1c_geometry,202,22,L2,1022,9018150613537612055,c1bd38f0065c6750f09e247b1e7cf0057966cb7839d3883698981b342c8c522b
stage1c_geometry,202,22,L2,1023,2790849959897878616,f116530e1f71537c16c6a8b2d10214428303264ac002e007fd8b43cd5b6d9269
stage1c_geometry,202,22,L2,1024,4133844275624496302,6e16f08aee045b7376e6e7549d4408e2bd194b1ab56c661de13c0afb62073da3
stage1c_geometry,202,22,L2,1025,8003252433148363973,278519abcf3eb3e7691e4b877af29cde153ceb2c4ec2313eaa2705a21fe70954
stage1c_geometry,202,22,L2,1026,12883667498086929192,2b87c75354866f207ea8fe1deedf70a2c75ddd29854b664692b1fd97f9344f43
stage1c_geometry,202,22,L2,1027,6252214414629619278,ae74af77f457c44c565ef1ebfd1013d12bb7b0be2dac58bed4eb4501c92dd7ae
stage1c_geometry,202,22,L2,1028,16364044632205693465,85bebe3f9544573017f445c5970a2292e5f708bdb7c7d901e4d6462118476025
stage1c_geometry,202,22,L2,1029,8080770454356566869,34a318e267bdf5c3340360fc4897b900a16680eb2b3fabec0945217670cbe97d
stage1c_geometry,202,22,L2,1030,5518405809987774748,4b95ff37ae64d756bfcfbfa4c75e24ce6572f8f9cf99345151d64dbd2c0c7980
stage1c_geometry,202,11,L3,1001,3656791792933459976,b15d7b718a2869d6a2864085a76b5a89257873188cc51ec0cc3f43011467bef1
stage1c_geometry,202,11,L3,1002,7363871602318067302,a1dbccfb3d5824fb8eb68681d5c375b952ff649e1c0b619e3d93bc6369b26d5f
stage1c_geometry,202,11,L3,1003,2659679883936676135,88ec1abef865e8b46589a55e80204ffecaf2020ac15f4e6b4b62424d6b111c8f
stage1c_geometry,202,11,L3,1004,16244626216767076391,9a084f442993fa464bcc986c069215a950dbcdb095299b479fca31cbb6a313dc
stage1c_geometry,202,11,L3,1005,14719513845620655673,413ae00160cee7c3342f0b6c1ba622c2b0a30cfaf0cc8dc4c4ee9b94e48da7b6
stage1c_geometry,202,11,L3,1006,34965889747921610,9e1256c82f5c09f57171b66ead27585f78ccbd077122051aba2df864ddd7f59e
stage1c_geometry,202,11,L3,1007,17619252056344075070,b9c821619fa6ed2a51ec2c922f846a5ad4cb8bd746927c275e25138899e54e5b
stage1c_geometry,202,11,L3,1008,4057917311936956369,ee9739d5f7382368be66957e5f4572c21d5cb2cf269db02e5917c761d62d778e
stage1c_geometry,202,11,L3,1009,8545675959040538400,8de96b3f55e2c5c14991cdbca831e6cf6438bc14bfacf836c41d7cc385239f11
stage1c_geometry,202,11,L3,1010,17019427125739507481,fc7001a9d0f9b25d65a13d9416e9ecd578f1d96d54cfeb8f17b76b235a4f2906
stage1c_geometry,202,11,L3,1011,14367809396699798843,19ff8ef4d20b8ac6a958984e327630cef321a30b10485fd447833d25344d3c9a
stage1c_geometry,202,11,L3,1012,13079551645454648714,2c7e8167f42d347525b8cf3d2942d9f74fb4a7ffe9a1f97368983938b6d217fd
stage1c_geometry,202,11,L3,1013,14363831563469670088,a2f309730c9a7f04f32585a69f512fd079a380b8f17c6dc1abe3b5794d56d0af
stage1c_geometry,202,11,L3,1014,9901724434197697894,2bd387ab244f4bf60b0c174b8870cf6d0224242670196ea239720cc4482aeb82
stage1c_geometry,202,11,L3,1015,18234994614711664493,e8ddee41dfaa9e21af3cad62489b65abd81e143f8ab6b9cc7f0d148391e45909
stage1c_geometry,202,11,L3,1016,15559224157064757263,9c3b63b259d0cddf20632a3a477aca06a6ed20a742497ef126c87c15568c7c73
stage1c_geometry,202,11,L3,1017,10862237983585635748,59a170b3340eed23d6d0cb96a86145bb6972ce4b849de5e01f139b9e9eac65f7
stage1c_geometry,202,11,L3,1018,698336415205008436,6e3464e1d2ba8d3474172469572e10630b445e4f4eb760f497d2db14c1a4db40
stage1c_geometry,202,11,L3,1019,15659354862241238435,d4205bce94c5893c5d82ae155811e85e2f10ea403b5909392de6613521e8a9ed
stage1c_geometry,202,11,L3,1020,14826561134094769388,4702eb223cc74b106ced562e980dfa2e327696c988717b6cfd36bf832a8e74de
stage1c_geometry,202,11,L3,1021,17220076667853025959,9c6679cd048944f033f6feb903cf8f6ce8bbf0d4d6743350f12b5eb2e1e5c9bd
stage1c_geometry,202,11,L3,1022,4394957356872696037,cb9391665d258e3dba376552844468c62a72aafa7cec0ddc6a4cee45610c7e7f
stage1c_geometry,202,11,L3,1023,1503623841097755424,133c526fdaa062d9cc28731739aa05fa413bf24dffe96f3718d92e0ea8b82fd7
stage1c_geometry,202,11,L3,1024,16772524820018478010,7b03773589345ad7edd7fa40327ecc84d1de0c44ed4ad67db96c759cfe665bc0
stage1c_geometry,202,11,L3,1025,1729556573826901224,1590cf9783f1d53dd5152e1117e763d87470d8e56264c9736e17e616891bbecd
stage1c_geometry,202,11,L3,1026,7422814930236120808,86d9d758fa321b3f1e0ed3a022734213144ab05860f61e48cd6bab0137fa52b4
stage1c_geometry,202,11,L3,1027,18374148168715244903,eda69faea60001e556d1044ade2f983219f9fe035e428e3e805428af8bb34770
stage1c_geometry,202,11,L3,1028,11609249709193096734,f19b3fafeb1999837001655ec8cf6e85725a14a001435b9f8b0d4c5e2b2ebc26
stage1c_geometry,202,11,L3,1029,6114519069032102917,c2f7d1fb029d8fe9f5a3c0b6fd3f551261d83977b2c3920b11b0efffb749050d
stage1c_geometry,202,11,L3,1030,11828351321196942069,507ff8cec3cc9f9530c11a306f9fed3f553b266d37199f9b41b46f4aed8a7d7d
stage1c_geometry,202,22,L3,1001,2020173499160075929,311c1c63e6d2f79571ac45d3db3eba25bc135c1a0abb24868bda550b935bd738
stage1c_geometry,202,22,L3,1002,3278172078419437918,d30fe59bd5dbb04df57f390ab0a2ab179a9e3c43c5c05b9a189aa6459ef8bcfe
stage1c_geometry,202,22,L3,1003,15025769501930956114,0f490684f49c2d3ffa01161bfe252a56ad02ef168f6c756a45429341c68d2d3f
stage1c_geometry,202,22,L3,1004,6393522402114438671,e16ce9cb28026b302049b3dbc4cddc8dd359c21283cf2d3b301511af96786e5d
stage1c_geometry,202,22,L3,1005,16966314076034868208,ebb5f49d81e20977e42ceaee8aedd866b8a632417a5261bcf0f75b0c79fdf1c5
stage1c_geometry,202,22,L3,1006,13275241966486113319,dce48bd7eba6d7fdcdd0c05024fbee6937d71a8327ec7da9543743c3719e90d3
stage1c_geometry,202,22,L3,1007,5627719899740385608,733e2a6916243c7d4c926c9ab2262a6d800461f7e4aed30bd47c0e1429084810
stage1c_geometry,202,22,L3,1008,12597680980096764937,388ca77cbdfc49ec9f7c62f1b1c0b2107fd457c4a897c1aeeca56f85ec5a3290
stage1c_geometry,202,22,L3,1009,15238375550989516308,4f44b0217e7832de0315c1b0283ab3b5e005f3a49de50d8ab3bc7be86f1c8c89
stage1c_geometry,202,22,L3,1010,8574409168059715675,35ddc9b27144f86557bd488b78de1abdc4684945a9ac72a33863bc5c224fbbb6
stage1c_geometry,202,22,L3,1011,830806841165736904,071be0038aa787400fdf175d3658f5fb0c6547bd2ffbeb47b841df287e62fd2a
stage1c_geometry,202,22,L3,1012,15397695053939709816,409cac3501366266dee0f5067677f2bb947bbdf232c63695cf92363c91130168
stage1c_geometry,202,22,L3,1013,3305873064335101289,185c7b9a423758755c1b18ae33415a0adf43ed8fcd26b33e8fa6b8be6c4112d0
stage1c_geometry,202,22,L3,1014,4431559262869331871,e044e66d582b5a7bf0ae341e9874bb433d77928c5f747623ad30b82bb513780e
stage1c_geometry,202,22,L3,1015,7390952897010385892,cd2bef4ab25382415c9ac47b7278feb986a63b43d280ce85b4bbfdbe3fb05a81
stage1c_geometry,202,22,L3,1016,14788868825568137304,58b0c6472c02ef99e10eed7999eb6c938446929522b277db40ef0bc1f46910eb
stage1c_geometry,202,22,L3,1017,1372025500559930775,d86e491b948d03fd0c0b65931370991e8df61fb98f1f842b09c56663dce509bf
stage1c_geometry,202,22,L3,1018,18119838660796025174,97603ae1bc0af2497a6b97c1ab7a9b353a1863988384b9da22e538b501ce332f
stage1c_geometry,202,22,L3,1019,1018291486593630942,ff66bfd09054676a86b0b19074b3ca31e3af733837510d4477b3a10a6c2e64a1
stage1c_geometry,202,22,L3,1020,5251984698096448503,2f27a7930eb5f5a7ecfaf1968e560f1611aec266df723eced3404057466acb68
stage1c_geometry,202,22,L3,1021,3295727639050339811,d584893dcfc1a1e378656e86961aacbf75327acdcbd148164cf66c9080244b18
stage1c_geometry,202,22,L3,1022,9018150613537612055,c1bd38f0065c6750f09e247b1e7cf0057966cb7839d3883698981b342c8c522b
stage1c_geometry,202,22,L3,1023,2790849959897878616,f116530e1f71537c16c6a8b2d10214428303264ac002e007fd8b43cd5b6d9269
stage1c_geometry,202,22,L3,1024,4133844275624496302,6e16f08aee045b7376e6e7549d4408e2bd194b1ab56c661de13c0afb62073da3
stage1c_geometry,202,22,L3,1025,8003252433148363973,278519abcf3eb3e7691e4b877af29cde153ceb2c4ec2313eaa2705a21fe70954
stage1c_geometry,202,22,L3,1026,12883667498086929192,2b87c75354866f207ea8fe1deedf70a2c75ddd29854b664692b1fd97f9344f43
stage1c_geometry,202,22,L3,1027,6252214414629619278,ae74af77f457c44c565ef1ebfd1013d12bb7b0be2dac58bed4eb4501c92dd7ae
stage1c_geometry,202,22,L3,1028,16364044632205693465,85bebe3f9544573017f445c5970a2292e5f708bdb7c7d901e4d6462118476025
stage1c_geometry,202,22,L3,1029,8080770454356566869,34a318e267bdf5c3340360fc4897b900a16680eb2b3fabec0945217670cbe97d
stage1c_geometry,202,22,L3,1030,5518405809987774748,4b95ff37ae64d756bfcfbfa4c75e24ce6572f8f9cf99345151d64dbd2c0c7980
stage1c_geometry,202,11,L4,1001,3656791792933459976,b15d7b718a2869d6a2864085a76b5a89257873188cc51ec0cc3f43011467bef1
stage1c_geometry,202,11,L4,1002,7363871602318067302,a1dbccfb3d5824fb8eb68681d5c375b952ff649e1c0b619e3d93bc6369b26d5f
stage1c_geometry,202,11,L4,1003,2659679883936676135,88ec1abef865e8b46589a55e80204ffecaf2020ac15f4e6b4b62424d6b111c8f
stage1c_geometry,202,11,L4,1004,16244626216767076391,9a084f442993fa464bcc986c069215a950dbcdb095299b479fca31cbb6a313dc
stage1c_geometry,202,11,L4,1005,14719513845620655673,413ae00160cee7c3342f0b6c1ba622c2b0a30cfaf0cc8dc4c4ee9b94e48da7b6
stage1c_geometry,202,11,L4,1006,34965889747921610,9e1256c82f5c09f57171b66ead27585f78ccbd077122051aba2df864ddd7f59e
stage1c_geometry,202,11,L4,1007,17619252056344075070,b9c821619fa6ed2a51ec2c922f846a5ad4cb8bd746927c275e25138899e54e5b
stage1c_geometry,202,11,L4,1008,4057917311936956369,ee9739d5f7382368be66957e5f4572c21d5cb2cf269db02e5917c761d62d778e
stage1c_geometry,202,11,L4,1009,8545675959040538400,8de96b3f55e2c5c14991cdbca831e6cf6438bc14bfacf836c41d7cc385239f11
stage1c_geometry,202,11,L4,1010,17019427125739507481,fc7001a9d0f9b25d65a13d9416e9ecd578f1d96d54cfeb8f17b76b235a4f2906
stage1c_geometry,202,11,L4,1011,14367809396699798843,19ff8ef4d20b8ac6a958984e327630cef321a30b10485fd447833d25344d3c9a
stage1c_geometry,202,11,L4,1012,13079551645454648714,2c7e8167f42d347525b8cf3d2942d9f74fb4a7ffe9a1f97368983938b6d217fd
stage1c_geometry,202,11,L4,1013,14363831563469670088,a2f309730c9a7f04f32585a69f512fd079a380b8f17c6dc1abe3b5794d56d0af
stage1c_geometry,202,11,L4,1014,9901724434197697894,2bd387ab244f4bf60b0c174b8870cf6d0224242670196ea239720cc4482aeb82
stage1c_geometry,202,11,L4,1015,18234994614711664493,e8ddee41dfaa9e21af3cad62489b65abd81e143f8ab6b9cc7f0d148391e45909
stage1c_geometry,202,11,L4,1016,15559224157064757263,9c3b63b259d0cddf20632a3a477aca06a6ed20a742497ef126c87c15568c7c73
stage1c_geometry,202,11,L4,1017,10862237983585635748,59a170b3340eed23d6d0cb96a86145bb6972ce4b849de5e01f139b9e9eac65f7
stage1c_geometry,202,11,L4,1018,698336415205008436,6e3464e1d2ba8d3474172469572e10630b445e4f4eb760f497d2db14c1a4db40
stage1c_geometry,202,11,L4,1019,15659354862241238435,d4205bce94c5893c5d82ae155811e85e2f10ea403b5909392de6613521e8a9ed
stage1c_geometry,202,11,L4,1020,14826561134094769388,4702eb223cc74b106ced562e980dfa2e327696c988717b6cfd36bf832a8e74de
stage1c_geometry,202,11,L4,1021,17220076667853025959,9c6679cd048944f033f6feb903cf8f6ce8bbf0d4d6743350f12b5eb2e1e5c9bd
stage1c_geometry,202,11,L4,1022,4394957356872696037,cb9391665d258e3dba376552844468c62a72aafa7cec0ddc6a4cee45610c7e7f
stage1c_geometry,202,11,L4,1023,1503623841097755424,133c526fdaa062d9cc28731739aa05fa413bf24dffe96f3718d92e0ea8b82fd7
stage1c_geometry,202,11,L4,1024,16772524820018478010,7b03773589345ad7edd7fa40327ecc84d1de0c44ed4ad67db96c759cfe665bc0
stage1c_geometry,202,11,L4,1025,1729556573826901224,1590cf9783f1d53dd5152e1117e763d87470d8e56264c9736e17e616891bbecd
stage1c_geometry,202,11,L4,1026,7422814930236120808,86d9d758fa321b3f1e0ed3a022734213144ab05860f61e48cd6bab0137fa52b4
stage1c_geometry,202,11,L4,1027,18374148168715244903,eda69faea60001e556d1044ade2f983219f9fe035e428e3e805428af8bb34770
stage1c_geometry,202,11,L4,1028,11609249709193096734,f19b3fafeb1999837001655ec8cf6e85725a14a001435b9f8b0d4c5e2b2ebc26
stage1c_geometry,202,11,L4,1029,6114519069032102917,c2f7d1fb029d8fe9f5a3c0b6fd3f551261d83977b2c3920b11b0efffb749050d
stage1c_geometry,202,11,L4,1030,11828351321196942069,507ff8cec3cc9f9530c11a306f9fed3f553b266d37199f9b41b46f4aed8a7d7d
stage1c_geometry,202,22,L4,1001,2020173499160075929,311c1c63e6d2f79571ac45d3db3eba25bc135c1a0abb24868bda550b935bd738
stage1c_geometry,202,22,L4,1002,3278172078419437918,d30fe59bd5dbb04df57f390ab0a2ab179a9e3c43c5c05b9a189aa6459ef8bcfe
stage1c_geometry,202,22,L4,1003,15025769501930956114,0f490684f49c2d3ffa01161bfe252a56ad02ef168f6c756a45429341c68d2d3f
stage1c_geometry,202,22,L4,1004,6393522402114438671,e16ce9cb28026b302049b3dbc4cddc8dd359c21283cf2d3b301511af96786e5d
stage1c_geometry,202,22,L4,1005,16966314076034868208,ebb5f49d81e20977e42ceaee8aedd866b8a632417a5261bcf0f75b0c79fdf1c5
stage1c_geometry,202,22,L4,1006,13275241966486113319,dce48bd7eba6d7fdcdd0c05024fbee6937d71a8327ec7da9543743c3719e90d3
stage1c_geometry,202,22,L4,1007,5627719899740385608,733e2a6916243c7d4c926c9ab2262a6d800461f7e4aed30bd47c0e1429084810
stage1c_geometry,202,22,L4,1008,12597680980096764937,388ca77cbdfc49ec9f7c62f1b1c0b2107fd457c4a897c1aeeca56f85ec5a3290
stage1c_geometry,202,22,L4,1009,15238375550989516308,4f44b0217e7832de0315c1b0283ab3b5e005f3a49de50d8ab3bc7be86f1c8c89
stage1c_geometry,202,22,L4,1010,8574409168059715675,35ddc9b27144f86557bd488b78de1abdc4684945a9ac72a33863bc5c224fbbb6
stage1c_geometry,202,22,L4,1011,830806841165736904,071be0038aa787400fdf175d3658f5fb0c6547bd2ffbeb47b841df287e62fd2a
stage1c_geometry,202,22,L4,1012,15397695053939709816,409cac3501366266dee0f5067677f2bb947bbdf232c63695cf92363c91130168
stage1c_geometry,202,22,L4,1013,3305873064335101289,185c7b9a423758755c1b18ae33415a0adf43ed8fcd26b33e8fa6b8be6c4112d0
stage1c_geometry,202,22,L4,1014,4431559262869331871,e044e66d582b5a7bf0ae341e9874bb433d77928c5f747623ad30b82bb513780e
stage1c_geometry,202,22,L4,1015,7390952897010385892,cd2bef4ab25382415c9ac47b7278feb986a63b43d280ce85b4bbfdbe3fb05a81
stage1c_geometry,202,22,L4,1016,14788868825568137304,58b0c6472c02ef99e10eed7999eb6c938446929522b277db40ef0bc1f46910eb
stage1c_geometry,202,22,L4,1017,1372025500559930775,d86e491b948d03fd0c0b65931370991e8df61fb98f1f842b09c56663dce509bf
stage1c_geometry,202,22,L4,1018,18119838660796025174,97603ae1bc0af2497a6b97c1ab7a9b353a1863988384b9da22e538b501ce332f
stage1c_geometry,202,22,L4,1019,1018291486593630942,ff66bfd09054676a86b0b19074b3ca31e3af733837510d4477b3a10a6c2e64a1
stage1c_geometry,202,22,L4,1020,5251984698096448503,2f27a7930eb5f5a7ecfaf1968e560f1611aec266df723eced3404057466acb68
stage1c_geometry,202,22,L4,1021,3295727639050339811,d584893dcfc1a1e378656e86961aacbf75327acdcbd148164cf66c9080244b18
stage1c_geometry,202,22,L4,1022,9018150613537612055,c1bd38f0065c6750f09e247b1e7cf0057966cb7839d3883698981b342c8c522b
stage1c_geometry,202,22,L4,1023,2790849959897878616,f116530e1f71537c16c6a8b2d10214428303264ac002e007fd8b43cd5b6d9269
stage1c_geometry,202,22,L4,1024,4133844275624496302,6e16f08aee045b7376e6e7549d4408e2bd194b1ab56c661de13c0afb62073da3
stage1c_geometry,202,22,L4,1025,8003252433148363973,278519abcf3eb3e7691e4b877af29cde153ceb2c4ec2313eaa2705a21fe70954
stage1c_geometry,202,22,L4,1026,12883667498086929192,2b87c75354866f207ea8fe1deedf70a2c75ddd29854b664692b1fd97f9344f43
stage1c_geometry,202,22,L4,1027,6252214414629619278,ae74af77f457c44c565ef1ebfd1013d12bb7b0be2dac58bed4eb4501c92dd7ae
stage1c_geometry,202,22,L4,1028,16364044632205693465,85bebe3f9544573017f445c5970a2292e5f708bdb7c7d901e4d6462118476025
stage1c_geometry,202,22,L4,1029,8080770454356566869,34a318e267bdf5c3340360fc4897b900a16680eb2b3fabec0945217670cbe97d
stage1c_geometry,202,22,L4,1030,5518405809987774748,4b95ff37ae64d756bfcfbfa4c75e24ce6572f8f9cf99345151d64dbd2c0c7980
stage1c_observation,202,11,O1,1001,4509651699464786600,5d7cf42b3f0deba3b0eb330d37710177a4a654b5153da37da8d0206fd02e9a0e
stage1c_observation,202,11,O1,1002,11870599435216556557,fcbb7a7846d31f2e194ff0ad2b320585a9b9099fd8fb1a84682128e855b3a53c
stage1c_observation,202,11,O1,1003,6999537154718893791,e187f09242ebbc6173aac35ce334d5b50f7d30e55220322df52749004b3fbb78
stage1c_observation,202,11,O1,1004,864311099650880516,5632868bbe994605d403a1a9c7104c612a4d1e4c75f00e0429fa107a02a99fca
stage1c_observation,202,11,O1,1005,4980175455672985000,d78200670cad7265c8daa82c3e66a70f2a2dcf4cc3d46c4a88c93542d74d3980
stage1c_observation,202,11,O1,1006,11812764974552055339,adc8df619b5eb1925cd3fb8ba492b7f3ca24cc7861196eb880be9ff1ed2afc75
stage1c_observation,202,11,O1,1007,18215344050726778566,94958f1fc3dac760904db0c7cea7a3b21827db28005d89aae266847e86b548f2
stage1c_observation,202,11,O1,1008,4381506302350622220,f5795c32578431b783cabcdb384ff8c49aa1eb3960ddaaa859fde3132e315c70
stage1c_observation,202,11,O1,1009,3898524988977892,47cce1deef7e4bc26a1afb97362fd25b41974985f4fc783958a11142fcb0fa04
stage1c_observation,202,11,O1,1010,12498135380962807004,0aacddf77f96fe8620af6f95dd53fe113a775179666e239955d6cd4ae027aec4
stage1c_observation,202,11,O1,1011,8054151713602622667,eddc99e059677050cb4e8179a9907fdf234d087c6396117d8874f94b732e0bee
stage1c_observation,202,11,O1,1012,13394653317361661471,4e5c06ed0c9ebb921a6d21c7627ada51a148d83468f22298a316b195c544e43c
stage1c_observation,202,11,O1,1013,17228619986976833505,c434185399cc96a0eece00f6acd17a4fc8f5cb6b3b7f7d5c34ad3a9b3aeb4aeb
stage1c_observation,202,11,O1,1014,8016316511855700008,c9a7368c62d73e445362f065fff0443af92ebbb8aa17c0f909b33c62e11486b4
stage1c_observation,202,11,O1,1015,8448300948345155490,8e28e42da314108b464367d28a38c4fe66ae29882827708a55b14476a67425e5
stage1c_observation,202,11,O1,1016,7913199535073974443,9393db840a12ae9c170f324f97b5297db7a6ce9d61df3cba6715956601e51401
stage1c_observation,202,11,O1,1017,4279498703692965745,796c052790aba32fc6a16cf54cc35d1947b9a3e9a2fb312675eb28cdd3e98c69
stage1c_observation,202,11,O1,1018,10462817374677259581,2b31180683de4cee9c523d3dff78b82df576b70c34b214faebdaa444c8fd41b8
stage1c_observation,202,11,O1,1019,15959746611123463453,54cf73693fb06a42c345e91ebe130138658762e08d2e1e5998bcb6d173887753
stage1c_observation,202,11,O1,1020,7801985172000525726,d826acfaec8b45beaf65bb22a912e2a8e9e32ae53af4fdc4b59d870c615717aa
stage1c_observation,202,11,O1,1021,8344925314069197202,11bb0a2b7c227991cf1e40a3dca395a00ee2d00d5e499b62732cda00698f8b5f
stage1c_observation,202,11,O1,1022,14202738753412792973,7640a9e77b5aaaa6407954d96af028b704b2a0845d0ae5ed3f58d448c406eb95
stage1c_observation,202,11,O1,1023,3374782646277650099,2383d1888b7726702aa7cfa9d6f1d79253eaecd0a6436ea38ac855185516a3fa
stage1c_observation,202,11,O1,1024,2760002674681134271,7a0dbdf41785b85ce033bc76a45de530673a71b2ab5643b343a0c8aba8bccffe
stage1c_observation,202,11,O1,1025,11324546891221531922,ae17c670a1ced15d651c29be949d9a96d21aba8b7fec0f7b8a59db906817f4e1
stage1c_observation,202,11,O1,1026,10586582785141132227,aaaab23aaf274dace524ce451cdee994225bf235642c498546321b2a44e14716
stage1c_observation,202,11,O1,1027,6945246989850125038,778dc982a772172bdcbf4d8f2e04d917737f9e306294224d663f0413846251c1
stage1c_observation,202,11,O1,1028,13077112846600014495,22c022b599a7400b33a94b4d11da32cd454f4ae377fcc9b235ec68e62e403208
stage1c_observation,202,11,O1,1029,13076914380138616320,05878c9f302373985dfbb21aaf013a1f6355d0ce2bc55b9b214f78b08cf7a76d
stage1c_observation,202,11,O1,1030,777532657499872071,64626169c16703c0d81e2efe74e4a11c0280d80cd572d1218d21d56759dab1be
stage1c_observation,202,22,O1,1001,698251510650984414,9b45b1b82880876ba58d13ad5ad99fa5cc7851529eb4e3f30bde10bdbe06f8ae
stage1c_observation,202,22,O1,1002,12253059479032453619,652512ede5fff971ec064e5fa78f37fae81b1840b6f2e82f39060ff4c79171d7
stage1c_observation,202,22,O1,1003,11115929042791648483,a5d533f49b8ab9a4a84e4bfa61aeb551194f809fcf9b1ff1a0de27de957ae877
stage1c_observation,202,22,O1,1004,6401153106563329791,901cfce5a9e6f218ab029938d860edce29ed20325af1bb69419dcfbfd5e3d281
stage1c_observation,202,22,O1,1005,14663877387860634720,afde0055b2215758f5f3f5ab4af64487d5c0112b9db8f13a7a7c19e60ac10631
stage1c_observation,202,22,O1,1006,4319244589415734264,c970d7257709d86f7929874d8f345c2ac0738107a426811921cb62ff2daac8b8
stage1c_observation,202,22,O1,1007,6523632819158280555,1871afe4a8e9bd1909cd089f0b925f528a2fc7575a40cba5941197a259365563
stage1c_observation,202,22,O1,1008,11879276655692788676,6e667fc19c6d316ccabec5091d7c83623c02c2c8e4cdc985f5156599e7408759
stage1c_observation,202,22,O1,1009,13465280882838492799,5a2fa61e0c622448d1fe08e7120997ebbf9a2d538ea411937415fa1c1a7014f1
stage1c_observation,202,22,O1,1010,9376066790341915031,fa4b5504b41b93103c777bfd13545699e55cdeb5be09c00f843c3afb7c7a8130
stage1c_observation,202,22,O1,1011,2487805887640717807,20076d22d8df5f723b2492a7b08f207c2a923fb400e8fa1a79cf1625a73c4d46
stage1c_observation,202,22,O1,1012,11857390935016774094,97124546e19aec70ea1c96811e8456582fc36b7011abc8c0bd3c9e840b4345f9
stage1c_observation,202,22,O1,1013,7598461938643679067,11ff2029bd3ddf9d361a40115759d5a0ce288cf2b4edb978ce937101ac086f71
stage1c_observation,202,22,O1,1014,10318146113355552110,ce522e85ca42d96ddc6b357e592260bd975ea47c41abf85663932a296e07104e
stage1c_observation,202,22,O1,1015,12021315176694952246,def6b02ffb7ead5333fe7b0bb4377475dda6207eec2cd06aca342253a7866440
stage1c_observation,202,22,O1,1016,10490430786319541127,c8d5005fa6836a3ce8d26daba21e3fc0deeab83b73e3f4b1b87171db8a157698
stage1c_observation,202,22,O1,1017,12730769315015094895,3bf4b3ccddb085af44e30f3e7152503df0e304cc8fe317728ad4574f5838c2cc
stage1c_observation,202,22,O1,1018,2252770541338432675,eb974dfafa298b2fa5cdde521f31070ea072dd4e25c90fc6bf0203e14101a32c
stage1c_observation,202,22,O1,1019,14472484461601799037,3396e9658e92612bc5e23c7becbea76660449bf57efa4b2009b9ebd3f7c66ecc
stage1c_observation,202,22,O1,1020,4685903483704428766,fafc7ed114ca84576447750dd1d311844f97df3cd1fc20d476a484226ad8656a
stage1c_observation,202,22,O1,1021,6890151700845404588,fe606347dfce452a937839d538c66427439bdd55a3fbb95d28dd52a5259ac450
stage1c_observation,202,22,O1,1022,11768213630462511554,7b687929082a3e5aac26ee9f5d54dec8ea429dc3da4f24d8ca00455897721e3d
stage1c_observation,202,22,O1,1023,11173055236648360331,55af03bcd0340d0576ce5dc001edd692e39c7e2a2dfd412863f1105cbaf73bd6
stage1c_observation,202,22,O1,1024,8698972801611310064,776ea3722489a929023b35f669f199c7787afcf99300c563313b1caa6b6eb906
stage1c_observation,202,22,O1,1025,50645380867473425,2582da1eac168f7f41ba2f334d49634a6f15ae55718ef40ee983ad5c961a5772
stage1c_observation,202,22,O1,1026,1767586438564612892,bf77e8481cd10d27860c538ef09901ecc407980f43d4736f2c60d1e0c1283f8e
stage1c_observation,202,22,O1,1027,2072197093813051367,dc1a91a78336540ba2ab734a5be20b1e65b399a635791a3e70234e8e7b304950
stage1c_observation,202,22,O1,1028,311273325720659122,f6f2376431ad6636ba4b0dd7552ff8e78f9340dedb3c4c2985101b5ad50340b2
stage1c_observation,202,22,O1,1029,5866093100387169734,b019c435188f620d4c938f47b6fe67e36c5dfe0e68bdc3f26ae20c722147b9e7
stage1c_observation,202,22,O1,1030,11505973165539451176,64c2f9d80e5b741bc2459ab05d8a5d9747518cbcfd6ca850df9dc9e4fb8bc4d1
stage1c_observation,202,11,O2,1001,4509651699464786600,5d7cf42b3f0deba3b0eb330d37710177a4a654b5153da37da8d0206fd02e9a0e
stage1c_observation,202,11,O2,1002,11870599435216556557,fcbb7a7846d31f2e194ff0ad2b320585a9b9099fd8fb1a84682128e855b3a53c
stage1c_observation,202,11,O2,1003,6999537154718893791,e187f09242ebbc6173aac35ce334d5b50f7d30e55220322df52749004b3fbb78
stage1c_observation,202,11,O2,1004,864311099650880516,5632868bbe994605d403a1a9c7104c612a4d1e4c75f00e0429fa107a02a99fca
stage1c_observation,202,11,O2,1005,4980175455672985000,d78200670cad7265c8daa82c3e66a70f2a2dcf4cc3d46c4a88c93542d74d3980
stage1c_observation,202,11,O2,1006,11812764974552055339,adc8df619b5eb1925cd3fb8ba492b7f3ca24cc7861196eb880be9ff1ed2afc75
stage1c_observation,202,11,O2,1007,18215344050726778566,94958f1fc3dac760904db0c7cea7a3b21827db28005d89aae266847e86b548f2
stage1c_observation,202,11,O2,1008,4381506302350622220,f5795c32578431b783cabcdb384ff8c49aa1eb3960ddaaa859fde3132e315c70
stage1c_observation,202,11,O2,1009,3898524988977892,47cce1deef7e4bc26a1afb97362fd25b41974985f4fc783958a11142fcb0fa04
stage1c_observation,202,11,O2,1010,12498135380962807004,0aacddf77f96fe8620af6f95dd53fe113a775179666e239955d6cd4ae027aec4
stage1c_observation,202,11,O2,1011,8054151713602622667,eddc99e059677050cb4e8179a9907fdf234d087c6396117d8874f94b732e0bee
stage1c_observation,202,11,O2,1012,13394653317361661471,4e5c06ed0c9ebb921a6d21c7627ada51a148d83468f22298a316b195c544e43c
stage1c_observation,202,11,O2,1013,17228619986976833505,c434185399cc96a0eece00f6acd17a4fc8f5cb6b3b7f7d5c34ad3a9b3aeb4aeb
stage1c_observation,202,11,O2,1014,8016316511855700008,c9a7368c62d73e445362f065fff0443af92ebbb8aa17c0f909b33c62e11486b4
stage1c_observation,202,11,O2,1015,8448300948345155490,8e28e42da314108b464367d28a38c4fe66ae29882827708a55b14476a67425e5
stage1c_observation,202,11,O2,1016,7913199535073974443,9393db840a12ae9c170f324f97b5297db7a6ce9d61df3cba6715956601e51401
stage1c_observation,202,11,O2,1017,4279498703692965745,796c052790aba32fc6a16cf54cc35d1947b9a3e9a2fb312675eb28cdd3e98c69
stage1c_observation,202,11,O2,1018,10462817374677259581,2b31180683de4cee9c523d3dff78b82df576b70c34b214faebdaa444c8fd41b8
stage1c_observation,202,11,O2,1019,15959746611123463453,54cf73693fb06a42c345e91ebe130138658762e08d2e1e5998bcb6d173887753
stage1c_observation,202,11,O2,1020,7801985172000525726,d826acfaec8b45beaf65bb22a912e2a8e9e32ae53af4fdc4b59d870c615717aa
stage1c_observation,202,11,O2,1021,8344925314069197202,11bb0a2b7c227991cf1e40a3dca395a00ee2d00d5e499b62732cda00698f8b5f
stage1c_observation,202,11,O2,1022,14202738753412792973,7640a9e77b5aaaa6407954d96af028b704b2a0845d0ae5ed3f58d448c406eb95
stage1c_observation,202,11,O2,1023,3374782646277650099,2383d1888b7726702aa7cfa9d6f1d79253eaecd0a6436ea38ac855185516a3fa
stage1c_observation,202,11,O2,1024,2760002674681134271,7a0dbdf41785b85ce033bc76a45de530673a71b2ab5643b343a0c8aba8bccffe
stage1c_observation,202,11,O2,1025,11324546891221531922,ae17c670a1ced15d651c29be949d9a96d21aba8b7fec0f7b8a59db906817f4e1
stage1c_observation,202,11,O2,1026,10586582785141132227,aaaab23aaf274dace524ce451cdee994225bf235642c498546321b2a44e14716
stage1c_observation,202,11,O2,1027,6945246989850125038,778dc982a772172bdcbf4d8f2e04d917737f9e306294224d663f0413846251c1
stage1c_observation,202,11,O2,1028,13077112846600014495,22c022b599a7400b33a94b4d11da32cd454f4ae377fcc9b235ec68e62e403208
stage1c_observation,202,11,O2,1029,13076914380138616320,05878c9f302373985dfbb21aaf013a1f6355d0ce2bc55b9b214f78b08cf7a76d
stage1c_observation,202,11,O2,1030,777532657499872071,64626169c16703c0d81e2efe74e4a11c0280d80cd572d1218d21d56759dab1be
stage1c_observation,202,22,O2,1001,698251510650984414,9b45b1b82880876ba58d13ad5ad99fa5cc7851529eb4e3f30bde10bdbe06f8ae
stage1c_observation,202,22,O2,1002,12253059479032453619,652512ede5fff971ec064e5fa78f37fae81b1840b6f2e82f39060ff4c79171d7
stage1c_observation,202,22,O2,1003,11115929042791648483,a5d533f49b8ab9a4a84e4bfa61aeb551194f809fcf9b1ff1a0de27de957ae877
stage1c_observation,202,22,O2,1004,6401153106563329791,901cfce5a9e6f218ab029938d860edce29ed20325af1bb69419dcfbfd5e3d281
stage1c_observation,202,22,O2,1005,14663877387860634720,afde0055b2215758f5f3f5ab4af64487d5c0112b9db8f13a7a7c19e60ac10631
stage1c_observation,202,22,O2,1006,4319244589415734264,c970d7257709d86f7929874d8f345c2ac0738107a426811921cb62ff2daac8b8
stage1c_observation,202,22,O2,1007,6523632819158280555,1871afe4a8e9bd1909cd089f0b925f528a2fc7575a40cba5941197a259365563
stage1c_observation,202,22,O2,1008,11879276655692788676,6e667fc19c6d316ccabec5091d7c83623c02c2c8e4cdc985f5156599e7408759
stage1c_observation,202,22,O2,1009,13465280882838492799,5a2fa61e0c622448d1fe08e7120997ebbf9a2d538ea411937415fa1c1a7014f1
stage1c_observation,202,22,O2,1010,9376066790341915031,fa4b5504b41b93103c777bfd13545699e55cdeb5be09c00f843c3afb7c7a8130
stage1c_observation,202,22,O2,1011,2487805887640717807,20076d22d8df5f723b2492a7b08f207c2a923fb400e8fa1a79cf1625a73c4d46
stage1c_observation,202,22,O2,1012,11857390935016774094,97124546e19aec70ea1c96811e8456582fc36b7011abc8c0bd3c9e840b4345f9
stage1c_observation,202,22,O2,1013,7598461938643679067,11ff2029bd3ddf9d361a40115759d5a0ce288cf2b4edb978ce937101ac086f71
stage1c_observation,202,22,O2,1014,10318146113355552110,ce522e85ca42d96ddc6b357e592260bd975ea47c41abf85663932a296e07104e
stage1c_observation,202,22,O2,1015,12021315176694952246,def6b02ffb7ead5333fe7b0bb4377475dda6207eec2cd06aca342253a7866440
stage1c_observation,202,22,O2,1016,10490430786319541127,c8d5005fa6836a3ce8d26daba21e3fc0deeab83b73e3f4b1b87171db8a157698
stage1c_observation,202,22,O2,1017,12730769315015094895,3bf4b3ccddb085af44e30f3e7152503df0e304cc8fe317728ad4574f5838c2cc
stage1c_observation,202,22,O2,1018,2252770541338432675,eb974dfafa298b2fa5cdde521f31070ea072dd4e25c90fc6bf0203e14101a32c
stage1c_observation,202,22,O2,1019,14472484461601799037,3396e9658e92612bc5e23c7becbea76660449bf57efa4b2009b9ebd3f7c66ecc
stage1c_observation,202,22,O2,1020,4685903483704428766,fafc7ed114ca84576447750dd1d311844f97df3cd1fc20d476a484226ad8656a
stage1c_observation,202,22,O2,1021,6890151700845404588,fe606347dfce452a937839d538c66427439bdd55a3fbb95d28dd52a5259ac450
stage1c_observation,202,22,O2,1022,11768213630462511554,7b687929082a3e5aac26ee9f5d54dec8ea429dc3da4f24d8ca00455897721e3d
stage1c_observation,202,22,O2,1023,11173055236648360331,55af03bcd0340d0576ce5dc001edd692e39c7e2a2dfd412863f1105cbaf73bd6
stage1c_observation,202,22,O2,1024,8698972801611310064,776ea3722489a929023b35f669f199c7787afcf99300c563313b1caa6b6eb906
stage1c_observation,202,22,O2,1025,50645380867473425,2582da1eac168f7f41ba2f334d49634a6f15ae55718ef40ee983ad5c961a5772
stage1c_observation,202,22,O2,1026,1767586438564612892,bf77e8481cd10d27860c538ef09901ecc407980f43d4736f2c60d1e0c1283f8e
stage1c_observation,202,22,O2,1027,2072197093813051367,dc1a91a78336540ba2ab734a5be20b1e65b399a635791a3e70234e8e7b304950
stage1c_observation,202,22,O2,1028,311273325720659122,f6f2376431ad6636ba4b0dd7552ff8e78f9340dedb3c4c2985101b5ad50340b2
stage1c_observation,202,22,O2,1029,5866093100387169734,b019c435188f620d4c938f47b6fe67e36c5dfe0e68bdc3f26ae20c722147b9e7
stage1c_observation,202,22,O2,1030,11505973165539451176,64c2f9d80e5b741bc2459ab05d8a5d9747518cbcfd6ca850df9dc9e4fb8bc4d1
stage1c_observation,202,11,O3,1001,4509651699464786600,5d7cf42b3f0deba3b0eb330d37710177a4a654b5153da37da8d0206fd02e9a0e
stage1c_observation,202,11,O3,1002,11870599435216556557,fcbb7a7846d31f2e194ff0ad2b320585a9b9099fd8fb1a84682128e855b3a53c
stage1c_observation,202,11,O3,1003,6999537154718893791,e187f09242ebbc6173aac35ce334d5b50f7d30e55220322df52749004b3fbb78
stage1c_observation,202,11,O3,1004,864311099650880516,5632868bbe994605d403a1a9c7104c612a4d1e4c75f00e0429fa107a02a99fca
stage1c_observation,202,11,O3,1005,4980175455672985000,d78200670cad7265c8daa82c3e66a70f2a2dcf4cc3d46c4a88c93542d74d3980
stage1c_observation,202,11,O3,1006,11812764974552055339,adc8df619b5eb1925cd3fb8ba492b7f3ca24cc7861196eb880be9ff1ed2afc75
stage1c_observation,202,11,O3,1007,18215344050726778566,94958f1fc3dac760904db0c7cea7a3b21827db28005d89aae266847e86b548f2
stage1c_observation,202,11,O3,1008,4381506302350622220,f5795c32578431b783cabcdb384ff8c49aa1eb3960ddaaa859fde3132e315c70
stage1c_observation,202,11,O3,1009,3898524988977892,47cce1deef7e4bc26a1afb97362fd25b41974985f4fc783958a11142fcb0fa04
stage1c_observation,202,11,O3,1010,12498135380962807004,0aacddf77f96fe8620af6f95dd53fe113a775179666e239955d6cd4ae027aec4
stage1c_observation,202,11,O3,1011,8054151713602622667,eddc99e059677050cb4e8179a9907fdf234d087c6396117d8874f94b732e0bee
stage1c_observation,202,11,O3,1012,13394653317361661471,4e5c06ed0c9ebb921a6d21c7627ada51a148d83468f22298a316b195c544e43c
stage1c_observation,202,11,O3,1013,17228619986976833505,c434185399cc96a0eece00f6acd17a4fc8f5cb6b3b7f7d5c34ad3a9b3aeb4aeb
stage1c_observation,202,11,O3,1014,8016316511855700008,c9a7368c62d73e445362f065fff0443af92ebbb8aa17c0f909b33c62e11486b4
stage1c_observation,202,11,O3,1015,8448300948345155490,8e28e42da314108b464367d28a38c4fe66ae29882827708a55b14476a67425e5
stage1c_observation,202,11,O3,1016,7913199535073974443,9393db840a12ae9c170f324f97b5297db7a6ce9d61df3cba6715956601e51401
stage1c_observation,202,11,O3,1017,4279498703692965745,796c052790aba32fc6a16cf54cc35d1947b9a3e9a2fb312675eb28cdd3e98c69
stage1c_observation,202,11,O3,1018,10462817374677259581,2b31180683de4cee9c523d3dff78b82df576b70c34b214faebdaa444c8fd41b8
stage1c_observation,202,11,O3,1019,15959746611123463453,54cf73693fb06a42c345e91ebe130138658762e08d2e1e5998bcb6d173887753
stage1c_observation,202,11,O3,1020,7801985172000525726,d826acfaec8b45beaf65bb22a912e2a8e9e32ae53af4fdc4b59d870c615717aa
stage1c_observation,202,11,O3,1021,8344925314069197202,11bb0a2b7c227991cf1e40a3dca395a00ee2d00d5e499b62732cda00698f8b5f
stage1c_observation,202,11,O3,1022,14202738753412792973,7640a9e77b5aaaa6407954d96af028b704b2a0845d0ae5ed3f58d448c406eb95
stage1c_observation,202,11,O3,1023,3374782646277650099,2383d1888b7726702aa7cfa9d6f1d79253eaecd0a6436ea38ac855185516a3fa
stage1c_observation,202,11,O3,1024,2760002674681134271,7a0dbdf41785b85ce033bc76a45de530673a71b2ab5643b343a0c8aba8bccffe
stage1c_observation,202,11,O3,1025,11324546891221531922,ae17c670a1ced15d651c29be949d9a96d21aba8b7fec0f7b8a59db906817f4e1
stage1c_observation,202,11,O3,1026,10586582785141132227,aaaab23aaf274dace524ce451cdee994225bf235642c498546321b2a44e14716
stage1c_observation,202,11,O3,1027,6945246989850125038,778dc982a772172bdcbf4d8f2e04d917737f9e306294224d663f0413846251c1
stage1c_observation,202,11,O3,1028,13077112846600014495,22c022b599a7400b33a94b4d11da32cd454f4ae377fcc9b235ec68e62e403208
stage1c_observation,202,11,O3,1029,13076914380138616320,05878c9f302373985dfbb21aaf013a1f6355d0ce2bc55b9b214f78b08cf7a76d
stage1c_observation,202,11,O3,1030,777532657499872071,64626169c16703c0d81e2efe74e4a11c0280d80cd572d1218d21d56759dab1be
stage1c_observation,202,22,O3,1001,698251510650984414,9b45b1b82880876ba58d13ad5ad99fa5cc7851529eb4e3f30bde10bdbe06f8ae
stage1c_observation,202,22,O3,1002,12253059479032453619,652512ede5fff971ec064e5fa78f37fae81b1840b6f2e82f39060ff4c79171d7
stage1c_observation,202,22,O3,1003,11115929042791648483,a5d533f49b8ab9a4a84e4bfa61aeb551194f809fcf9b1ff1a0de27de957ae877
stage1c_observation,202,22,O3,1004,6401153106563329791,901cfce5a9e6f218ab029938d860edce29ed20325af1bb69419dcfbfd5e3d281
stage1c_observation,202,22,O3,1005,14663877387860634720,afde0055b2215758f5f3f5ab4af64487d5c0112b9db8f13a7a7c19e60ac10631
stage1c_observation,202,22,O3,1006,4319244589415734264,c970d7257709d86f7929874d8f345c2ac0738107a426811921cb62ff2daac8b8
stage1c_observation,202,22,O3,1007,6523632819158280555,1871afe4a8e9bd1909cd089f0b925f528a2fc7575a40cba5941197a259365563
stage1c_observation,202,22,O3,1008,11879276655692788676,6e667fc19c6d316ccabec5091d7c83623c02c2c8e4cdc985f5156599e7408759
stage1c_observation,202,22,O3,1009,13465280882838492799,5a2fa61e0c622448d1fe08e7120997ebbf9a2d538ea411937415fa1c1a7014f1
stage1c_observation,202,22,O3,1010,9376066790341915031,fa4b5504b41b93103c777bfd13545699e55cdeb5be09c00f843c3afb7c7a8130
stage1c_observation,202,22,O3,1011,2487805887640717807,20076d22d8df5f723b2492a7b08f207c2a923fb400e8fa1a79cf1625a73c4d46
stage1c_observation,202,22,O3,1012,11857390935016774094,97124546e19aec70ea1c96811e8456582fc36b7011abc8c0bd3c9e840b4345f9
stage1c_observation,202,22,O3,1013,7598461938643679067,11ff2029bd3ddf9d361a40115759d5a0ce288cf2b4edb978ce937101ac086f71
stage1c_observation,202,22,O3,1014,10318146113355552110,ce522e85ca42d96ddc6b357e592260bd975ea47c41abf85663932a296e07104e
stage1c_observation,202,22,O3,1015,12021315176694952246,def6b02ffb7ead5333fe7b0bb4377475dda6207eec2cd06aca342253a7866440
stage1c_observation,202,22,O3,1016,10490430786319541127,c8d5005fa6836a3ce8d26daba21e3fc0deeab83b73e3f4b1b87171db8a157698
stage1c_observation,202,22,O3,1017,12730769315015094895,3bf4b3ccddb085af44e30f3e7152503df0e304cc8fe317728ad4574f5838c2cc
stage1c_observation,202,22,O3,1018,2252770541338432675,eb974dfafa298b2fa5cdde521f31070ea072dd4e25c90fc6bf0203e14101a32c
stage1c_observation,202,22,O3,1019,14472484461601799037,3396e9658e92612bc5e23c7becbea76660449bf57efa4b2009b9ebd3f7c66ecc
stage1c_observation,202,22,O3,1020,4685903483704428766,fafc7ed114ca84576447750dd1d311844f97df3cd1fc20d476a484226ad8656a
stage1c_observation,202,22,O3,1021,6890151700845404588,fe606347dfce452a937839d538c66427439bdd55a3fbb95d28dd52a5259ac450
stage1c_observation,202,22,O3,1022,11768213630462511554,7b687929082a3e5aac26ee9f5d54dec8ea429dc3da4f24d8ca00455897721e3d
stage1c_observation,202,22,O3,1023,11173055236648360331,55af03bcd0340d0576ce5dc001edd692e39c7e2a2dfd412863f1105cbaf73bd6
stage1c_observation,202,22,O3,1024,8698972801611310064,776ea3722489a929023b35f669f199c7787afcf99300c563313b1caa6b6eb906
stage1c_observation,202,22,O3,1025,50645380867473425,2582da1eac168f7f41ba2f334d49634a6f15ae55718ef40ee983ad5c961a5772
stage1c_observation,202,22,O3,1026,1767586438564612892,bf77e8481cd10d27860c538ef09901ecc407980f43d4736f2c60d1e0c1283f8e
stage1c_observation,202,22,O3,1027,2072197093813051367,dc1a91a78336540ba2ab734a5be20b1e65b399a635791a3e70234e8e7b304950
stage1c_observation,202,22,O3,1028,311273325720659122,f6f2376431ad6636ba4b0dd7552ff8e78f9340dedb3c4c2985101b5ad50340b2
stage1c_observation,202,22,O3,1029,5866093100387169734,b019c435188f620d4c938f47b6fe67e36c5dfe0e68bdc3f26ae20c722147b9e7
stage1c_observation,202,22,O3,1030,11505973165539451176,64c2f9d80e5b741bc2459ab05d8a5d9747518cbcfd6ca850df9dc9e4fb8bc4d1
stage1c_observation,202,11,O4,1001,4509651699464786600,5d7cf42b3f0deba3b0eb330d37710177a4a654b5153da37da8d0206fd02e9a0e
stage1c_observation,202,11,O4,1002,11870599435216556557,fcbb7a7846d31f2e194ff0ad2b320585a9b9099fd8fb1a84682128e855b3a53c
stage1c_observation,202,11,O4,1003,6999537154718893791,e187f09242ebbc6173aac35ce334d5b50f7d30e55220322df52749004b3fbb78
stage1c_observation,202,11,O4,1004,864311099650880516,5632868bbe994605d403a1a9c7104c612a4d1e4c75f00e0429fa107a02a99fca
stage1c_observation,202,11,O4,1005,4980175455672985000,d78200670cad7265c8daa82c3e66a70f2a2dcf4cc3d46c4a88c93542d74d3980
stage1c_observation,202,11,O4,1006,11812764974552055339,adc8df619b5eb1925cd3fb8ba492b7f3ca24cc7861196eb880be9ff1ed2afc75
stage1c_observation,202,11,O4,1007,18215344050726778566,94958f1fc3dac760904db0c7cea7a3b21827db28005d89aae266847e86b548f2
stage1c_observation,202,11,O4,1008,4381506302350622220,f5795c32578431b783cabcdb384ff8c49aa1eb3960ddaaa859fde3132e315c70
stage1c_observation,202,11,O4,1009,3898524988977892,47cce1deef7e4bc26a1afb97362fd25b41974985f4fc783958a11142fcb0fa04
stage1c_observation,202,11,O4,1010,12498135380962807004,0aacddf77f96fe8620af6f95dd53fe113a775179666e239955d6cd4ae027aec4
stage1c_observation,202,11,O4,1011,8054151713602622667,eddc99e059677050cb4e8179a9907fdf234d087c6396117d8874f94b732e0bee
stage1c_observation,202,11,O4,1012,13394653317361661471,4e5c06ed0c9ebb921a6d21c7627ada51a148d83468f22298a316b195c544e43c
stage1c_observation,202,11,O4,1013,17228619986976833505,c434185399cc96a0eece00f6acd17a4fc8f5cb6b3b7f7d5c34ad3a9b3aeb4aeb
stage1c_observation,202,11,O4,1014,8016316511855700008,c9a7368c62d73e445362f065fff0443af92ebbb8aa17c0f909b33c62e11486b4
stage1c_observation,202,11,O4,1015,8448300948345155490,8e28e42da314108b464367d28a38c4fe66ae29882827708a55b14476a67425e5
stage1c_observation,202,11,O4,1016,7913199535073974443,9393db840a12ae9c170f324f97b5297db7a6ce9d61df3cba6715956601e51401
stage1c_observation,202,11,O4,1017,4279498703692965745,796c052790aba32fc6a16cf54cc35d1947b9a3e9a2fb312675eb28cdd3e98c69
stage1c_observation,202,11,O4,1018,10462817374677259581,2b31180683de4cee9c523d3dff78b82df576b70c34b214faebdaa444c8fd41b8
stage1c_observation,202,11,O4,1019,15959746611123463453,54cf73693fb06a42c345e91ebe130138658762e08d2e1e5998bcb6d173887753
stage1c_observation,202,11,O4,1020,7801985172000525726,d826acfaec8b45beaf65bb22a912e2a8e9e32ae53af4fdc4b59d870c615717aa
stage1c_observation,202,11,O4,1021,8344925314069197202,11bb0a2b7c227991cf1e40a3dca395a00ee2d00d5e499b62732cda00698f8b5f
stage1c_observation,202,11,O4,1022,14202738753412792973,7640a9e77b5aaaa6407954d96af028b704b2a0845d0ae5ed3f58d448c406eb95
stage1c_observation,202,11,O4,1023,3374782646277650099,2383d1888b7726702aa7cfa9d6f1d79253eaecd0a6436ea38ac855185516a3fa
stage1c_observation,202,11,O4,1024,2760002674681134271,7a0dbdf41785b85ce033bc76a45de530673a71b2ab5643b343a0c8aba8bccffe
stage1c_observation,202,11,O4,1025,11324546891221531922,ae17c670a1ced15d651c29be949d9a96d21aba8b7fec0f7b8a59db906817f4e1
stage1c_observation,202,11,O4,1026,10586582785141132227,aaaab23aaf274dace524ce451cdee994225bf235642c498546321b2a44e14716
stage1c_observation,202,11,O4,1027,6945246989850125038,778dc982a772172bdcbf4d8f2e04d917737f9e306294224d663f0413846251c1
stage1c_observation,202,11,O4,1028,13077112846600014495,22c022b599a7400b33a94b4d11da32cd454f4ae377fcc9b235ec68e62e403208
stage1c_observation,202,11,O4,1029,13076914380138616320,05878c9f302373985dfbb21aaf013a1f6355d0ce2bc55b9b214f78b08cf7a76d
stage1c_observation,202,11,O4,1030,777532657499872071,64626169c16703c0d81e2efe74e4a11c0280d80cd572d1218d21d56759dab1be
stage1c_observation,202,22,O4,1001,698251510650984414,9b45b1b82880876ba58d13ad5ad99fa5cc7851529eb4e3f30bde10bdbe06f8ae
stage1c_observation,202,22,O4,1002,12253059479032453619,652512ede5fff971ec064e5fa78f37fae81b1840b6f2e82f39060ff4c79171d7
stage1c_observation,202,22,O4,1003,11115929042791648483,a5d533f49b8ab9a4a84e4bfa61aeb551194f809fcf9b1ff1a0de27de957ae877
stage1c_observation,202,22,O4,1004,6401153106563329791,901cfce5a9e6f218ab029938d860edce29ed20325af1bb69419dcfbfd5e3d281
stage1c_observation,202,22,O4,1005,14663877387860634720,afde0055b2215758f5f3f5ab4af64487d5c0112b9db8f13a7a7c19e60ac10631
stage1c_observation,202,22,O4,1006,4319244589415734264,c970d7257709d86f7929874d8f345c2ac0738107a426811921cb62ff2daac8b8
stage1c_observation,202,22,O4,1007,6523632819158280555,1871afe4a8e9bd1909cd089f0b925f528a2fc7575a40cba5941197a259365563
stage1c_observation,202,22,O4,1008,11879276655692788676,6e667fc19c6d316ccabec5091d7c83623c02c2c8e4cdc985f5156599e7408759
stage1c_observation,202,22,O4,1009,13465280882838492799,5a2fa61e0c622448d1fe08e7120997ebbf9a2d538ea411937415fa1c1a7014f1
stage1c_observation,202,22,O4,1010,9376066790341915031,fa4b5504b41b93103c777bfd13545699e55cdeb5be09c00f843c3afb7c7a8130
stage1c_observation,202,22,O4,1011,2487805887640717807,20076d22d8df5f723b2492a7b08f207c2a923fb400e8fa1a79cf1625a73c4d46
stage1c_observation,202,22,O4,1012,11857390935016774094,97124546e19aec70ea1c96811e8456582fc36b7011abc8c0bd3c9e840b4345f9
stage1c_observation,202,22,O4,1013,7598461938643679067,11ff2029bd3ddf9d361a40115759d5a0ce288cf2b4edb978ce937101ac086f71
stage1c_observation,202,22,O4,1014,10318146113355552110,ce522e85ca42d96ddc6b357e592260bd975ea47c41abf85663932a296e07104e
stage1c_observation,202,22,O4,1015,12021315176694952246,def6b02ffb7ead5333fe7b0bb4377475dda6207eec2cd06aca342253a7866440
stage1c_observation,202,22,O4,1016,10490430786319541127,c8d5005fa6836a3ce8d26daba21e3fc0deeab83b73e3f4b1b87171db8a157698
stage1c_observation,202,22,O4,1017,12730769315015094895,3bf4b3ccddb085af44e30f3e7152503df0e304cc8fe317728ad4574f5838c2cc
stage1c_observation,202,22,O4,1018,2252770541338432675,eb974dfafa298b2fa5cdde521f31070ea072dd4e25c90fc6bf0203e14101a32c
stage1c_observation,202,22,O4,1019,14472484461601799037,3396e9658e92612bc5e23c7becbea76660449bf57efa4b2009b9ebd3f7c66ecc
stage1c_observation,202,22,O4,1020,4685903483704428766,fafc7ed114ca84576447750dd1d311844f97df3cd1fc20d476a484226ad8656a
stage1c_observation,202,22,O4,1021,6890151700845404588,fe606347dfce452a937839d538c66427439bdd55a3fbb95d28dd52a5259ac450
stage1c_observation,202,22,O4,1022,11768213630462511554,7b687929082a3e5aac26ee9f5d54dec8ea429dc3da4f24d8ca00455897721e3d
stage1c_observation,202,22,O4,1023,11173055236648360331,55af03bcd0340d0576ce5dc001edd692e39c7e2a2dfd412863f1105cbaf73bd6
stage1c_observation,202,22,O4,1024,8698972801611310064,776ea3722489a929023b35f669f199c7787afcf99300c563313b1caa6b6eb906
stage1c_observation,202,22,O4,1025,50645380867473425,2582da1eac168f7f41ba2f334d49634a6f15ae55718ef40ee983ad5c961a5772
stage1c_observation,202,22,O4,1026,1767586438564612892,bf77e8481cd10d27860c538ef09901ecc407980f43d4736f2c60d1e0c1283f8e
stage1c_observation,202,22,O4,1027,2072197093813051367,dc1a91a78336540ba2ab734a5be20b1e65b399a635791a3e70234e8e7b304950
stage1c_observation,202,22,O4,1028,311273325720659122,f6f2376431ad6636ba4b0dd7552ff8e78f9340dedb3c4c2985101b5ad50340b2
stage1c_observation,202,22,O4,1029,5866093100387169734,b019c435188f620d4c938f47b6fe67e36c5dfe0e68bdc3f26ae20c722147b9e7
stage1c_observation,202,22,O4,1030,11505973165539451176,64c2f9d80e5b741bc2459ab05d8a5d9747518cbcfd6ca850df9dc9e4fb8bc4d1
stage1c_open_control,303,11,OC,1001,11237897253038557784,728546c37cbb09833d9febfa45771040dc68faf6dda66a9f0ca0f59b6ab92cf8
stage1c_open_control,303,11,OC,1002,4726055576717345089,eedd032ecc4585834fdd6c4c5aaa1d60963d6d6ba5760feaebf5aa89f95d7fe7
stage1c_open_control,303,11,OC,1003,14014786902351367351,f3e6471df55034b153cd0284a354a33c3e2b199c97003136710daf37016b9e44
stage1c_open_control,303,11,OC,1004,4212077904100663832,63afa74342795ed93ff406d48c9a2bd8bf86a0e90f7ee58d878031b488ef7446
stage1c_open_control,303,11,OC,1005,12640028847844812192,fa6496ededba9ecfa7f0f5455b254b00fe330ecc7336c271aeeb711346e4c51c
stage1c_open_control,303,11,OC,1006,5071576243408350719,0b7d01211dbd78d241ab009f719b83e99540008916a19a2691be75dd11b7e7f0
stage1c_open_control,303,11,OC,1007,7762780489512397128,587dcbc820b5a92852069aa3d618c9491b389e93dd34890dd2b4793e7e818343
stage1c_open_control,303,11,OC,1008,18016642403282960219,00aadda9edf9fc499f6fa6622b3f1cbccd046eba2ebd8c88510a73e03e1530bc
stage1c_open_control,303,11,OC,1009,6795194680260619069,1c732676bf30c00de2b7f0c76491ae9130b8c1f3dccbe167127244b97c3f7897
stage1c_open_control,303,11,OC,1010,7415870211231929172,3c89a1f1a424c153e66344183a3e0fdb7d884d58fbf777e584396d1919df0a55
stage1c_open_control,303,11,OC,1011,16253768930658246459,3d4522257b4b0951f875fd4da2e367f73c78cdd20b80cb3f22636704b0e02404
stage1c_open_control,303,11,OC,1012,17637189601610908673,c3b0d7dc3ff56282941014797112bb23d2b8ad123aef047fe0e369a0f08cb7fd
stage1c_open_control,303,11,OC,1013,12145225531679228378,f1af51e358e6caf37e8ee273f49358f47b1f1412507f8d4cd4ae5a1d618d4975
stage1c_open_control,303,11,OC,1014,13069741186398541996,3a6422712448cef8d5b9b5efdfec6c81db60261b64d5472f778cf0f1a4778c0e
stage1c_open_control,303,11,OC,1015,13014762113077160413,1d882eab2604cfbe9c41696ce84fa41fa193f4dbc16fb1b8e9f7ed5371708d27
stage1c_open_control,303,11,OC,1016,8638301225540768239,26c8b9cd3ef8bf23795b2b96b8ae237fe1abf8c2085efa2fa652f579b7a152d1
stage1c_open_control,303,11,OC,1017,7913260073619241841,d3c0e7cef8bcc2f5cdd905843e64bbb22a88e6a31fdd4036050eb764c2f3dcc5
stage1c_open_control,303,11,OC,1018,2011602921763095445,2f2a20cd9922592dac615d9a8b601052d036360045c912e65c6bcd740aef64d2
stage1c_open_control,303,11,OC,1019,3771694093968599532,3615eff38d055fc853a40de88b6d7588b1c50e38fc87a482afa8ce1237cdf988
stage1c_open_control,303,11,OC,1020,2587912297880559214,30112afd9b6fb34d4101126434137f305fc29cf5872ee032dc95a37cd70855fc
stage1c_open_control,303,11,OC,1021,16189112287911529002,110dfffe73a6b261de4036f1b3439fc64d8ddced514b375037a44c1c50af1c78
stage1c_open_control,303,11,OC,1022,8047109790438281522,02d4cb66c62ce78f2976ec349cd166147d4f92a84cb37551c977965040c87e87
stage1c_open_control,303,11,OC,1023,4094194248852132161,c8916036a38a405bad73a1e140c585eaadfaaea7fff05d80fb998d5837fa5dd2
stage1c_open_control,303,11,OC,1024,11070022609245372778,19f4fae4fa457bb1643f750c0e35273f5477d56d3f604b21bd49ec3865847b08
stage1c_open_control,303,11,OC,1025,4806728692428761446,746ff8d9ce22af2060aeea6eb565e7a7b1c5b62d92be644d079d0b2ab30d5813
stage1c_open_control,303,11,OC,1026,3338366139958594777,2cbc9294348423443f21337365700199077cbfa6240f77cc93954d7093730f62
stage1c_open_control,303,11,OC,1027,15790756518647306792,f9751290ea6e1d9a961404833d0fff210c1051c21a11ee5e762047a9b38ab370
stage1c_open_control,303,11,OC,1028,881099204291219173,0b4a2af2e9c0cab75c497da8f5e5a2eeedc0f189f9f9ee772c1a569ef4f1240e
stage1c_open_control,303,11,OC,1029,11815046878451450034,6b901e43e505f6bd248ff0828c2373e13d38bdc2ea1a6953ad690f39cf79e572
stage1c_open_control,303,11,OC,1030,3512421789023740938,266866cb73343803f452ecb18fa9e15696839f75677fcb47ebade2733b0506e9
stage1c_open_control,303,22,OC,1001,3567007938452221779,701e56d1c07d1fa5a1189b1e5dcb5e6ffa6f7bf01689a11d301600bde3938a42
stage1c_open_control,303,22,OC,1002,6008241990082252391,5b78ef34b243575758639832f85670bccee110be672e2ccff86df0f0ae150983
stage1c_open_control,303,22,OC,1003,2632229216776191055,57238324013cc241eca61956c03c924bd4b805d4cae43a19dd1a2c3ea9eb6cee
stage1c_open_control,303,22,OC,1004,14574886805588167520,95c7beb791765719cd5d6d3e12f18a6eb63dd22c2a0ef727925d2f82a5da1d3e
stage1c_open_control,303,22,OC,1005,7500156000110941367,13d9c511f30fec122a96acff0aff3067b927d1d616549d01134c6a37a1a35f7e
stage1c_open_control,303,22,OC,1006,12331458882574793714,106f19f4d523e649856c6a4a5eedf7751bdaa467dca5e027cd0b8176294f7659
stage1c_open_control,303,22,OC,1007,4448968032715896925,447dd20ef44f3847e6732d7f30886868723b2175df64677d20a6e258c8036d20
stage1c_open_control,303,22,OC,1008,8393513767105563253,daa839189a984114b85d64a9da573bdcc31f64d921c4e60dbd9325232e475629
stage1c_open_control,303,22,OC,1009,320127612213357278,61fe431f2bd3d7a7ba223a4d86d0e1437a20e6d7961ad64359a56e3b41b20466
stage1c_open_control,303,22,OC,1010,15014827425987936442,6583fcc16f5fea149eeb7b44759aa7fc78860b42fedcc8df8f5ab2cf0d77a968
stage1c_open_control,303,22,OC,1011,1695290110436075062,ce75e83ee27837ca984c14317ceff236306ba943330fefabd900b2496dac984e
stage1c_open_control,303,22,OC,1012,17476788806942828632,918c5c5220cd159a4c87172e62c1abf2a84f88828893dd4d30bca74947d95f9c
stage1c_open_control,303,22,OC,1013,9305768569695761807,a7f58b450c2372d2a01ddf1ae7c4f2b4151ff16e8dc0c2d82eea52a863d557df
stage1c_open_control,303,22,OC,1014,7086789180089933981,a06f32e62ee46f9eee8a7a882cdfa76d88bc8cae7220293e94fbdd6a39e45efd
stage1c_open_control,303,22,OC,1015,14985563872278362189,8f9089ebef639ed537d37d8aa49a33387bb57a33c106647ccb8b1960466456e5
stage1c_open_control,303,22,OC,1016,9231135785756279067,17e74c0f61c19fe2e4973d355f3d307b89ba480d7b9f35ee0f03befe48114d16
stage1c_open_control,303,22,OC,1017,17433529001977195562,949cf71c2ef892004674106b60b3523bebe2c9e8093c93242bfcf988b9139d96
stage1c_open_control,303,22,OC,1018,1089309712867853267,9c59f0bb311b993fcd2f5f77e231a6703718a956bee17ea109606e2c7877102c
stage1c_open_control,303,22,OC,1019,6445191816925334042,1dc575f4903d999e5e823939a1e5ffc771d64ca0da6fdd43f5eebad90f16c850
stage1c_open_control,303,22,OC,1020,6710776123499967400,35792ec89f1ca470fc9619f1cc3a256b9f0479e4a3873d900fc4c2fdd681c92c
stage1c_open_control,303,22,OC,1021,10536805149806454509,8ea9517e907fa8ac91a6b0fd7c18ee2f5a21424684ae06f7640f66e198d06a6f
stage1c_open_control,303,22,OC,1022,4481046313656729030,7598d8b26ba15c746a3e4e0cd5fd5a675f6b1768772bb036545b83942272fd50
stage1c_open_control,303,22,OC,1023,1319883868548340756,af4f3a083d0d9fa13689ef9669ec4c8907d5500cf460df8e5368d28411bd98a7
stage1c_open_control,303,22,OC,1024,13752042336339905275,5d707ac8db0a5b8c876bb73aaed37919ac71cfe173601f7f4315daec2717cce9
stage1c_open_control,303,22,OC,1025,7929910318793417483,956f55f35bafd4e1f4d8972089450f028b0a7e4331362f2e6e88ed68ad538a29
stage1c_open_control,303,22,OC,1026,14571212362441531834,dccd9b724857a63f888e0e3bfc1640b69a27ac65ab6ff01c13d7bca25bb73410
stage1c_open_control,303,22,OC,1027,9657989147421356383,7b3967a2de776086734217177c45035f769b7d9ec51dd7cf362d38a70be78f16
stage1c_open_control,303,22,OC,1028,17066268588354222310,36ee2d2613ffd179ae6659c8e4414c02b783effeed41853c43a2b2482eae9478
stage1c_open_control,303,22,OC,1029,17318604131552016041,567e67586ac4ecbc881e7608728e4c4758d394ccbade99cdefb8a6510a5d811c
stage1c_open_control,303,22,OC,1030,6488820585565034707,6b4afc9e404b677166cf50b0a04ef0a5207ff8c6b0693e6d275c138cf1605303
stage1c_geometry,303,11,L1,1001,15336854318701771442,15d6a32914dfa83712d3cfb14ebea05b25229e87f34357b6aafb57f5b5d5fa51
stage1c_geometry,303,11,L1,1002,2474454300039403445,e9a1000093149f46cc1b3da0a477f61937392b8beaca609025212f32412b977a
stage1c_geometry,303,11,L1,1003,17173233521315685009,d613ca955ed1ed7c13744c47f6ea04cb43ba5787458fead70a28c1d3c31908fa
stage1c_geometry,303,11,L1,1004,4375297404977759096,c0e58f9d7dbb8d22586bde39bf0c5cff98edc0ec22af7671e910ed6176154cb4
stage1c_geometry,303,11,L1,1005,7257349386307433003,45d633e7916bf2f0d3a1ec5585cd9935767662fc5a31516e7137af8104a8a05a
stage1c_geometry,303,11,L1,1006,9795181088482459483,8bbf1121d17f666c8a6d1cad24af28afdab448b4e2cb6390332c877f69e5a9e3
stage1c_geometry,303,11,L1,1007,2897328765755718516,931edd51028f13691ca1e87055fbcbf576c373c505a2d4ff3baceb4dc1c6cff0
stage1c_geometry,303,11,L1,1008,17827444342395648087,48ffebf302b00fb7854ce878ba5b93702987d418ffab7c0af20b02dc872fc493
stage1c_geometry,303,11,L1,1009,18113676861723025027,b112cc8e591cd738ba3a4df407e4bcfea6d6a1cec35dc73f4dd62e6aa239a198
stage1c_geometry,303,11,L1,1010,5352188374999452930,2ef714eb127ccd27a211e81c4530eac87df99d1631a9357977f65abe0f6e6717
stage1c_geometry,303,11,L1,1011,5637394740331915470,7e84b4ac57ee37a29128e181b91e212139db1115d5aa3c2a33c57aae83c80c14
stage1c_geometry,303,11,L1,1012,13368823760123436341,cbd5a899c184961b1e4674c6d37bb0f94ebe2ddf268a3321f6c5e828e1b516a1
stage1c_geometry,303,11,L1,1013,11244135200662036166,4ad15d6f423bfb011d9b2efd7583b2ab2c8b8959500a6441a7c8574b26968ead
stage1c_geometry,303,11,L1,1014,8240915650042577431,93c73df1e6f4b3b2f91f92d396a154536ffdb1dfdbbc73dc338c060d3b9c93e3
stage1c_geometry,303,11,L1,1015,17938693334611452585,f76c13c818feb4f62c36ff9e1b6d60e18885dc51f5b1781ead0be07022b0bf34
stage1c_geometry,303,11,L1,1016,15190998302789313502,1669758fa81d04935ce99f2c92ff0f419cfc87f21c51c4d66e3f7ef4b88f9412
stage1c_geometry,303,11,L1,1017,15237905502377221486,166c6f753eafda2a3c334022bc61ce794246b36b0d4b289a3711bcf40be9c661
stage1c_geometry,303,11,L1,1018,9036161389138872010,04edf01cd7916b35223c8716db784ee5bb27c18060194d787933ed1373a19aac
stage1c_geometry,303,11,L1,1019,14948615719027812824,4437efe27a8dadb5dc2f57cb6e46d93e783d618a91c14652f76a9b8cdf82c4ac
stage1c_geometry,303,11,L1,1020,15113692525823785781,7a69ccdf5779b295de981f44f20dbaa8e33f2aff346b72dd6b47e01ad6cedc65
stage1c_geometry,303,11,L1,1021,165340533686529111,2d03d3b48a6a1e41147940c75d7c3dc9078a84015d5e70e03db96c03fb3128cc
stage1c_geometry,303,11,L1,1022,9941811515695601987,1fef49adc6fb78df94fee7f947b0bb66d4ee2a0bd59fb0949054decaf9359105
stage1c_geometry,303,11,L1,1023,3968496085409908001,ab7352fe2e228066919a7ae3409b6debb2eea021563e5e514d14a5092ac3a7f7
stage1c_geometry,303,11,L1,1024,11684519087777845140,9a878ac11e73550809a0365581f77767879ed9c5dc0d998d540d0711320b63fd
stage1c_geometry,303,11,L1,1025,9067155042609137838,7911633123e59bd98d9a7c80a171abf50158ba684aaf2839dcc8218170ac8e79
stage1c_geometry,303,11,L1,1026,16115759546216311411,609deccf6cdec773f490fa31ece636d00401c742a9fa265d4774abb2eb5fe1bb
stage1c_geometry,303,11,L1,1027,6042526762048251485,c8c42dc3bd715b1c95a0b077b6a2fb75931dd5e16ae3f1cae049d344514b8561
stage1c_geometry,303,11,L1,1028,11434060442419712194,b6a20c824260758683365094d1d476eb05af237ca5343c1176bf6c2450712848
stage1c_geometry,303,11,L1,1029,18178457330978613261,588522fbb0ffbf54a448d7f72d1cbdd6d9415caf95b7159de097251878aa4bab
stage1c_geometry,303,11,L1,1030,1499991050533297840,0540049e77c2e6fdf2009e00a41709bc37db5ee3740d39f77e4f81f594654f78
stage1c_geometry,303,22,L1,1001,3052990810783918542,e1c43382df774a228c4ced8c66e8cce2a6dd3a05158dc3fe3c9aff0ba640afde
stage1c_geometry,303,22,L1,1002,18248465096451782716,145087d4918e41db162da7ddc05919bfa1a787acb14bf4bf5287d5bfcde9d257
stage1c_geometry,303,22,L1,1003,10860385850985463071,10e4fa8a1b7a7d40ebfe535743d96ab39e5918445274f6e3d3be0b970d9114ad
stage1c_geometry,303,22,L1,1004,5839692671812652032,331247249a6e6f01c80b7550bc807a9a321e1e0ce09ab0f92f74ad4685be7d50
stage1c_geometry,303,22,L1,1005,13453243175731574424,6f4a71b1dea5d6f99e5857362fadb7c802bac6daf65e45070c8f4e3e83504721
stage1c_geometry,303,22,L1,1006,14057019425234178966,82b0342afef6a9bef2d8977182009bf37721aabd255d84d74e08b64ded48baa4
stage1c_geometry,303,22,L1,1007,1135800877645087833,0fda92994b86835e7f45082188761a3bf37c4c50cb1aadfba5120cc2573f40a5
stage1c_geometry,303,22,L1,1008,11090306389230350604,cd79cdc064a7381ae605414e84db054b7263f373aef19cd92c189add2393eb62
stage1c_geometry,303,22,L1,1009,5881863009543041992,cf948bbe1e555b85e8adb22658d049adaa0d41f9c80fdbee7fa330710a7dbc6e
stage1c_geometry,303,22,L1,1010,40399096339210650,01b82e51130960f30c104133993718e759e1bddf7413f12bce4f018adf8a2c33
stage1c_geometry,303,22,L1,1011,17347347127792248457,6fc20533f523ce97dc2eca9e3444f225244f060d64909bd6cea99caf8e3d9455
stage1c_geometry,303,22,L1,1012,15538892368654777447,f500cce8e0a5be63a115157e1d079361e981eda00a945d6fd2552b14282f0378
stage1c_geometry,303,22,L1,1013,15479250635824467253,fd9a71576e71c035894cf85d55700401f99f16d4445b219f49471a0d0ec42c84
stage1c_geometry,303,22,L1,1014,15616894153209671819,cb360ad96ccdc90653c6869e754d4004be0df517ee1f32740c941d0258134118
stage1c_geometry,303,22,L1,1015,7537389273292268667,2cb391075787f24bec2c8dc4673c1858a1e986bfdd3b17fd0057c87e9b17d6a2
stage1c_geometry,303,22,L1,1016,14908728813040253669,2a99222b49bad64436f2dd8974e42b5e288818fa6f37f90c76396ac17b587945
stage1c_geometry,303,22,L1,1017,13260020282375279369,80cac18798a5861e3e586a707184a43e536288f90b8fbf1759dda065bd3ae606
stage1c_geometry,303,22,L1,1018,4277180441535045812,097ab47435fe4d01e9aab2a9fba9d83ce52b26f9a3719c8617e070e76d9ee378
stage1c_geometry,303,22,L1,1019,15496518973281303163,9124a86c05f347356e7c740da41445381cc893e3d4d87d8aebbf1ed7212e6400
stage1c_geometry,303,22,L1,1020,11933161548392881836,6e20c5acf1b9570c3d188e62339af209aaef547896b3157a00185fa8ac13f3cf
stage1c_geometry,303,22,L1,1021,13442855955908179785,a55d3119396550acbf864e2a39ee9760df9ad25438ae5f5d02ef352d2df90e09
stage1c_geometry,303,22,L1,1022,10780336403032324511,67ac49735224ca9ad667095075bcc4dfb21f0bc2430a0285b79add73940904de
stage1c_geometry,303,22,L1,1023,16416547381820012719,4888ab73f831b5642ba4d5990f9eadba51c738381a38d1635747da0dd6155787
stage1c_geometry,303,22,L1,1024,2423140552482617365,c4a56f22695023d6591822d67dd8ee66ac4ce0f9653417871b8489210d9395d4
stage1c_geometry,303,22,L1,1025,14097796427887668927,bda68d363a4f8bda501a2c6fbdc80ed88453f49b2650d7129124ddc22cd9396d
stage1c_geometry,303,22,L1,1026,4557408497900582297,0a755c0fba05f815d67758e35e83cd9540cd5d998ade9601c252d13283b0c378
stage1c_geometry,303,22,L1,1027,18021861103608336425,c3859869795783f9e9c0bf9b3b4ca20306643be8584101454f72b17bb9e094b4
stage1c_geometry,303,22,L1,1028,9673706576093824844,c5cd7ca3df940e3122bc9758bd6233f84f317e95c76b8aaba6edb0e785b749b4
stage1c_geometry,303,22,L1,1029,7890237206771980617,9a91398fde7a2f16b565caafaa8a4ecbb99cf6d441fa3b7e5074fa5efd342f84
stage1c_geometry,303,22,L1,1030,5546487982612322084,62bddec535a09648d10e337341d7b0d7097702ffc9387ad0868558d56834bf4b
stage1c_geometry,303,11,L2,1001,15336854318701771442,15d6a32914dfa83712d3cfb14ebea05b25229e87f34357b6aafb57f5b5d5fa51
stage1c_geometry,303,11,L2,1002,2474454300039403445,e9a1000093149f46cc1b3da0a477f61937392b8beaca609025212f32412b977a
stage1c_geometry,303,11,L2,1003,17173233521315685009,d613ca955ed1ed7c13744c47f6ea04cb43ba5787458fead70a28c1d3c31908fa
stage1c_geometry,303,11,L2,1004,4375297404977759096,c0e58f9d7dbb8d22586bde39bf0c5cff98edc0ec22af7671e910ed6176154cb4
stage1c_geometry,303,11,L2,1005,7257349386307433003,45d633e7916bf2f0d3a1ec5585cd9935767662fc5a31516e7137af8104a8a05a
stage1c_geometry,303,11,L2,1006,9795181088482459483,8bbf1121d17f666c8a6d1cad24af28afdab448b4e2cb6390332c877f69e5a9e3
stage1c_geometry,303,11,L2,1007,2897328765755718516,931edd51028f13691ca1e87055fbcbf576c373c505a2d4ff3baceb4dc1c6cff0
stage1c_geometry,303,11,L2,1008,17827444342395648087,48ffebf302b00fb7854ce878ba5b93702987d418ffab7c0af20b02dc872fc493
stage1c_geometry,303,11,L2,1009,18113676861723025027,b112cc8e591cd738ba3a4df407e4bcfea6d6a1cec35dc73f4dd62e6aa239a198
stage1c_geometry,303,11,L2,1010,5352188374999452930,2ef714eb127ccd27a211e81c4530eac87df99d1631a9357977f65abe0f6e6717
stage1c_geometry,303,11,L2,1011,5637394740331915470,7e84b4ac57ee37a29128e181b91e212139db1115d5aa3c2a33c57aae83c80c14
stage1c_geometry,303,11,L2,1012,13368823760123436341,cbd5a899c184961b1e4674c6d37bb0f94ebe2ddf268a3321f6c5e828e1b516a1
stage1c_geometry,303,11,L2,1013,11244135200662036166,4ad15d6f423bfb011d9b2efd7583b2ab2c8b8959500a6441a7c8574b26968ead
stage1c_geometry,303,11,L2,1014,8240915650042577431,93c73df1e6f4b3b2f91f92d396a154536ffdb1dfdbbc73dc338c060d3b9c93e3
stage1c_geometry,303,11,L2,1015,17938693334611452585,f76c13c818feb4f62c36ff9e1b6d60e18885dc51f5b1781ead0be07022b0bf34
stage1c_geometry,303,11,L2,1016,15190998302789313502,1669758fa81d04935ce99f2c92ff0f419cfc87f21c51c4d66e3f7ef4b88f9412
stage1c_geometry,303,11,L2,1017,15237905502377221486,166c6f753eafda2a3c334022bc61ce794246b36b0d4b289a3711bcf40be9c661
stage1c_geometry,303,11,L2,1018,9036161389138872010,04edf01cd7916b35223c8716db784ee5bb27c18060194d787933ed1373a19aac
stage1c_geometry,303,11,L2,1019,14948615719027812824,4437efe27a8dadb5dc2f57cb6e46d93e783d618a91c14652f76a9b8cdf82c4ac
stage1c_geometry,303,11,L2,1020,15113692525823785781,7a69ccdf5779b295de981f44f20dbaa8e33f2aff346b72dd6b47e01ad6cedc65
stage1c_geometry,303,11,L2,1021,165340533686529111,2d03d3b48a6a1e41147940c75d7c3dc9078a84015d5e70e03db96c03fb3128cc
stage1c_geometry,303,11,L2,1022,9941811515695601987,1fef49adc6fb78df94fee7f947b0bb66d4ee2a0bd59fb0949054decaf9359105
stage1c_geometry,303,11,L2,1023,3968496085409908001,ab7352fe2e228066919a7ae3409b6debb2eea021563e5e514d14a5092ac3a7f7
stage1c_geometry,303,11,L2,1024,11684519087777845140,9a878ac11e73550809a0365581f77767879ed9c5dc0d998d540d0711320b63fd
stage1c_geometry,303,11,L2,1025,9067155042609137838,7911633123e59bd98d9a7c80a171abf50158ba684aaf2839dcc8218170ac8e79
stage1c_geometry,303,11,L2,1026,16115759546216311411,609deccf6cdec773f490fa31ece636d00401c742a9fa265d4774abb2eb5fe1bb
stage1c_geometry,303,11,L2,1027,6042526762048251485,c8c42dc3bd715b1c95a0b077b6a2fb75931dd5e16ae3f1cae049d344514b8561
stage1c_geometry,303,11,L2,1028,11434060442419712194,b6a20c824260758683365094d1d476eb05af237ca5343c1176bf6c2450712848
stage1c_geometry,303,11,L2,1029,18178457330978613261,588522fbb0ffbf54a448d7f72d1cbdd6d9415caf95b7159de097251878aa4bab
stage1c_geometry,303,11,L2,1030,1499991050533297840,0540049e77c2e6fdf2009e00a41709bc37db5ee3740d39f77e4f81f594654f78
stage1c_geometry,303,22,L2,1001,3052990810783918542,e1c43382df774a228c4ced8c66e8cce2a6dd3a05158dc3fe3c9aff0ba640afde
stage1c_geometry,303,22,L2,1002,18248465096451782716,145087d4918e41db162da7ddc05919bfa1a787acb14bf4bf5287d5bfcde9d257
stage1c_geometry,303,22,L2,1003,10860385850985463071,10e4fa8a1b7a7d40ebfe535743d96ab39e5918445274f6e3d3be0b970d9114ad
stage1c_geometry,303,22,L2,1004,5839692671812652032,331247249a6e6f01c80b7550bc807a9a321e1e0ce09ab0f92f74ad4685be7d50
stage1c_geometry,303,22,L2,1005,13453243175731574424,6f4a71b1dea5d6f99e5857362fadb7c802bac6daf65e45070c8f4e3e83504721
stage1c_geometry,303,22,L2,1006,14057019425234178966,82b0342afef6a9bef2d8977182009bf37721aabd255d84d74e08b64ded48baa4
stage1c_geometry,303,22,L2,1007,1135800877645087833,0fda92994b86835e7f45082188761a3bf37c4c50cb1aadfba5120cc2573f40a5
stage1c_geometry,303,22,L2,1008,11090306389230350604,cd79cdc064a7381ae605414e84db054b7263f373aef19cd92c189add2393eb62
stage1c_geometry,303,22,L2,1009,5881863009543041992,cf948bbe1e555b85e8adb22658d049adaa0d41f9c80fdbee7fa330710a7dbc6e
stage1c_geometry,303,22,L2,1010,40399096339210650,01b82e51130960f30c104133993718e759e1bddf7413f12bce4f018adf8a2c33
stage1c_geometry,303,22,L2,1011,17347347127792248457,6fc20533f523ce97dc2eca9e3444f225244f060d64909bd6cea99caf8e3d9455
stage1c_geometry,303,22,L2,1012,15538892368654777447,f500cce8e0a5be63a115157e1d079361e981eda00a945d6fd2552b14282f0378
stage1c_geometry,303,22,L2,1013,15479250635824467253,fd9a71576e71c035894cf85d55700401f99f16d4445b219f49471a0d0ec42c84
stage1c_geometry,303,22,L2,1014,15616894153209671819,cb360ad96ccdc90653c6869e754d4004be0df517ee1f32740c941d0258134118
stage1c_geometry,303,22,L2,1015,7537389273292268667,2cb391075787f24bec2c8dc4673c1858a1e986bfdd3b17fd0057c87e9b17d6a2
stage1c_geometry,303,22,L2,1016,14908728813040253669,2a99222b49bad64436f2dd8974e42b5e288818fa6f37f90c76396ac17b587945
stage1c_geometry,303,22,L2,1017,13260020282375279369,80cac18798a5861e3e586a707184a43e536288f90b8fbf1759dda065bd3ae606
stage1c_geometry,303,22,L2,1018,4277180441535045812,097ab47435fe4d01e9aab2a9fba9d83ce52b26f9a3719c8617e070e76d9ee378
stage1c_geometry,303,22,L2,1019,15496518973281303163,9124a86c05f347356e7c740da41445381cc893e3d4d87d8aebbf1ed7212e6400
stage1c_geometry,303,22,L2,1020,11933161548392881836,6e20c5acf1b9570c3d188e62339af209aaef547896b3157a00185fa8ac13f3cf
stage1c_geometry,303,22,L2,1021,13442855955908179785,a55d3119396550acbf864e2a39ee9760df9ad25438ae5f5d02ef352d2df90e09
stage1c_geometry,303,22,L2,1022,10780336403032324511,67ac49735224ca9ad667095075bcc4dfb21f0bc2430a0285b79add73940904de
stage1c_geometry,303,22,L2,1023,16416547381820012719,4888ab73f831b5642ba4d5990f9eadba51c738381a38d1635747da0dd6155787
stage1c_geometry,303,22,L2,1024,2423140552482617365,c4a56f22695023d6591822d67dd8ee66ac4ce0f9653417871b8489210d9395d4
stage1c_geometry,303,22,L2,1025,14097796427887668927,bda68d363a4f8bda501a2c6fbdc80ed88453f49b2650d7129124ddc22cd9396d
stage1c_geometry,303,22,L2,1026,4557408497900582297,0a755c0fba05f815d67758e35e83cd9540cd5d998ade9601c252d13283b0c378
stage1c_geometry,303,22,L2,1027,18021861103608336425,c3859869795783f9e9c0bf9b3b4ca20306643be8584101454f72b17bb9e094b4
stage1c_geometry,303,22,L2,1028,9673706576093824844,c5cd7ca3df940e3122bc9758bd6233f84f317e95c76b8aaba6edb0e785b749b4
stage1c_geometry,303,22,L2,1029,7890237206771980617,9a91398fde7a2f16b565caafaa8a4ecbb99cf6d441fa3b7e5074fa5efd342f84
stage1c_geometry,303,22,L2,1030,5546487982612322084,62bddec535a09648d10e337341d7b0d7097702ffc9387ad0868558d56834bf4b
stage1c_geometry,303,11,L3,1001,15336854318701771442,15d6a32914dfa83712d3cfb14ebea05b25229e87f34357b6aafb57f5b5d5fa51
stage1c_geometry,303,11,L3,1002,2474454300039403445,e9a1000093149f46cc1b3da0a477f61937392b8beaca609025212f32412b977a
stage1c_geometry,303,11,L3,1003,17173233521315685009,d613ca955ed1ed7c13744c47f6ea04cb43ba5787458fead70a28c1d3c31908fa
stage1c_geometry,303,11,L3,1004,4375297404977759096,c0e58f9d7dbb8d22586bde39bf0c5cff98edc0ec22af7671e910ed6176154cb4
stage1c_geometry,303,11,L3,1005,7257349386307433003,45d633e7916bf2f0d3a1ec5585cd9935767662fc5a31516e7137af8104a8a05a
stage1c_geometry,303,11,L3,1006,9795181088482459483,8bbf1121d17f666c8a6d1cad24af28afdab448b4e2cb6390332c877f69e5a9e3
stage1c_geometry,303,11,L3,1007,2897328765755718516,931edd51028f13691ca1e87055fbcbf576c373c505a2d4ff3baceb4dc1c6cff0
stage1c_geometry,303,11,L3,1008,17827444342395648087,48ffebf302b00fb7854ce878ba5b93702987d418ffab7c0af20b02dc872fc493
stage1c_geometry,303,11,L3,1009,18113676861723025027,b112cc8e591cd738ba3a4df407e4bcfea6d6a1cec35dc73f4dd62e6aa239a198
stage1c_geometry,303,11,L3,1010,5352188374999452930,2ef714eb127ccd27a211e81c4530eac87df99d1631a9357977f65abe0f6e6717
stage1c_geometry,303,11,L3,1011,5637394740331915470,7e84b4ac57ee37a29128e181b91e212139db1115d5aa3c2a33c57aae83c80c14
stage1c_geometry,303,11,L3,1012,13368823760123436341,cbd5a899c184961b1e4674c6d37bb0f94ebe2ddf268a3321f6c5e828e1b516a1
stage1c_geometry,303,11,L3,1013,11244135200662036166,4ad15d6f423bfb011d9b2efd7583b2ab2c8b8959500a6441a7c8574b26968ead
stage1c_geometry,303,11,L3,1014,8240915650042577431,93c73df1e6f4b3b2f91f92d396a154536ffdb1dfdbbc73dc338c060d3b9c93e3
stage1c_geometry,303,11,L3,1015,17938693334611452585,f76c13c818feb4f62c36ff9e1b6d60e18885dc51f5b1781ead0be07022b0bf34
stage1c_geometry,303,11,L3,1016,15190998302789313502,1669758fa81d04935ce99f2c92ff0f419cfc87f21c51c4d66e3f7ef4b88f9412
stage1c_geometry,303,11,L3,1017,15237905502377221486,166c6f753eafda2a3c334022bc61ce794246b36b0d4b289a3711bcf40be9c661
stage1c_geometry,303,11,L3,1018,9036161389138872010,04edf01cd7916b35223c8716db784ee5bb27c18060194d787933ed1373a19aac
stage1c_geometry,303,11,L3,1019,14948615719027812824,4437efe27a8dadb5dc2f57cb6e46d93e783d618a91c14652f76a9b8cdf82c4ac
stage1c_geometry,303,11,L3,1020,15113692525823785781,7a69ccdf5779b295de981f44f20dbaa8e33f2aff346b72dd6b47e01ad6cedc65
stage1c_geometry,303,11,L3,1021,165340533686529111,2d03d3b48a6a1e41147940c75d7c3dc9078a84015d5e70e03db96c03fb3128cc
stage1c_geometry,303,11,L3,1022,9941811515695601987,1fef49adc6fb78df94fee7f947b0bb66d4ee2a0bd59fb0949054decaf9359105
stage1c_geometry,303,11,L3,1023,3968496085409908001,ab7352fe2e228066919a7ae3409b6debb2eea021563e5e514d14a5092ac3a7f7
stage1c_geometry,303,11,L3,1024,11684519087777845140,9a878ac11e73550809a0365581f77767879ed9c5dc0d998d540d0711320b63fd
stage1c_geometry,303,11,L3,1025,9067155042609137838,7911633123e59bd98d9a7c80a171abf50158ba684aaf2839dcc8218170ac8e79
stage1c_geometry,303,11,L3,1026,16115759546216311411,609deccf6cdec773f490fa31ece636d00401c742a9fa265d4774abb2eb5fe1bb
stage1c_geometry,303,11,L3,1027,6042526762048251485,c8c42dc3bd715b1c95a0b077b6a2fb75931dd5e16ae3f1cae049d344514b8561
stage1c_geometry,303,11,L3,1028,11434060442419712194,b6a20c824260758683365094d1d476eb05af237ca5343c1176bf6c2450712848
stage1c_geometry,303,11,L3,1029,18178457330978613261,588522fbb0ffbf54a448d7f72d1cbdd6d9415caf95b7159de097251878aa4bab
stage1c_geometry,303,11,L3,1030,1499991050533297840,0540049e77c2e6fdf2009e00a41709bc37db5ee3740d39f77e4f81f594654f78
stage1c_geometry,303,22,L3,1001,3052990810783918542,e1c43382df774a228c4ced8c66e8cce2a6dd3a05158dc3fe3c9aff0ba640afde
stage1c_geometry,303,22,L3,1002,18248465096451782716,145087d4918e41db162da7ddc05919bfa1a787acb14bf4bf5287d5bfcde9d257
stage1c_geometry,303,22,L3,1003,10860385850985463071,10e4fa8a1b7a7d40ebfe535743d96ab39e5918445274f6e3d3be0b970d9114ad
stage1c_geometry,303,22,L3,1004,5839692671812652032,331247249a6e6f01c80b7550bc807a9a321e1e0ce09ab0f92f74ad4685be7d50
stage1c_geometry,303,22,L3,1005,13453243175731574424,6f4a71b1dea5d6f99e5857362fadb7c802bac6daf65e45070c8f4e3e83504721
stage1c_geometry,303,22,L3,1006,14057019425234178966,82b0342afef6a9bef2d8977182009bf37721aabd255d84d74e08b64ded48baa4
stage1c_geometry,303,22,L3,1007,1135800877645087833,0fda92994b86835e7f45082188761a3bf37c4c50cb1aadfba5120cc2573f40a5
stage1c_geometry,303,22,L3,1008,11090306389230350604,cd79cdc064a7381ae605414e84db054b7263f373aef19cd92c189add2393eb62
stage1c_geometry,303,22,L3,1009,5881863009543041992,cf948bbe1e555b85e8adb22658d049adaa0d41f9c80fdbee7fa330710a7dbc6e
stage1c_geometry,303,22,L3,1010,40399096339210650,01b82e51130960f30c104133993718e759e1bddf7413f12bce4f018adf8a2c33
stage1c_geometry,303,22,L3,1011,17347347127792248457,6fc20533f523ce97dc2eca9e3444f225244f060d64909bd6cea99caf8e3d9455
stage1c_geometry,303,22,L3,1012,15538892368654777447,f500cce8e0a5be63a115157e1d079361e981eda00a945d6fd2552b14282f0378
stage1c_geometry,303,22,L3,1013,15479250635824467253,fd9a71576e71c035894cf85d55700401f99f16d4445b219f49471a0d0ec42c84
stage1c_geometry,303,22,L3,1014,15616894153209671819,cb360ad96ccdc90653c6869e754d4004be0df517ee1f32740c941d0258134118
stage1c_geometry,303,22,L3,1015,7537389273292268667,2cb391075787f24bec2c8dc4673c1858a1e986bfdd3b17fd0057c87e9b17d6a2
stage1c_geometry,303,22,L3,1016,14908728813040253669,2a99222b49bad64436f2dd8974e42b5e288818fa6f37f90c76396ac17b587945
stage1c_geometry,303,22,L3,1017,13260020282375279369,80cac18798a5861e3e586a707184a43e536288f90b8fbf1759dda065bd3ae606
stage1c_geometry,303,22,L3,1018,4277180441535045812,097ab47435fe4d01e9aab2a9fba9d83ce52b26f9a3719c8617e070e76d9ee378
stage1c_geometry,303,22,L3,1019,15496518973281303163,9124a86c05f347356e7c740da41445381cc893e3d4d87d8aebbf1ed7212e6400
stage1c_geometry,303,22,L3,1020,11933161548392881836,6e20c5acf1b9570c3d188e62339af209aaef547896b3157a00185fa8ac13f3cf
stage1c_geometry,303,22,L3,1021,13442855955908179785,a55d3119396550acbf864e2a39ee9760df9ad25438ae5f5d02ef352d2df90e09
stage1c_geometry,303,22,L3,1022,10780336403032324511,67ac49735224ca9ad667095075bcc4dfb21f0bc2430a0285b79add73940904de
stage1c_geometry,303,22,L3,1023,16416547381820012719,4888ab73f831b5642ba4d5990f9eadba51c738381a38d1635747da0dd6155787
stage1c_geometry,303,22,L3,1024,2423140552482617365,c4a56f22695023d6591822d67dd8ee66ac4ce0f9653417871b8489210d9395d4
stage1c_geometry,303,22,L3,1025,14097796427887668927,bda68d363a4f8bda501a2c6fbdc80ed88453f49b2650d7129124ddc22cd9396d
stage1c_geometry,303,22,L3,1026,4557408497900582297,0a755c0fba05f815d67758e35e83cd9540cd5d998ade9601c252d13283b0c378
stage1c_geometry,303,22,L3,1027,18021861103608336425,c3859869795783f9e9c0bf9b3b4ca20306643be8584101454f72b17bb9e094b4
stage1c_geometry,303,22,L3,1028,9673706576093824844,c5cd7ca3df940e3122bc9758bd6233f84f317e95c76b8aaba6edb0e785b749b4
stage1c_geometry,303,22,L3,1029,7890237206771980617,9a91398fde7a2f16b565caafaa8a4ecbb99cf6d441fa3b7e5074fa5efd342f84
stage1c_geometry,303,22,L3,1030,5546487982612322084,62bddec535a09648d10e337341d7b0d7097702ffc9387ad0868558d56834bf4b
stage1c_geometry,303,11,L4,1001,15336854318701771442,15d6a32914dfa83712d3cfb14ebea05b25229e87f34357b6aafb57f5b5d5fa51
stage1c_geometry,303,11,L4,1002,2474454300039403445,e9a1000093149f46cc1b3da0a477f61937392b8beaca609025212f32412b977a
stage1c_geometry,303,11,L4,1003,17173233521315685009,d613ca955ed1ed7c13744c47f6ea04cb43ba5787458fead70a28c1d3c31908fa
stage1c_geometry,303,11,L4,1004,4375297404977759096,c0e58f9d7dbb8d22586bde39bf0c5cff98edc0ec22af7671e910ed6176154cb4
stage1c_geometry,303,11,L4,1005,7257349386307433003,45d633e7916bf2f0d3a1ec5585cd9935767662fc5a31516e7137af8104a8a05a
stage1c_geometry,303,11,L4,1006,9795181088482459483,8bbf1121d17f666c8a6d1cad24af28afdab448b4e2cb6390332c877f69e5a9e3
stage1c_geometry,303,11,L4,1007,2897328765755718516,931edd51028f13691ca1e87055fbcbf576c373c505a2d4ff3baceb4dc1c6cff0
stage1c_geometry,303,11,L4,1008,17827444342395648087,48ffebf302b00fb7854ce878ba5b93702987d418ffab7c0af20b02dc872fc493
stage1c_geometry,303,11,L4,1009,18113676861723025027,b112cc8e591cd738ba3a4df407e4bcfea6d6a1cec35dc73f4dd62e6aa239a198
stage1c_geometry,303,11,L4,1010,5352188374999452930,2ef714eb127ccd27a211e81c4530eac87df99d1631a9357977f65abe0f6e6717
stage1c_geometry,303,11,L4,1011,5637394740331915470,7e84b4ac57ee37a29128e181b91e212139db1115d5aa3c2a33c57aae83c80c14
stage1c_geometry,303,11,L4,1012,13368823760123436341,cbd5a899c184961b1e4674c6d37bb0f94ebe2ddf268a3321f6c5e828e1b516a1
stage1c_geometry,303,11,L4,1013,11244135200662036166,4ad15d6f423bfb011d9b2efd7583b2ab2c8b8959500a6441a7c8574b26968ead
stage1c_geometry,303,11,L4,1014,8240915650042577431,93c73df1e6f4b3b2f91f92d396a154536ffdb1dfdbbc73dc338c060d3b9c93e3
stage1c_geometry,303,11,L4,1015,17938693334611452585,f76c13c818feb4f62c36ff9e1b6d60e18885dc51f5b1781ead0be07022b0bf34
stage1c_geometry,303,11,L4,1016,15190998302789313502,1669758fa81d04935ce99f2c92ff0f419cfc87f21c51c4d66e3f7ef4b88f9412
stage1c_geometry,303,11,L4,1017,15237905502377221486,166c6f753eafda2a3c334022bc61ce794246b36b0d4b289a3711bcf40be9c661
stage1c_geometry,303,11,L4,1018,9036161389138872010,04edf01cd7916b35223c8716db784ee5bb27c18060194d787933ed1373a19aac
stage1c_geometry,303,11,L4,1019,14948615719027812824,4437efe27a8dadb5dc2f57cb6e46d93e783d618a91c14652f76a9b8cdf82c4ac
stage1c_geometry,303,11,L4,1020,15113692525823785781,7a69ccdf5779b295de981f44f20dbaa8e33f2aff346b72dd6b47e01ad6cedc65
stage1c_geometry,303,11,L4,1021,165340533686529111,2d03d3b48a6a1e41147940c75d7c3dc9078a84015d5e70e03db96c03fb3128cc
stage1c_geometry,303,11,L4,1022,9941811515695601987,1fef49adc6fb78df94fee7f947b0bb66d4ee2a0bd59fb0949054decaf9359105
stage1c_geometry,303,11,L4,1023,3968496085409908001,ab7352fe2e228066919a7ae3409b6debb2eea021563e5e514d14a5092ac3a7f7
stage1c_geometry,303,11,L4,1024,11684519087777845140,9a878ac11e73550809a0365581f77767879ed9c5dc0d998d540d0711320b63fd
stage1c_geometry,303,11,L4,1025,9067155042609137838,7911633123e59bd98d9a7c80a171abf50158ba684aaf2839dcc8218170ac8e79
stage1c_geometry,303,11,L4,1026,16115759546216311411,609deccf6cdec773f490fa31ece636d00401c742a9fa265d4774abb2eb5fe1bb
stage1c_geometry,303,11,L4,1027,6042526762048251485,c8c42dc3bd715b1c95a0b077b6a2fb75931dd5e16ae3f1cae049d344514b8561
stage1c_geometry,303,11,L4,1028,11434060442419712194,b6a20c824260758683365094d1d476eb05af237ca5343c1176bf6c2450712848
stage1c_geometry,303,11,L4,1029,18178457330978613261,588522fbb0ffbf54a448d7f72d1cbdd6d9415caf95b7159de097251878aa4bab
stage1c_geometry,303,11,L4,1030,1499991050533297840,0540049e77c2e6fdf2009e00a41709bc37db5ee3740d39f77e4f81f594654f78
stage1c_geometry,303,22,L4,1001,3052990810783918542,e1c43382df774a228c4ced8c66e8cce2a6dd3a05158dc3fe3c9aff0ba640afde
stage1c_geometry,303,22,L4,1002,18248465096451782716,145087d4918e41db162da7ddc05919bfa1a787acb14bf4bf5287d5bfcde9d257
stage1c_geometry,303,22,L4,1003,10860385850985463071,10e4fa8a1b7a7d40ebfe535743d96ab39e5918445274f6e3d3be0b970d9114ad
stage1c_geometry,303,22,L4,1004,5839692671812652032,331247249a6e6f01c80b7550bc807a9a321e1e0ce09ab0f92f74ad4685be7d50
stage1c_geometry,303,22,L4,1005,13453243175731574424,6f4a71b1dea5d6f99e5857362fadb7c802bac6daf65e45070c8f4e3e83504721
stage1c_geometry,303,22,L4,1006,14057019425234178966,82b0342afef6a9bef2d8977182009bf37721aabd255d84d74e08b64ded48baa4
stage1c_geometry,303,22,L4,1007,1135800877645087833,0fda92994b86835e7f45082188761a3bf37c4c50cb1aadfba5120cc2573f40a5
stage1c_geometry,303,22,L4,1008,11090306389230350604,cd79cdc064a7381ae605414e84db054b7263f373aef19cd92c189add2393eb62
stage1c_geometry,303,22,L4,1009,5881863009543041992,cf948bbe1e555b85e8adb22658d049adaa0d41f9c80fdbee7fa330710a7dbc6e
stage1c_geometry,303,22,L4,1010,40399096339210650,01b82e51130960f30c104133993718e759e1bddf7413f12bce4f018adf8a2c33
stage1c_geometry,303,22,L4,1011,17347347127792248457,6fc20533f523ce97dc2eca9e3444f225244f060d64909bd6cea99caf8e3d9455
stage1c_geometry,303,22,L4,1012,15538892368654777447,f500cce8e0a5be63a115157e1d079361e981eda00a945d6fd2552b14282f0378
stage1c_geometry,303,22,L4,1013,15479250635824467253,fd9a71576e71c035894cf85d55700401f99f16d4445b219f49471a0d0ec42c84
stage1c_geometry,303,22,L4,1014,15616894153209671819,cb360ad96ccdc90653c6869e754d4004be0df517ee1f32740c941d0258134118
stage1c_geometry,303,22,L4,1015,7537389273292268667,2cb391075787f24bec2c8dc4673c1858a1e986bfdd3b17fd0057c87e9b17d6a2
stage1c_geometry,303,22,L4,1016,14908728813040253669,2a99222b49bad64436f2dd8974e42b5e288818fa6f37f90c76396ac17b587945
stage1c_geometry,303,22,L4,1017,13260020282375279369,80cac18798a5861e3e586a707184a43e536288f90b8fbf1759dda065bd3ae606
stage1c_geometry,303,22,L4,1018,4277180441535045812,097ab47435fe4d01e9aab2a9fba9d83ce52b26f9a3719c8617e070e76d9ee378
stage1c_geometry,303,22,L4,1019,15496518973281303163,9124a86c05f347356e7c740da41445381cc893e3d4d87d8aebbf1ed7212e6400
stage1c_geometry,303,22,L4,1020,11933161548392881836,6e20c5acf1b9570c3d188e62339af209aaef547896b3157a00185fa8ac13f3cf
stage1c_geometry,303,22,L4,1021,13442855955908179785,a55d3119396550acbf864e2a39ee9760df9ad25438ae5f5d02ef352d2df90e09
stage1c_geometry,303,22,L4,1022,10780336403032324511,67ac49735224ca9ad667095075bcc4dfb21f0bc2430a0285b79add73940904de
stage1c_geometry,303,22,L4,1023,16416547381820012719,4888ab73f831b5642ba4d5990f9eadba51c738381a38d1635747da0dd6155787
stage1c_geometry,303,22,L4,1024,2423140552482617365,c4a56f22695023d6591822d67dd8ee66ac4ce0f9653417871b8489210d9395d4
stage1c_geometry,303,22,L4,1025,14097796427887668927,bda68d363a4f8bda501a2c6fbdc80ed88453f49b2650d7129124ddc22cd9396d
stage1c_geometry,303,22,L4,1026,4557408497900582297,0a755c0fba05f815d67758e35e83cd9540cd5d998ade9601c252d13283b0c378
stage1c_geometry,303,22,L4,1027,18021861103608336425,c3859869795783f9e9c0bf9b3b4ca20306643be8584101454f72b17bb9e094b4
stage1c_geometry,303,22,L4,1028,9673706576093824844,c5cd7ca3df940e3122bc9758bd6233f84f317e95c76b8aaba6edb0e785b749b4
stage1c_geometry,303,22,L4,1029,7890237206771980617,9a91398fde7a2f16b565caafaa8a4ecbb99cf6d441fa3b7e5074fa5efd342f84
stage1c_geometry,303,22,L4,1030,5546487982612322084,62bddec535a09648d10e337341d7b0d7097702ffc9387ad0868558d56834bf4b
stage1c_observation,303,11,O1,1001,7923858165885219026,c71440f157dc5326348826c6a761431492b4eab4021ba5f578566c2c2e475aa4
stage1c_observation,303,11,O1,1002,11116360384205627186,75db749495726fc1e1bdb9c12fdc91cfa44c68b0bc869cccf5ace067f41f83a5
stage1c_observation,303,11,O1,1003,13928088920102030722,675f14b17dcbf92e5de51cfa236f65e8ca37a868441fbfc9abb81e75bfabc2f5
stage1c_observation,303,11,O1,1004,12377273274798701494,98f4f0cdafdda08f0388d9efb719eb9fa2036067e4d3167079a5d10dc596aae9
stage1c_observation,303,11,O1,1005,7570002137745557363,d43712fcb7dbb2c679b643557649642a1011f5fd054f86cc82202428702050c5
stage1c_observation,303,11,O1,1006,7964241455998450917,5633f523b53fbeb4c16a0ef2e49abc065e4302cc2a282860af43830325ddda1a
stage1c_observation,303,11,O1,1007,17116764483560100256,b6cabdc27f80df574240f290d6747f3cbb5bbb4c2654bd6e2ef19fca0a4165e9
stage1c_observation,303,11,O1,1008,1651274272614089381,dfa11da75c1a04bf7b39c34a16101a2537cfc5e7376e91735885c0e72baec319
stage1c_observation,303,11,O1,1009,540668853260574251,2754e3f52d1748c917d41f4c3e756cb37b3f4bb16a414fe1b8ee5c2aab9eb4ef
stage1c_observation,303,11,O1,1010,1239010270748035753,64fed3dc5fbd147ad6f22c757f454fe397a395def23b88020ef33ed33292c38c
stage1c_observation,303,11,O1,1011,582355139489991655,c9312c5e973c3946df9968d8b2ccad9f6a3cc966fdb7a23cbf57ae7a5829fdd1
stage1c_observation,303,11,O1,1012,8602153738048816680,62c309443af8c4bd3e8ddf26b174975d5a343d8e759e0f4d368fd35b190dfbd9
stage1c_observation,303,11,O1,1013,1604196207251020381,4983b09f91bab4c84161f26fe593dc32d55bb86fc18636082ceedfda9fe00301
stage1c_observation,303,11,O1,1014,11608543107120058639,345f85df4864e6cadb641564c4f67709cee0ce2794d9db07ab133e1c30e5912c
stage1c_observation,303,11,O1,1015,9534285337823941263,b677a000b3a6bc698915f5d6e3099b7f777a79762cc4e36d17066f7b97d0fe14
stage1c_observation,303,11,O1,1016,8521699124567648446,77f503acff29948fbf53cdb2139d040cfd4c68fde4d7f14fedfb987ed433bf03
stage1c_observation,303,11,O1,1017,11111992019026709261,53f30bf7714f9eb8c7a0673776e0bb968dcf26a2b15f06df4455c6705a7e2313
stage1c_observation,303,11,O1,1018,11235573161939674307,2d40658a40e4a414a1943748d75eb2f22225cbfd466f5472b551b4806291bb53
stage1c_observation,303,11,O1,1019,3858610335418719844,e6808b1c9cace1e7c8d1b6b1122f25c5816cb2b32e699c9b7c8875b31f6d2cb0
stage1c_observation,303,11,O1,1020,6676307883630666522,35885c79d1fd7d183f2e3b6e4389692691521d1d9e920c73af96055e2dc2a749
stage1c_observation,303,11,O1,1021,13326953694546333676,c012205617ce20aefc2bb32d023c70a07cb74ad27c8f5983035dd62fe7df9fd5
stage1c_observation,303,11,O1,1022,2528661919654275468,b358b127b59c14cb85f9763fddf3b5665b664b0790b9b86b0446e1b33346de83
stage1c_observation,303,11,O1,1023,544166383647292581,826623e3ad306ede19444462732e946c476c213ccab36c200da50b38079edbb1
stage1c_observation,303,11,O1,1024,16469662639844178155,045b184d7c05af8ef3c80951e1aa11eaeb8dd8442e3242641879fb7a01b4bacc
stage1c_observation,303,11,O1,1025,4372761600530092081,0b3e3f9eb0186e696e603687bb4622884bbd15e5e991dfefadb047e4cbc9b055
stage1c_observation,303,11,O1,1026,11203005919606937407,369c2fd7a87219d0ddca41ecc7975eaab517f6962808a1b46dd90bf52e335cb0
stage1c_observation,303,11,O1,1027,5945154825276548876,28828078a4e8a50315408a0d85edee8c3f774ad1246fac8868ae7ab6edfd1435
stage1c_observation,303,11,O1,1028,15456125022020096393,c50737875b85a612352fb7fe02ec38835ffe40643cef3aa5a676b2ddbf0c44c2
stage1c_observation,303,11,O1,1029,1974644543713230335,9a5e11b3d4354bbfd2b870d0488e7573a47eb4b77ab01489b7d4c92d9d043445
stage1c_observation,303,11,O1,1030,16627963461312572170,d8602f59bce8df097c234ff086f79422bceb6b0fd6d620a00675b2ecfc35811d
stage1c_observation,303,22,O1,1001,17548163561817846662,7e5c06c386c463efa912b62303017dc46aa25817da4713b5da656f07989a0a88
stage1c_observation,303,22,O1,1002,2482611035444642162,4abf39f644964c78707f27e9fd695d36cc26de24487dbea9675514442d05d051
stage1c_observation,303,22,O1,1003,17451248858709484127,2ca84568a5edde91b78cdc565dcdf4099d894866e367100e12c8757eec8faaaa
stage1c_observation,303,22,O1,1004,8776360727697628829,56b9ca7f7bc0e91e9624e0e8c8b9182a6eb229286c8894ca8be9d875c8e3ccc3
stage1c_observation,303,22,O1,1005,3171749207197201742,950b4ef2b6e7e3a74091c1e55a9148a7d3e859c2bacde63ac131af72c5865dde
stage1c_observation,303,22,O1,1006,2071725217306418700,53a2599e4aae69359a0e51cbda35c8a2e257ffe2436c98fa75f82e53a11faf39
stage1c_observation,303,22,O1,1007,4761017560176274163,bf88fe65a6a4f8903a4b0628cd529ca55adb1595669256594ea4c37a404fca44
stage1c_observation,303,22,O1,1008,9254856907138140246,a68c7112f2f99f8e386db59ca5320998157226f55f390202018e81daf246bf29
stage1c_observation,303,22,O1,1009,15179798311865128058,1dd924272ac9cffd5313310436e64d35e5ffe1d58ad260eac4c9e496bc9322fc
stage1c_observation,303,22,O1,1010,18421280608234329125,6d6036e4bfbac27ca63c523308f11430b07da77150b2477a939f0e8da50b83d9
stage1c_observation,303,22,O1,1011,16331796857675256656,1c67f7999974a78b8efd10bd5961852158f74077d0ac09308d7392f0096b0dd0
stage1c_observation,303,22,O1,1012,8297030861260477018,f1f6b212e0541c1ba85dd4fcef0fc940334c7ce29874c447d8cf42b5ccb1fe7c
stage1c_observation,303,22,O1,1013,9492660052898506021,c13df3e7df77d635e1a7ce90da055dd1594fb2598cb30141ed336ef66a1fb800
stage1c_observation,303,22,O1,1014,17685041516782762373,bc298b50395b6284af6f066cf72465b2ccb7ef36b3af56ff10a1b49891017fa2
stage1c_observation,303,22,O1,1015,8428146202911016236,b9fed7ae9265c196e87bb99be1889391e75d413a613ac47dbbe8f987f6cffd73
stage1c_observation,303,22,O1,1016,5469886151216583700,8094ae66cce7c4d8f36b9019cc76f359a6f8b616c3410307415670e48c3042af
stage1c_observation,303,22,O1,1017,15124707892363539862,f54d8132542c1585099d1fda89894f11cb2499a4be80f82dd383d1412cbbd9cf
stage1c_observation,303,22,O1,1018,12562177865703970151,e4441b63321b23722a3e9d7275bd6d6cb7583252873863bd72d48470ccca1c0d
stage1c_observation,303,22,O1,1019,413367999546787773,bea1cd2e32ab604f1dc87ec0cd98cfca58135f0897453585ae59d7075d8d8edb
stage1c_observation,303,22,O1,1020,16981254334032000335,f87553a21e39bf5add74e0d5657c1be80ae987db82621eef888566b12e8748b6
stage1c_observation,303,22,O1,1021,3844986408453939225,84799f4ef986fe0c18c493ee72a96a8f8af1d46a0abe80a27dbaa0782f351a32
stage1c_observation,303,22,O1,1022,12412884046336970057,e7dc5522a441725b0edbdf621f775d0ba9cea14ace7221559d8a51fdb43abd4e
stage1c_observation,303,22,O1,1023,17582037524723559398,aa591dbef83d5ac32b347f7a730f7d1c317d4a04953377591ce52341d4e76e70
stage1c_observation,303,22,O1,1024,12899016828076843614,d4d9413d0d194852639e0fba657b6039959fd79df21bb4446f2d1934bfe6ad2f
stage1c_observation,303,22,O1,1025,6936794820048218002,feb367ea15cb842ff6a077a490d63884833de7406590aacc5099502fb584a070
stage1c_observation,303,22,O1,1026,11815334857761755613,0bd14f16f86d783b1d6a74268293200b459113bbbf5af03a52aab3f2db0bb24c
stage1c_observation,303,22,O1,1027,5672514226378168498,b364915349ec02fcce662ef8f07c208cd5c1d58b16cb049d56424a87db9be59b
stage1c_observation,303,22,O1,1028,8208087376010855003,5252901a070cfb198a3ae638b674a7070d5e4371dae55526fdc0a8c249715d88
stage1c_observation,303,22,O1,1029,14100760437275745161,2cb4c7d25033bac9ea2d82b53c753b1eed18f366e2ece9c494128961890c809e
stage1c_observation,303,22,O1,1030,5951189996363886433,04d755af57779798e9a35e688dd8fd0baad8fb286a853e6e907787ccdc0eb48d
stage1c_observation,303,11,O2,1001,7923858165885219026,c71440f157dc5326348826c6a761431492b4eab4021ba5f578566c2c2e475aa4
stage1c_observation,303,11,O2,1002,11116360384205627186,75db749495726fc1e1bdb9c12fdc91cfa44c68b0bc869cccf5ace067f41f83a5
stage1c_observation,303,11,O2,1003,13928088920102030722,675f14b17dcbf92e5de51cfa236f65e8ca37a868441fbfc9abb81e75bfabc2f5
stage1c_observation,303,11,O2,1004,12377273274798701494,98f4f0cdafdda08f0388d9efb719eb9fa2036067e4d3167079a5d10dc596aae9
stage1c_observation,303,11,O2,1005,7570002137745557363,d43712fcb7dbb2c679b643557649642a1011f5fd054f86cc82202428702050c5
stage1c_observation,303,11,O2,1006,7964241455998450917,5633f523b53fbeb4c16a0ef2e49abc065e4302cc2a282860af43830325ddda1a
stage1c_observation,303,11,O2,1007,17116764483560100256,b6cabdc27f80df574240f290d6747f3cbb5bbb4c2654bd6e2ef19fca0a4165e9
stage1c_observation,303,11,O2,1008,1651274272614089381,dfa11da75c1a04bf7b39c34a16101a2537cfc5e7376e91735885c0e72baec319
stage1c_observation,303,11,O2,1009,540668853260574251,2754e3f52d1748c917d41f4c3e756cb37b3f4bb16a414fe1b8ee5c2aab9eb4ef
stage1c_observation,303,11,O2,1010,1239010270748035753,64fed3dc5fbd147ad6f22c757f454fe397a395def23b88020ef33ed33292c38c
stage1c_observation,303,11,O2,1011,582355139489991655,c9312c5e973c3946df9968d8b2ccad9f6a3cc966fdb7a23cbf57ae7a5829fdd1
stage1c_observation,303,11,O2,1012,8602153738048816680,62c309443af8c4bd3e8ddf26b174975d5a343d8e759e0f4d368fd35b190dfbd9
stage1c_observation,303,11,O2,1013,1604196207251020381,4983b09f91bab4c84161f26fe593dc32d55bb86fc18636082ceedfda9fe00301
stage1c_observation,303,11,O2,1014,11608543107120058639,345f85df4864e6cadb641564c4f67709cee0ce2794d9db07ab133e1c30e5912c
stage1c_observation,303,11,O2,1015,9534285337823941263,b677a000b3a6bc698915f5d6e3099b7f777a79762cc4e36d17066f7b97d0fe14
stage1c_observation,303,11,O2,1016,8521699124567648446,77f503acff29948fbf53cdb2139d040cfd4c68fde4d7f14fedfb987ed433bf03
stage1c_observation,303,11,O2,1017,11111992019026709261,53f30bf7714f9eb8c7a0673776e0bb968dcf26a2b15f06df4455c6705a7e2313
stage1c_observation,303,11,O2,1018,11235573161939674307,2d40658a40e4a414a1943748d75eb2f22225cbfd466f5472b551b4806291bb53
stage1c_observation,303,11,O2,1019,3858610335418719844,e6808b1c9cace1e7c8d1b6b1122f25c5816cb2b32e699c9b7c8875b31f6d2cb0
stage1c_observation,303,11,O2,1020,6676307883630666522,35885c79d1fd7d183f2e3b6e4389692691521d1d9e920c73af96055e2dc2a749
stage1c_observation,303,11,O2,1021,13326953694546333676,c012205617ce20aefc2bb32d023c70a07cb74ad27c8f5983035dd62fe7df9fd5
stage1c_observation,303,11,O2,1022,2528661919654275468,b358b127b59c14cb85f9763fddf3b5665b664b0790b9b86b0446e1b33346de83
stage1c_observation,303,11,O2,1023,544166383647292581,826623e3ad306ede19444462732e946c476c213ccab36c200da50b38079edbb1
stage1c_observation,303,11,O2,1024,16469662639844178155,045b184d7c05af8ef3c80951e1aa11eaeb8dd8442e3242641879fb7a01b4bacc
stage1c_observation,303,11,O2,1025,4372761600530092081,0b3e3f9eb0186e696e603687bb4622884bbd15e5e991dfefadb047e4cbc9b055
stage1c_observation,303,11,O2,1026,11203005919606937407,369c2fd7a87219d0ddca41ecc7975eaab517f6962808a1b46dd90bf52e335cb0
stage1c_observation,303,11,O2,1027,5945154825276548876,28828078a4e8a50315408a0d85edee8c3f774ad1246fac8868ae7ab6edfd1435
stage1c_observation,303,11,O2,1028,15456125022020096393,c50737875b85a612352fb7fe02ec38835ffe40643cef3aa5a676b2ddbf0c44c2
stage1c_observation,303,11,O2,1029,1974644543713230335,9a5e11b3d4354bbfd2b870d0488e7573a47eb4b77ab01489b7d4c92d9d043445
stage1c_observation,303,11,O2,1030,16627963461312572170,d8602f59bce8df097c234ff086f79422bceb6b0fd6d620a00675b2ecfc35811d
stage1c_observation,303,22,O2,1001,17548163561817846662,7e5c06c386c463efa912b62303017dc46aa25817da4713b5da656f07989a0a88
stage1c_observation,303,22,O2,1002,2482611035444642162,4abf39f644964c78707f27e9fd695d36cc26de24487dbea9675514442d05d051
stage1c_observation,303,22,O2,1003,17451248858709484127,2ca84568a5edde91b78cdc565dcdf4099d894866e367100e12c8757eec8faaaa
stage1c_observation,303,22,O2,1004,8776360727697628829,56b9ca7f7bc0e91e9624e0e8c8b9182a6eb229286c8894ca8be9d875c8e3ccc3
stage1c_observation,303,22,O2,1005,3171749207197201742,950b4ef2b6e7e3a74091c1e55a9148a7d3e859c2bacde63ac131af72c5865dde
stage1c_observation,303,22,O2,1006,2071725217306418700,53a2599e4aae69359a0e51cbda35c8a2e257ffe2436c98fa75f82e53a11faf39
stage1c_observation,303,22,O2,1007,4761017560176274163,bf88fe65a6a4f8903a4b0628cd529ca55adb1595669256594ea4c37a404fca44
stage1c_observation,303,22,O2,1008,9254856907138140246,a68c7112f2f99f8e386db59ca5320998157226f55f390202018e81daf246bf29
stage1c_observation,303,22,O2,1009,15179798311865128058,1dd924272ac9cffd5313310436e64d35e5ffe1d58ad260eac4c9e496bc9322fc
stage1c_observation,303,22,O2,1010,18421280608234329125,6d6036e4bfbac27ca63c523308f11430b07da77150b2477a939f0e8da50b83d9
stage1c_observation,303,22,O2,1011,16331796857675256656,1c67f7999974a78b8efd10bd5961852158f74077d0ac09308d7392f0096b0dd0
stage1c_observation,303,22,O2,1012,8297030861260477018,f1f6b212e0541c1ba85dd4fcef0fc940334c7ce29874c447d8cf42b5ccb1fe7c
stage1c_observation,303,22,O2,1013,9492660052898506021,c13df3e7df77d635e1a7ce90da055dd1594fb2598cb30141ed336ef66a1fb800
stage1c_observation,303,22,O2,1014,17685041516782762373,bc298b50395b6284af6f066cf72465b2ccb7ef36b3af56ff10a1b49891017fa2
stage1c_observation,303,22,O2,1015,8428146202911016236,b9fed7ae9265c196e87bb99be1889391e75d413a613ac47dbbe8f987f6cffd73
stage1c_observation,303,22,O2,1016,5469886151216583700,8094ae66cce7c4d8f36b9019cc76f359a6f8b616c3410307415670e48c3042af
stage1c_observation,303,22,O2,1017,15124707892363539862,f54d8132542c1585099d1fda89894f11cb2499a4be80f82dd383d1412cbbd9cf
stage1c_observation,303,22,O2,1018,12562177865703970151,e4441b63321b23722a3e9d7275bd6d6cb7583252873863bd72d48470ccca1c0d
stage1c_observation,303,22,O2,1019,413367999546787773,bea1cd2e32ab604f1dc87ec0cd98cfca58135f0897453585ae59d7075d8d8edb
stage1c_observation,303,22,O2,1020,16981254334032000335,f87553a21e39bf5add74e0d5657c1be80ae987db82621eef888566b12e8748b6
stage1c_observation,303,22,O2,1021,3844986408453939225,84799f4ef986fe0c18c493ee72a96a8f8af1d46a0abe80a27dbaa0782f351a32
stage1c_observation,303,22,O2,1022,12412884046336970057,e7dc5522a441725b0edbdf621f775d0ba9cea14ace7221559d8a51fdb43abd4e
stage1c_observation,303,22,O2,1023,17582037524723559398,aa591dbef83d5ac32b347f7a730f7d1c317d4a04953377591ce52341d4e76e70
stage1c_observation,303,22,O2,1024,12899016828076843614,d4d9413d0d194852639e0fba657b6039959fd79df21bb4446f2d1934bfe6ad2f
stage1c_observation,303,22,O2,1025,6936794820048218002,feb367ea15cb842ff6a077a490d63884833de7406590aacc5099502fb584a070
stage1c_observation,303,22,O2,1026,11815334857761755613,0bd14f16f86d783b1d6a74268293200b459113bbbf5af03a52aab3f2db0bb24c
stage1c_observation,303,22,O2,1027,5672514226378168498,b364915349ec02fcce662ef8f07c208cd5c1d58b16cb049d56424a87db9be59b
stage1c_observation,303,22,O2,1028,8208087376010855003,5252901a070cfb198a3ae638b674a7070d5e4371dae55526fdc0a8c249715d88
stage1c_observation,303,22,O2,1029,14100760437275745161,2cb4c7d25033bac9ea2d82b53c753b1eed18f366e2ece9c494128961890c809e
stage1c_observation,303,22,O2,1030,5951189996363886433,04d755af57779798e9a35e688dd8fd0baad8fb286a853e6e907787ccdc0eb48d
stage1c_observation,303,11,O3,1001,7923858165885219026,c71440f157dc5326348826c6a761431492b4eab4021ba5f578566c2c2e475aa4
stage1c_observation,303,11,O3,1002,11116360384205627186,75db749495726fc1e1bdb9c12fdc91cfa44c68b0bc869cccf5ace067f41f83a5
stage1c_observation,303,11,O3,1003,13928088920102030722,675f14b17dcbf92e5de51cfa236f65e8ca37a868441fbfc9abb81e75bfabc2f5
stage1c_observation,303,11,O3,1004,12377273274798701494,98f4f0cdafdda08f0388d9efb719eb9fa2036067e4d3167079a5d10dc596aae9
stage1c_observation,303,11,O3,1005,7570002137745557363,d43712fcb7dbb2c679b643557649642a1011f5fd054f86cc82202428702050c5
stage1c_observation,303,11,O3,1006,7964241455998450917,5633f523b53fbeb4c16a0ef2e49abc065e4302cc2a282860af43830325ddda1a
stage1c_observation,303,11,O3,1007,17116764483560100256,b6cabdc27f80df574240f290d6747f3cbb5bbb4c2654bd6e2ef19fca0a4165e9
stage1c_observation,303,11,O3,1008,1651274272614089381,dfa11da75c1a04bf7b39c34a16101a2537cfc5e7376e91735885c0e72baec319
stage1c_observation,303,11,O3,1009,540668853260574251,2754e3f52d1748c917d41f4c3e756cb37b3f4bb16a414fe1b8ee5c2aab9eb4ef
stage1c_observation,303,11,O3,1010,1239010270748035753,64fed3dc5fbd147ad6f22c757f454fe397a395def23b88020ef33ed33292c38c
stage1c_observation,303,11,O3,1011,582355139489991655,c9312c5e973c3946df9968d8b2ccad9f6a3cc966fdb7a23cbf57ae7a5829fdd1
stage1c_observation,303,11,O3,1012,8602153738048816680,62c309443af8c4bd3e8ddf26b174975d5a343d8e759e0f4d368fd35b190dfbd9
stage1c_observation,303,11,O3,1013,1604196207251020381,4983b09f91bab4c84161f26fe593dc32d55bb86fc18636082ceedfda9fe00301
stage1c_observation,303,11,O3,1014,11608543107120058639,345f85df4864e6cadb641564c4f67709cee0ce2794d9db07ab133e1c30e5912c
stage1c_observation,303,11,O3,1015,9534285337823941263,b677a000b3a6bc698915f5d6e3099b7f777a79762cc4e36d17066f7b97d0fe14
stage1c_observation,303,11,O3,1016,8521699124567648446,77f503acff29948fbf53cdb2139d040cfd4c68fde4d7f14fedfb987ed433bf03
stage1c_observation,303,11,O3,1017,11111992019026709261,53f30bf7714f9eb8c7a0673776e0bb968dcf26a2b15f06df4455c6705a7e2313
stage1c_observation,303,11,O3,1018,11235573161939674307,2d40658a40e4a414a1943748d75eb2f22225cbfd466f5472b551b4806291bb53
stage1c_observation,303,11,O3,1019,3858610335418719844,e6808b1c9cace1e7c8d1b6b1122f25c5816cb2b32e699c9b7c8875b31f6d2cb0
stage1c_observation,303,11,O3,1020,6676307883630666522,35885c79d1fd7d183f2e3b6e4389692691521d1d9e920c73af96055e2dc2a749
stage1c_observation,303,11,O3,1021,13326953694546333676,c012205617ce20aefc2bb32d023c70a07cb74ad27c8f5983035dd62fe7df9fd5
stage1c_observation,303,11,O3,1022,2528661919654275468,b358b127b59c14cb85f9763fddf3b5665b664b0790b9b86b0446e1b33346de83
stage1c_observation,303,11,O3,1023,544166383647292581,826623e3ad306ede19444462732e946c476c213ccab36c200da50b38079edbb1
stage1c_observation,303,11,O3,1024,16469662639844178155,045b184d7c05af8ef3c80951e1aa11eaeb8dd8442e3242641879fb7a01b4bacc
stage1c_observation,303,11,O3,1025,4372761600530092081,0b3e3f9eb0186e696e603687bb4622884bbd15e5e991dfefadb047e4cbc9b055
stage1c_observation,303,11,O3,1026,11203005919606937407,369c2fd7a87219d0ddca41ecc7975eaab517f6962808a1b46dd90bf52e335cb0
stage1c_observation,303,11,O3,1027,5945154825276548876,28828078a4e8a50315408a0d85edee8c3f774ad1246fac8868ae7ab6edfd1435
stage1c_observation,303,11,O3,1028,15456125022020096393,c50737875b85a612352fb7fe02ec38835ffe40643cef3aa5a676b2ddbf0c44c2
stage1c_observation,303,11,O3,1029,1974644543713230335,9a5e11b3d4354bbfd2b870d0488e7573a47eb4b77ab01489b7d4c92d9d043445
stage1c_observation,303,11,O3,1030,16627963461312572170,d8602f59bce8df097c234ff086f79422bceb6b0fd6d620a00675b2ecfc35811d
stage1c_observation,303,22,O3,1001,17548163561817846662,7e5c06c386c463efa912b62303017dc46aa25817da4713b5da656f07989a0a88
stage1c_observation,303,22,O3,1002,2482611035444642162,4abf39f644964c78707f27e9fd695d36cc26de24487dbea9675514442d05d051
stage1c_observation,303,22,O3,1003,17451248858709484127,2ca84568a5edde91b78cdc565dcdf4099d894866e367100e12c8757eec8faaaa
stage1c_observation,303,22,O3,1004,8776360727697628829,56b9ca7f7bc0e91e9624e0e8c8b9182a6eb229286c8894ca8be9d875c8e3ccc3
stage1c_observation,303,22,O3,1005,3171749207197201742,950b4ef2b6e7e3a74091c1e55a9148a7d3e859c2bacde63ac131af72c5865dde
stage1c_observation,303,22,O3,1006,2071725217306418700,53a2599e4aae69359a0e51cbda35c8a2e257ffe2436c98fa75f82e53a11faf39
stage1c_observation,303,22,O3,1007,4761017560176274163,bf88fe65a6a4f8903a4b0628cd529ca55adb1595669256594ea4c37a404fca44
stage1c_observation,303,22,O3,1008,9254856907138140246,a68c7112f2f99f8e386db59ca5320998157226f55f390202018e81daf246bf29
stage1c_observation,303,22,O3,1009,15179798311865128058,1dd924272ac9cffd5313310436e64d35e5ffe1d58ad260eac4c9e496bc9322fc
stage1c_observation,303,22,O3,1010,18421280608234329125,6d6036e4bfbac27ca63c523308f11430b07da77150b2477a939f0e8da50b83d9
stage1c_observation,303,22,O3,1011,16331796857675256656,1c67f7999974a78b8efd10bd5961852158f74077d0ac09308d7392f0096b0dd0
stage1c_observation,303,22,O3,1012,8297030861260477018,f1f6b212e0541c1ba85dd4fcef0fc940334c7ce29874c447d8cf42b5ccb1fe7c
stage1c_observation,303,22,O3,1013,9492660052898506021,c13df3e7df77d635e1a7ce90da055dd1594fb2598cb30141ed336ef66a1fb800
stage1c_observation,303,22,O3,1014,17685041516782762373,bc298b50395b6284af6f066cf72465b2ccb7ef36b3af56ff10a1b49891017fa2
stage1c_observation,303,22,O3,1015,8428146202911016236,b9fed7ae9265c196e87bb99be1889391e75d413a613ac47dbbe8f987f6cffd73
stage1c_observation,303,22,O3,1016,5469886151216583700,8094ae66cce7c4d8f36b9019cc76f359a6f8b616c3410307415670e48c3042af
stage1c_observation,303,22,O3,1017,15124707892363539862,f54d8132542c1585099d1fda89894f11cb2499a4be80f82dd383d1412cbbd9cf
stage1c_observation,303,22,O3,1018,12562177865703970151,e4441b63321b23722a3e9d7275bd6d6cb7583252873863bd72d48470ccca1c0d
stage1c_observation,303,22,O3,1019,413367999546787773,bea1cd2e32ab604f1dc87ec0cd98cfca58135f0897453585ae59d7075d8d8edb
stage1c_observation,303,22,O3,1020,16981254334032000335,f87553a21e39bf5add74e0d5657c1be80ae987db82621eef888566b12e8748b6
stage1c_observation,303,22,O3,1021,3844986408453939225,84799f4ef986fe0c18c493ee72a96a8f8af1d46a0abe80a27dbaa0782f351a32
stage1c_observation,303,22,O3,1022,12412884046336970057,e7dc5522a441725b0edbdf621f775d0ba9cea14ace7221559d8a51fdb43abd4e
stage1c_observation,303,22,O3,1023,17582037524723559398,aa591dbef83d5ac32b347f7a730f7d1c317d4a04953377591ce52341d4e76e70
stage1c_observation,303,22,O3,1024,12899016828076843614,d4d9413d0d194852639e0fba657b6039959fd79df21bb4446f2d1934bfe6ad2f
stage1c_observation,303,22,O3,1025,6936794820048218002,feb367ea15cb842ff6a077a490d63884833de7406590aacc5099502fb584a070
stage1c_observation,303,22,O3,1026,11815334857761755613,0bd14f16f86d783b1d6a74268293200b459113bbbf5af03a52aab3f2db0bb24c
stage1c_observation,303,22,O3,1027,5672514226378168498,b364915349ec02fcce662ef8f07c208cd5c1d58b16cb049d56424a87db9be59b
stage1c_observation,303,22,O3,1028,8208087376010855003,5252901a070cfb198a3ae638b674a7070d5e4371dae55526fdc0a8c249715d88
stage1c_observation,303,22,O3,1029,14100760437275745161,2cb4c7d25033bac9ea2d82b53c753b1eed18f366e2ece9c494128961890c809e
stage1c_observation,303,22,O3,1030,5951189996363886433,04d755af57779798e9a35e688dd8fd0baad8fb286a853e6e907787ccdc0eb48d
stage1c_observation,303,11,O4,1001,7923858165885219026,c71440f157dc5326348826c6a761431492b4eab4021ba5f578566c2c2e475aa4
stage1c_observation,303,11,O4,1002,11116360384205627186,75db749495726fc1e1bdb9c12fdc91cfa44c68b0bc869cccf5ace067f41f83a5
stage1c_observation,303,11,O4,1003,13928088920102030722,675f14b17dcbf92e5de51cfa236f65e8ca37a868441fbfc9abb81e75bfabc2f5
stage1c_observation,303,11,O4,1004,12377273274798701494,98f4f0cdafdda08f0388d9efb719eb9fa2036067e4d3167079a5d10dc596aae9
stage1c_observation,303,11,O4,1005,7570002137745557363,d43712fcb7dbb2c679b643557649642a1011f5fd054f86cc82202428702050c5
stage1c_observation,303,11,O4,1006,7964241455998450917,5633f523b53fbeb4c16a0ef2e49abc065e4302cc2a282860af43830325ddda1a
stage1c_observation,303,11,O4,1007,17116764483560100256,b6cabdc27f80df574240f290d6747f3cbb5bbb4c2654bd6e2ef19fca0a4165e9
stage1c_observation,303,11,O4,1008,1651274272614089381,dfa11da75c1a04bf7b39c34a16101a2537cfc5e7376e91735885c0e72baec319
stage1c_observation,303,11,O4,1009,540668853260574251,2754e3f52d1748c917d41f4c3e756cb37b3f4bb16a414fe1b8ee5c2aab9eb4ef
stage1c_observation,303,11,O4,1010,1239010270748035753,64fed3dc5fbd147ad6f22c757f454fe397a395def23b88020ef33ed33292c38c
stage1c_observation,303,11,O4,1011,582355139489991655,c9312c5e973c3946df9968d8b2ccad9f6a3cc966fdb7a23cbf57ae7a5829fdd1
stage1c_observation,303,11,O4,1012,8602153738048816680,62c309443af8c4bd3e8ddf26b174975d5a343d8e759e0f4d368fd35b190dfbd9
stage1c_observation,303,11,O4,1013,1604196207251020381,4983b09f91bab4c84161f26fe593dc32d55bb86fc18636082ceedfda9fe00301
stage1c_observation,303,11,O4,1014,11608543107120058639,345f85df4864e6cadb641564c4f67709cee0ce2794d9db07ab133e1c30e5912c
stage1c_observation,303,11,O4,1015,9534285337823941263,b677a000b3a6bc698915f5d6e3099b7f777a79762cc4e36d17066f7b97d0fe14
stage1c_observation,303,11,O4,1016,8521699124567648446,77f503acff29948fbf53cdb2139d040cfd4c68fde4d7f14fedfb987ed433bf03
stage1c_observation,303,11,O4,1017,11111992019026709261,53f30bf7714f9eb8c7a0673776e0bb968dcf26a2b15f06df4455c6705a7e2313
stage1c_observation,303,11,O4,1018,11235573161939674307,2d40658a40e4a414a1943748d75eb2f22225cbfd466f5472b551b4806291bb53
stage1c_observation,303,11,O4,1019,3858610335418719844,e6808b1c9cace1e7c8d1b6b1122f25c5816cb2b32e699c9b7c8875b31f6d2cb0
stage1c_observation,303,11,O4,1020,6676307883630666522,35885c79d1fd7d183f2e3b6e4389692691521d1d9e920c73af96055e2dc2a749
stage1c_observation,303,11,O4,1021,13326953694546333676,c012205617ce20aefc2bb32d023c70a07cb74ad27c8f5983035dd62fe7df9fd5
stage1c_observation,303,11,O4,1022,2528661919654275468,b358b127b59c14cb85f9763fddf3b5665b664b0790b9b86b0446e1b33346de83
stage1c_observation,303,11,O4,1023,544166383647292581,826623e3ad306ede19444462732e946c476c213ccab36c200da50b38079edbb1
stage1c_observation,303,11,O4,1024,16469662639844178155,045b184d7c05af8ef3c80951e1aa11eaeb8dd8442e3242641879fb7a01b4bacc
stage1c_observation,303,11,O4,1025,4372761600530092081,0b3e3f9eb0186e696e603687bb4622884bbd15e5e991dfefadb047e4cbc9b055
stage1c_observation,303,11,O4,1026,11203005919606937407,369c2fd7a87219d0ddca41ecc7975eaab517f6962808a1b46dd90bf52e335cb0
stage1c_observation,303,11,O4,1027,5945154825276548876,28828078a4e8a50315408a0d85edee8c3f774ad1246fac8868ae7ab6edfd1435
stage1c_observation,303,11,O4,1028,15456125022020096393,c50737875b85a612352fb7fe02ec38835ffe40643cef3aa5a676b2ddbf0c44c2
stage1c_observation,303,11,O4,1029,1974644543713230335,9a5e11b3d4354bbfd2b870d0488e7573a47eb4b77ab01489b7d4c92d9d043445
stage1c_observation,303,11,O4,1030,16627963461312572170,d8602f59bce8df097c234ff086f79422bceb6b0fd6d620a00675b2ecfc35811d
stage1c_observation,303,22,O4,1001,17548163561817846662,7e5c06c386c463efa912b62303017dc46aa25817da4713b5da656f07989a0a88
stage1c_observation,303,22,O4,1002,2482611035444642162,4abf39f644964c78707f27e9fd695d36cc26de24487dbea9675514442d05d051
stage1c_observation,303,22,O4,1003,17451248858709484127,2ca84568a5edde91b78cdc565dcdf4099d894866e367100e12c8757eec8faaaa
stage1c_observation,303,22,O4,1004,8776360727697628829,56b9ca7f7bc0e91e9624e0e8c8b9182a6eb229286c8894ca8be9d875c8e3ccc3
stage1c_observation,303,22,O4,1005,3171749207197201742,950b4ef2b6e7e3a74091c1e55a9148a7d3e859c2bacde63ac131af72c5865dde
stage1c_observation,303,22,O4,1006,2071725217306418700,53a2599e4aae69359a0e51cbda35c8a2e257ffe2436c98fa75f82e53a11faf39
stage1c_observation,303,22,O4,1007,4761017560176274163,bf88fe65a6a4f8903a4b0628cd529ca55adb1595669256594ea4c37a404fca44
stage1c_observation,303,22,O4,1008,9254856907138140246,a68c7112f2f99f8e386db59ca5320998157226f55f390202018e81daf246bf29
stage1c_observation,303,22,O4,1009,15179798311865128058,1dd924272ac9cffd5313310436e64d35e5ffe1d58ad260eac4c9e496bc9322fc
stage1c_observation,303,22,O4,1010,18421280608234329125,6d6036e4bfbac27ca63c523308f11430b07da77150b2477a939f0e8da50b83d9
stage1c_observation,303,22,O4,1011,16331796857675256656,1c67f7999974a78b8efd10bd5961852158f74077d0ac09308d7392f0096b0dd0
stage1c_observation,303,22,O4,1012,8297030861260477018,f1f6b212e0541c1ba85dd4fcef0fc940334c7ce29874c447d8cf42b5ccb1fe7c
stage1c_observation,303,22,O4,1013,9492660052898506021,c13df3e7df77d635e1a7ce90da055dd1594fb2598cb30141ed336ef66a1fb800
stage1c_observation,303,22,O4,1014,17685041516782762373,bc298b50395b6284af6f066cf72465b2ccb7ef36b3af56ff10a1b49891017fa2
stage1c_observation,303,22,O4,1015,8428146202911016236,b9fed7ae9265c196e87bb99be1889391e75d413a613ac47dbbe8f987f6cffd73
stage1c_observation,303,22,O4,1016,5469886151216583700,8094ae66cce7c4d8f36b9019cc76f359a6f8b616c3410307415670e48c3042af
stage1c_observation,303,22,O4,1017,15124707892363539862,f54d8132542c1585099d1fda89894f11cb2499a4be80f82dd383d1412cbbd9cf
stage1c_observation,303,22,O4,1018,12562177865703970151,e4441b63321b23722a3e9d7275bd6d6cb7583252873863bd72d48470ccca1c0d
stage1c_observation,303,22,O4,1019,413367999546787773,bea1cd2e32ab604f1dc87ec0cd98cfca58135f0897453585ae59d7075d8d8edb
stage1c_observation,303,22,O4,1020,16981254334032000335,f87553a21e39bf5add74e0d5657c1be80ae987db82621eef888566b12e8748b6
stage1c_observation,303,22,O4,1021,3844986408453939225,84799f4ef986fe0c18c493ee72a96a8f8af1d46a0abe80a27dbaa0782f351a32
stage1c_observation,303,22,O4,1022,12412884046336970057,e7dc5522a441725b0edbdf621f775d0ba9cea14ace7221559d8a51fdb43abd4e
stage1c_observation,303,22,O4,1023,17582037524723559398,aa591dbef83d5ac32b347f7a730f7d1c317d4a04953377591ce52341d4e76e70
stage1c_observation,303,22,O4,1024,12899016828076843614,d4d9413d0d194852639e0fba657b6039959fd79df21bb4446f2d1934bfe6ad2f
stage1c_observation,303,22,O4,1025,6936794820048218002,feb367ea15cb842ff6a077a490d63884833de7406590aacc5099502fb584a070
stage1c_observation,303,22,O4,1026,11815334857761755613,0bd14f16f86d783b1d6a74268293200b459113bbbf5af03a52aab3f2db0bb24c
stage1c_observation,303,22,O4,1027,5672514226378168498,b364915349ec02fcce662ef8f07c208cd5c1d58b16cb049d56424a87db9be59b
stage1c_observation,303,22,O4,1028,8208087376010855003,5252901a070cfb198a3ae638b674a7070d5e4371dae55526fdc0a8c249715d88
stage1c_observation,303,22,O4,1029,14100760437275745161,2cb4c7d25033bac9ea2d82b53c753b1eed18f366e2ece9c494128961890c809e
stage1c_observation,303,22,O4,1030,5951189996363886433,04d755af57779798e9a35e688dd8fd0baad8fb286a853e6e907787ccdc0eb48d
stage1c_open_control,404,11,OC,1001,7429694356494922730,5633425dcaa7bef1d000d2b102698889edeb830d226ec4ce5fbfe31ef52e68ef
stage1c_open_control,404,11,OC,1002,4583203845546453829,41d97b032335d69f5b874e1934ed70abcebb4092f04ffc1e3b0df89bfef8414f
stage1c_open_control,404,11,OC,1003,837132829074740743,3accdea2bb948b1f172244cb1abf9927454f23fe9e2c87be5f42db936c7d4908
stage1c_open_control,404,11,OC,1004,1601860519939927270,24d84d59d3e1b70cc7f589ccf157a8c8a282867c7fc2fd4fe8ca9dc1d552d56e
stage1c_open_control,404,11,OC,1005,17632473415092404919,90368243c1ef5572b837c4f5a03ee82720e896362859327882300d2368e814e1
stage1c_open_control,404,11,OC,1006,12944630470893557948,b712398bd1065061ca1ac6391e65c7448a067e34a45a3da8be9b0f5c6d0ffcfb
stage1c_open_control,404,11,OC,1007,8620193031416973814,78713b699bcc30dd123d46346e452c19ecceae5a346f61b4166ab3f4dbcb5d9b
stage1c_open_control,404,11,OC,1008,7102374872794969957,7299d6e6d09a2c94b336e25fa1694b7a01039ce146e674b042c6e6df623f4bdc
stage1c_open_control,404,11,OC,1009,1679576040966784169,e4bcca70ec699645356be83546b7a507f1478f7ce342e9417d5b23c108642229
stage1c_open_control,404,11,OC,1010,17397069802162571177,13e33d6bd3abb67ce76f28041d968b4a2cac9a4c7974f12ae89cad178a96e540
stage1c_open_control,404,11,OC,1011,9115499183962305541,d35931fb6aacd80a5a67069982c76b4a8f26657e08e6c3edca57da91caf74c03
stage1c_open_control,404,11,OC,1012,6366550387284816230,b3b76ae3a3375ceded37bfeb58732f34ce0e4f363c1d1a93698c693bd7ebbd9e
stage1c_open_control,404,11,OC,1013,1960234867644026244,1c5716268011436b3e039a625f0d444528df0b495625e901be818ff827b90c5d
stage1c_open_control,404,11,OC,1014,15502421684525413087,48767728c2b61a8ae4716903234c750b57a4d9606faadb28de5dd1bd0df626d8
stage1c_open_control,404,11,OC,1015,16981559931559119638,2a6e77e597cdd52d3a13c7663709e8dd483f47cb9e6f7e366a7bb49bd93cbc29
stage1c_open_control,404,11,OC,1016,9447200011699400495,c943cde31e51d3cc937cad19c69cab1ebcaa682db6a898fbd6b3a0bca86e7463
stage1c_open_control,404,11,OC,1017,9342698217886263969,37df23f7ce00138c225bb64ac34ed247ded3739c76f315cb54e04005ab068281
stage1c_open_control,404,11,OC,1018,3126286848323796530,36167307a1a738dcc9222e9aa1eff7df7cb9549c6ae5767d71c165cf05fc15c6
stage1c_open_control,404,11,OC,1019,3874695987933352568,18b280af978dec54114378830e18b68c0a5912f717620353232cf06fe14be654
stage1c_open_control,404,11,OC,1020,1857462536535090499,40108d3be761c79fd09987e94cdca02cb0dc1085e0d9581ece159989defee9bc
stage1c_open_control,404,11,OC,1021,13068267690293531657,6f61c13ccc32cdee12fa611cc82d9d4472bceabba394276dc77b079b0c8b4c6c
stage1c_open_control,404,11,OC,1022,12238793460416652015,b1b3eacb29b79556a2b0f3b141ac485cea59132d5c05964f329fea15542c76d1
stage1c_open_control,404,11,OC,1023,60542646314936619,6421a630ff3ac3b1c3f9aaec7984dc5019f648ffcb3532442e3ce8c6c9dbb7c6
stage1c_open_control,404,11,OC,1024,6849084777211772999,3e1cdbd3255925b60072de2227691e294d9ba128b249a8eff1752267dc5cf2d1
stage1c_open_control,404,11,OC,1025,15183353425463426923,5efa5ad469fe2b5866d9395a203dffbca8ed022d7ffd38c412756d83757c2d3e
stage1c_open_control,404,11,OC,1026,9844976364878418580,d195c6d8d18ae53d6fd7ac24c0e0aac6276012c8f95e8f888447457f44f86f58
stage1c_open_control,404,11,OC,1027,3948994912889577802,52b43c626005519016b2e0b8952dd0e806790625d4d511b6256332592f5a68cf
stage1c_open_control,404,11,OC,1028,4372082998635499092,d93423df030f5ff4b963674e5b9fccd7cae870e86191a093ec8a4c264790a7ed
stage1c_open_control,404,11,OC,1029,1260940333383322488,287dff0025fe35b30aa27afc7d3cd24aa8d0ef945305e9fcfac8a7860532e5f2
stage1c_open_control,404,11,OC,1030,2764129390261684636,6cfd3126d77fe80af342d2f400c0f7a18d5fa8d3d182446828ed49d7b69e68fb
stage1c_open_control,404,22,OC,1001,1385615248312667193,529065101006a197585b4b6edbc1ad6b6a8c02abaae519446d639d27a486ad87
stage1c_open_control,404,22,OC,1002,10253178947586859023,e263c3e7aa0492f757d839c577b84fca0a3913e67ab7e52152341b3cea0d7f13
stage1c_open_control,404,22,OC,1003,13909843055026919049,ccb5dcba1394eceed4afb4b1fdedc1c78f1c2a36f2c7d225a808a53a9144628b
stage1c_open_control,404,22,OC,1004,15636840024482682985,a614acb3ce3d0a2ad9817f37ab0f57b4928080b00df8463beaa8e55340d6e3db
stage1c_open_control,404,22,OC,1005,1041020260673878822,a9dc7c4a0ff2365eee8015c2421d544d751e78fcdac8b4bb62a2e97c7d333c27
stage1c_open_control,404,22,OC,1006,14514199318812858643,d17fe40b625ff0cc5d61104d23cc06db5096701768b90f2e0ca62778de201e54
stage1c_open_control,404,22,OC,1007,12751587014230453582,51a3614acfcedbbce18b96dc40dfd6efdaa9f15f3d80fca082040fa4ace8650d
stage1c_open_control,404,22,OC,1008,8065726723619362737,90242988a994d5e474ae1d7329405b0728edf1fff9d603d3189c43191a7f5302
stage1c_open_control,404,22,OC,1009,16274879194136823623,2169a7207c5d5fa806098b7df4c6eeaf69871392d1d2f108cfee1e879b557a8c
stage1c_open_control,404,22,OC,1010,17463419103408035343,4d76dd1afc3779fcfb615d0ddd30ee25352dd5ef739f014e2f037c8d637bbc28
stage1c_open_control,404,22,OC,1011,8320221716886486281,0ca7440ee5af8ac1f9e04abec402701626657d5b76c703c5ac157dbee19a8536
stage1c_open_control,404,22,OC,1012,12521135752978659529,51d176f6c5375e8f7ac2121ea64879ea03ceea7efc5169157427c2e573fa6f26
stage1c_open_control,404,22,OC,1013,17916160954275772408,3ad82ad5ed330618fdb89e3d864c52a08cb549606e034cdc9a81a7031eb1c038
stage1c_open_control,404,22,OC,1014,12255660740981076645,49ba3a70933ccbbfd9d09a4224a18c8051fcccc88f50400dea833e6e81617281
stage1c_open_control,404,22,OC,1015,17722548851854321219,6405175a99e203b256537d4d5952b1ac7cbdcc1de975e18ed42a1f4a6bdaeecf
stage1c_open_control,404,22,OC,1016,9081124756713194484,58f80906c24f5e1e3de05719f37214c9987009520f0344a8cfb38b9dbfa61540
stage1c_open_control,404,22,OC,1017,12973894785723288130,05156cec197656749a976b9dec25e4bb39621f4133aaafdf5d6a1360af3e4ce0
stage1c_open_control,404,22,OC,1018,2565525882266541935,e01bf248283a581c718ad5d0f95138187f9914e0255c0496a839fbef4bd10277
stage1c_open_control,404,22,OC,1019,17995718265812878546,691f61a2597476c6d83937aa33b5c2fe7481442169c07f0f24745ca84e826102
stage1c_open_control,404,22,OC,1020,10350764050271213639,7a7d1c796ed49f96a81a3a48269148eedc25f5ae7de1fc1572d5966f84c1bc39
stage1c_open_control,404,22,OC,1021,6078990181600271567,322eee0430d40be894a3344b2c9b9b5047d07cbc131c8a50e4333f754c9bac48
stage1c_open_control,404,22,OC,1022,11529813819374814527,efe486f20a0f67cf18a5ba73aea78b0b69160763eb925fc07432fd654f53eee3
stage1c_open_control,404,22,OC,1023,17091526466349808625,47dfeb73d0fd7563ba39a89524bf0c84f913f4ce74642499e4178a78a1252d9b
stage1c_open_control,404,22,OC,1024,12905580263547026940,bd921cb7264e0c01c923dc757620deea1cb3df9a95ee7beab5691fadfcfd5a80
stage1c_open_control,404,22,OC,1025,16400759024702926227,60f5cc0a12190b3ae6058bbe80a2c2fbc6622d3620b32cbe86c600095d5a85f6
stage1c_open_control,404,22,OC,1026,8946318121907591004,4c4e29dc8022be8b7e57efb2261d1849a49d84dfca4b7b0ddf8fb65a8c4530d5
stage1c_open_control,404,22,OC,1027,2172840444650055472,6fcfc13a6a97bd743d0b794d20916a03131bfb50c2d5344ea952577d12d5c2dc
stage1c_open_control,404,22,OC,1028,10998114866305211487,e91a6eeb2a1d907d73b91c8b1b52080592d3bc66879d5793e1ab5faafccd9eae
stage1c_open_control,404,22,OC,1029,4850149946110551429,d21769801ce540ee132a627ee8aeafc4cea2620571392215b733c665c873fce4
stage1c_open_control,404,22,OC,1030,10807231416933543842,7d2c49d2c0c7b87c31877c69c89c085ebccbd5595a27b9aa5e3c5a53f42d6047
stage1c_geometry,404,11,L1,1001,1734341802026776540,35a3be3b2ddc992ea7fe1a02b130ef5fd2794f912dfe562a0c1f30a37937246b
stage1c_geometry,404,11,L1,1002,4036917982941439359,dc8b762aa11ea92813b926231213e6bff41f6ef3ee1afdeec6db006344652119
stage1c_geometry,404,11,L1,1003,16220806939626202764,7fcef4159bbe87d52db113eeb2d5473b09fc8ebbefdca07d59dc70ab7a5e94a9
stage1c_geometry,404,11,L1,1004,4694582590969453772,7e105cc40b45358c5840f5813d01617cb9d1d0c78bd2dcbe60b62e598905f128
stage1c_geometry,404,11,L1,1005,2919458494607175525,6883119201e545c81a9fae3bc90d99ac193e367cd62b79d7359e3a09ecde5186
stage1c_geometry,404,11,L1,1006,15628457548860302729,7721a4ecfdb659e8b3778866f9fc64f1567ae62af4ff1479814c0ba15d2d0a64
stage1c_geometry,404,11,L1,1007,11717469244824165186,dae3d5b875154a9fd02c98db4e1236dc47ac49ba3b8fc2e18c6cf9034cbbe982
stage1c_geometry,404,11,L1,1008,7817718864798371790,183b6610385cef4a651fa73e274d6c3e85d06fd1e55c7c46d8e405321f08e8f3
stage1c_geometry,404,11,L1,1009,8855038443632189634,4ad3f6e77d84f8a7bb40631cdae7b5c03aebdca223bf18e5bc11454dca22c858
stage1c_geometry,404,11,L1,1010,549531098399008290,0c35945e1d56ee558960992fe3435b906bfc40d15a34497fd475130a8b0df831
stage1c_geometry,404,11,L1,1011,16934164643756119324,488bbe06d086f06660ebe2a13b2a0193ec29ad260062d35e58673650bc700849
stage1c_geometry,404,11,L1,1012,12717413767547597460,8008def0d46fe0fea68fab77a3bf984d0d9de0220af0b61b0e81911bb2306114
stage1c_geometry,404,11,L1,1013,17443700882647186893,c71c5a130b523040559cf5f414965bad6a0874c589d1dffe0c95f03c98ee9213
stage1c_geometry,404,11,L1,1014,17437033080218315277,a7b44af32a61ef65b5ca0fe3c9afab2daf407df266d565f3c2198d8032f442b4
stage1c_geometry,404,11,L1,1015,7170667263270030805,a6a2564a1e07cec9b81baf8d01b51b3898674aa9296b19fe62a30532711016e1
stage1c_geometry,404,11,L1,1016,16325809766120720869,b4d6d81e8d22eecc4878f048ad673db0d46e93cf4897cc0d1223fbcf16c7dbd8
stage1c_geometry,404,11,L1,1017,6265863934416009191,5d63dfcd1e655a121350b92388980943ec3f8a53f316329346b0f561a4dcaa4f
stage1c_geometry,404,11,L1,1018,14716074177418155736,701dc14673254d7d847287d52f3210752856ece1cadb1dfb1ab78a0dccb81553
stage1c_geometry,404,11,L1,1019,13327280416437028009,dd8ca4486850a34826c6ca2b792f8d6f3b48ee7070766d7e3e8767b6fcb76f2a
stage1c_geometry,404,11,L1,1020,11676956653243409876,d125e4758e37347cbf534ded24a77a4aeacc03adffc585cca00868be65a47734
stage1c_geometry,404,11,L1,1021,3871462174910817216,f350a691cac15188e8b8e89b428ee47fa69ab0f848a1011d1b35de57ff333f58
stage1c_geometry,404,11,L1,1022,5794028682768230018,eead848775e75496bfff6b845eeee4100b20780918a3263399783963f3e82f4d
stage1c_geometry,404,11,L1,1023,12997947648960054153,8698dfad8f3787bcdf4b381b9e508c5584ac20b0417b0ee5cf15fa7bdbf9690d
stage1c_geometry,404,11,L1,1024,10050461773013574226,9f4383f5a4f5c91d55727a3ef978f946256ebb2bc25c499111651f1d07c11c11
stage1c_geometry,404,11,L1,1025,11039501832188580071,fd36bcfcd8111c3280fff1eb152caa270a89b0d965fcd286ab27c71066983287
stage1c_geometry,404,11,L1,1026,6504828935990645514,a00bbabbf763e5df94a4cdfcc82d729278bdda627fd66586ee15c2acbf3c8789
stage1c_geometry,404,11,L1,1027,15674724448340872110,15d8ef76abe3c137f17219040dace9494546edf3498f4e7a6087a6c29eef8651
stage1c_geometry,404,11,L1,1028,1531793285621797487,d4e4f4cb7910a2112a183731015162ba041e4a05a05db7f8b0beb51d645fd6fe
stage1c_geometry,404,11,L1,1029,3481116385126264781,5433a739cc26336528411194476d07e9c8254af53bc76465f1f2ba62b15e4865
stage1c_geometry,404,11,L1,1030,10052979693123979503,4b9878ed7d4c04da7b9da6a77c25043b9e52c51d67532e89e056d93aba33d671
stage1c_geometry,404,22,L1,1001,942073356341711602,db32e36d9387f47f00e3c01a64e9dd3ddb2b3a8eb65e2752c172a500e596eba9
stage1c_geometry,404,22,L1,1002,3836744210050481603,e0473e24b3482c171fabd6f3224006e7110ca9a17a5751b016b99b7be9442c3b
stage1c_geometry,404,22,L1,1003,2329351033438394424,78ac9f0958827884e284974b3292fcdfbf54e53cbc7f8f2b5c63ed337156bd9a
stage1c_geometry,404,22,L1,1004,2431795585396706224,e8d627c8198123de1e15cf9af6d69bd7b2743bf8d94eb4e90665512e8a4c459e
stage1c_geometry,404,22,L1,1005,5154148626184095965,ecec9ab2d0b8d255d2bf3413f6f7ca9efde5221748b81048adc22c03c118ccb0
stage1c_geometry,404,22,L1,1006,12431465096085865789,4e996e6005950f8830ddd97bf48541d1f8e85f95e600a00f3731dbd2a96f5358
stage1c_geometry,404,22,L1,1007,15304933577841230606,0154d23834389c265fb15d75047499ac5455dfbcb055c286f2f3a5aed98a888f
stage1c_geometry,404,22,L1,1008,5946341011226009849,1fe8dbf48fedd6fecdbd3886d2c27145f2ac71213b881f8d5a1895db0f576899
stage1c_geometry,404,22,L1,1009,3218575021996006909,4f2420a0a1cbd20d6f1c6c4374c6472046fec705e64dfa91da8ff51d2feb7b8d
stage1c_geometry,404,22,L1,1010,18116667223702860780,47b8de1e02bf0f8b5e0b4e0514ef950840bd70d78c35748dbbe782bd7ce4a4d2
stage1c_geometry,404,22,L1,1011,5493200180651833455,ab4c118f5a9cac61cba353095dced99168f53fee7ee774ea790d1e51d12f349d
stage1c_geometry,404,22,L1,1012,5666255351454434623,909c95db3ac8e3a26b1638a9bbad46c1132b0f967267ee32e1e355a0788470e5
stage1c_geometry,404,22,L1,1013,9479285266891856987,129a47eabdcb473050394334628011373b220c1304c450b0f1e93abab7988ca0
stage1c_geometry,404,22,L1,1014,10443868924719455620,53c7a6f16aa3b094ff5d4d94e471015de70e92ae9ae4321ecb51d91cc8081cb3
stage1c_geometry,404,22,L1,1015,11880049702647700975,4fb6dd55459f74249ee93efbe75b47de05c35157ef32222a55c7695c8c8dddd1
stage1c_geometry,404,22,L1,1016,2072473018954727171,fda950f1aa76036fcb5e0b5abbe92fb505ff96d0132d34f0e29f435424762083
stage1c_geometry,404,22,L1,1017,5395452429499848262,25cf1ebaf0b433d4889a0b01c9abd17b05203e1b3e7e1afdb225e26f9295dafe
stage1c_geometry,404,22,L1,1018,14220052878827530720,369f24c22cb9f04ba3091c4c353b39993df5106168f9956616fd488870d65ade
stage1c_geometry,404,22,L1,1019,10289562990601355780,c8c9d5c8664276db2a91e41fbe0fe36ae3dfb7d8f58c553fb5c8b1c13b39beb1
stage1c_geometry,404,22,L1,1020,266436880921713861,21da604ca1db8e3466559c62d8edf4af429e6a14666212083af87103ed0415de
stage1c_geometry,404,22,L1,1021,3395514201253290032,83c50855bf40fcf712a7708c311dba6ec792a28b16507f98f103b222be668f0f
stage1c_geometry,404,22,L1,1022,4649184497136047759,cbb23133db0857fd3d499cc1c5f6fc4e4006a577759fc0e2d57a3578206e8545
stage1c_geometry,404,22,L1,1023,12167786487099929504,636ff5a5fd680b1f1e8a595f361809e6ea321ef4dc10d0351abb0df2833e9537
stage1c_geometry,404,22,L1,1024,11212819660913608643,1c10a51175628d98106497ece70455681a4c398aee7eb9cbbfcd155519ac55a8
stage1c_geometry,404,22,L1,1025,5526884799779103512,20299b713edd788e8017712904b2f8561701e643309d5fe94293de0e9ec1ddac
stage1c_geometry,404,22,L1,1026,11549272845084155230,a0531b156455d189dda42144a63f00cb602c6dac28eea481c322bff10416919c
stage1c_geometry,404,22,L1,1027,6786228132766290484,c1800bd51b2a4c5d86833d79edf932a67dfae37daa0327048eb0c3193c3561d9
stage1c_geometry,404,22,L1,1028,16777558535921261936,c42cc0ddddca7ac6edd036485005a4e1c9a118caccf640cbe6fe84126c9364ae
stage1c_geometry,404,22,L1,1029,2551535804848001758,ec6305ddb96f3306d6a44268288b1627589c0abcf13811219faa5ed98de66687
stage1c_geometry,404,22,L1,1030,6605338623569264406,765f342c37a798648fd3621da591028a6781af05439a48387b124055205c3b06
stage1c_geometry,404,11,L2,1001,1734341802026776540,35a3be3b2ddc992ea7fe1a02b130ef5fd2794f912dfe562a0c1f30a37937246b
stage1c_geometry,404,11,L2,1002,4036917982941439359,dc8b762aa11ea92813b926231213e6bff41f6ef3ee1afdeec6db006344652119
stage1c_geometry,404,11,L2,1003,16220806939626202764,7fcef4159bbe87d52db113eeb2d5473b09fc8ebbefdca07d59dc70ab7a5e94a9
stage1c_geometry,404,11,L2,1004,4694582590969453772,7e105cc40b45358c5840f5813d01617cb9d1d0c78bd2dcbe60b62e598905f128
stage1c_geometry,404,11,L2,1005,2919458494607175525,6883119201e545c81a9fae3bc90d99ac193e367cd62b79d7359e3a09ecde5186
stage1c_geometry,404,11,L2,1006,15628457548860302729,7721a4ecfdb659e8b3778866f9fc64f1567ae62af4ff1479814c0ba15d2d0a64
stage1c_geometry,404,11,L2,1007,11717469244824165186,dae3d5b875154a9fd02c98db4e1236dc47ac49ba3b8fc2e18c6cf9034cbbe982
stage1c_geometry,404,11,L2,1008,7817718864798371790,183b6610385cef4a651fa73e274d6c3e85d06fd1e55c7c46d8e405321f08e8f3
stage1c_geometry,404,11,L2,1009,8855038443632189634,4ad3f6e77d84f8a7bb40631cdae7b5c03aebdca223bf18e5bc11454dca22c858
stage1c_geometry,404,11,L2,1010,549531098399008290,0c35945e1d56ee558960992fe3435b906bfc40d15a34497fd475130a8b0df831
stage1c_geometry,404,11,L2,1011,16934164643756119324,488bbe06d086f06660ebe2a13b2a0193ec29ad260062d35e58673650bc700849
stage1c_geometry,404,11,L2,1012,12717413767547597460,8008def0d46fe0fea68fab77a3bf984d0d9de0220af0b61b0e81911bb2306114
stage1c_geometry,404,11,L2,1013,17443700882647186893,c71c5a130b523040559cf5f414965bad6a0874c589d1dffe0c95f03c98ee9213
stage1c_geometry,404,11,L2,1014,17437033080218315277,a7b44af32a61ef65b5ca0fe3c9afab2daf407df266d565f3c2198d8032f442b4
stage1c_geometry,404,11,L2,1015,7170667263270030805,a6a2564a1e07cec9b81baf8d01b51b3898674aa9296b19fe62a30532711016e1
stage1c_geometry,404,11,L2,1016,16325809766120720869,b4d6d81e8d22eecc4878f048ad673db0d46e93cf4897cc0d1223fbcf16c7dbd8
stage1c_geometry,404,11,L2,1017,6265863934416009191,5d63dfcd1e655a121350b92388980943ec3f8a53f316329346b0f561a4dcaa4f
stage1c_geometry,404,11,L2,1018,14716074177418155736,701dc14673254d7d847287d52f3210752856ece1cadb1dfb1ab78a0dccb81553
stage1c_geometry,404,11,L2,1019,13327280416437028009,dd8ca4486850a34826c6ca2b792f8d6f3b48ee7070766d7e3e8767b6fcb76f2a
stage1c_geometry,404,11,L2,1020,11676956653243409876,d125e4758e37347cbf534ded24a77a4aeacc03adffc585cca00868be65a47734
stage1c_geometry,404,11,L2,1021,3871462174910817216,f350a691cac15188e8b8e89b428ee47fa69ab0f848a1011d1b35de57ff333f58
stage1c_geometry,404,11,L2,1022,5794028682768230018,eead848775e75496bfff6b845eeee4100b20780918a3263399783963f3e82f4d
stage1c_geometry,404,11,L2,1023,12997947648960054153,8698dfad8f3787bcdf4b381b9e508c5584ac20b0417b0ee5cf15fa7bdbf9690d
stage1c_geometry,404,11,L2,1024,10050461773013574226,9f4383f5a4f5c91d55727a3ef978f946256ebb2bc25c499111651f1d07c11c11
stage1c_geometry,404,11,L2,1025,11039501832188580071,fd36bcfcd8111c3280fff1eb152caa270a89b0d965fcd286ab27c71066983287
stage1c_geometry,404,11,L2,1026,6504828935990645514,a00bbabbf763e5df94a4cdfcc82d729278bdda627fd66586ee15c2acbf3c8789
stage1c_geometry,404,11,L2,1027,15674724448340872110,15d8ef76abe3c137f17219040dace9494546edf3498f4e7a6087a6c29eef8651
stage1c_geometry,404,11,L2,1028,1531793285621797487,d4e4f4cb7910a2112a183731015162ba041e4a05a05db7f8b0beb51d645fd6fe
stage1c_geometry,404,11,L2,1029,3481116385126264781,5433a739cc26336528411194476d07e9c8254af53bc76465f1f2ba62b15e4865
stage1c_geometry,404,11,L2,1030,10052979693123979503,4b9878ed7d4c04da7b9da6a77c25043b9e52c51d67532e89e056d93aba33d671
stage1c_geometry,404,22,L2,1001,942073356341711602,db32e36d9387f47f00e3c01a64e9dd3ddb2b3a8eb65e2752c172a500e596eba9
stage1c_geometry,404,22,L2,1002,3836744210050481603,e0473e24b3482c171fabd6f3224006e7110ca9a17a5751b016b99b7be9442c3b
stage1c_geometry,404,22,L2,1003,2329351033438394424,78ac9f0958827884e284974b3292fcdfbf54e53cbc7f8f2b5c63ed337156bd9a
stage1c_geometry,404,22,L2,1004,2431795585396706224,e8d627c8198123de1e15cf9af6d69bd7b2743bf8d94eb4e90665512e8a4c459e
stage1c_geometry,404,22,L2,1005,5154148626184095965,ecec9ab2d0b8d255d2bf3413f6f7ca9efde5221748b81048adc22c03c118ccb0
stage1c_geometry,404,22,L2,1006,12431465096085865789,4e996e6005950f8830ddd97bf48541d1f8e85f95e600a00f3731dbd2a96f5358
stage1c_geometry,404,22,L2,1007,15304933577841230606,0154d23834389c265fb15d75047499ac5455dfbcb055c286f2f3a5aed98a888f
stage1c_geometry,404,22,L2,1008,5946341011226009849,1fe8dbf48fedd6fecdbd3886d2c27145f2ac71213b881f8d5a1895db0f576899
stage1c_geometry,404,22,L2,1009,3218575021996006909,4f2420a0a1cbd20d6f1c6c4374c6472046fec705e64dfa91da8ff51d2feb7b8d
stage1c_geometry,404,22,L2,1010,18116667223702860780,47b8de1e02bf0f8b5e0b4e0514ef950840bd70d78c35748dbbe782bd7ce4a4d2
stage1c_geometry,404,22,L2,1011,5493200180651833455,ab4c118f5a9cac61cba353095dced99168f53fee7ee774ea790d1e51d12f349d
stage1c_geometry,404,22,L2,1012,5666255351454434623,909c95db3ac8e3a26b1638a9bbad46c1132b0f967267ee32e1e355a0788470e5
stage1c_geometry,404,22,L2,1013,9479285266891856987,129a47eabdcb473050394334628011373b220c1304c450b0f1e93abab7988ca0
stage1c_geometry,404,22,L2,1014,10443868924719455620,53c7a6f16aa3b094ff5d4d94e471015de70e92ae9ae4321ecb51d91cc8081cb3
stage1c_geometry,404,22,L2,1015,11880049702647700975,4fb6dd55459f74249ee93efbe75b47de05c35157ef32222a55c7695c8c8dddd1
stage1c_geometry,404,22,L2,1016,2072473018954727171,fda950f1aa76036fcb5e0b5abbe92fb505ff96d0132d34f0e29f435424762083
stage1c_geometry,404,22,L2,1017,5395452429499848262,25cf1ebaf0b433d4889a0b01c9abd17b05203e1b3e7e1afdb225e26f9295dafe
stage1c_geometry,404,22,L2,1018,14220052878827530720,369f24c22cb9f04ba3091c4c353b39993df5106168f9956616fd488870d65ade
stage1c_geometry,404,22,L2,1019,10289562990601355780,c8c9d5c8664276db2a91e41fbe0fe36ae3dfb7d8f58c553fb5c8b1c13b39beb1
stage1c_geometry,404,22,L2,1020,266436880921713861,21da604ca1db8e3466559c62d8edf4af429e6a14666212083af87103ed0415de
stage1c_geometry,404,22,L2,1021,3395514201253290032,83c50855bf40fcf712a7708c311dba6ec792a28b16507f98f103b222be668f0f
stage1c_geometry,404,22,L2,1022,4649184497136047759,cbb23133db0857fd3d499cc1c5f6fc4e4006a577759fc0e2d57a3578206e8545
stage1c_geometry,404,22,L2,1023,12167786487099929504,636ff5a5fd680b1f1e8a595f361809e6ea321ef4dc10d0351abb0df2833e9537
stage1c_geometry,404,22,L2,1024,11212819660913608643,1c10a51175628d98106497ece70455681a4c398aee7eb9cbbfcd155519ac55a8
stage1c_geometry,404,22,L2,1025,5526884799779103512,20299b713edd788e8017712904b2f8561701e643309d5fe94293de0e9ec1ddac
stage1c_geometry,404,22,L2,1026,11549272845084155230,a0531b156455d189dda42144a63f00cb602c6dac28eea481c322bff10416919c
stage1c_geometry,404,22,L2,1027,6786228132766290484,c1800bd51b2a4c5d86833d79edf932a67dfae37daa0327048eb0c3193c3561d9
stage1c_geometry,404,22,L2,1028,16777558535921261936,c42cc0ddddca7ac6edd036485005a4e1c9a118caccf640cbe6fe84126c9364ae
stage1c_geometry,404,22,L2,1029,2551535804848001758,ec6305ddb96f3306d6a44268288b1627589c0abcf13811219faa5ed98de66687
stage1c_geometry,404,22,L2,1030,6605338623569264406,765f342c37a798648fd3621da591028a6781af05439a48387b124055205c3b06
stage1c_geometry,404,11,L3,1001,1734341802026776540,35a3be3b2ddc992ea7fe1a02b130ef5fd2794f912dfe562a0c1f30a37937246b
stage1c_geometry,404,11,L3,1002,4036917982941439359,dc8b762aa11ea92813b926231213e6bff41f6ef3ee1afdeec6db006344652119
stage1c_geometry,404,11,L3,1003,16220806939626202764,7fcef4159bbe87d52db113eeb2d5473b09fc8ebbefdca07d59dc70ab7a5e94a9
stage1c_geometry,404,11,L3,1004,4694582590969453772,7e105cc40b45358c5840f5813d01617cb9d1d0c78bd2dcbe60b62e598905f128
stage1c_geometry,404,11,L3,1005,2919458494607175525,6883119201e545c81a9fae3bc90d99ac193e367cd62b79d7359e3a09ecde5186
stage1c_geometry,404,11,L3,1006,15628457548860302729,7721a4ecfdb659e8b3778866f9fc64f1567ae62af4ff1479814c0ba15d2d0a64
stage1c_geometry,404,11,L3,1007,11717469244824165186,dae3d5b875154a9fd02c98db4e1236dc47ac49ba3b8fc2e18c6cf9034cbbe982
stage1c_geometry,404,11,L3,1008,7817718864798371790,183b6610385cef4a651fa73e274d6c3e85d06fd1e55c7c46d8e405321f08e8f3
stage1c_geometry,404,11,L3,1009,8855038443632189634,4ad3f6e77d84f8a7bb40631cdae7b5c03aebdca223bf18e5bc11454dca22c858
stage1c_geometry,404,11,L3,1010,549531098399008290,0c35945e1d56ee558960992fe3435b906bfc40d15a34497fd475130a8b0df831
stage1c_geometry,404,11,L3,1011,16934164643756119324,488bbe06d086f06660ebe2a13b2a0193ec29ad260062d35e58673650bc700849
stage1c_geometry,404,11,L3,1012,12717413767547597460,8008def0d46fe0fea68fab77a3bf984d0d9de0220af0b61b0e81911bb2306114
stage1c_geometry,404,11,L3,1013,17443700882647186893,c71c5a130b523040559cf5f414965bad6a0874c589d1dffe0c95f03c98ee9213
stage1c_geometry,404,11,L3,1014,17437033080218315277,a7b44af32a61ef65b5ca0fe3c9afab2daf407df266d565f3c2198d8032f442b4
stage1c_geometry,404,11,L3,1015,7170667263270030805,a6a2564a1e07cec9b81baf8d01b51b3898674aa9296b19fe62a30532711016e1
stage1c_geometry,404,11,L3,1016,16325809766120720869,b4d6d81e8d22eecc4878f048ad673db0d46e93cf4897cc0d1223fbcf16c7dbd8
stage1c_geometry,404,11,L3,1017,6265863934416009191,5d63dfcd1e655a121350b92388980943ec3f8a53f316329346b0f561a4dcaa4f
stage1c_geometry,404,11,L3,1018,14716074177418155736,701dc14673254d7d847287d52f3210752856ece1cadb1dfb1ab78a0dccb81553
stage1c_geometry,404,11,L3,1019,13327280416437028009,dd8ca4486850a34826c6ca2b792f8d6f3b48ee7070766d7e3e8767b6fcb76f2a
stage1c_geometry,404,11,L3,1020,11676956653243409876,d125e4758e37347cbf534ded24a77a4aeacc03adffc585cca00868be65a47734
stage1c_geometry,404,11,L3,1021,3871462174910817216,f350a691cac15188e8b8e89b428ee47fa69ab0f848a1011d1b35de57ff333f58
stage1c_geometry,404,11,L3,1022,5794028682768230018,eead848775e75496bfff6b845eeee4100b20780918a3263399783963f3e82f4d
stage1c_geometry,404,11,L3,1023,12997947648960054153,8698dfad8f3787bcdf4b381b9e508c5584ac20b0417b0ee5cf15fa7bdbf9690d
stage1c_geometry,404,11,L3,1024,10050461773013574226,9f4383f5a4f5c91d55727a3ef978f946256ebb2bc25c499111651f1d07c11c11
stage1c_geometry,404,11,L3,1025,11039501832188580071,fd36bcfcd8111c3280fff1eb152caa270a89b0d965fcd286ab27c71066983287
stage1c_geometry,404,11,L3,1026,6504828935990645514,a00bbabbf763e5df94a4cdfcc82d729278bdda627fd66586ee15c2acbf3c8789
stage1c_geometry,404,11,L3,1027,15674724448340872110,15d8ef76abe3c137f17219040dace9494546edf3498f4e7a6087a6c29eef8651
stage1c_geometry,404,11,L3,1028,1531793285621797487,d4e4f4cb7910a2112a183731015162ba041e4a05a05db7f8b0beb51d645fd6fe
stage1c_geometry,404,11,L3,1029,3481116385126264781,5433a739cc26336528411194476d07e9c8254af53bc76465f1f2ba62b15e4865
stage1c_geometry,404,11,L3,1030,10052979693123979503,4b9878ed7d4c04da7b9da6a77c25043b9e52c51d67532e89e056d93aba33d671
stage1c_geometry,404,22,L3,1001,942073356341711602,db32e36d9387f47f00e3c01a64e9dd3ddb2b3a8eb65e2752c172a500e596eba9
stage1c_geometry,404,22,L3,1002,3836744210050481603,e0473e24b3482c171fabd6f3224006e7110ca9a17a5751b016b99b7be9442c3b
stage1c_geometry,404,22,L3,1003,2329351033438394424,78ac9f0958827884e284974b3292fcdfbf54e53cbc7f8f2b5c63ed337156bd9a
stage1c_geometry,404,22,L3,1004,2431795585396706224,e8d627c8198123de1e15cf9af6d69bd7b2743bf8d94eb4e90665512e8a4c459e
stage1c_geometry,404,22,L3,1005,5154148626184095965,ecec9ab2d0b8d255d2bf3413f6f7ca9efde5221748b81048adc22c03c118ccb0
stage1c_geometry,404,22,L3,1006,12431465096085865789,4e996e6005950f8830ddd97bf48541d1f8e85f95e600a00f3731dbd2a96f5358
stage1c_geometry,404,22,L3,1007,15304933577841230606,0154d23834389c265fb15d75047499ac5455dfbcb055c286f2f3a5aed98a888f
stage1c_geometry,404,22,L3,1008,5946341011226009849,1fe8dbf48fedd6fecdbd3886d2c27145f2ac71213b881f8d5a1895db0f576899
stage1c_geometry,404,22,L3,1009,3218575021996006909,4f2420a0a1cbd20d6f1c6c4374c6472046fec705e64dfa91da8ff51d2feb7b8d
stage1c_geometry,404,22,L3,1010,18116667223702860780,47b8de1e02bf0f8b5e0b4e0514ef950840bd70d78c35748dbbe782bd7ce4a4d2
stage1c_geometry,404,22,L3,1011,5493200180651833455,ab4c118f5a9cac61cba353095dced99168f53fee7ee774ea790d1e51d12f349d
stage1c_geometry,404,22,L3,1012,5666255351454434623,909c95db3ac8e3a26b1638a9bbad46c1132b0f967267ee32e1e355a0788470e5
stage1c_geometry,404,22,L3,1013,9479285266891856987,129a47eabdcb473050394334628011373b220c1304c450b0f1e93abab7988ca0
stage1c_geometry,404,22,L3,1014,10443868924719455620,53c7a6f16aa3b094ff5d4d94e471015de70e92ae9ae4321ecb51d91cc8081cb3
stage1c_geometry,404,22,L3,1015,11880049702647700975,4fb6dd55459f74249ee93efbe75b47de05c35157ef32222a55c7695c8c8dddd1
stage1c_geometry,404,22,L3,1016,2072473018954727171,fda950f1aa76036fcb5e0b5abbe92fb505ff96d0132d34f0e29f435424762083
stage1c_geometry,404,22,L3,1017,5395452429499848262,25cf1ebaf0b433d4889a0b01c9abd17b05203e1b3e7e1afdb225e26f9295dafe
stage1c_geometry,404,22,L3,1018,14220052878827530720,369f24c22cb9f04ba3091c4c353b39993df5106168f9956616fd488870d65ade
stage1c_geometry,404,22,L3,1019,10289562990601355780,c8c9d5c8664276db2a91e41fbe0fe36ae3dfb7d8f58c553fb5c8b1c13b39beb1
stage1c_geometry,404,22,L3,1020,266436880921713861,21da604ca1db8e3466559c62d8edf4af429e6a14666212083af87103ed0415de
stage1c_geometry,404,22,L3,1021,3395514201253290032,83c50855bf40fcf712a7708c311dba6ec792a28b16507f98f103b222be668f0f
stage1c_geometry,404,22,L3,1022,4649184497136047759,cbb23133db0857fd3d499cc1c5f6fc4e4006a577759fc0e2d57a3578206e8545
stage1c_geometry,404,22,L3,1023,12167786487099929504,636ff5a5fd680b1f1e8a595f361809e6ea321ef4dc10d0351abb0df2833e9537
stage1c_geometry,404,22,L3,1024,11212819660913608643,1c10a51175628d98106497ece70455681a4c398aee7eb9cbbfcd155519ac55a8
stage1c_geometry,404,22,L3,1025,5526884799779103512,20299b713edd788e8017712904b2f8561701e643309d5fe94293de0e9ec1ddac
stage1c_geometry,404,22,L3,1026,11549272845084155230,a0531b156455d189dda42144a63f00cb602c6dac28eea481c322bff10416919c
stage1c_geometry,404,22,L3,1027,6786228132766290484,c1800bd51b2a4c5d86833d79edf932a67dfae37daa0327048eb0c3193c3561d9
stage1c_geometry,404,22,L3,1028,16777558535921261936,c42cc0ddddca7ac6edd036485005a4e1c9a118caccf640cbe6fe84126c9364ae
stage1c_geometry,404,22,L3,1029,2551535804848001758,ec6305ddb96f3306d6a44268288b1627589c0abcf13811219faa5ed98de66687
stage1c_geometry,404,22,L3,1030,6605338623569264406,765f342c37a798648fd3621da591028a6781af05439a48387b124055205c3b06
stage1c_geometry,404,11,L4,1001,1734341802026776540,35a3be3b2ddc992ea7fe1a02b130ef5fd2794f912dfe562a0c1f30a37937246b
stage1c_geometry,404,11,L4,1002,4036917982941439359,dc8b762aa11ea92813b926231213e6bff41f6ef3ee1afdeec6db006344652119
stage1c_geometry,404,11,L4,1003,16220806939626202764,7fcef4159bbe87d52db113eeb2d5473b09fc8ebbefdca07d59dc70ab7a5e94a9
stage1c_geometry,404,11,L4,1004,4694582590969453772,7e105cc40b45358c5840f5813d01617cb9d1d0c78bd2dcbe60b62e598905f128
stage1c_geometry,404,11,L4,1005,2919458494607175525,6883119201e545c81a9fae3bc90d99ac193e367cd62b79d7359e3a09ecde5186
stage1c_geometry,404,11,L4,1006,15628457548860302729,7721a4ecfdb659e8b3778866f9fc64f1567ae62af4ff1479814c0ba15d2d0a64
stage1c_geometry,404,11,L4,1007,11717469244824165186,dae3d5b875154a9fd02c98db4e1236dc47ac49ba3b8fc2e18c6cf9034cbbe982
stage1c_geometry,404,11,L4,1008,7817718864798371790,183b6610385cef4a651fa73e274d6c3e85d06fd1e55c7c46d8e405321f08e8f3
stage1c_geometry,404,11,L4,1009,8855038443632189634,4ad3f6e77d84f8a7bb40631cdae7b5c03aebdca223bf18e5bc11454dca22c858
stage1c_geometry,404,11,L4,1010,549531098399008290,0c35945e1d56ee558960992fe3435b906bfc40d15a34497fd475130a8b0df831
stage1c_geometry,404,11,L4,1011,16934164643756119324,488bbe06d086f06660ebe2a13b2a0193ec29ad260062d35e58673650bc700849
stage1c_geometry,404,11,L4,1012,12717413767547597460,8008def0d46fe0fea68fab77a3bf984d0d9de0220af0b61b0e81911bb2306114
stage1c_geometry,404,11,L4,1013,17443700882647186893,c71c5a130b523040559cf5f414965bad6a0874c589d1dffe0c95f03c98ee9213
stage1c_geometry,404,11,L4,1014,17437033080218315277,a7b44af32a61ef65b5ca0fe3c9afab2daf407df266d565f3c2198d8032f442b4
stage1c_geometry,404,11,L4,1015,7170667263270030805,a6a2564a1e07cec9b81baf8d01b51b3898674aa9296b19fe62a30532711016e1
stage1c_geometry,404,11,L4,1016,16325809766120720869,b4d6d81e8d22eecc4878f048ad673db0d46e93cf4897cc0d1223fbcf16c7dbd8
stage1c_geometry,404,11,L4,1017,6265863934416009191,5d63dfcd1e655a121350b92388980943ec3f8a53f316329346b0f561a4dcaa4f
stage1c_geometry,404,11,L4,1018,14716074177418155736,701dc14673254d7d847287d52f3210752856ece1cadb1dfb1ab78a0dccb81553
stage1c_geometry,404,11,L4,1019,13327280416437028009,dd8ca4486850a34826c6ca2b792f8d6f3b48ee7070766d7e3e8767b6fcb76f2a
stage1c_geometry,404,11,L4,1020,11676956653243409876,d125e4758e37347cbf534ded24a77a4aeacc03adffc585cca00868be65a47734
stage1c_geometry,404,11,L4,1021,3871462174910817216,f350a691cac15188e8b8e89b428ee47fa69ab0f848a1011d1b35de57ff333f58
stage1c_geometry,404,11,L4,1022,5794028682768230018,eead848775e75496bfff6b845eeee4100b20780918a3263399783963f3e82f4d
stage1c_geometry,404,11,L4,1023,12997947648960054153,8698dfad8f3787bcdf4b381b9e508c5584ac20b0417b0ee5cf15fa7bdbf9690d
stage1c_geometry,404,11,L4,1024,10050461773013574226,9f4383f5a4f5c91d55727a3ef978f946256ebb2bc25c499111651f1d07c11c11
stage1c_geometry,404,11,L4,1025,11039501832188580071,fd36bcfcd8111c3280fff1eb152caa270a89b0d965fcd286ab27c71066983287
stage1c_geometry,404,11,L4,1026,6504828935990645514,a00bbabbf763e5df94a4cdfcc82d729278bdda627fd66586ee15c2acbf3c8789
stage1c_geometry,404,11,L4,1027,15674724448340872110,15d8ef76abe3c137f17219040dace9494546edf3498f4e7a6087a6c29eef8651
stage1c_geometry,404,11,L4,1028,1531793285621797487,d4e4f4cb7910a2112a183731015162ba041e4a05a05db7f8b0beb51d645fd6fe
stage1c_geometry,404,11,L4,1029,3481116385126264781,5433a739cc26336528411194476d07e9c8254af53bc76465f1f2ba62b15e4865
stage1c_geometry,404,11,L4,1030,10052979693123979503,4b9878ed7d4c04da7b9da6a77c25043b9e52c51d67532e89e056d93aba33d671
stage1c_geometry,404,22,L4,1001,942073356341711602,db32e36d9387f47f00e3c01a64e9dd3ddb2b3a8eb65e2752c172a500e596eba9
stage1c_geometry,404,22,L4,1002,3836744210050481603,e0473e24b3482c171fabd6f3224006e7110ca9a17a5751b016b99b7be9442c3b
stage1c_geometry,404,22,L4,1003,2329351033438394424,78ac9f0958827884e284974b3292fcdfbf54e53cbc7f8f2b5c63ed337156bd9a
stage1c_geometry,404,22,L4,1004,2431795585396706224,e8d627c8198123de1e15cf9af6d69bd7b2743bf8d94eb4e90665512e8a4c459e
stage1c_geometry,404,22,L4,1005,5154148626184095965,ecec9ab2d0b8d255d2bf3413f6f7ca9efde5221748b81048adc22c03c118ccb0
stage1c_geometry,404,22,L4,1006,12431465096085865789,4e996e6005950f8830ddd97bf48541d1f8e85f95e600a00f3731dbd2a96f5358
stage1c_geometry,404,22,L4,1007,15304933577841230606,0154d23834389c265fb15d75047499ac5455dfbcb055c286f2f3a5aed98a888f
stage1c_geometry,404,22,L4,1008,5946341011226009849,1fe8dbf48fedd6fecdbd3886d2c27145f2ac71213b881f8d5a1895db0f576899
stage1c_geometry,404,22,L4,1009,3218575021996006909,4f2420a0a1cbd20d6f1c6c4374c6472046fec705e64dfa91da8ff51d2feb7b8d
stage1c_geometry,404,22,L4,1010,18116667223702860780,47b8de1e02bf0f8b5e0b4e0514ef950840bd70d78c35748dbbe782bd7ce4a4d2
stage1c_geometry,404,22,L4,1011,5493200180651833455,ab4c118f5a9cac61cba353095dced99168f53fee7ee774ea790d1e51d12f349d
stage1c_geometry,404,22,L4,1012,5666255351454434623,909c95db3ac8e3a26b1638a9bbad46c1132b0f967267ee32e1e355a0788470e5
stage1c_geometry,404,22,L4,1013,9479285266891856987,129a47eabdcb473050394334628011373b220c1304c450b0f1e93abab7988ca0
stage1c_geometry,404,22,L4,1014,10443868924719455620,53c7a6f16aa3b094ff5d4d94e471015de70e92ae9ae4321ecb51d91cc8081cb3
stage1c_geometry,404,22,L4,1015,11880049702647700975,4fb6dd55459f74249ee93efbe75b47de05c35157ef32222a55c7695c8c8dddd1
stage1c_geometry,404,22,L4,1016,2072473018954727171,fda950f1aa76036fcb5e0b5abbe92fb505ff96d0132d34f0e29f435424762083
stage1c_geometry,404,22,L4,1017,5395452429499848262,25cf1ebaf0b433d4889a0b01c9abd17b05203e1b3e7e1afdb225e26f9295dafe
stage1c_geometry,404,22,L4,1018,14220052878827530720,369f24c22cb9f04ba3091c4c353b39993df5106168f9956616fd488870d65ade
stage1c_geometry,404,22,L4,1019,10289562990601355780,c8c9d5c8664276db2a91e41fbe0fe36ae3dfb7d8f58c553fb5c8b1c13b39beb1
stage1c_geometry,404,22,L4,1020,266436880921713861,21da604ca1db8e3466559c62d8edf4af429e6a14666212083af87103ed0415de
stage1c_geometry,404,22,L4,1021,3395514201253290032,83c50855bf40fcf712a7708c311dba6ec792a28b16507f98f103b222be668f0f
stage1c_geometry,404,22,L4,1022,4649184497136047759,cbb23133db0857fd3d499cc1c5f6fc4e4006a577759fc0e2d57a3578206e8545
stage1c_geometry,404,22,L4,1023,12167786487099929504,636ff5a5fd680b1f1e8a595f361809e6ea321ef4dc10d0351abb0df2833e9537
stage1c_geometry,404,22,L4,1024,11212819660913608643,1c10a51175628d98106497ece70455681a4c398aee7eb9cbbfcd155519ac55a8
stage1c_geometry,404,22,L4,1025,5526884799779103512,20299b713edd788e8017712904b2f8561701e643309d5fe94293de0e9ec1ddac
stage1c_geometry,404,22,L4,1026,11549272845084155230,a0531b156455d189dda42144a63f00cb602c6dac28eea481c322bff10416919c
stage1c_geometry,404,22,L4,1027,6786228132766290484,c1800bd51b2a4c5d86833d79edf932a67dfae37daa0327048eb0c3193c3561d9
stage1c_geometry,404,22,L4,1028,16777558535921261936,c42cc0ddddca7ac6edd036485005a4e1c9a118caccf640cbe6fe84126c9364ae
stage1c_geometry,404,22,L4,1029,2551535804848001758,ec6305ddb96f3306d6a44268288b1627589c0abcf13811219faa5ed98de66687
stage1c_geometry,404,22,L4,1030,6605338623569264406,765f342c37a798648fd3621da591028a6781af05439a48387b124055205c3b06
stage1c_observation,404,11,O1,1001,9336036433261282368,ba8e49467f38f97b71450073463c70ef21181b70e229c62907a37a7c318a71ab
stage1c_observation,404,11,O1,1002,1217501290003383759,f18ad9f971dcef7f0755677e55d531d395149f456e7a4690ca22b3971a71ec7d
stage1c_observation,404,11,O1,1003,16629333651246136019,53b43ff1f225166920eaf0bc814d451e39735ad15661b22395775ea8f699f79a
stage1c_observation,404,11,O1,1004,13445173761738926666,ed7388c14736d040fe185c709ccb372191f3382b299355a6783a47e84ce7638c
stage1c_observation,404,11,O1,1005,7732986661231740368,aed5832ef416f7ef4e0d8c71ffea42806e697ab5c95f014e84c0d6b9abcd0b83
stage1c_observation,404,11,O1,1006,3253896854166509747,4a36edbd60c7a3348a5862974c017a2cb3da6121cc631e4ea607095e8da333de
stage1c_observation,404,11,O1,1007,17181928179574687805,f2f29dfe217feb16135650b2bd98a616c8de5480d294842a07635b1ed9828695
stage1c_observation,404,11,O1,1008,18133756868304598731,662a964f13e2daa266e16edf38bfb33dafb2677aeae1d832c01cd6743c16e110
stage1c_observation,404,11,O1,1009,8777321340082858127,72b4a4454b695a4ad74236048725d6ea82af1792f0a247cf8607b2e8e50230a6
stage1c_observation,404,11,O1,1010,13069429322194112529,a4d328ae943668564c4c0943bff9b1584aa7b6e8cb56f6ad72cb11f27abeba17
stage1c_observation,404,11,O1,1011,9679927506234241880,1325365642f04cb17da5878abba8bb8990f2cbda9ac46f865ede70116095ebbe
stage1c_observation,404,11,O1,1012,1644020496513711372,aa4570c99839aeed2eb7b987ebbef5cf706a9ef4a970890f716bc7392cb864a8
stage1c_observation,404,11,O1,1013,18375828994896650878,9b0ce5ad01cabfeb57cbb0676d3e160e314e772ec3240df78f77c2862b142705
stage1c_observation,404,11,O1,1014,17495450175769005818,156e6418a364d1c27a6620f0102ecc764434c969d3fc9e457691cdb6a8d36fed
stage1c_observation,404,11,O1,1015,17124053843960208783,79dae6ed9f6e92731f1bdf553953169e0c20727db20f086ae82b56cee3e7f013
stage1c_observation,404,11,O1,1016,7575224206622049208,edecd263c417e5b8b93039fcfd495f93353ab00a763db857370599bd58db064e
stage1c_observation,404,11,O1,1017,9566027160328805938,4b0f87370d533524125bc3d8b84ba775970cc6607183494403165558d5dfa361
stage1c_observation,404,11,O1,1018,11057030925889452947,1e7c948328bf75aa50a5dcab03bd686684bb4e6c8fe6a51379784a4779062f4c
stage1c_observation,404,11,O1,1019,4719949177885953141,57ee00fff36acd05330794824d86e087b4492ae4d67d4a2387441187fb5df5fd
stage1c_observation,404,11,O1,1020,9716174704372084530,51ef27b56e83f7d47efc8e261bb5296b02472a6e7ead874d230911d41a9d7b5f
stage1c_observation,404,11,O1,1021,3201415181586772223,6ffccee312e778eb10db043030aaf5f261e3eb18ae6044660422f5cd1be8b4d9
stage1c_observation,404,11,O1,1022,401483305320016984,6871184bac06d51090d51c745b4b8dfe65927b78103f5bd9d1883de89af1c3ac
stage1c_observation,404,11,O1,1023,8978120741994708254,09f78f54e33eff7c0d70d81983fca787293ae59adb5b1c22fa8add1e6de923c2
stage1c_observation,404,11,O1,1024,3317832869928002962,50aa36496311c4b58a0e10034a6ddadb243c4b92d9fc8cc87b43a1074ea698f1
stage1c_observation,404,11,O1,1025,7381641043585450486,43a0cc1d713b115c8db6c6e2bade6426dde08e07de4ebb9d3abb160a87029a3d
stage1c_observation,404,11,O1,1026,16940185498740383933,af8a85861dd0d77ec4a347e4e254e6b5b3b68c6475406a825c823be6276cf6ce
stage1c_observation,404,11,O1,1027,7630137085894885711,da31099d455d5cb37c8d36668db61c1808f405323d127cfc2674d6440e23b472
stage1c_observation,404,11,O1,1028,14257592441154019904,1cc7e8dd3819afce782a010fbbcbbdccc87a53e62992ab09746c18b57c3b2fb6
stage1c_observation,404,11,O1,1029,4272699296993627571,7a4ba8a16a7ffd0849057477c13bb6f0a8b41a607af8f85ef9ea1c6a1c570356
stage1c_observation,404,11,O1,1030,5156178635190225059,9887e9b5509510bc66e3214500e979a4bc644b4a2d6e2e2e24a57d1d0a3ca86e
stage1c_observation,404,22,O1,1001,8407026974123401492,0b76976537aaa06b0c8c06f7b3c8661ea99f23f5eb135173fbeee50fff86dbf1
stage1c_observation,404,22,O1,1002,5513846138802665294,5e15ee5465a1ac97d33ce37b6e95830b39d297f3b5b38599cc93175db5c407d6
stage1c_observation,404,22,O1,1003,15352047424512982201,ce8c2ec11bedd74085c8aa75d80da8e4686152f18785821fe9d5177c0b681530
stage1c_observation,404,22,O1,1004,202136910224981281,8e45b9dadccc21c6336311cb4f20f17b17a78baf329bca1499b3683094006332
stage1c_observation,404,22,O1,1005,11214364643966759952,f90e58b4e75294282293725fababbc3d3683d40d04b681b80ba04029f1f8304f
stage1c_observation,404,22,O1,1006,2015947068863899188,656106fafaf7f6f70329471546fed8789a15733ff7df244e38922ace5939999f
stage1c_observation,404,22,O1,1007,3749382859231386277,c8c3d48cbd9241858efd1da3e2cb136f70fc7b4056a1134e9516dcfea2ca4190
stage1c_observation,404,22,O1,1008,5245808199484514794,ce23ac8a20153379fe53b7afb25b61536ca64b126f14ecbec8ed577a0d508725
stage1c_observation,404,22,O1,1009,2316436064837528385,4f46eed74ff9ea2f4b3b64251a34f6e6f86f8d0cc5840e78aa93872890667e4c
stage1c_observation,404,22,O1,1010,6869901035325642116,a9be8596c4857f508a045739face114b492a990464e9f3674c0a3b35b1c9cefe
stage1c_observation,404,22,O1,1011,6974351974569184370,c393634c586e70924e5a54bb624c26037ab6b1d9d199581e3874ca13f334c63c
stage1c_observation,404,22,O1,1012,4553356760092071341,4caba06f54990fc1b7669f9e1f4b6294dab067dee1448024543cf4398a04817b
stage1c_observation,404,22,O1,1013,9843075088418822421,b3ad409bcc1d549910574aacb6c3a1d641515e7cec13dc679af1f52f5e1fdabd
stage1c_observation,404,22,O1,1014,7967802440448590740,8a81331483ac7890e927779227fafd075fab8ba9fedc8c6cdaeb9c0856fefa94
stage1c_observation,404,22,O1,1015,3804719122012133657,13fca77206e378df3f90e3d6e5a280552d5b566691440df55b614536b75a78f8
stage1c_observation,404,22,O1,1016,5582659768064589483,2da799042bde3025da28315a4917f7895fe4a551f5b8430f2fe7f21f01347bfb
stage1c_observation,404,22,O1,1017,13180019033477287303,16e95cd083b16f39fa444b999c85ea1b19d2f051c08fffafd3a32200c4f0f8a9
stage1c_observation,404,22,O1,1018,645628539195253814,efbb694840a5b255c833514e6c49f0dfb555b2ac044e8a2d519b65a728692d70
stage1c_observation,404,22,O1,1019,17859451939032781535,9ff5e9988fd2137bea831caf838d7f737758192fc532d625021f5551fd94e975
stage1c_observation,404,22,O1,1020,8467891327541704532,1d714050dba92a105028d808a0b4b4487ad32a82cb7e6be5bd10c871a8ca280a
stage1c_observation,404,22,O1,1021,13606606442345722131,43803446feb95e74f939b1c4e2b951251a59ff16ffadedda02a251668b816e16
stage1c_observation,404,22,O1,1022,4416617316385458569,f5849a92fbbac8a7a8e08db2f75dd8baf4e857971600c6e6d70daaaaf6d00c26
stage1c_observation,404,22,O1,1023,2747578758565078797,7a1e487a098125d6460aa71e1593589f29e4568f8d69493b422ae129cfefcc36
stage1c_observation,404,22,O1,1024,9398091274639841604,90b6ce87b318cb06ea87e5087151fc71855c730d8d911d3c6b9bf5bac3bc7c04
stage1c_observation,404,22,O1,1025,18129842380358381448,d5d48d72dafc60dcdd8cd06b316d69565ff208345dd52856cb24e0f782fb2178
stage1c_observation,404,22,O1,1026,9958153665538911636,8e4a545dc84d05207ee704e909d539487b0be858d6f53ef58c9c91480686a6a0
stage1c_observation,404,22,O1,1027,12642440798949238667,45724b54462bdf0ab719888699f1b976a7f8ccaac66509fc4299ec4299ce298b
stage1c_observation,404,22,O1,1028,4721165128302528875,bf1249e942ff576b66cc8f856b0af51f17afdaf93f337a6bd7b433bf258abf35
stage1c_observation,404,22,O1,1029,11171995337689849057,1c0cc77277bce1da87487097b05f1d66addb45e90e3f194cee965648c5491adf
stage1c_observation,404,22,O1,1030,6378213532624433574,363ffa351c137dd8470893c04f3cdcd9c248f96e2829ba12f1f3f97e28d3dca2
stage1c_observation,404,11,O2,1001,9336036433261282368,ba8e49467f38f97b71450073463c70ef21181b70e229c62907a37a7c318a71ab
stage1c_observation,404,11,O2,1002,1217501290003383759,f18ad9f971dcef7f0755677e55d531d395149f456e7a4690ca22b3971a71ec7d
stage1c_observation,404,11,O2,1003,16629333651246136019,53b43ff1f225166920eaf0bc814d451e39735ad15661b22395775ea8f699f79a
stage1c_observation,404,11,O2,1004,13445173761738926666,ed7388c14736d040fe185c709ccb372191f3382b299355a6783a47e84ce7638c
stage1c_observation,404,11,O2,1005,7732986661231740368,aed5832ef416f7ef4e0d8c71ffea42806e697ab5c95f014e84c0d6b9abcd0b83
stage1c_observation,404,11,O2,1006,3253896854166509747,4a36edbd60c7a3348a5862974c017a2cb3da6121cc631e4ea607095e8da333de
stage1c_observation,404,11,O2,1007,17181928179574687805,f2f29dfe217feb16135650b2bd98a616c8de5480d294842a07635b1ed9828695
stage1c_observation,404,11,O2,1008,18133756868304598731,662a964f13e2daa266e16edf38bfb33dafb2677aeae1d832c01cd6743c16e110
stage1c_observation,404,11,O2,1009,8777321340082858127,72b4a4454b695a4ad74236048725d6ea82af1792f0a247cf8607b2e8e50230a6
stage1c_observation,404,11,O2,1010,13069429322194112529,a4d328ae943668564c4c0943bff9b1584aa7b6e8cb56f6ad72cb11f27abeba17
stage1c_observation,404,11,O2,1011,9679927506234241880,1325365642f04cb17da5878abba8bb8990f2cbda9ac46f865ede70116095ebbe
stage1c_observation,404,11,O2,1012,1644020496513711372,aa4570c99839aeed2eb7b987ebbef5cf706a9ef4a970890f716bc7392cb864a8
stage1c_observation,404,11,O2,1013,18375828994896650878,9b0ce5ad01cabfeb57cbb0676d3e160e314e772ec3240df78f77c2862b142705
stage1c_observation,404,11,O2,1014,17495450175769005818,156e6418a364d1c27a6620f0102ecc764434c969d3fc9e457691cdb6a8d36fed
stage1c_observation,404,11,O2,1015,17124053843960208783,79dae6ed9f6e92731f1bdf553953169e0c20727db20f086ae82b56cee3e7f013
stage1c_observation,404,11,O2,1016,7575224206622049208,edecd263c417e5b8b93039fcfd495f93353ab00a763db857370599bd58db064e
stage1c_observation,404,11,O2,1017,9566027160328805938,4b0f87370d533524125bc3d8b84ba775970cc6607183494403165558d5dfa361
stage1c_observation,404,11,O2,1018,11057030925889452947,1e7c948328bf75aa50a5dcab03bd686684bb4e6c8fe6a51379784a4779062f4c
stage1c_observation,404,11,O2,1019,4719949177885953141,57ee00fff36acd05330794824d86e087b4492ae4d67d4a2387441187fb5df5fd
stage1c_observation,404,11,O2,1020,9716174704372084530,51ef27b56e83f7d47efc8e261bb5296b02472a6e7ead874d230911d41a9d7b5f
stage1c_observation,404,11,O2,1021,3201415181586772223,6ffccee312e778eb10db043030aaf5f261e3eb18ae6044660422f5cd1be8b4d9
stage1c_observation,404,11,O2,1022,401483305320016984,6871184bac06d51090d51c745b4b8dfe65927b78103f5bd9d1883de89af1c3ac
stage1c_observation,404,11,O2,1023,8978120741994708254,09f78f54e33eff7c0d70d81983fca787293ae59adb5b1c22fa8add1e6de923c2
stage1c_observation,404,11,O2,1024,3317832869928002962,50aa36496311c4b58a0e10034a6ddadb243c4b92d9fc8cc87b43a1074ea698f1
stage1c_observation,404,11,O2,1025,7381641043585450486,43a0cc1d713b115c8db6c6e2bade6426dde08e07de4ebb9d3abb160a87029a3d
stage1c_observation,404,11,O2,1026,16940185498740383933,af8a85861dd0d77ec4a347e4e254e6b5b3b68c6475406a825c823be6276cf6ce
stage1c_observation,404,11,O2,1027,7630137085894885711,da31099d455d5cb37c8d36668db61c1808f405323d127cfc2674d6440e23b472
stage1c_observation,404,11,O2,1028,14257592441154019904,1cc7e8dd3819afce782a010fbbcbbdccc87a53e62992ab09746c18b57c3b2fb6
stage1c_observation,404,11,O2,1029,4272699296993627571,7a4ba8a16a7ffd0849057477c13bb6f0a8b41a607af8f85ef9ea1c6a1c570356
stage1c_observation,404,11,O2,1030,5156178635190225059,9887e9b5509510bc66e3214500e979a4bc644b4a2d6e2e2e24a57d1d0a3ca86e
stage1c_observation,404,22,O2,1001,8407026974123401492,0b76976537aaa06b0c8c06f7b3c8661ea99f23f5eb135173fbeee50fff86dbf1
stage1c_observation,404,22,O2,1002,5513846138802665294,5e15ee5465a1ac97d33ce37b6e95830b39d297f3b5b38599cc93175db5c407d6
stage1c_observation,404,22,O2,1003,15352047424512982201,ce8c2ec11bedd74085c8aa75d80da8e4686152f18785821fe9d5177c0b681530
stage1c_observation,404,22,O2,1004,202136910224981281,8e45b9dadccc21c6336311cb4f20f17b17a78baf329bca1499b3683094006332
stage1c_observation,404,22,O2,1005,11214364643966759952,f90e58b4e75294282293725fababbc3d3683d40d04b681b80ba04029f1f8304f
stage1c_observation,404,22,O2,1006,2015947068863899188,656106fafaf7f6f70329471546fed8789a15733ff7df244e38922ace5939999f
stage1c_observation,404,22,O2,1007,3749382859231386277,c8c3d48cbd9241858efd1da3e2cb136f70fc7b4056a1134e9516dcfea2ca4190
stage1c_observation,404,22,O2,1008,5245808199484514794,ce23ac8a20153379fe53b7afb25b61536ca64b126f14ecbec8ed577a0d508725
stage1c_observation,404,22,O2,1009,2316436064837528385,4f46eed74ff9ea2f4b3b64251a34f6e6f86f8d0cc5840e78aa93872890667e4c
stage1c_observation,404,22,O2,1010,6869901035325642116,a9be8596c4857f508a045739face114b492a990464e9f3674c0a3b35b1c9cefe
stage1c_observation,404,22,O2,1011,6974351974569184370,c393634c586e70924e5a54bb624c26037ab6b1d9d199581e3874ca13f334c63c
stage1c_observation,404,22,O2,1012,4553356760092071341,4caba06f54990fc1b7669f9e1f4b6294dab067dee1448024543cf4398a04817b
stage1c_observation,404,22,O2,1013,9843075088418822421,b3ad409bcc1d549910574aacb6c3a1d641515e7cec13dc679af1f52f5e1fdabd
stage1c_observation,404,22,O2,1014,7967802440448590740,8a81331483ac7890e927779227fafd075fab8ba9fedc8c6cdaeb9c0856fefa94
stage1c_observation,404,22,O2,1015,3804719122012133657,13fca77206e378df3f90e3d6e5a280552d5b566691440df55b614536b75a78f8
stage1c_observation,404,22,O2,1016,5582659768064589483,2da799042bde3025da28315a4917f7895fe4a551f5b8430f2fe7f21f01347bfb
stage1c_observation,404,22,O2,1017,13180019033477287303,16e95cd083b16f39fa444b999c85ea1b19d2f051c08fffafd3a32200c4f0f8a9
stage1c_observation,404,22,O2,1018,645628539195253814,efbb694840a5b255c833514e6c49f0dfb555b2ac044e8a2d519b65a728692d70
stage1c_observation,404,22,O2,1019,17859451939032781535,9ff5e9988fd2137bea831caf838d7f737758192fc532d625021f5551fd94e975
stage1c_observation,404,22,O2,1020,8467891327541704532,1d714050dba92a105028d808a0b4b4487ad32a82cb7e6be5bd10c871a8ca280a
stage1c_observation,404,22,O2,1021,13606606442345722131,43803446feb95e74f939b1c4e2b951251a59ff16ffadedda02a251668b816e16
stage1c_observation,404,22,O2,1022,4416617316385458569,f5849a92fbbac8a7a8e08db2f75dd8baf4e857971600c6e6d70daaaaf6d00c26
stage1c_observation,404,22,O2,1023,2747578758565078797,7a1e487a098125d6460aa71e1593589f29e4568f8d69493b422ae129cfefcc36
stage1c_observation,404,22,O2,1024,9398091274639841604,90b6ce87b318cb06ea87e5087151fc71855c730d8d911d3c6b9bf5bac3bc7c04
stage1c_observation,404,22,O2,1025,18129842380358381448,d5d48d72dafc60dcdd8cd06b316d69565ff208345dd52856cb24e0f782fb2178
stage1c_observation,404,22,O2,1026,9958153665538911636,8e4a545dc84d05207ee704e909d539487b0be858d6f53ef58c9c91480686a6a0
stage1c_observation,404,22,O2,1027,12642440798949238667,45724b54462bdf0ab719888699f1b976a7f8ccaac66509fc4299ec4299ce298b
stage1c_observation,404,22,O2,1028,4721165128302528875,bf1249e942ff576b66cc8f856b0af51f17afdaf93f337a6bd7b433bf258abf35
stage1c_observation,404,22,O2,1029,11171995337689849057,1c0cc77277bce1da87487097b05f1d66addb45e90e3f194cee965648c5491adf
stage1c_observation,404,22,O2,1030,6378213532624433574,363ffa351c137dd8470893c04f3cdcd9c248f96e2829ba12f1f3f97e28d3dca2
stage1c_observation,404,11,O3,1001,9336036433261282368,ba8e49467f38f97b71450073463c70ef21181b70e229c62907a37a7c318a71ab
stage1c_observation,404,11,O3,1002,1217501290003383759,f18ad9f971dcef7f0755677e55d531d395149f456e7a4690ca22b3971a71ec7d
stage1c_observation,404,11,O3,1003,16629333651246136019,53b43ff1f225166920eaf0bc814d451e39735ad15661b22395775ea8f699f79a
stage1c_observation,404,11,O3,1004,13445173761738926666,ed7388c14736d040fe185c709ccb372191f3382b299355a6783a47e84ce7638c
stage1c_observation,404,11,O3,1005,7732986661231740368,aed5832ef416f7ef4e0d8c71ffea42806e697ab5c95f014e84c0d6b9abcd0b83
stage1c_observation,404,11,O3,1006,3253896854166509747,4a36edbd60c7a3348a5862974c017a2cb3da6121cc631e4ea607095e8da333de
stage1c_observation,404,11,O3,1007,17181928179574687805,f2f29dfe217feb16135650b2bd98a616c8de5480d294842a07635b1ed9828695
stage1c_observation,404,11,O3,1008,18133756868304598731,662a964f13e2daa266e16edf38bfb33dafb2677aeae1d832c01cd6743c16e110
stage1c_observation,404,11,O3,1009,8777321340082858127,72b4a4454b695a4ad74236048725d6ea82af1792f0a247cf8607b2e8e50230a6
stage1c_observation,404,11,O3,1010,13069429322194112529,a4d328ae943668564c4c0943bff9b1584aa7b6e8cb56f6ad72cb11f27abeba17
stage1c_observation,404,11,O3,1011,9679927506234241880,1325365642f04cb17da5878abba8bb8990f2cbda9ac46f865ede70116095ebbe
stage1c_observation,404,11,O3,1012,1644020496513711372,aa4570c99839aeed2eb7b987ebbef5cf706a9ef4a970890f716bc7392cb864a8
stage1c_observation,404,11,O3,1013,18375828994896650878,9b0ce5ad01cabfeb57cbb0676d3e160e314e772ec3240df78f77c2862b142705
stage1c_observation,404,11,O3,1014,17495450175769005818,156e6418a364d1c27a6620f0102ecc764434c969d3fc9e457691cdb6a8d36fed
stage1c_observation,404,11,O3,1015,17124053843960208783,79dae6ed9f6e92731f1bdf553953169e0c20727db20f086ae82b56cee3e7f013
stage1c_observation,404,11,O3,1016,7575224206622049208,edecd263c417e5b8b93039fcfd495f93353ab00a763db857370599bd58db064e
stage1c_observation,404,11,O3,1017,9566027160328805938,4b0f87370d533524125bc3d8b84ba775970cc6607183494403165558d5dfa361
stage1c_observation,404,11,O3,1018,11057030925889452947,1e7c948328bf75aa50a5dcab03bd686684bb4e6c8fe6a51379784a4779062f4c
stage1c_observation,404,11,O3,1019,4719949177885953141,57ee00fff36acd05330794824d86e087b4492ae4d67d4a2387441187fb5df5fd
stage1c_observation,404,11,O3,1020,9716174704372084530,51ef27b56e83f7d47efc8e261bb5296b02472a6e7ead874d230911d41a9d7b5f
stage1c_observation,404,11,O3,1021,3201415181586772223,6ffccee312e778eb10db043030aaf5f261e3eb18ae6044660422f5cd1be8b4d9
stage1c_observation,404,11,O3,1022,401483305320016984,6871184bac06d51090d51c745b4b8dfe65927b78103f5bd9d1883de89af1c3ac
stage1c_observation,404,11,O3,1023,8978120741994708254,09f78f54e33eff7c0d70d81983fca787293ae59adb5b1c22fa8add1e6de923c2
stage1c_observation,404,11,O3,1024,3317832869928002962,50aa36496311c4b58a0e10034a6ddadb243c4b92d9fc8cc87b43a1074ea698f1
stage1c_observation,404,11,O3,1025,7381641043585450486,43a0cc1d713b115c8db6c6e2bade6426dde08e07de4ebb9d3abb160a87029a3d
stage1c_observation,404,11,O3,1026,16940185498740383933,af8a85861dd0d77ec4a347e4e254e6b5b3b68c6475406a825c823be6276cf6ce
stage1c_observation,404,11,O3,1027,7630137085894885711,da31099d455d5cb37c8d36668db61c1808f405323d127cfc2674d6440e23b472
stage1c_observation,404,11,O3,1028,14257592441154019904,1cc7e8dd3819afce782a010fbbcbbdccc87a53e62992ab09746c18b57c3b2fb6
stage1c_observation,404,11,O3,1029,4272699296993627571,7a4ba8a16a7ffd0849057477c13bb6f0a8b41a607af8f85ef9ea1c6a1c570356
stage1c_observation,404,11,O3,1030,5156178635190225059,9887e9b5509510bc66e3214500e979a4bc644b4a2d6e2e2e24a57d1d0a3ca86e
stage1c_observation,404,22,O3,1001,8407026974123401492,0b76976537aaa06b0c8c06f7b3c8661ea99f23f5eb135173fbeee50fff86dbf1
stage1c_observation,404,22,O3,1002,5513846138802665294,5e15ee5465a1ac97d33ce37b6e95830b39d297f3b5b38599cc93175db5c407d6
stage1c_observation,404,22,O3,1003,15352047424512982201,ce8c2ec11bedd74085c8aa75d80da8e4686152f18785821fe9d5177c0b681530
stage1c_observation,404,22,O3,1004,202136910224981281,8e45b9dadccc21c6336311cb4f20f17b17a78baf329bca1499b3683094006332
stage1c_observation,404,22,O3,1005,11214364643966759952,f90e58b4e75294282293725fababbc3d3683d40d04b681b80ba04029f1f8304f
stage1c_observation,404,22,O3,1006,2015947068863899188,656106fafaf7f6f70329471546fed8789a15733ff7df244e38922ace5939999f
stage1c_observation,404,22,O3,1007,3749382859231386277,c8c3d48cbd9241858efd1da3e2cb136f70fc7b4056a1134e9516dcfea2ca4190
stage1c_observation,404,22,O3,1008,5245808199484514794,ce23ac8a20153379fe53b7afb25b61536ca64b126f14ecbec8ed577a0d508725
stage1c_observation,404,22,O3,1009,2316436064837528385,4f46eed74ff9ea2f4b3b64251a34f6e6f86f8d0cc5840e78aa93872890667e4c
stage1c_observation,404,22,O3,1010,6869901035325642116,a9be8596c4857f508a045739face114b492a990464e9f3674c0a3b35b1c9cefe
stage1c_observation,404,22,O3,1011,6974351974569184370,c393634c586e70924e5a54bb624c26037ab6b1d9d199581e3874ca13f334c63c
stage1c_observation,404,22,O3,1012,4553356760092071341,4caba06f54990fc1b7669f9e1f4b6294dab067dee1448024543cf4398a04817b
stage1c_observation,404,22,O3,1013,9843075088418822421,b3ad409bcc1d549910574aacb6c3a1d641515e7cec13dc679af1f52f5e1fdabd
stage1c_observation,404,22,O3,1014,7967802440448590740,8a81331483ac7890e927779227fafd075fab8ba9fedc8c6cdaeb9c0856fefa94
stage1c_observation,404,22,O3,1015,3804719122012133657,13fca77206e378df3f90e3d6e5a280552d5b566691440df55b614536b75a78f8
stage1c_observation,404,22,O3,1016,5582659768064589483,2da799042bde3025da28315a4917f7895fe4a551f5b8430f2fe7f21f01347bfb
stage1c_observation,404,22,O3,1017,13180019033477287303,16e95cd083b16f39fa444b999c85ea1b19d2f051c08fffafd3a32200c4f0f8a9
stage1c_observation,404,22,O3,1018,645628539195253814,efbb694840a5b255c833514e6c49f0dfb555b2ac044e8a2d519b65a728692d70
stage1c_observation,404,22,O3,1019,17859451939032781535,9ff5e9988fd2137bea831caf838d7f737758192fc532d625021f5551fd94e975
stage1c_observation,404,22,O3,1020,8467891327541704532,1d714050dba92a105028d808a0b4b4487ad32a82cb7e6be5bd10c871a8ca280a
stage1c_observation,404,22,O3,1021,13606606442345722131,43803446feb95e74f939b1c4e2b951251a59ff16ffadedda02a251668b816e16
stage1c_observation,404,22,O3,1022,4416617316385458569,f5849a92fbbac8a7a8e08db2f75dd8baf4e857971600c6e6d70daaaaf6d00c26
stage1c_observation,404,22,O3,1023,2747578758565078797,7a1e487a098125d6460aa71e1593589f29e4568f8d69493b422ae129cfefcc36
stage1c_observation,404,22,O3,1024,9398091274639841604,90b6ce87b318cb06ea87e5087151fc71855c730d8d911d3c6b9bf5bac3bc7c04
stage1c_observation,404,22,O3,1025,18129842380358381448,d5d48d72dafc60dcdd8cd06b316d69565ff208345dd52856cb24e0f782fb2178
stage1c_observation,404,22,O3,1026,9958153665538911636,8e4a545dc84d05207ee704e909d539487b0be858d6f53ef58c9c91480686a6a0
stage1c_observation,404,22,O3,1027,12642440798949238667,45724b54462bdf0ab719888699f1b976a7f8ccaac66509fc4299ec4299ce298b
stage1c_observation,404,22,O3,1028,4721165128302528875,bf1249e942ff576b66cc8f856b0af51f17afdaf93f337a6bd7b433bf258abf35
stage1c_observation,404,22,O3,1029,11171995337689849057,1c0cc77277bce1da87487097b05f1d66addb45e90e3f194cee965648c5491adf
stage1c_observation,404,22,O3,1030,6378213532624433574,363ffa351c137dd8470893c04f3cdcd9c248f96e2829ba12f1f3f97e28d3dca2
stage1c_observation,404,11,O4,1001,9336036433261282368,ba8e49467f38f97b71450073463c70ef21181b70e229c62907a37a7c318a71ab
stage1c_observation,404,11,O4,1002,1217501290003383759,f18ad9f971dcef7f0755677e55d531d395149f456e7a4690ca22b3971a71ec7d
stage1c_observation,404,11,O4,1003,16629333651246136019,53b43ff1f225166920eaf0bc814d451e39735ad15661b22395775ea8f699f79a
stage1c_observation,404,11,O4,1004,13445173761738926666,ed7388c14736d040fe185c709ccb372191f3382b299355a6783a47e84ce7638c
stage1c_observation,404,11,O4,1005,7732986661231740368,aed5832ef416f7ef4e0d8c71ffea42806e697ab5c95f014e84c0d6b9abcd0b83
stage1c_observation,404,11,O4,1006,3253896854166509747,4a36edbd60c7a3348a5862974c017a2cb3da6121cc631e4ea607095e8da333de
stage1c_observation,404,11,O4,1007,17181928179574687805,f2f29dfe217feb16135650b2bd98a616c8de5480d294842a07635b1ed9828695
stage1c_observation,404,11,O4,1008,18133756868304598731,662a964f13e2daa266e16edf38bfb33dafb2677aeae1d832c01cd6743c16e110
stage1c_observation,404,11,O4,1009,8777321340082858127,72b4a4454b695a4ad74236048725d6ea82af1792f0a247cf8607b2e8e50230a6
stage1c_observation,404,11,O4,1010,13069429322194112529,a4d328ae943668564c4c0943bff9b1584aa7b6e8cb56f6ad72cb11f27abeba17
stage1c_observation,404,11,O4,1011,9679927506234241880,1325365642f04cb17da5878abba8bb8990f2cbda9ac46f865ede70116095ebbe
stage1c_observation,404,11,O4,1012,1644020496513711372,aa4570c99839aeed2eb7b987ebbef5cf706a9ef4a970890f716bc7392cb864a8
stage1c_observation,404,11,O4,1013,18375828994896650878,9b0ce5ad01cabfeb57cbb0676d3e160e314e772ec3240df78f77c2862b142705
stage1c_observation,404,11,O4,1014,17495450175769005818,156e6418a364d1c27a6620f0102ecc764434c969d3fc9e457691cdb6a8d36fed
stage1c_observation,404,11,O4,1015,17124053843960208783,79dae6ed9f6e92731f1bdf553953169e0c20727db20f086ae82b56cee3e7f013
stage1c_observation,404,11,O4,1016,7575224206622049208,edecd263c417e5b8b93039fcfd495f93353ab00a763db857370599bd58db064e
stage1c_observation,404,11,O4,1017,9566027160328805938,4b0f87370d533524125bc3d8b84ba775970cc6607183494403165558d5dfa361
stage1c_observation,404,11,O4,1018,11057030925889452947,1e7c948328bf75aa50a5dcab03bd686684bb4e6c8fe6a51379784a4779062f4c
stage1c_observation,404,11,O4,1019,4719949177885953141,57ee00fff36acd05330794824d86e087b4492ae4d67d4a2387441187fb5df5fd
stage1c_observation,404,11,O4,1020,9716174704372084530,51ef27b56e83f7d47efc8e261bb5296b02472a6e7ead874d230911d41a9d7b5f
stage1c_observation,404,11,O4,1021,3201415181586772223,6ffccee312e778eb10db043030aaf5f261e3eb18ae6044660422f5cd1be8b4d9
stage1c_observation,404,11,O4,1022,401483305320016984,6871184bac06d51090d51c745b4b8dfe65927b78103f5bd9d1883de89af1c3ac
stage1c_observation,404,11,O4,1023,8978120741994708254,09f78f54e33eff7c0d70d81983fca787293ae59adb5b1c22fa8add1e6de923c2
stage1c_observation,404,11,O4,1024,3317832869928002962,50aa36496311c4b58a0e10034a6ddadb243c4b92d9fc8cc87b43a1074ea698f1
stage1c_observation,404,11,O4,1025,7381641043585450486,43a0cc1d713b115c8db6c6e2bade6426dde08e07de4ebb9d3abb160a87029a3d
stage1c_observation,404,11,O4,1026,16940185498740383933,af8a85861dd0d77ec4a347e4e254e6b5b3b68c6475406a825c823be6276cf6ce
stage1c_observation,404,11,O4,1027,7630137085894885711,da31099d455d5cb37c8d36668db61c1808f405323d127cfc2674d6440e23b472
stage1c_observation,404,11,O4,1028,14257592441154019904,1cc7e8dd3819afce782a010fbbcbbdccc87a53e62992ab09746c18b57c3b2fb6
stage1c_observation,404,11,O4,1029,4272699296993627571,7a4ba8a16a7ffd0849057477c13bb6f0a8b41a607af8f85ef9ea1c6a1c570356
stage1c_observation,404,11,O4,1030,5156178635190225059,9887e9b5509510bc66e3214500e979a4bc644b4a2d6e2e2e24a57d1d0a3ca86e
stage1c_observation,404,22,O4,1001,8407026974123401492,0b76976537aaa06b0c8c06f7b3c8661ea99f23f5eb135173fbeee50fff86dbf1
stage1c_observation,404,22,O4,1002,5513846138802665294,5e15ee5465a1ac97d33ce37b6e95830b39d297f3b5b38599cc93175db5c407d6
stage1c_observation,404,22,O4,1003,15352047424512982201,ce8c2ec11bedd74085c8aa75d80da8e4686152f18785821fe9d5177c0b681530
stage1c_observation,404,22,O4,1004,202136910224981281,8e45b9dadccc21c6336311cb4f20f17b17a78baf329bca1499b3683094006332
stage1c_observation,404,22,O4,1005,11214364643966759952,f90e58b4e75294282293725fababbc3d3683d40d04b681b80ba04029f1f8304f
stage1c_observation,404,22,O4,1006,2015947068863899188,656106fafaf7f6f70329471546fed8789a15733ff7df244e38922ace5939999f
stage1c_observation,404,22,O4,1007,3749382859231386277,c8c3d48cbd9241858efd1da3e2cb136f70fc7b4056a1134e9516dcfea2ca4190
stage1c_observation,404,22,O4,1008,5245808199484514794,ce23ac8a20153379fe53b7afb25b61536ca64b126f14ecbec8ed577a0d508725
stage1c_observation,404,22,O4,1009,2316436064837528385,4f46eed74ff9ea2f4b3b64251a34f6e6f86f8d0cc5840e78aa93872890667e4c
stage1c_observation,404,22,O4,1010,6869901035325642116,a9be8596c4857f508a045739face114b492a990464e9f3674c0a3b35b1c9cefe
stage1c_observation,404,22,O4,1011,6974351974569184370,c393634c586e70924e5a54bb624c26037ab6b1d9d199581e3874ca13f334c63c
stage1c_observation,404,22,O4,1012,4553356760092071341,4caba06f54990fc1b7669f9e1f4b6294dab067dee1448024543cf4398a04817b
stage1c_observation,404,22,O4,1013,9843075088418822421,b3ad409bcc1d549910574aacb6c3a1d641515e7cec13dc679af1f52f5e1fdabd
stage1c_observation,404,22,O4,1014,7967802440448590740,8a81331483ac7890e927779227fafd075fab8ba9fedc8c6cdaeb9c0856fefa94
stage1c_observation,404,22,O4,1015,3804719122012133657,13fca77206e378df3f90e3d6e5a280552d5b566691440df55b614536b75a78f8
stage1c_observation,404,22,O4,1016,5582659768064589483,2da799042bde3025da28315a4917f7895fe4a551f5b8430f2fe7f21f01347bfb
stage1c_observation,404,22,O4,1017,13180019033477287303,16e95cd083b16f39fa444b999c85ea1b19d2f051c08fffafd3a32200c4f0f8a9
stage1c_observation,404,22,O4,1018,645628539195253814,efbb694840a5b255c833514e6c49f0dfb555b2ac044e8a2d519b65a728692d70
stage1c_observation,404,22,O4,1019,17859451939032781535,9ff5e9988fd2137bea831caf838d7f737758192fc532d625021f5551fd94e975
stage1c_observation,404,22,O4,1020,8467891327541704532,1d714050dba92a105028d808a0b4b4487ad32a82cb7e6be5bd10c871a8ca280a
stage1c_observation,404,22,O4,1021,13606606442345722131,43803446feb95e74f939b1c4e2b951251a59ff16ffadedda02a251668b816e16
stage1c_observation,404,22,O4,1022,4416617316385458569,f5849a92fbbac8a7a8e08db2f75dd8baf4e857971600c6e6d70daaaaf6d00c26
stage1c_observation,404,22,O4,1023,2747578758565078797,7a1e487a098125d6460aa71e1593589f29e4568f8d69493b422ae129cfefcc36
stage1c_observation,404,22,O4,1024,9398091274639841604,90b6ce87b318cb06ea87e5087151fc71855c730d8d911d3c6b9bf5bac3bc7c04
stage1c_observation,404,22,O4,1025,18129842380358381448,d5d48d72dafc60dcdd8cd06b316d69565ff208345dd52856cb24e0f782fb2178
stage1c_observation,404,22,O4,1026,9958153665538911636,8e4a545dc84d05207ee704e909d539487b0be858d6f53ef58c9c91480686a6a0
stage1c_observation,404,22,O4,1027,12642440798949238667,45724b54462bdf0ab719888699f1b976a7f8ccaac66509fc4299ec4299ce298b
stage1c_observation,404,22,O4,1028,4721165128302528875,bf1249e942ff576b66cc8f856b0af51f17afdaf93f337a6bd7b433bf258abf35
stage1c_observation,404,22,O4,1029,11171995337689849057,1c0cc77277bce1da87487097b05f1d66addb45e90e3f194cee965648c5491adf
stage1c_observation,404,22,O4,1030,6378213532624433574,363ffa351c137dd8470893c04f3cdcd9c248f96e2829ba12f1f3f97e28d3dca2
stage1c_open_control,505,11,OC,1001,17836288884856759446,e4af722a04b69af7db6bcc0abe1eda4b91118c643572f626e36f1fec87ab270b
stage1c_open_control,505,11,OC,1002,8004390651320640355,4824ff4c6dad8f82554d23acf573fea4c53de65e4374c760307ddc30332ad509
stage1c_open_control,505,11,OC,1003,482822408671977717,2b5a4615ec6d9e120e3b1b0ff6068e7d2e9880ea53f0cb79e16bb0977e760949
stage1c_open_control,505,11,OC,1004,4173552638731492624,8b8d8a74a3807abc04682617d775bfb44434d95f5b0f53262e0f8ba44347b88d
stage1c_open_control,505,11,OC,1005,16694317587560030228,6ea3193a8785bdeb678c85fae242cf1dad000f7f8ed6157b40f152af4a0cc5b5
stage1c_open_control,505,11,OC,1006,286018180071387495,53c4de4f7103982671dc438072d9860eab4336ccc244341e28b5b6d4459f4460
stage1c_open_control,505,11,OC,1007,2014347919771022154,7e16adcb1ccf43072fb24b5ba12c9c0f92264be82ed6200dc4bd7d46c7753102
stage1c_open_control,505,11,OC,1008,1628384404618217812,0d7dc4836cb72938a90d44a5a7732065a260b02be356c70df86ab73392f5e3da
stage1c_open_control,505,11,OC,1009,4796234247936922757,96158992f86b7669e747dead8d490e38587bd2353e928afbb30305887974f4f8
stage1c_open_control,505,11,OC,1010,5699213469938977070,849bddd0b42567185840b15e08f0def7793801eb618363420fde284e0f84bb69
stage1c_open_control,505,11,OC,1011,4535108275902915818,d1771fcc50086e18c0521b4163b6d4e096d866735eb40645b1ff495db4e629ee
stage1c_open_control,505,11,OC,1012,15570993453041484352,46bef30ab0038797bd87087ff6f7a96453a4e1047eb1b39dce65f2e9509ec844
stage1c_open_control,505,11,OC,1013,3991567013415943237,62da1476b1878fe25233076c193dada6a9cea396f571e802ee63f25b9dd622ed
stage1c_open_control,505,11,OC,1014,2010566775294326049,2481fab7797008d00a89e41665e03d4c51e58e7bf1b6e747eb138fc529d2c7b9
stage1c_open_control,505,11,OC,1015,12287982707208898737,87c0f8fc8d8125ced689fe438db275969ef8a328c47e0317c6e29a0d0a149ec1
stage1c_open_control,505,11,OC,1016,4188784958118800922,c303d03df7eb33db88a677e805a11e1c2dfbc4952f2250571933964732da00bf
stage1c_open_control,505,11,OC,1017,11881172020499787513,da9f089e7dab812899fc7cfdb6d35af2add2bace52d7d377e6267dd02df6e1ee
stage1c_open_control,505,11,OC,1018,10253540936435538483,e894f47139df0daef48f1c8636d5ee3561fc57e36e63030fa5da483d05cfced8
stage1c_open_control,505,11,OC,1019,13201914030743559179,40bae2d01cc20c00502173b2ae8809df46d6db45c0454edbdd3e24a148661333
stage1c_open_control,505,11,OC,1020,1707247695817169053,4bd8bc348f9311087dd6e32b46bc1180cd4b98ad20ad2e5766e7f265ec12b556
stage1c_open_control,505,11,OC,1021,1629465058352322094,ea8929662935afa3af9b5126b49bdb16c972e4cd8a4146ae5cae2456a1e83ff1
stage1c_open_control,505,11,OC,1022,13874968568612565168,26629bac11acfdb3795ec0608ee90ae050e0fda567829360cdf21f6d4f313e69
stage1c_open_control,505,11,OC,1023,14358605992485933491,cf76d50666934f56198401baebeccbe7413b4156457e112d1e1c35bd3df8f62e
stage1c_open_control,505,11,OC,1024,1979831370381942448,917cb1e7746ac053be35c51a9e7808ce33fe49776674fee04d202a992079b810
stage1c_open_control,505,11,OC,1025,13985741443068921417,e0f0fbf2fbed670b02a37271a8d9bda0d6383090f6ab2482f50e04c92eb6b0ec
stage1c_open_control,505,11,OC,1026,11794832505078140976,0b4c9d7d3ac507b7efb176c09eb4130f71ad17733568148c743184d763a97b2e
stage1c_open_control,505,11,OC,1027,9754555118607068952,01939a91c571c500d9ca7873b0222b97df312131e1db303ef1fda8e000f99c37
stage1c_open_control,505,11,OC,1028,15064716211307242142,d6792ac04268ed8d9559dcfb9aed9a3df46ac6be44183a0669133c91f96c6c96
stage1c_open_control,505,11,OC,1029,6790101147284586256,cc82dd78cd47ebb5f315cd2ea8a747e19580f8c0b39120138eb78472979a7687
stage1c_open_control,505,11,OC,1030,3724172413253421894,b7c6fecb5718c26655ed44d7b351649f01b67670682a372543a09d0a92d92e36
stage1c_open_control,505,22,OC,1001,990102307281667500,23ff8ca2374eddbf619900e0051974599c6d316473711457692a8aa5116cc20e
stage1c_open_control,505,22,OC,1002,16048152871996637476,77ec9a3b8412785192dd5ec7c9e5a6b33b3754428262cfe9643a29b1f4dd3878
stage1c_open_control,505,22,OC,1003,7519191344260746247,e7e935aa25b96e0d299fa1510491e1233ae61bdec231c45b621090d639ac6fe9
stage1c_open_control,505,22,OC,1004,7188045891548385704,827ba818082513a7e98fbfd6d7cc74f869341ba1dc956cd8fa88b307517d3ad8
stage1c_open_control,505,22,OC,1005,16206361577336616627,d40801f4249f7cd51ad9dd4515947e0942f83879fab4ca774e6f60119f5e17cb
stage1c_open_control,505,22,OC,1006,4557629632640596841,ccbaa57914f0b58971387ea16304d7ea050e7810e0db62336405dd33e913d0ec
stage1c_open_control,505,22,OC,1007,13929863653548936761,2e00b7f537d3ecbc7abe577cbaf6f50eb96871bb173dcc151f6523d812e72c60
stage1c_open_control,505,22,OC,1008,1198487581340445824,a5037c9ff7070b03c53026be6007431dd3da261baba8fb8771b85bd8e97e96d3
stage1c_open_control,505,22,OC,1009,15396634508218058547,039dd0096899bd5f554ff07ca819196c0e4137991d8004854e604da79e7746bf
stage1c_open_control,505,22,OC,1010,9603696262856552521,4f53885778767a73ed6bb49e40ba817fb8fbbb6e1c91a3a43bbf5f6561050bd7
stage1c_open_control,505,22,OC,1011,8719427520016904697,d16495944a65cf3ac4f5b1e028c93b67987e633c1f6a256d09348bc2b17c57db
stage1c_open_control,505,22,OC,1012,8339648714788494683,01bc3bedc098d0e390ee8401e03c2dbc319ffe25a892fada4997bd8ba84f02c6
stage1c_open_control,505,22,OC,1013,13159263356795735676,0cf8327106442da1fbfa5f47a4bb4b6d47d7ece0d48d5e6d3fe4e0b8a1315ef8
stage1c_open_control,505,22,OC,1014,14681920091443986470,b0003a272232b75b9dd53be333d55da613095d811b72d0d2d3fb076bb1cb1bfc
stage1c_open_control,505,22,OC,1015,13195016756451670872,904dfd322209971e795fb0e6a1c126c4717dc5eeed2253324a06e656681ffa73
stage1c_open_control,505,22,OC,1016,781149485914801237,6f7910a5a7dd979dea64b6a20eb45baf2269984a75ec5bafc595bd41d32f156f
stage1c_open_control,505,22,OC,1017,15152993408344817672,6aba665fb73032a53c319d85e8d260301d93346fde8cab8cef6804626e05a389
stage1c_open_control,505,22,OC,1018,2604052500226267180,953a53423c312027a16055aeb74b027378a058d9c01c133f2826b1702e24d9d9
stage1c_open_control,505,22,OC,1019,15589567404240659946,dcb6435fc58843bed18ba9b5f4fdd2cf2bcae565d2f0cef8f27225aa016956a2
stage1c_open_control,505,22,OC,1020,10832020300472198436,0bef258eafd8df0036bdf9be79f236b9444ada884230a109e39579919cafc353
stage1c_open_control,505,22,OC,1021,14960072558942375597,2eab54bc400455ee6aff359575b46e223509e7899c1cda1406dc254bcac27008
stage1c_open_control,505,22,OC,1022,3631134987253163089,911bb3afd045c549fc4f161f95e0e9126c50af48e4c00f0f81a18f5b0fea4181
stage1c_open_control,505,22,OC,1023,14067938855870203310,6eeafa7b3d48cd82ec973f5114d8f23067a21590b09216e637d9f7fa60303e78
stage1c_open_control,505,22,OC,1024,5008033546686633127,f38fdfc3e5e37382c7aaddbf6acfb2b13709ff83ad8f86788dd281e8ef6ee1c0
stage1c_open_control,505,22,OC,1025,16424249880421373971,eceb79c74c2c425e9f76327eae5da8219f1041576086951662a8f14c36f0ad2f
stage1c_open_control,505,22,OC,1026,11550338718761764585,96ba53c5ad2d5122b18ca25da643070000eeed50d1db1d4a3e7f88298aca2ccf
stage1c_open_control,505,22,OC,1027,353884366237797656,173ecfb3f3213ca684c915b522f887d195e5c70993f9507548910c1ccaa23823
stage1c_open_control,505,22,OC,1028,1560715485753556619,bcd531acfd3590ca30bcf439db805ac836e5c02a2b3c2a443010658c8848cce5
stage1c_open_control,505,22,OC,1029,12395993745144588887,996452e4e14c859e1054a4bc4191c66d5e0e071344db4b6a3cbe859ee3d689fb
stage1c_open_control,505,22,OC,1030,16992184990534765539,3f11bb8cd27854e953843ce0338cce1c41c970fbfa74b0a56744c702a4f6856f
stage1c_geometry,505,11,L1,1001,4922926651472549753,9ab171eb6adbed449bf7d6a45fd5deb854f1b36f3ac530df31ad15a6914cb326
stage1c_geometry,505,11,L1,1002,7401430453112825264,9ab0ac9b72ede870403a5b191e20d485e7a6b362c6db5adc28fd4d45f73ea62d
stage1c_geometry,505,11,L1,1003,11076189852499813258,f1043f05205a5ebac00bf993728c0d403189c2a57ea941d0868695dc9fac80a6
stage1c_geometry,505,11,L1,1004,13486535569692026796,15df122490e86ec390516798410794415c2de05682cda3b774477851f63f918a
stage1c_geometry,505,11,L1,1005,17868919141995675837,0b762a235cf739a95c4983dbd81b54c87405a63fe2716bde6b0e6c03f3c105fd
stage1c_geometry,505,11,L1,1006,15650804106929077007,a346398c36d6222f23db59ae0175fe25e72a6973f5e6f83682170adcc277d0f0
stage1c_geometry,505,11,L1,1007,11355542659879103599,5fe0680994c7c2164f608c9b43c2715e1ea067b1f0cbe6c95ae4ca1cc08f2833
stage1c_geometry,505,11,L1,1008,3422382578237154190,d070b18409d906610e93ee3abc24e7ea76dc90ba400a3799498a93a484b60fa7
stage1c_geometry,505,11,L1,1009,8842807147241019510,2ac1e9798a0daff5b13726ce6d60c43989bd416d6af3c8522a91df796c453e2e
stage1c_geometry,505,11,L1,1010,11299291455675489766,5f748f1ce5df9902235380e897c1638721111eea716d919bef5eebda6a10c64e
stage1c_geometry,505,11,L1,1011,13133164380893867479,bc5813a2c3e058515fd68abad980b986135c00d0f36fa38234fa1a10fbbc3151
stage1c_geometry,505,11,L1,1012,14093972979199903658,25e2637a104ff5edc4a0592956f9b5173a4cf8d15e683a7e73300cdbb4d19b31
stage1c_geometry,505,11,L1,1013,3818859777115314431,ef796422f01ba4c1134bcaf63d50fcd35e6ce7a1ad9db10f6eb6813741b78e0b
stage1c_geometry,505,11,L1,1014,5841482386975157185,2cc3ccfca8496d95108ba3c4302a8c61cf0094e677c82d84fb5b80a2b7e364e1
stage1c_geometry,505,11,L1,1015,2562570851272938611,94368314cec42a53ad5df420f8922cbb4e8613c026bb0d75944466677cdb0497
stage1c_geometry,505,11,L1,1016,13502120950472118084,ce9bb693277fcc17cfda201d3e7258ab38b84c6c51d9b15391e9c0227edbc0e5
stage1c_geometry,505,11,L1,1017,2126554174165617041,a44dee4f28fc272d8cc8e11d9d00f83673578fb04457dfd9566489334629d172
stage1c_geometry,505,11,L1,1018,17472007439694239613,05b12ac18508bd0e6253b5ae17d06452e595f5f195b1f698a5b7bd05ca0ff46d
stage1c_geometry,505,11,L1,1019,10242067043806790881,4401164a23b094db1ef5ff75466d8166bd65e10af68a08931fb4aa0adf524b70
stage1c_geometry,505,11,L1,1020,16158917412371317278,efb8f4c18dd5e8ac1ec84ee3478858c21f168c51f9d46055b2cf448d1a9a691f
stage1c_geometry,505,11,L1,1021,1798239851352064952,8ad9cde4d4334ee2b8183a765a07ebd0055e00f7b0781fbb54af8cc29a93ff17
stage1c_geometry,505,11,L1,1022,17440008087880108711,8e8402fbd58e5e39d347b3777d79fc5a18cb3a9ab4f9985865df487e1e4ef3d2
stage1c_geometry,505,11,L1,1023,10254570550781748735,c8e547c79f6cc77ab26a2736cf5743a6200dbfe2a5d83365e63a9ee5ee358172
stage1c_geometry,505,11,L1,1024,1473496385099863037,94ff5fa9beca77fe1831c9778c7d4b7cdf9322ebbc6a75ac17668c97f731c199
stage1c_geometry,505,11,L1,1025,9472733631837587642,c466fcdb415a9cdaa749083626b5926e78d5be1c7072b83b12cc24918a709b88
stage1c_geometry,505,11,L1,1026,13757354382786522262,b64e350437e47f7168d614326ae056261dfcd7d2456a329f986c5f74b066fdeb
stage1c_geometry,505,11,L1,1027,11564254469337290842,c2942458550b6d289e60c61c540c00df873b6994dc85295cc7b4e82334074076
stage1c_geometry,505,11,L1,1028,378370529380352180,2ad7dfd22a511af39d4f440b739b8877650670fc1b3a153be927cbcdd9dc6355
stage1c_geometry,505,11,L1,1029,3895615302960044134,eafaf898d8c3a96bcd3959c9c74cc6121b61cc4f61882ce5691277a4c708e686
stage1c_geometry,505,11,L1,1030,16223846263897824738,a176ce40f4030aa0664c7cc02d253e9742db0cb3340177492f95b919cdc5456e
stage1c_geometry,505,22,L1,1001,8769790689032793250,53300dcaaf89f241a4174f798daf34385043f76f5aee4c2d40a655b012609a30
stage1c_geometry,505,22,L1,1002,3334094063251000081,821a6a1944b4760a0d4717f5959417064634141e5c1244b898664373798b2de2
stage1c_geometry,505,22,L1,1003,17683865747048420834,71bfb7b5e9507bdc249212bd9907ad8508a34535f11f21c1b5219d047edea702
stage1c_geometry,505,22,L1,1004,8746690869014219108,3b537f0b44865d0f10a946a951939c813100a0cba9fa80b2b463b23de85159ac
stage1c_geometry,505,22,L1,1005,4672159083679400151,2c4587adab5266dd8823c67a864ae3202bccbbdef803dbc6a919a6fa3fe7f12b
stage1c_geometry,505,22,L1,1006,17804178109473792138,70d81b0270a580f36949f8473416935f8e39038cfe8ed36702a41f7eefa2a4db
stage1c_geometry,505,22,L1,1007,18385224181131395206,930d19c33cd73cf971dcaab9baecedec15fe744b31d1dbda8169a32a716dc069
stage1c_geometry,505,22,L1,1008,54592638101903543,7f2343efbd40cc7026deb9e6d3c200eb385c74220ed6e4ce32732541ffb89657
stage1c_geometry,505,22,L1,1009,11194554857629695310,f64d6d6dd592e5a5fb391064da97df9913dff3be25377a3940a66577cec21194
stage1c_geometry,505,22,L1,1010,7491765953271474469,de4785a89accb169485a1c53a57cc097bc881da8ce390d611399f9ba80b0c5d9
stage1c_geometry,505,22,L1,1011,10182881568055597835,c2cbcc1fc7183a675f5482d199783993170cec9c95ef0198025309e46d2b6bcb
stage1c_geometry,505,22,L1,1012,18303692145041695459,dc3a3e97f50dfd6af012add70d0dd96efe5f92d40e6bae40a09f81b45e64b283
stage1c_geometry,505,22,L1,1013,6499873444752368037,5d77275069b20c3f5f49559684b49590adf4afaea2b3b17cbb34595e14d61366
stage1c_geometry,505,22,L1,1014,11356273458965396679,cb3c9a067d8a92193d4fd2501b0ab16aedfbd63f4d6773fd8eb3341e1bbf6589
stage1c_geometry,505,22,L1,1015,11681688602774566519,c7fbe20c8dce43998db5e944966a113375cb312b3685482977dbdf0cbd96ccb2
stage1c_geometry,505,22,L1,1016,4381237267900900791,fa72d40a68e2022ac6e211e02b3208e60bf0eea92f03a853e98f53d5943bf0fe
stage1c_geometry,505,22,L1,1017,663509777528690278,2c887d42bf475e0bf11c80dba5d25d7d01fc9d4bfd7856acd537ce2fa5d1e56c
stage1c_geometry,505,22,L1,1018,6318102435340539946,3aba96f37eb0ce792290b9447b6b5f130c55503d798bbbb1332d5f2a93679579
stage1c_geometry,505,22,L1,1019,2658046682017317242,85a36a28ceb26774ac78500131e7a956ee94e8628b8320f7dda4a390ef579aab
stage1c_geometry,505,22,L1,1020,5344135239245408583,19eae887d34b3a3fb5d9eb9a0eed06f8345e0b7fd4788db92e4ec5960bdc5736
stage1c_geometry,505,22,L1,1021,1386939752648633986,ed436598f8546cf2197ce386c308526b3d5d87bbabae1cb51b240f857c76f2de
stage1c_geometry,505,22,L1,1022,606515819483995624,ddd3a51b798ee0480c8d21bea6a55ae6a77aebc0fac3a8c9dfbf3a7eef8faa7d
stage1c_geometry,505,22,L1,1023,16250416572243521918,e1989a0e0e8f4ba387d7c89109cfb9f54d7a0033299f9ea0d947eac97efd030f
stage1c_geometry,505,22,L1,1024,18185737151507099385,0be01b22f53912a57e889919891941167f42a7bde6a53cf1de358c7560b39061
stage1c_geometry,505,22,L1,1025,16569157964538472135,01ffa23d9791243b931c8c16905d013965016e1a1bf4c790aeb8ddded554dce5
stage1c_geometry,505,22,L1,1026,1080884242972178897,6921e262c5cb0bc0d661cf6c80684448e8e5c10e594cde8e77f18fbab14a4075
stage1c_geometry,505,22,L1,1027,11468135201624366854,8de9e4365ad0c23c5b301cdeb3f48a492ee67f11f48bee698e5b81d2616dc6ab
stage1c_geometry,505,22,L1,1028,8734992435708989743,bcc0b05e785e6b7f47114913124716e56c1bb29ce04caadf6b7566a3b6363e7e
stage1c_geometry,505,22,L1,1029,11399769572982043355,0f9618ad1cd2abd6e33d70c7de9ac1d951a1161ca4c39a5b2d0c9d994fe1f7d7
stage1c_geometry,505,22,L1,1030,7825177732519084153,c34f9d9aee4ce624126eef7ebc8e75f5450d7af294ae7ee1ad848260a1296787
stage1c_geometry,505,11,L2,1001,4922926651472549753,9ab171eb6adbed449bf7d6a45fd5deb854f1b36f3ac530df31ad15a6914cb326
stage1c_geometry,505,11,L2,1002,7401430453112825264,9ab0ac9b72ede870403a5b191e20d485e7a6b362c6db5adc28fd4d45f73ea62d
stage1c_geometry,505,11,L2,1003,11076189852499813258,f1043f05205a5ebac00bf993728c0d403189c2a57ea941d0868695dc9fac80a6
stage1c_geometry,505,11,L2,1004,13486535569692026796,15df122490e86ec390516798410794415c2de05682cda3b774477851f63f918a
stage1c_geometry,505,11,L2,1005,17868919141995675837,0b762a235cf739a95c4983dbd81b54c87405a63fe2716bde6b0e6c03f3c105fd
stage1c_geometry,505,11,L2,1006,15650804106929077007,a346398c36d6222f23db59ae0175fe25e72a6973f5e6f83682170adcc277d0f0
stage1c_geometry,505,11,L2,1007,11355542659879103599,5fe0680994c7c2164f608c9b43c2715e1ea067b1f0cbe6c95ae4ca1cc08f2833
stage1c_geometry,505,11,L2,1008,3422382578237154190,d070b18409d906610e93ee3abc24e7ea76dc90ba400a3799498a93a484b60fa7
stage1c_geometry,505,11,L2,1009,8842807147241019510,2ac1e9798a0daff5b13726ce6d60c43989bd416d6af3c8522a91df796c453e2e
stage1c_geometry,505,11,L2,1010,11299291455675489766,5f748f1ce5df9902235380e897c1638721111eea716d919bef5eebda6a10c64e
stage1c_geometry,505,11,L2,1011,13133164380893867479,bc5813a2c3e058515fd68abad980b986135c00d0f36fa38234fa1a10fbbc3151
stage1c_geometry,505,11,L2,1012,14093972979199903658,25e2637a104ff5edc4a0592956f9b5173a4cf8d15e683a7e73300cdbb4d19b31
stage1c_geometry,505,11,L2,1013,3818859777115314431,ef796422f01ba4c1134bcaf63d50fcd35e6ce7a1ad9db10f6eb6813741b78e0b
stage1c_geometry,505,11,L2,1014,5841482386975157185,2cc3ccfca8496d95108ba3c4302a8c61cf0094e677c82d84fb5b80a2b7e364e1
stage1c_geometry,505,11,L2,1015,2562570851272938611,94368314cec42a53ad5df420f8922cbb4e8613c026bb0d75944466677cdb0497
stage1c_geometry,505,11,L2,1016,13502120950472118084,ce9bb693277fcc17cfda201d3e7258ab38b84c6c51d9b15391e9c0227edbc0e5
stage1c_geometry,505,11,L2,1017,2126554174165617041,a44dee4f28fc272d8cc8e11d9d00f83673578fb04457dfd9566489334629d172
stage1c_geometry,505,11,L2,1018,17472007439694239613,05b12ac18508bd0e6253b5ae17d06452e595f5f195b1f698a5b7bd05ca0ff46d
stage1c_geometry,505,11,L2,1019,10242067043806790881,4401164a23b094db1ef5ff75466d8166bd65e10af68a08931fb4aa0adf524b70
stage1c_geometry,505,11,L2,1020,16158917412371317278,efb8f4c18dd5e8ac1ec84ee3478858c21f168c51f9d46055b2cf448d1a9a691f
stage1c_geometry,505,11,L2,1021,1798239851352064952,8ad9cde4d4334ee2b8183a765a07ebd0055e00f7b0781fbb54af8cc29a93ff17
stage1c_geometry,505,11,L2,1022,17440008087880108711,8e8402fbd58e5e39d347b3777d79fc5a18cb3a9ab4f9985865df487e1e4ef3d2
stage1c_geometry,505,11,L2,1023,10254570550781748735,c8e547c79f6cc77ab26a2736cf5743a6200dbfe2a5d83365e63a9ee5ee358172
stage1c_geometry,505,11,L2,1024,1473496385099863037,94ff5fa9beca77fe1831c9778c7d4b7cdf9322ebbc6a75ac17668c97f731c199
stage1c_geometry,505,11,L2,1025,9472733631837587642,c466fcdb415a9cdaa749083626b5926e78d5be1c7072b83b12cc24918a709b88
stage1c_geometry,505,11,L2,1026,13757354382786522262,b64e350437e47f7168d614326ae056261dfcd7d2456a329f986c5f74b066fdeb
stage1c_geometry,505,11,L2,1027,11564254469337290842,c2942458550b6d289e60c61c540c00df873b6994dc85295cc7b4e82334074076
stage1c_geometry,505,11,L2,1028,378370529380352180,2ad7dfd22a511af39d4f440b739b8877650670fc1b3a153be927cbcdd9dc6355
stage1c_geometry,505,11,L2,1029,3895615302960044134,eafaf898d8c3a96bcd3959c9c74cc6121b61cc4f61882ce5691277a4c708e686
stage1c_geometry,505,11,L2,1030,16223846263897824738,a176ce40f4030aa0664c7cc02d253e9742db0cb3340177492f95b919cdc5456e
stage1c_geometry,505,22,L2,1001,8769790689032793250,53300dcaaf89f241a4174f798daf34385043f76f5aee4c2d40a655b012609a30
stage1c_geometry,505,22,L2,1002,3334094063251000081,821a6a1944b4760a0d4717f5959417064634141e5c1244b898664373798b2de2
stage1c_geometry,505,22,L2,1003,17683865747048420834,71bfb7b5e9507bdc249212bd9907ad8508a34535f11f21c1b5219d047edea702
stage1c_geometry,505,22,L2,1004,8746690869014219108,3b537f0b44865d0f10a946a951939c813100a0cba9fa80b2b463b23de85159ac
stage1c_geometry,505,22,L2,1005,4672159083679400151,2c4587adab5266dd8823c67a864ae3202bccbbdef803dbc6a919a6fa3fe7f12b
stage1c_geometry,505,22,L2,1006,17804178109473792138,70d81b0270a580f36949f8473416935f8e39038cfe8ed36702a41f7eefa2a4db
stage1c_geometry,505,22,L2,1007,18385224181131395206,930d19c33cd73cf971dcaab9baecedec15fe744b31d1dbda8169a32a716dc069
stage1c_geometry,505,22,L2,1008,54592638101903543,7f2343efbd40cc7026deb9e6d3c200eb385c74220ed6e4ce32732541ffb89657
stage1c_geometry,505,22,L2,1009,11194554857629695310,f64d6d6dd592e5a5fb391064da97df9913dff3be25377a3940a66577cec21194
stage1c_geometry,505,22,L2,1010,7491765953271474469,de4785a89accb169485a1c53a57cc097bc881da8ce390d611399f9ba80b0c5d9
stage1c_geometry,505,22,L2,1011,10182881568055597835,c2cbcc1fc7183a675f5482d199783993170cec9c95ef0198025309e46d2b6bcb
stage1c_geometry,505,22,L2,1012,18303692145041695459,dc3a3e97f50dfd6af012add70d0dd96efe5f92d40e6bae40a09f81b45e64b283
stage1c_geometry,505,22,L2,1013,6499873444752368037,5d77275069b20c3f5f49559684b49590adf4afaea2b3b17cbb34595e14d61366
stage1c_geometry,505,22,L2,1014,11356273458965396679,cb3c9a067d8a92193d4fd2501b0ab16aedfbd63f4d6773fd8eb3341e1bbf6589
stage1c_geometry,505,22,L2,1015,11681688602774566519,c7fbe20c8dce43998db5e944966a113375cb312b3685482977dbdf0cbd96ccb2
stage1c_geometry,505,22,L2,1016,4381237267900900791,fa72d40a68e2022ac6e211e02b3208e60bf0eea92f03a853e98f53d5943bf0fe
stage1c_geometry,505,22,L2,1017,663509777528690278,2c887d42bf475e0bf11c80dba5d25d7d01fc9d4bfd7856acd537ce2fa5d1e56c
stage1c_geometry,505,22,L2,1018,6318102435340539946,3aba96f37eb0ce792290b9447b6b5f130c55503d798bbbb1332d5f2a93679579
stage1c_geometry,505,22,L2,1019,2658046682017317242,85a36a28ceb26774ac78500131e7a956ee94e8628b8320f7dda4a390ef579aab
stage1c_geometry,505,22,L2,1020,5344135239245408583,19eae887d34b3a3fb5d9eb9a0eed06f8345e0b7fd4788db92e4ec5960bdc5736
stage1c_geometry,505,22,L2,1021,1386939752648633986,ed436598f8546cf2197ce386c308526b3d5d87bbabae1cb51b240f857c76f2de
stage1c_geometry,505,22,L2,1022,606515819483995624,ddd3a51b798ee0480c8d21bea6a55ae6a77aebc0fac3a8c9dfbf3a7eef8faa7d
stage1c_geometry,505,22,L2,1023,16250416572243521918,e1989a0e0e8f4ba387d7c89109cfb9f54d7a0033299f9ea0d947eac97efd030f
stage1c_geometry,505,22,L2,1024,18185737151507099385,0be01b22f53912a57e889919891941167f42a7bde6a53cf1de358c7560b39061
stage1c_geometry,505,22,L2,1025,16569157964538472135,01ffa23d9791243b931c8c16905d013965016e1a1bf4c790aeb8ddded554dce5
stage1c_geometry,505,22,L2,1026,1080884242972178897,6921e262c5cb0bc0d661cf6c80684448e8e5c10e594cde8e77f18fbab14a4075
stage1c_geometry,505,22,L2,1027,11468135201624366854,8de9e4365ad0c23c5b301cdeb3f48a492ee67f11f48bee698e5b81d2616dc6ab
stage1c_geometry,505,22,L2,1028,8734992435708989743,bcc0b05e785e6b7f47114913124716e56c1bb29ce04caadf6b7566a3b6363e7e
stage1c_geometry,505,22,L2,1029,11399769572982043355,0f9618ad1cd2abd6e33d70c7de9ac1d951a1161ca4c39a5b2d0c9d994fe1f7d7
stage1c_geometry,505,22,L2,1030,7825177732519084153,c34f9d9aee4ce624126eef7ebc8e75f5450d7af294ae7ee1ad848260a1296787
stage1c_geometry,505,11,L3,1001,4922926651472549753,9ab171eb6adbed449bf7d6a45fd5deb854f1b36f3ac530df31ad15a6914cb326
stage1c_geometry,505,11,L3,1002,7401430453112825264,9ab0ac9b72ede870403a5b191e20d485e7a6b362c6db5adc28fd4d45f73ea62d
stage1c_geometry,505,11,L3,1003,11076189852499813258,f1043f05205a5ebac00bf993728c0d403189c2a57ea941d0868695dc9fac80a6
stage1c_geometry,505,11,L3,1004,13486535569692026796,15df122490e86ec390516798410794415c2de05682cda3b774477851f63f918a
stage1c_geometry,505,11,L3,1005,17868919141995675837,0b762a235cf739a95c4983dbd81b54c87405a63fe2716bde6b0e6c03f3c105fd
stage1c_geometry,505,11,L3,1006,15650804106929077007,a346398c36d6222f23db59ae0175fe25e72a6973f5e6f83682170adcc277d0f0
stage1c_geometry,505,11,L3,1007,11355542659879103599,5fe0680994c7c2164f608c9b43c2715e1ea067b1f0cbe6c95ae4ca1cc08f2833
stage1c_geometry,505,11,L3,1008,3422382578237154190,d070b18409d906610e93ee3abc24e7ea76dc90ba400a3799498a93a484b60fa7
stage1c_geometry,505,11,L3,1009,8842807147241019510,2ac1e9798a0daff5b13726ce6d60c43989bd416d6af3c8522a91df796c453e2e
stage1c_geometry,505,11,L3,1010,11299291455675489766,5f748f1ce5df9902235380e897c1638721111eea716d919bef5eebda6a10c64e
stage1c_geometry,505,11,L3,1011,13133164380893867479,bc5813a2c3e058515fd68abad980b986135c00d0f36fa38234fa1a10fbbc3151
stage1c_geometry,505,11,L3,1012,14093972979199903658,25e2637a104ff5edc4a0592956f9b5173a4cf8d15e683a7e73300cdbb4d19b31
stage1c_geometry,505,11,L3,1013,3818859777115314431,ef796422f01ba4c1134bcaf63d50fcd35e6ce7a1ad9db10f6eb6813741b78e0b
stage1c_geometry,505,11,L3,1014,5841482386975157185,2cc3ccfca8496d95108ba3c4302a8c61cf0094e677c82d84fb5b80a2b7e364e1
stage1c_geometry,505,11,L3,1015,2562570851272938611,94368314cec42a53ad5df420f8922cbb4e8613c026bb0d75944466677cdb0497
stage1c_geometry,505,11,L3,1016,13502120950472118084,ce9bb693277fcc17cfda201d3e7258ab38b84c6c51d9b15391e9c0227edbc0e5
stage1c_geometry,505,11,L3,1017,2126554174165617041,a44dee4f28fc272d8cc8e11d9d00f83673578fb04457dfd9566489334629d172
stage1c_geometry,505,11,L3,1018,17472007439694239613,05b12ac18508bd0e6253b5ae17d06452e595f5f195b1f698a5b7bd05ca0ff46d
stage1c_geometry,505,11,L3,1019,10242067043806790881,4401164a23b094db1ef5ff75466d8166bd65e10af68a08931fb4aa0adf524b70
stage1c_geometry,505,11,L3,1020,16158917412371317278,efb8f4c18dd5e8ac1ec84ee3478858c21f168c51f9d46055b2cf448d1a9a691f
stage1c_geometry,505,11,L3,1021,1798239851352064952,8ad9cde4d4334ee2b8183a765a07ebd0055e00f7b0781fbb54af8cc29a93ff17
stage1c_geometry,505,11,L3,1022,17440008087880108711,8e8402fbd58e5e39d347b3777d79fc5a18cb3a9ab4f9985865df487e1e4ef3d2
stage1c_geometry,505,11,L3,1023,10254570550781748735,c8e547c79f6cc77ab26a2736cf5743a6200dbfe2a5d83365e63a9ee5ee358172
stage1c_geometry,505,11,L3,1024,1473496385099863037,94ff5fa9beca77fe1831c9778c7d4b7cdf9322ebbc6a75ac17668c97f731c199
stage1c_geometry,505,11,L3,1025,9472733631837587642,c466fcdb415a9cdaa749083626b5926e78d5be1c7072b83b12cc24918a709b88
stage1c_geometry,505,11,L3,1026,13757354382786522262,b64e350437e47f7168d614326ae056261dfcd7d2456a329f986c5f74b066fdeb
stage1c_geometry,505,11,L3,1027,11564254469337290842,c2942458550b6d289e60c61c540c00df873b6994dc85295cc7b4e82334074076
stage1c_geometry,505,11,L3,1028,378370529380352180,2ad7dfd22a511af39d4f440b739b8877650670fc1b3a153be927cbcdd9dc6355
stage1c_geometry,505,11,L3,1029,3895615302960044134,eafaf898d8c3a96bcd3959c9c74cc6121b61cc4f61882ce5691277a4c708e686
stage1c_geometry,505,11,L3,1030,16223846263897824738,a176ce40f4030aa0664c7cc02d253e9742db0cb3340177492f95b919cdc5456e
stage1c_geometry,505,22,L3,1001,8769790689032793250,53300dcaaf89f241a4174f798daf34385043f76f5aee4c2d40a655b012609a30
stage1c_geometry,505,22,L3,1002,3334094063251000081,821a6a1944b4760a0d4717f5959417064634141e5c1244b898664373798b2de2
stage1c_geometry,505,22,L3,1003,17683865747048420834,71bfb7b5e9507bdc249212bd9907ad8508a34535f11f21c1b5219d047edea702
stage1c_geometry,505,22,L3,1004,8746690869014219108,3b537f0b44865d0f10a946a951939c813100a0cba9fa80b2b463b23de85159ac
stage1c_geometry,505,22,L3,1005,4672159083679400151,2c4587adab5266dd8823c67a864ae3202bccbbdef803dbc6a919a6fa3fe7f12b
stage1c_geometry,505,22,L3,1006,17804178109473792138,70d81b0270a580f36949f8473416935f8e39038cfe8ed36702a41f7eefa2a4db
stage1c_geometry,505,22,L3,1007,18385224181131395206,930d19c33cd73cf971dcaab9baecedec15fe744b31d1dbda8169a32a716dc069
stage1c_geometry,505,22,L3,1008,54592638101903543,7f2343efbd40cc7026deb9e6d3c200eb385c74220ed6e4ce32732541ffb89657
stage1c_geometry,505,22,L3,1009,11194554857629695310,f64d6d6dd592e5a5fb391064da97df9913dff3be25377a3940a66577cec21194
stage1c_geometry,505,22,L3,1010,7491765953271474469,de4785a89accb169485a1c53a57cc097bc881da8ce390d611399f9ba80b0c5d9
stage1c_geometry,505,22,L3,1011,10182881568055597835,c2cbcc1fc7183a675f5482d199783993170cec9c95ef0198025309e46d2b6bcb
stage1c_geometry,505,22,L3,1012,18303692145041695459,dc3a3e97f50dfd6af012add70d0dd96efe5f92d40e6bae40a09f81b45e64b283
stage1c_geometry,505,22,L3,1013,6499873444752368037,5d77275069b20c3f5f49559684b49590adf4afaea2b3b17cbb34595e14d61366
stage1c_geometry,505,22,L3,1014,11356273458965396679,cb3c9a067d8a92193d4fd2501b0ab16aedfbd63f4d6773fd8eb3341e1bbf6589
stage1c_geometry,505,22,L3,1015,11681688602774566519,c7fbe20c8dce43998db5e944966a113375cb312b3685482977dbdf0cbd96ccb2
stage1c_geometry,505,22,L3,1016,4381237267900900791,fa72d40a68e2022ac6e211e02b3208e60bf0eea92f03a853e98f53d5943bf0fe
stage1c_geometry,505,22,L3,1017,663509777528690278,2c887d42bf475e0bf11c80dba5d25d7d01fc9d4bfd7856acd537ce2fa5d1e56c
stage1c_geometry,505,22,L3,1018,6318102435340539946,3aba96f37eb0ce792290b9447b6b5f130c55503d798bbbb1332d5f2a93679579
stage1c_geometry,505,22,L3,1019,2658046682017317242,85a36a28ceb26774ac78500131e7a956ee94e8628b8320f7dda4a390ef579aab
stage1c_geometry,505,22,L3,1020,5344135239245408583,19eae887d34b3a3fb5d9eb9a0eed06f8345e0b7fd4788db92e4ec5960bdc5736
stage1c_geometry,505,22,L3,1021,1386939752648633986,ed436598f8546cf2197ce386c308526b3d5d87bbabae1cb51b240f857c76f2de
stage1c_geometry,505,22,L3,1022,606515819483995624,ddd3a51b798ee0480c8d21bea6a55ae6a77aebc0fac3a8c9dfbf3a7eef8faa7d
stage1c_geometry,505,22,L3,1023,16250416572243521918,e1989a0e0e8f4ba387d7c89109cfb9f54d7a0033299f9ea0d947eac97efd030f
stage1c_geometry,505,22,L3,1024,18185737151507099385,0be01b22f53912a57e889919891941167f42a7bde6a53cf1de358c7560b39061
stage1c_geometry,505,22,L3,1025,16569157964538472135,01ffa23d9791243b931c8c16905d013965016e1a1bf4c790aeb8ddded554dce5
stage1c_geometry,505,22,L3,1026,1080884242972178897,6921e262c5cb0bc0d661cf6c80684448e8e5c10e594cde8e77f18fbab14a4075
stage1c_geometry,505,22,L3,1027,11468135201624366854,8de9e4365ad0c23c5b301cdeb3f48a492ee67f11f48bee698e5b81d2616dc6ab
stage1c_geometry,505,22,L3,1028,8734992435708989743,bcc0b05e785e6b7f47114913124716e56c1bb29ce04caadf6b7566a3b6363e7e
stage1c_geometry,505,22,L3,1029,11399769572982043355,0f9618ad1cd2abd6e33d70c7de9ac1d951a1161ca4c39a5b2d0c9d994fe1f7d7
stage1c_geometry,505,22,L3,1030,7825177732519084153,c34f9d9aee4ce624126eef7ebc8e75f5450d7af294ae7ee1ad848260a1296787
stage1c_geometry,505,11,L4,1001,4922926651472549753,9ab171eb6adbed449bf7d6a45fd5deb854f1b36f3ac530df31ad15a6914cb326
stage1c_geometry,505,11,L4,1002,7401430453112825264,9ab0ac9b72ede870403a5b191e20d485e7a6b362c6db5adc28fd4d45f73ea62d
stage1c_geometry,505,11,L4,1003,11076189852499813258,f1043f05205a5ebac00bf993728c0d403189c2a57ea941d0868695dc9fac80a6
stage1c_geometry,505,11,L4,1004,13486535569692026796,15df122490e86ec390516798410794415c2de05682cda3b774477851f63f918a
stage1c_geometry,505,11,L4,1005,17868919141995675837,0b762a235cf739a95c4983dbd81b54c87405a63fe2716bde6b0e6c03f3c105fd
stage1c_geometry,505,11,L4,1006,15650804106929077007,a346398c36d6222f23db59ae0175fe25e72a6973f5e6f83682170adcc277d0f0
stage1c_geometry,505,11,L4,1007,11355542659879103599,5fe0680994c7c2164f608c9b43c2715e1ea067b1f0cbe6c95ae4ca1cc08f2833
stage1c_geometry,505,11,L4,1008,3422382578237154190,d070b18409d906610e93ee3abc24e7ea76dc90ba400a3799498a93a484b60fa7
stage1c_geometry,505,11,L4,1009,8842807147241019510,2ac1e9798a0daff5b13726ce6d60c43989bd416d6af3c8522a91df796c453e2e
stage1c_geometry,505,11,L4,1010,11299291455675489766,5f748f1ce5df9902235380e897c1638721111eea716d919bef5eebda6a10c64e
stage1c_geometry,505,11,L4,1011,13133164380893867479,bc5813a2c3e058515fd68abad980b986135c00d0f36fa38234fa1a10fbbc3151
stage1c_geometry,505,11,L4,1012,14093972979199903658,25e2637a104ff5edc4a0592956f9b5173a4cf8d15e683a7e73300cdbb4d19b31
stage1c_geometry,505,11,L4,1013,3818859777115314431,ef796422f01ba4c1134bcaf63d50fcd35e6ce7a1ad9db10f6eb6813741b78e0b
stage1c_geometry,505,11,L4,1014,5841482386975157185,2cc3ccfca8496d95108ba3c4302a8c61cf0094e677c82d84fb5b80a2b7e364e1
stage1c_geometry,505,11,L4,1015,2562570851272938611,94368314cec42a53ad5df420f8922cbb4e8613c026bb0d75944466677cdb0497
stage1c_geometry,505,11,L4,1016,13502120950472118084,ce9bb693277fcc17cfda201d3e7258ab38b84c6c51d9b15391e9c0227edbc0e5
stage1c_geometry,505,11,L4,1017,2126554174165617041,a44dee4f28fc272d8cc8e11d9d00f83673578fb04457dfd9566489334629d172
stage1c_geometry,505,11,L4,1018,17472007439694239613,05b12ac18508bd0e6253b5ae17d06452e595f5f195b1f698a5b7bd05ca0ff46d
stage1c_geometry,505,11,L4,1019,10242067043806790881,4401164a23b094db1ef5ff75466d8166bd65e10af68a08931fb4aa0adf524b70
stage1c_geometry,505,11,L4,1020,16158917412371317278,efb8f4c18dd5e8ac1ec84ee3478858c21f168c51f9d46055b2cf448d1a9a691f
stage1c_geometry,505,11,L4,1021,1798239851352064952,8ad9cde4d4334ee2b8183a765a07ebd0055e00f7b0781fbb54af8cc29a93ff17
stage1c_geometry,505,11,L4,1022,17440008087880108711,8e8402fbd58e5e39d347b3777d79fc5a18cb3a9ab4f9985865df487e1e4ef3d2
stage1c_geometry,505,11,L4,1023,10254570550781748735,c8e547c79f6cc77ab26a2736cf5743a6200dbfe2a5d83365e63a9ee5ee358172
stage1c_geometry,505,11,L4,1024,1473496385099863037,94ff5fa9beca77fe1831c9778c7d4b7cdf9322ebbc6a75ac17668c97f731c199
stage1c_geometry,505,11,L4,1025,9472733631837587642,c466fcdb415a9cdaa749083626b5926e78d5be1c7072b83b12cc24918a709b88
stage1c_geometry,505,11,L4,1026,13757354382786522262,b64e350437e47f7168d614326ae056261dfcd7d2456a329f986c5f74b066fdeb
stage1c_geometry,505,11,L4,1027,11564254469337290842,c2942458550b6d289e60c61c540c00df873b6994dc85295cc7b4e82334074076
stage1c_geometry,505,11,L4,1028,378370529380352180,2ad7dfd22a511af39d4f440b739b8877650670fc1b3a153be927cbcdd9dc6355
stage1c_geometry,505,11,L4,1029,3895615302960044134,eafaf898d8c3a96bcd3959c9c74cc6121b61cc4f61882ce5691277a4c708e686
stage1c_geometry,505,11,L4,1030,16223846263897824738,a176ce40f4030aa0664c7cc02d253e9742db0cb3340177492f95b919cdc5456e
stage1c_geometry,505,22,L4,1001,8769790689032793250,53300dcaaf89f241a4174f798daf34385043f76f5aee4c2d40a655b012609a30
stage1c_geometry,505,22,L4,1002,3334094063251000081,821a6a1944b4760a0d4717f5959417064634141e5c1244b898664373798b2de2
stage1c_geometry,505,22,L4,1003,17683865747048420834,71bfb7b5e9507bdc249212bd9907ad8508a34535f11f21c1b5219d047edea702
stage1c_geometry,505,22,L4,1004,8746690869014219108,3b537f0b44865d0f10a946a951939c813100a0cba9fa80b2b463b23de85159ac
stage1c_geometry,505,22,L4,1005,4672159083679400151,2c4587adab5266dd8823c67a864ae3202bccbbdef803dbc6a919a6fa3fe7f12b
stage1c_geometry,505,22,L4,1006,17804178109473792138,70d81b0270a580f36949f8473416935f8e39038cfe8ed36702a41f7eefa2a4db
stage1c_geometry,505,22,L4,1007,18385224181131395206,930d19c33cd73cf971dcaab9baecedec15fe744b31d1dbda8169a32a716dc069
stage1c_geometry,505,22,L4,1008,54592638101903543,7f2343efbd40cc7026deb9e6d3c200eb385c74220ed6e4ce32732541ffb89657
stage1c_geometry,505,22,L4,1009,11194554857629695310,f64d6d6dd592e5a5fb391064da97df9913dff3be25377a3940a66577cec21194
stage1c_geometry,505,22,L4,1010,7491765953271474469,de4785a89accb169485a1c53a57cc097bc881da8ce390d611399f9ba80b0c5d9
stage1c_geometry,505,22,L4,1011,10182881568055597835,c2cbcc1fc7183a675f5482d199783993170cec9c95ef0198025309e46d2b6bcb
stage1c_geometry,505,22,L4,1012,18303692145041695459,dc3a3e97f50dfd6af012add70d0dd96efe5f92d40e6bae40a09f81b45e64b283
stage1c_geometry,505,22,L4,1013,6499873444752368037,5d77275069b20c3f5f49559684b49590adf4afaea2b3b17cbb34595e14d61366
stage1c_geometry,505,22,L4,1014,11356273458965396679,cb3c9a067d8a92193d4fd2501b0ab16aedfbd63f4d6773fd8eb3341e1bbf6589
stage1c_geometry,505,22,L4,1015,11681688602774566519,c7fbe20c8dce43998db5e944966a113375cb312b3685482977dbdf0cbd96ccb2
stage1c_geometry,505,22,L4,1016,4381237267900900791,fa72d40a68e2022ac6e211e02b3208e60bf0eea92f03a853e98f53d5943bf0fe
stage1c_geometry,505,22,L4,1017,663509777528690278,2c887d42bf475e0bf11c80dba5d25d7d01fc9d4bfd7856acd537ce2fa5d1e56c
stage1c_geometry,505,22,L4,1018,6318102435340539946,3aba96f37eb0ce792290b9447b6b5f130c55503d798bbbb1332d5f2a93679579
stage1c_geometry,505,22,L4,1019,2658046682017317242,85a36a28ceb26774ac78500131e7a956ee94e8628b8320f7dda4a390ef579aab
stage1c_geometry,505,22,L4,1020,5344135239245408583,19eae887d34b3a3fb5d9eb9a0eed06f8345e0b7fd4788db92e4ec5960bdc5736
stage1c_geometry,505,22,L4,1021,1386939752648633986,ed436598f8546cf2197ce386c308526b3d5d87bbabae1cb51b240f857c76f2de
stage1c_geometry,505,22,L4,1022,606515819483995624,ddd3a51b798ee0480c8d21bea6a55ae6a77aebc0fac3a8c9dfbf3a7eef8faa7d
stage1c_geometry,505,22,L4,1023,16250416572243521918,e1989a0e0e8f4ba387d7c89109cfb9f54d7a0033299f9ea0d947eac97efd030f
stage1c_geometry,505,22,L4,1024,18185737151507099385,0be01b22f53912a57e889919891941167f42a7bde6a53cf1de358c7560b39061
stage1c_geometry,505,22,L4,1025,16569157964538472135,01ffa23d9791243b931c8c16905d013965016e1a1bf4c790aeb8ddded554dce5
stage1c_geometry,505,22,L4,1026,1080884242972178897,6921e262c5cb0bc0d661cf6c80684448e8e5c10e594cde8e77f18fbab14a4075
stage1c_geometry,505,22,L4,1027,11468135201624366854,8de9e4365ad0c23c5b301cdeb3f48a492ee67f11f48bee698e5b81d2616dc6ab
stage1c_geometry,505,22,L4,1028,8734992435708989743,bcc0b05e785e6b7f47114913124716e56c1bb29ce04caadf6b7566a3b6363e7e
stage1c_geometry,505,22,L4,1029,11399769572982043355,0f9618ad1cd2abd6e33d70c7de9ac1d951a1161ca4c39a5b2d0c9d994fe1f7d7
stage1c_geometry,505,22,L4,1030,7825177732519084153,c34f9d9aee4ce624126eef7ebc8e75f5450d7af294ae7ee1ad848260a1296787
stage1c_observation,505,11,O1,1001,5822705620928150440,8f8c3b78c3abef20656144388d16d97bfee6f133c7ac858f6f9c188a2b5140ac
stage1c_observation,505,11,O1,1002,15682875978440995366,a0642030cba665606361ebb98d49a14e85b277d4297feae1bacabb8d34bce7c5
stage1c_observation,505,11,O1,1003,7925742633000967762,921863275fbd4ea8cb683a9bf7137cadae609b52b5c544f7d77bb384718b3c02
stage1c_observation,505,11,O1,1004,9675606639385057300,04d7ae9d1c83e38733a98e8985704f0e7c43101fa6860780f90bb6b812fcd0d1
stage1c_observation,505,11,O1,1005,6160430537757640623,4dc53ac42300749bea65863f056b8a4d1d3be57ceddb1f5446afbd05dd79e922
stage1c_observation,505,11,O1,1006,10169854029500817082,2fa0252a74bab8b7a7aef2ca0fa7227c908755df286c0f68f57672c6f43e0d20
stage1c_observation,505,11,O1,1007,9511436811321284919,fe7ef7c160524783026aafee43789445ac828a9b950faa373a2b441942dd8bc1
stage1c_observation,505,11,O1,1008,12695875937356981913,738a2fa160295182faebfb63e2b21cb34042c8508c33b4efa59157df0fc9b7e0
stage1c_observation,505,11,O1,1009,1038159163786876188,68a58623c3d3ac922163a0454d582ce75ee4f5e5d0df832bb2c7b5725f7c94a8
stage1c_observation,505,11,O1,1010,17643269888034966063,cde700ebf53d45fbf4b5ab4706bc5299fc44d9da728e021d2bc581e481be0df1
stage1c_observation,505,11,O1,1011,9255407094780272642,a9d09806cad1eca5ce7de4ec7eb0400b9b42e9adeecdf616fadf8ff57365fc1c
stage1c_observation,505,11,O1,1012,1961457829590208736,56e6942eca24248f15d1ec09e83208766eeaaff74da15a4102c60f1ec220d98f
stage1c_observation,505,11,O1,1013,8375684636525793573,762104bb1f4fc8ba11f7ed8aa50c298932262f77f72b5e0a7db33c144aeb8015
stage1c_observation,505,11,O1,1014,13363416308975445398,42ef80cfcf1bb3e6b92e28dc5d578f90dc3ee539303a49a5dc6b1475939c107d
stage1c_observation,505,11,O1,1015,11553167147091230162,7043e0f7a5d323c19b6c65cdf4905e9b31c5af8fd74eb8ceab79caf89ef653c4
stage1c_observation,505,11,O1,1016,6047756899671846847,31e89a73c81db30a94e598707440b74a5cf50d8ef6b516ce318c34c9d158854b
stage1c_observation,505,11,O1,1017,12829785362018564238,b589072b2f154376ad416f1ac55afb3b4a6683bfed2e3fc88d9bfebae1a19f5b
stage1c_observation,505,11,O1,1018,9144836426284343836,3a46b1edd87a3eabbec2afeb3beaa67a730631525b76111fbd1cb4999e1351d5
stage1c_observation,505,11,O1,1019,3416327710875408735,e210f6175ce753488a02aebd59e600f204ad73155e59a3fa0d3710cfe4bb7916
stage1c_observation,505,11,O1,1020,13363981937129931152,ad17ba712645a3c29325dd8bbf8f213ee6de77ea8bd54cf11026e978972890f5
stage1c_observation,505,11,O1,1021,4687657236979104699,dc9293ca8b06973875a89097c444c0ca8f627830265393115d7eb7a77e37109d
stage1c_observation,505,11,O1,1022,13287537122932282370,e5369e23a26861c078194e4986353c8c79c0027eb37067790a77ede99a69f623
stage1c_observation,505,11,O1,1023,3108909163447805569,15f2d5156bd9f71ed25f9ebaa56431bee853ee6e533eb7cc9d769e38cb80bb6c
stage1c_observation,505,11,O1,1024,2343045155101847944,c9616eaece45344d3fad724e8d86f943e5faad5c007846fe3d11356c779a7293
stage1c_observation,505,11,O1,1025,2194990776724579765,be1fe160c9831e2374aea96eac6196e76bc6fcaeaa4f37d5d6525c23e0f8e385
stage1c_observation,505,11,O1,1026,5545258474357131397,577bb8e71719b9231612f5f221c06c2d2e82e94ca8678fe2db46b48ce04f9d52
stage1c_observation,505,11,O1,1027,6998107544171571671,631383e364c194399e13600580282074f408c71d74d088b362f0d047206ade38
stage1c_observation,505,11,O1,1028,10078415508414141933,a2f0509d7a5e174a5c9220fb08a41e72eeec2bb45e57e5af4d0312dee89fa62a
stage1c_observation,505,11,O1,1029,16980829944022760200,9abd93394d2f4ce6909f53d0a67eaa9578791b69e04eaa802872081ee8420c3c
stage1c_observation,505,11,O1,1030,3498802604873832867,14ad94b12e307649fb9624d29d241295876a9622bd1fc84ea3ba046d54a1e3f4
stage1c_observation,505,22,O1,1001,372807334004453918,687d594a306f5b3fba52c16a1e3d97c86dd996152452d66310ca0cd0fae9a181
stage1c_observation,505,22,O1,1002,17031464208428666659,fca57faa231419685142b4eccce49d09be9d9d4d12405a4e1222c791fb6a5cb1
stage1c_observation,505,22,O1,1003,7393411274761710137,23262bc969e390e19496085b816a47f7c2e53410f3c91de823766341bd4d867c
stage1c_observation,505,22,O1,1004,2571029999936652001,fbcd4cc8633f75b0571bcc0c61a9047016311dc83178ac8102fbd7698abd0bef
stage1c_observation,505,22,O1,1005,4187489158430971902,ee75d0fec2f97fd73d55da711dd407a3dc95ad5b21cd487fa52d1de9371259b9
stage1c_observation,505,22,O1,1006,11717185248604293372,c061195e960a1f1d663ed1bf4fb3e3b2dc363be53a8ba189e72b6ca064e94fd7
stage1c_observation,505,22,O1,1007,7888503319572831581,7bf12582a33446777903ebd4d8b393932be25c04318d336811671e7e393be0f6
stage1c_observation,505,22,O1,1008,7165515634925779042,9c940d62cb2869969dac5c04e0feff81b0ec1169cbbf4f9496f81034437ddf7e
stage1c_observation,505,22,O1,1009,13216079333794154734,92aecd25fc9dd0d373ba96828859854fa79f7ecf4d834283b9e272a80ef187e5
stage1c_observation,505,22,O1,1010,13076978271758523655,e2263abc05e2c6eb559d5c06653e2f5f108cd482b63d1f36e9aa168ae832f95a
stage1c_observation,505,22,O1,1011,4033731852367984199,a647d4378d2973b83db575a3fc7cd9efbee33d87120cc3aeb606815866074189
stage1c_observation,505,22,O1,1012,5072709263614183959,b7c594b276b0bcfbd67bf2295aef327cfe73326cae78d5eeb4de1cce97159253
stage1c_observation,505,22,O1,1013,4592726539596769642,977fe70ff0e1c03404668fc1048298fc4b8b8f7b84abb0b2edfae5c4a2b3d96d
stage1c_observation,505,22,O1,1014,16137812815514698042,0b4219e270fb44687bef4a154ecf5b1fe20b34ce1eadcc8f49240a3acaf1a0e7
stage1c_observation,505,22,O1,1015,4215224213107820809,e5e5598529837877264efe350e5a3e0692d9a0fe7d0df9fb57f1d7d727260bbb
stage1c_observation,505,22,O1,1016,3092160418189108253,894d986f04d2d241aec1de36de89f5730dba922d6ce1dfdb9b49cb35d68a9a77
stage1c_observation,505,22,O1,1017,2337464094041624768,12036370dc458355e99d0d6c998dbce6b0c80997537bc1631d9e40bb52b3217a
stage1c_observation,505,22,O1,1018,7246801280103380880,2e7d299496edbe043929b56aea1bed0cbf2c7fef925d66ebe2df68c70c0832a3
stage1c_observation,505,22,O1,1019,6078083928091293531,033928e8573932bd0a4a6743f38a3593eefed7dac67e64750aa3cab7d558b0d2
stage1c_observation,505,22,O1,1020,5865336361396226195,9e5238ca637ac4a2bc1e52e468b0a7c69e764f6a05e332bca902d41d31b70f17
stage1c_observation,505,22,O1,1021,9737628199232704054,056dcb5b1c1c94b2dbdb747b1e87a533cbe07e84f4d325f1bff863c40f42a19e
stage1c_observation,505,22,O1,1022,1929633100169077782,e7d0f62e7d6c9d5ad2f2a4457c706bdcad43e0aa4e11a5f4ca4f010163bfcd47
stage1c_observation,505,22,O1,1023,7354557493222399402,3f4a9924503665b57517bcad8e49305f85b84acfcb6342d6765de0d26f7375b3
stage1c_observation,505,22,O1,1024,16311342573707583052,0be3378219d21559a53ce169fe2fe9f701144b531626a41826b991309098d1ab
stage1c_observation,505,22,O1,1025,11966416883125162250,666f5e19739cdb95f1ee0230c2cfc550aa2cea7fe4bf0349e2ec684d9d21e0f1
stage1c_observation,505,22,O1,1026,4803468237680417405,e997629e9fb8518044121a6368d1214c5d08c639a610482f08173b4a9b684cc7
stage1c_observation,505,22,O1,1027,17605863283910023310,6b54516791f83a8e862c805a0c0d42217700ce6e76da3b54a3bbd33a26c70a18
stage1c_observation,505,22,O1,1028,5471174150831854190,34265c909560a195aafffd9b11faeb43a4f2c3fa3783999a8b1dc3355a7cd230
stage1c_observation,505,22,O1,1029,16151279032940603055,5acb3228d394135366139a6db4c914c3052733a3d9f2ee478bcd2330a0084317
stage1c_observation,505,22,O1,1030,2277716060139884405,f6877c86ea81490e82da6539808218f28b426d3592f2f7a1087ec91a1bee2de0
stage1c_observation,505,11,O2,1001,5822705620928150440,8f8c3b78c3abef20656144388d16d97bfee6f133c7ac858f6f9c188a2b5140ac
stage1c_observation,505,11,O2,1002,15682875978440995366,a0642030cba665606361ebb98d49a14e85b277d4297feae1bacabb8d34bce7c5
stage1c_observation,505,11,O2,1003,7925742633000967762,921863275fbd4ea8cb683a9bf7137cadae609b52b5c544f7d77bb384718b3c02
stage1c_observation,505,11,O2,1004,9675606639385057300,04d7ae9d1c83e38733a98e8985704f0e7c43101fa6860780f90bb6b812fcd0d1
stage1c_observation,505,11,O2,1005,6160430537757640623,4dc53ac42300749bea65863f056b8a4d1d3be57ceddb1f5446afbd05dd79e922
stage1c_observation,505,11,O2,1006,10169854029500817082,2fa0252a74bab8b7a7aef2ca0fa7227c908755df286c0f68f57672c6f43e0d20
stage1c_observation,505,11,O2,1007,9511436811321284919,fe7ef7c160524783026aafee43789445ac828a9b950faa373a2b441942dd8bc1
stage1c_observation,505,11,O2,1008,12695875937356981913,738a2fa160295182faebfb63e2b21cb34042c8508c33b4efa59157df0fc9b7e0
stage1c_observation,505,11,O2,1009,1038159163786876188,68a58623c3d3ac922163a0454d582ce75ee4f5e5d0df832bb2c7b5725f7c94a8
stage1c_observation,505,11,O2,1010,17643269888034966063,cde700ebf53d45fbf4b5ab4706bc5299fc44d9da728e021d2bc581e481be0df1
stage1c_observation,505,11,O2,1011,9255407094780272642,a9d09806cad1eca5ce7de4ec7eb0400b9b42e9adeecdf616fadf8ff57365fc1c
stage1c_observation,505,11,O2,1012,1961457829590208736,56e6942eca24248f15d1ec09e83208766eeaaff74da15a4102c60f1ec220d98f
stage1c_observation,505,11,O2,1013,8375684636525793573,762104bb1f4fc8ba11f7ed8aa50c298932262f77f72b5e0a7db33c144aeb8015
stage1c_observation,505,11,O2,1014,13363416308975445398,42ef80cfcf1bb3e6b92e28dc5d578f90dc3ee539303a49a5dc6b1475939c107d
stage1c_observation,505,11,O2,1015,11553167147091230162,7043e0f7a5d323c19b6c65cdf4905e9b31c5af8fd74eb8ceab79caf89ef653c4
stage1c_observation,505,11,O2,1016,6047756899671846847,31e89a73c81db30a94e598707440b74a5cf50d8ef6b516ce318c34c9d158854b
stage1c_observation,505,11,O2,1017,12829785362018564238,b589072b2f154376ad416f1ac55afb3b4a6683bfed2e3fc88d9bfebae1a19f5b
stage1c_observation,505,11,O2,1018,9144836426284343836,3a46b1edd87a3eabbec2afeb3beaa67a730631525b76111fbd1cb4999e1351d5
stage1c_observation,505,11,O2,1019,3416327710875408735,e210f6175ce753488a02aebd59e600f204ad73155e59a3fa0d3710cfe4bb7916
stage1c_observation,505,11,O2,1020,13363981937129931152,ad17ba712645a3c29325dd8bbf8f213ee6de77ea8bd54cf11026e978972890f5
stage1c_observation,505,11,O2,1021,4687657236979104699,dc9293ca8b06973875a89097c444c0ca8f627830265393115d7eb7a77e37109d
stage1c_observation,505,11,O2,1022,13287537122932282370,e5369e23a26861c078194e4986353c8c79c0027eb37067790a77ede99a69f623
stage1c_observation,505,11,O2,1023,3108909163447805569,15f2d5156bd9f71ed25f9ebaa56431bee853ee6e533eb7cc9d769e38cb80bb6c
stage1c_observation,505,11,O2,1024,2343045155101847944,c9616eaece45344d3fad724e8d86f943e5faad5c007846fe3d11356c779a7293
stage1c_observation,505,11,O2,1025,2194990776724579765,be1fe160c9831e2374aea96eac6196e76bc6fcaeaa4f37d5d6525c23e0f8e385
stage1c_observation,505,11,O2,1026,5545258474357131397,577bb8e71719b9231612f5f221c06c2d2e82e94ca8678fe2db46b48ce04f9d52
stage1c_observation,505,11,O2,1027,6998107544171571671,631383e364c194399e13600580282074f408c71d74d088b362f0d047206ade38
stage1c_observation,505,11,O2,1028,10078415508414141933,a2f0509d7a5e174a5c9220fb08a41e72eeec2bb45e57e5af4d0312dee89fa62a
stage1c_observation,505,11,O2,1029,16980829944022760200,9abd93394d2f4ce6909f53d0a67eaa9578791b69e04eaa802872081ee8420c3c
stage1c_observation,505,11,O2,1030,3498802604873832867,14ad94b12e307649fb9624d29d241295876a9622bd1fc84ea3ba046d54a1e3f4
stage1c_observation,505,22,O2,1001,372807334004453918,687d594a306f5b3fba52c16a1e3d97c86dd996152452d66310ca0cd0fae9a181
stage1c_observation,505,22,O2,1002,17031464208428666659,fca57faa231419685142b4eccce49d09be9d9d4d12405a4e1222c791fb6a5cb1
stage1c_observation,505,22,O2,1003,7393411274761710137,23262bc969e390e19496085b816a47f7c2e53410f3c91de823766341bd4d867c
stage1c_observation,505,22,O2,1004,2571029999936652001,fbcd4cc8633f75b0571bcc0c61a9047016311dc83178ac8102fbd7698abd0bef
stage1c_observation,505,22,O2,1005,4187489158430971902,ee75d0fec2f97fd73d55da711dd407a3dc95ad5b21cd487fa52d1de9371259b9
stage1c_observation,505,22,O2,1006,11717185248604293372,c061195e960a1f1d663ed1bf4fb3e3b2dc363be53a8ba189e72b6ca064e94fd7
stage1c_observation,505,22,O2,1007,7888503319572831581,7bf12582a33446777903ebd4d8b393932be25c04318d336811671e7e393be0f6
stage1c_observation,505,22,O2,1008,7165515634925779042,9c940d62cb2869969dac5c04e0feff81b0ec1169cbbf4f9496f81034437ddf7e
stage1c_observation,505,22,O2,1009,13216079333794154734,92aecd25fc9dd0d373ba96828859854fa79f7ecf4d834283b9e272a80ef187e5
stage1c_observation,505,22,O2,1010,13076978271758523655,e2263abc05e2c6eb559d5c06653e2f5f108cd482b63d1f36e9aa168ae832f95a
stage1c_observation,505,22,O2,1011,4033731852367984199,a647d4378d2973b83db575a3fc7cd9efbee33d87120cc3aeb606815866074189
stage1c_observation,505,22,O2,1012,5072709263614183959,b7c594b276b0bcfbd67bf2295aef327cfe73326cae78d5eeb4de1cce97159253
stage1c_observation,505,22,O2,1013,4592726539596769642,977fe70ff0e1c03404668fc1048298fc4b8b8f7b84abb0b2edfae5c4a2b3d96d
stage1c_observation,505,22,O2,1014,16137812815514698042,0b4219e270fb44687bef4a154ecf5b1fe20b34ce1eadcc8f49240a3acaf1a0e7
stage1c_observation,505,22,O2,1015,4215224213107820809,e5e5598529837877264efe350e5a3e0692d9a0fe7d0df9fb57f1d7d727260bbb
stage1c_observation,505,22,O2,1016,3092160418189108253,894d986f04d2d241aec1de36de89f5730dba922d6ce1dfdb9b49cb35d68a9a77
stage1c_observation,505,22,O2,1017,2337464094041624768,12036370dc458355e99d0d6c998dbce6b0c80997537bc1631d9e40bb52b3217a
stage1c_observation,505,22,O2,1018,7246801280103380880,2e7d299496edbe043929b56aea1bed0cbf2c7fef925d66ebe2df68c70c0832a3
stage1c_observation,505,22,O2,1019,6078083928091293531,033928e8573932bd0a4a6743f38a3593eefed7dac67e64750aa3cab7d558b0d2
stage1c_observation,505,22,O2,1020,5865336361396226195,9e5238ca637ac4a2bc1e52e468b0a7c69e764f6a05e332bca902d41d31b70f17
stage1c_observation,505,22,O2,1021,9737628199232704054,056dcb5b1c1c94b2dbdb747b1e87a533cbe07e84f4d325f1bff863c40f42a19e
stage1c_observation,505,22,O2,1022,1929633100169077782,e7d0f62e7d6c9d5ad2f2a4457c706bdcad43e0aa4e11a5f4ca4f010163bfcd47
stage1c_observation,505,22,O2,1023,7354557493222399402,3f4a9924503665b57517bcad8e49305f85b84acfcb6342d6765de0d26f7375b3
stage1c_observation,505,22,O2,1024,16311342573707583052,0be3378219d21559a53ce169fe2fe9f701144b531626a41826b991309098d1ab
stage1c_observation,505,22,O2,1025,11966416883125162250,666f5e19739cdb95f1ee0230c2cfc550aa2cea7fe4bf0349e2ec684d9d21e0f1
stage1c_observation,505,22,O2,1026,4803468237680417405,e997629e9fb8518044121a6368d1214c5d08c639a610482f08173b4a9b684cc7
stage1c_observation,505,22,O2,1027,17605863283910023310,6b54516791f83a8e862c805a0c0d42217700ce6e76da3b54a3bbd33a26c70a18
stage1c_observation,505,22,O2,1028,5471174150831854190,34265c909560a195aafffd9b11faeb43a4f2c3fa3783999a8b1dc3355a7cd230
stage1c_observation,505,22,O2,1029,16151279032940603055,5acb3228d394135366139a6db4c914c3052733a3d9f2ee478bcd2330a0084317
stage1c_observation,505,22,O2,1030,2277716060139884405,f6877c86ea81490e82da6539808218f28b426d3592f2f7a1087ec91a1bee2de0
stage1c_observation,505,11,O3,1001,5822705620928150440,8f8c3b78c3abef20656144388d16d97bfee6f133c7ac858f6f9c188a2b5140ac
stage1c_observation,505,11,O3,1002,15682875978440995366,a0642030cba665606361ebb98d49a14e85b277d4297feae1bacabb8d34bce7c5
stage1c_observation,505,11,O3,1003,7925742633000967762,921863275fbd4ea8cb683a9bf7137cadae609b52b5c544f7d77bb384718b3c02
stage1c_observation,505,11,O3,1004,9675606639385057300,04d7ae9d1c83e38733a98e8985704f0e7c43101fa6860780f90bb6b812fcd0d1
stage1c_observation,505,11,O3,1005,6160430537757640623,4dc53ac42300749bea65863f056b8a4d1d3be57ceddb1f5446afbd05dd79e922
stage1c_observation,505,11,O3,1006,10169854029500817082,2fa0252a74bab8b7a7aef2ca0fa7227c908755df286c0f68f57672c6f43e0d20
stage1c_observation,505,11,O3,1007,9511436811321284919,fe7ef7c160524783026aafee43789445ac828a9b950faa373a2b441942dd8bc1
stage1c_observation,505,11,O3,1008,12695875937356981913,738a2fa160295182faebfb63e2b21cb34042c8508c33b4efa59157df0fc9b7e0
stage1c_observation,505,11,O3,1009,1038159163786876188,68a58623c3d3ac922163a0454d582ce75ee4f5e5d0df832bb2c7b5725f7c94a8
stage1c_observation,505,11,O3,1010,17643269888034966063,cde700ebf53d45fbf4b5ab4706bc5299fc44d9da728e021d2bc581e481be0df1
stage1c_observation,505,11,O3,1011,9255407094780272642,a9d09806cad1eca5ce7de4ec7eb0400b9b42e9adeecdf616fadf8ff57365fc1c
stage1c_observation,505,11,O3,1012,1961457829590208736,56e6942eca24248f15d1ec09e83208766eeaaff74da15a4102c60f1ec220d98f
stage1c_observation,505,11,O3,1013,8375684636525793573,762104bb1f4fc8ba11f7ed8aa50c298932262f77f72b5e0a7db33c144aeb8015
stage1c_observation,505,11,O3,1014,13363416308975445398,42ef80cfcf1bb3e6b92e28dc5d578f90dc3ee539303a49a5dc6b1475939c107d
stage1c_observation,505,11,O3,1015,11553167147091230162,7043e0f7a5d323c19b6c65cdf4905e9b31c5af8fd74eb8ceab79caf89ef653c4
stage1c_observation,505,11,O3,1016,6047756899671846847,31e89a73c81db30a94e598707440b74a5cf50d8ef6b516ce318c34c9d158854b
stage1c_observation,505,11,O3,1017,12829785362018564238,b589072b2f154376ad416f1ac55afb3b4a6683bfed2e3fc88d9bfebae1a19f5b
stage1c_observation,505,11,O3,1018,9144836426284343836,3a46b1edd87a3eabbec2afeb3beaa67a730631525b76111fbd1cb4999e1351d5
stage1c_observation,505,11,O3,1019,3416327710875408735,e210f6175ce753488a02aebd59e600f204ad73155e59a3fa0d3710cfe4bb7916
stage1c_observation,505,11,O3,1020,13363981937129931152,ad17ba712645a3c29325dd8bbf8f213ee6de77ea8bd54cf11026e978972890f5
stage1c_observation,505,11,O3,1021,4687657236979104699,dc9293ca8b06973875a89097c444c0ca8f627830265393115d7eb7a77e37109d
stage1c_observation,505,11,O3,1022,13287537122932282370,e5369e23a26861c078194e4986353c8c79c0027eb37067790a77ede99a69f623
stage1c_observation,505,11,O3,1023,3108909163447805569,15f2d5156bd9f71ed25f9ebaa56431bee853ee6e533eb7cc9d769e38cb80bb6c
stage1c_observation,505,11,O3,1024,2343045155101847944,c9616eaece45344d3fad724e8d86f943e5faad5c007846fe3d11356c779a7293
stage1c_observation,505,11,O3,1025,2194990776724579765,be1fe160c9831e2374aea96eac6196e76bc6fcaeaa4f37d5d6525c23e0f8e385
stage1c_observation,505,11,O3,1026,5545258474357131397,577bb8e71719b9231612f5f221c06c2d2e82e94ca8678fe2db46b48ce04f9d52
stage1c_observation,505,11,O3,1027,6998107544171571671,631383e364c194399e13600580282074f408c71d74d088b362f0d047206ade38
stage1c_observation,505,11,O3,1028,10078415508414141933,a2f0509d7a5e174a5c9220fb08a41e72eeec2bb45e57e5af4d0312dee89fa62a
stage1c_observation,505,11,O3,1029,16980829944022760200,9abd93394d2f4ce6909f53d0a67eaa9578791b69e04eaa802872081ee8420c3c
stage1c_observation,505,11,O3,1030,3498802604873832867,14ad94b12e307649fb9624d29d241295876a9622bd1fc84ea3ba046d54a1e3f4
stage1c_observation,505,22,O3,1001,372807334004453918,687d594a306f5b3fba52c16a1e3d97c86dd996152452d66310ca0cd0fae9a181
stage1c_observation,505,22,O3,1002,17031464208428666659,fca57faa231419685142b4eccce49d09be9d9d4d12405a4e1222c791fb6a5cb1
stage1c_observation,505,22,O3,1003,7393411274761710137,23262bc969e390e19496085b816a47f7c2e53410f3c91de823766341bd4d867c
stage1c_observation,505,22,O3,1004,2571029999936652001,fbcd4cc8633f75b0571bcc0c61a9047016311dc83178ac8102fbd7698abd0bef
stage1c_observation,505,22,O3,1005,4187489158430971902,ee75d0fec2f97fd73d55da711dd407a3dc95ad5b21cd487fa52d1de9371259b9
stage1c_observation,505,22,O3,1006,11717185248604293372,c061195e960a1f1d663ed1bf4fb3e3b2dc363be53a8ba189e72b6ca064e94fd7
stage1c_observation,505,22,O3,1007,7888503319572831581,7bf12582a33446777903ebd4d8b393932be25c04318d336811671e7e393be0f6
stage1c_observation,505,22,O3,1008,7165515634925779042,9c940d62cb2869969dac5c04e0feff81b0ec1169cbbf4f9496f81034437ddf7e
stage1c_observation,505,22,O3,1009,13216079333794154734,92aecd25fc9dd0d373ba96828859854fa79f7ecf4d834283b9e272a80ef187e5
stage1c_observation,505,22,O3,1010,13076978271758523655,e2263abc05e2c6eb559d5c06653e2f5f108cd482b63d1f36e9aa168ae832f95a
stage1c_observation,505,22,O3,1011,4033731852367984199,a647d4378d2973b83db575a3fc7cd9efbee33d87120cc3aeb606815866074189
stage1c_observation,505,22,O3,1012,5072709263614183959,b7c594b276b0bcfbd67bf2295aef327cfe73326cae78d5eeb4de1cce97159253
stage1c_observation,505,22,O3,1013,4592726539596769642,977fe70ff0e1c03404668fc1048298fc4b8b8f7b84abb0b2edfae5c4a2b3d96d
stage1c_observation,505,22,O3,1014,16137812815514698042,0b4219e270fb44687bef4a154ecf5b1fe20b34ce1eadcc8f49240a3acaf1a0e7
stage1c_observation,505,22,O3,1015,4215224213107820809,e5e5598529837877264efe350e5a3e0692d9a0fe7d0df9fb57f1d7d727260bbb
stage1c_observation,505,22,O3,1016,3092160418189108253,894d986f04d2d241aec1de36de89f5730dba922d6ce1dfdb9b49cb35d68a9a77
stage1c_observation,505,22,O3,1017,2337464094041624768,12036370dc458355e99d0d6c998dbce6b0c80997537bc1631d9e40bb52b3217a
stage1c_observation,505,22,O3,1018,7246801280103380880,2e7d299496edbe043929b56aea1bed0cbf2c7fef925d66ebe2df68c70c0832a3
stage1c_observation,505,22,O3,1019,6078083928091293531,033928e8573932bd0a4a6743f38a3593eefed7dac67e64750aa3cab7d558b0d2
stage1c_observation,505,22,O3,1020,5865336361396226195,9e5238ca637ac4a2bc1e52e468b0a7c69e764f6a05e332bca902d41d31b70f17
stage1c_observation,505,22,O3,1021,9737628199232704054,056dcb5b1c1c94b2dbdb747b1e87a533cbe07e84f4d325f1bff863c40f42a19e
stage1c_observation,505,22,O3,1022,1929633100169077782,e7d0f62e7d6c9d5ad2f2a4457c706bdcad43e0aa4e11a5f4ca4f010163bfcd47
stage1c_observation,505,22,O3,1023,7354557493222399402,3f4a9924503665b57517bcad8e49305f85b84acfcb6342d6765de0d26f7375b3
stage1c_observation,505,22,O3,1024,16311342573707583052,0be3378219d21559a53ce169fe2fe9f701144b531626a41826b991309098d1ab
stage1c_observation,505,22,O3,1025,11966416883125162250,666f5e19739cdb95f1ee0230c2cfc550aa2cea7fe4bf0349e2ec684d9d21e0f1
stage1c_observation,505,22,O3,1026,4803468237680417405,e997629e9fb8518044121a6368d1214c5d08c639a610482f08173b4a9b684cc7
stage1c_observation,505,22,O3,1027,17605863283910023310,6b54516791f83a8e862c805a0c0d42217700ce6e76da3b54a3bbd33a26c70a18
stage1c_observation,505,22,O3,1028,5471174150831854190,34265c909560a195aafffd9b11faeb43a4f2c3fa3783999a8b1dc3355a7cd230
stage1c_observation,505,22,O3,1029,16151279032940603055,5acb3228d394135366139a6db4c914c3052733a3d9f2ee478bcd2330a0084317
stage1c_observation,505,22,O3,1030,2277716060139884405,f6877c86ea81490e82da6539808218f28b426d3592f2f7a1087ec91a1bee2de0
stage1c_observation,505,11,O4,1001,5822705620928150440,8f8c3b78c3abef20656144388d16d97bfee6f133c7ac858f6f9c188a2b5140ac
stage1c_observation,505,11,O4,1002,15682875978440995366,a0642030cba665606361ebb98d49a14e85b277d4297feae1bacabb8d34bce7c5
stage1c_observation,505,11,O4,1003,7925742633000967762,921863275fbd4ea8cb683a9bf7137cadae609b52b5c544f7d77bb384718b3c02
stage1c_observation,505,11,O4,1004,9675606639385057300,04d7ae9d1c83e38733a98e8985704f0e7c43101fa6860780f90bb6b812fcd0d1
stage1c_observation,505,11,O4,1005,6160430537757640623,4dc53ac42300749bea65863f056b8a4d1d3be57ceddb1f5446afbd05dd79e922
stage1c_observation,505,11,O4,1006,10169854029500817082,2fa0252a74bab8b7a7aef2ca0fa7227c908755df286c0f68f57672c6f43e0d20
stage1c_observation,505,11,O4,1007,9511436811321284919,fe7ef7c160524783026aafee43789445ac828a9b950faa373a2b441942dd8bc1
stage1c_observation,505,11,O4,1008,12695875937356981913,738a2fa160295182faebfb63e2b21cb34042c8508c33b4efa59157df0fc9b7e0
stage1c_observation,505,11,O4,1009,1038159163786876188,68a58623c3d3ac922163a0454d582ce75ee4f5e5d0df832bb2c7b5725f7c94a8
stage1c_observation,505,11,O4,1010,17643269888034966063,cde700ebf53d45fbf4b5ab4706bc5299fc44d9da728e021d2bc581e481be0df1
stage1c_observation,505,11,O4,1011,9255407094780272642,a9d09806cad1eca5ce7de4ec7eb0400b9b42e9adeecdf616fadf8ff57365fc1c
stage1c_observation,505,11,O4,1012,1961457829590208736,56e6942eca24248f15d1ec09e83208766eeaaff74da15a4102c60f1ec220d98f
stage1c_observation,505,11,O4,1013,8375684636525793573,762104bb1f4fc8ba11f7ed8aa50c298932262f77f72b5e0a7db33c144aeb8015
stage1c_observation,505,11,O4,1014,13363416308975445398,42ef80cfcf1bb3e6b92e28dc5d578f90dc3ee539303a49a5dc6b1475939c107d
stage1c_observation,505,11,O4,1015,11553167147091230162,7043e0f7a5d323c19b6c65cdf4905e9b31c5af8fd74eb8ceab79caf89ef653c4
stage1c_observation,505,11,O4,1016,6047756899671846847,31e89a73c81db30a94e598707440b74a5cf50d8ef6b516ce318c34c9d158854b
stage1c_observation,505,11,O4,1017,12829785362018564238,b589072b2f154376ad416f1ac55afb3b4a6683bfed2e3fc88d9bfebae1a19f5b
stage1c_observation,505,11,O4,1018,9144836426284343836,3a46b1edd87a3eabbec2afeb3beaa67a730631525b76111fbd1cb4999e1351d5
stage1c_observation,505,11,O4,1019,3416327710875408735,e210f6175ce753488a02aebd59e600f204ad73155e59a3fa0d3710cfe4bb7916
stage1c_observation,505,11,O4,1020,13363981937129931152,ad17ba712645a3c29325dd8bbf8f213ee6de77ea8bd54cf11026e978972890f5
stage1c_observation,505,11,O4,1021,4687657236979104699,dc9293ca8b06973875a89097c444c0ca8f627830265393115d7eb7a77e37109d
stage1c_observation,505,11,O4,1022,13287537122932282370,e5369e23a26861c078194e4986353c8c79c0027eb37067790a77ede99a69f623
stage1c_observation,505,11,O4,1023,3108909163447805569,15f2d5156bd9f71ed25f9ebaa56431bee853ee6e533eb7cc9d769e38cb80bb6c
stage1c_observation,505,11,O4,1024,2343045155101847944,c9616eaece45344d3fad724e8d86f943e5faad5c007846fe3d11356c779a7293
stage1c_observation,505,11,O4,1025,2194990776724579765,be1fe160c9831e2374aea96eac6196e76bc6fcaeaa4f37d5d6525c23e0f8e385
stage1c_observation,505,11,O4,1026,5545258474357131397,577bb8e71719b9231612f5f221c06c2d2e82e94ca8678fe2db46b48ce04f9d52
stage1c_observation,505,11,O4,1027,6998107544171571671,631383e364c194399e13600580282074f408c71d74d088b362f0d047206ade38
stage1c_observation,505,11,O4,1028,10078415508414141933,a2f0509d7a5e174a5c9220fb08a41e72eeec2bb45e57e5af4d0312dee89fa62a
stage1c_observation,505,11,O4,1029,16980829944022760200,9abd93394d2f4ce6909f53d0a67eaa9578791b69e04eaa802872081ee8420c3c
stage1c_observation,505,11,O4,1030,3498802604873832867,14ad94b12e307649fb9624d29d241295876a9622bd1fc84ea3ba046d54a1e3f4
stage1c_observation,505,22,O4,1001,372807334004453918,687d594a306f5b3fba52c16a1e3d97c86dd996152452d66310ca0cd0fae9a181
stage1c_observation,505,22,O4,1002,17031464208428666659,fca57faa231419685142b4eccce49d09be9d9d4d12405a4e1222c791fb6a5cb1
stage1c_observation,505,22,O4,1003,7393411274761710137,23262bc969e390e19496085b816a47f7c2e53410f3c91de823766341bd4d867c
stage1c_observation,505,22,O4,1004,2571029999936652001,fbcd4cc8633f75b0571bcc0c61a9047016311dc83178ac8102fbd7698abd0bef
stage1c_observation,505,22,O4,1005,4187489158430971902,ee75d0fec2f97fd73d55da711dd407a3dc95ad5b21cd487fa52d1de9371259b9
stage1c_observation,505,22,O4,1006,11717185248604293372,c061195e960a1f1d663ed1bf4fb3e3b2dc363be53a8ba189e72b6ca064e94fd7
stage1c_observation,505,22,O4,1007,7888503319572831581,7bf12582a33446777903ebd4d8b393932be25c04318d336811671e7e393be0f6
stage1c_observation,505,22,O4,1008,7165515634925779042,9c940d62cb2869969dac5c04e0feff81b0ec1169cbbf4f9496f81034437ddf7e
stage1c_observation,505,22,O4,1009,13216079333794154734,92aecd25fc9dd0d373ba96828859854fa79f7ecf4d834283b9e272a80ef187e5
stage1c_observation,505,22,O4,1010,13076978271758523655,e2263abc05e2c6eb559d5c06653e2f5f108cd482b63d1f36e9aa168ae832f95a
stage1c_observation,505,22,O4,1011,4033731852367984199,a647d4378d2973b83db575a3fc7cd9efbee33d87120cc3aeb606815866074189
stage1c_observation,505,22,O4,1012,5072709263614183959,b7c594b276b0bcfbd67bf2295aef327cfe73326cae78d5eeb4de1cce97159253
stage1c_observation,505,22,O4,1013,4592726539596769642,977fe70ff0e1c03404668fc1048298fc4b8b8f7b84abb0b2edfae5c4a2b3d96d
stage1c_observation,505,22,O4,1014,16137812815514698042,0b4219e270fb44687bef4a154ecf5b1fe20b34ce1eadcc8f49240a3acaf1a0e7
stage1c_observation,505,22,O4,1015,4215224213107820809,e5e5598529837877264efe350e5a3e0692d9a0fe7d0df9fb57f1d7d727260bbb
stage1c_observation,505,22,O4,1016,3092160418189108253,894d986f04d2d241aec1de36de89f5730dba922d6ce1dfdb9b49cb35d68a9a77
stage1c_observation,505,22,O4,1017,2337464094041624768,12036370dc458355e99d0d6c998dbce6b0c80997537bc1631d9e40bb52b3217a
stage1c_observation,505,22,O4,1018,7246801280103380880,2e7d299496edbe043929b56aea1bed0cbf2c7fef925d66ebe2df68c70c0832a3
stage1c_observation,505,22,O4,1019,6078083928091293531,033928e8573932bd0a4a6743f38a3593eefed7dac67e64750aa3cab7d558b0d2
stage1c_observation,505,22,O4,1020,5865336361396226195,9e5238ca637ac4a2bc1e52e468b0a7c69e764f6a05e332bca902d41d31b70f17
stage1c_observation,505,22,O4,1021,9737628199232704054,056dcb5b1c1c94b2dbdb747b1e87a533cbe07e84f4d325f1bff863c40f42a19e
stage1c_observation,505,22,O4,1022,1929633100169077782,e7d0f62e7d6c9d5ad2f2a4457c706bdcad43e0aa4e11a5f4ca4f010163bfcd47
stage1c_observation,505,22,O4,1023,7354557493222399402,3f4a9924503665b57517bcad8e49305f85b84acfcb6342d6765de0d26f7375b3
stage1c_observation,505,22,O4,1024,16311342573707583052,0be3378219d21559a53ce169fe2fe9f701144b531626a41826b991309098d1ab
stage1c_observation,505,22,O4,1025,11966416883125162250,666f5e19739cdb95f1ee0230c2cfc550aa2cea7fe4bf0349e2ec684d9d21e0f1
stage1c_observation,505,22,O4,1026,4803468237680417405,e997629e9fb8518044121a6368d1214c5d08c639a610482f08173b4a9b684cc7
stage1c_observation,505,22,O4,1027,17605863283910023310,6b54516791f83a8e862c805a0c0d42217700ce6e76da3b54a3bbd33a26c70a18
stage1c_observation,505,22,O4,1028,5471174150831854190,34265c909560a195aafffd9b11faeb43a4f2c3fa3783999a8b1dc3355a7cd230
stage1c_observation,505,22,O4,1029,16151279032940603055,5acb3228d394135366139a6db4c914c3052733a3d9f2ee478bcd2330a0084317
stage1c_observation,505,22,O4,1030,2277716060139884405,f6877c86ea81490e82da6539808218f28b426d3592f2f7a1087ec91a1bee2de0
