phase,sweep_type,experiment_family,sequence_id,level,scene_family,geometry_seed,sensor_seed,geometry_axial_support_score,active_axial_patch_count,active_patch_ids,non_axial_shell_checksum,sampling_weight_checksum,gt_checksum,planes_checksum,axis_checksum,geometry_metadata_checksum,axial_observation_keep_probability,requested_points_per_frame,realized_total_points,realized_axial_points,realized_non_axial_points,realized_axial_point_fraction,metrics_path,observations_path,candidate_uniform_checksum,candidate_axial_checksum,retained_axial_checksum,ODI_trans_median,ODI_trans_p10,ODI_trans_p90,axis_information_normalized_median,axis_information_normalized_p10,axis_information_normalized_p90,weak_trans_subspace_alignment_median,weak_trans_subspace_alignment_p10,weak_trans_subspace_alignment_p90,cumulative_inverse_axis_information,mean_inverse_axis_information,harmonic_axis_information,low_axis_information_ratio,longest_low_information_duration_s,axis_information_p05,axis_information_p10,axis_information_p25,weak_subspace_persistence_mean,weak_subspace_persistence_p10,weak_axis_aligned_frame_ratio,longest_weak_axis_aligned_duration_s,low_axis_information_threshold,process_trial_count,mean_final_axis_error_signed,variance_final_axis_error,mean_final_axis_error_squared,rmse_final_axis_error,median_final_axis_error_abs,q90_final_axis_error_abs,q95_final_axis_error_abs,mean_axis_rmse,variance_axis_rmse,mean_axis_mae,failure_probability_005m,failure_probability_010m,failure_probability_020m
development,geometry,stage1c_open_control,stage1c_development_open_control_G101,OC,OC,101,11,0.0,0,,open_control,open_control,f548952a7463c1a5ebf5f8ba707c3e3af5260642d9db11fcbe2c4fe246c9d305,513148d7f832d4824cc5b4993f7ed2a519a56f350d2ca004456bb044961d56bc,03628f72e14f79437c49a4d89c2973a95badfdddcfa2864cc55f10131c7357ce,269963f2e2890636f22735d3d6a3371c75c98ae9f1bf7662fff7b66c35e6aa28,1.0,192,7680,0,7680,0.0,data/metric_redesign_stage1c/development/stage1c_dev_v1/stage1c_development_open_control_G101/sensor_011/metrics.csv,data/metric_redesign_stage1c/development/stage1c_dev_v1/stage1c_development_open_control_G101/sensor_011/observations.npz,not_applicable,not_applicable,not_applicable,0.06789336241819022,0.054860937992561046,0.08475118857042355,246.146052788811,238.59298237770318,252.66589054574703,0.0,0.0,0.0,0.016323601521907483,0.004080900380476871,245.04396254905535,0.05,0.10000000000000009,232.7182817530372,238.59298237770318,241.6547855204053,0.0,0.0,0.0,0.0,229.63966798953876,30,0.001817713598271631,3.996201144459388e-10,3.3044690247855644e-06,0.001817819854877145,0.0018189541180078095,0.001839299080290857,0.0018454560510293482,0.002234204585070488,2.0787057785755978e-12,0.001747973347403133,0.0,0.0,0.0
development,geometry,stage1c_open_control,stage1c_development_open_control_G101,OC,OC,101,22,0.0,0,,open_control,open_control,f548952a7463c1a5ebf5f8ba707c3e3af5260642d9db11fcbe2c4fe246c9d305,513148d7f832d4824cc5b4993f7ed2a519a56f350d2ca004456bb044961d56bc,03628f72e14f79437c49a4d89c2973a95badfdddcfa2864cc55f10131c7357ce,269963f2e2890636f22735d3d6a3371c75c98ae9f1bf7662fff7b66c35e6aa28,1.0,192,7680,0,7680,0.0,data/metric_redesign_stage1c/development/stage1c_dev_v1/stage1c_development_open_control_G101/sensor_022/metrics.csv,data/metric_redesign_stage1c/development/stage1c_dev_v1/stage1c_development_open_control_G101/sensor_022/observations.npz,not_applicable,not_applicable,not_applicable,0.0685412851006384,0.054443708075750205,0.08373165678338132,247.18431874763127,239.05889732473415,253.9236869006247,0.0,0.0,0.0,0.016285794682087948,0.004071448670521987,245.6128225906857,0.05,0.10000000000000009,231.91029336701004,239.05889732473415,243.44434278364338,0.0,0.0,0.0,0.0,229.63966798953876,30,0.0001725804124911079,6.588443506513562e-11,2.984768706283058e-08,0.00017276483167250962,0.00017442216758656315,0.00018201310117369474,0.00018239284274859102,0.0017587650102235109,1.2592662240482035e-12,0.0014252906089944008,0.0,0.0,0.0
development,geometry,stage1c_geometry,stage1c_development_geometry_L1_G101,L1,ST,101,11,8.791496296343741,12,stage1b_axial_patch_07;stage1b_axial_patch_11;stage1b_axial_patch_03;stage1b_axial_patch_12;stage1b_axial_patch_02;stage1b_axial_patch_08;stage1b_axial_patch_04;stage1b_axial_patch_10;stage1b_axial_patch_00;stage1b_axial_patch_13;stage1b_axial_patch_15;stage1b_axial_patch_06,0bffed575ed25f8bd1826f2b8c4174c86f4dc3b29dbbead3a0f85a979f1a13dd,e97e9d465aee352b5d92c059c85c429dd99db15c38188c9353b4099d73addff9,fe306c394afc53bed37cfed37062f4d8f97ae02f6508541e579da3eaf0b1cd2f,0af3014339a5048d54e01f86e3cc46f2e639c75d0b2e6eedc5b05121a65e601d,03628f72e14f79437c49a4d89c2973a95badfdddcfa2864cc55f10131c7357ce,64f4577740812df71d337c64dd1cae84f3f8e9b9aacad7772279b7ad63b68bad,1.0,192,7680,6040,1640,0.7864583333333334,data/metric_redesign_stage1c/development/stage1c_dev_v1/stage1c_development_geometry_L1_G101/sensor_011/metrics.csv,data/metric_redesign_stage1c/development/stage1c_dev_v1/stage1c_development_geometry_L1_G101/sensor_011/observations.npz,not_applicable,not_applicable,not_applicable,0.058143217670126424,0.030920050556911185,0.13589953006355054,197.89833264590305,180.24491779944788,213.97073714193303,0.0,0.0,0.0,0.020182960393319512,0.005045740098329878,198.18698159483014,1.0,4.0,178.49947611593456,180.24491779944788,191.35482113027857,0.0,0.0,0.0,0.0,229.63966798953876,30,-0.0033763233867934637,3.3452681620734667e-11,1.1399591949800718e-05,0.003376328175666684,0.0033755816495926183,0.0033807366334595913,0.0033871421620649046,0.0020982390321386706,5.482642019793819e-13,0.0015913753953528775,0.0,0.0,0.0
development,geometry,stage1c_geometry,stage1c_development_geometry_L1_G101,L1,ST,101,22,8.791496296343741,12,stage1b_axial_patch_07;stage1b_axial_patch_11;stage1b_axial_patch_03;stage1b_axial_patch_12;stage1b_axial_patch_02;stage1b_axial_patch_08;stage1b_axial_patch_04;stage1b_axial_patch_10;stage1b_axial_patch_00;stage1b_axial_patch_13;stage1b_axial_patch_15;stage1b_axial_patch_06,0bffed575ed25f8bd1826f2b8c4174c86f4dc3b29dbbead3a0f85a979f1a13dd,e97e9d465aee352b5d92c059c85c429dd99db15c38188c9353b4099d73addff9,fe306c394afc53bed37cfed37062f4d8f97ae02f6508541e579da3eaf0b1cd2f,0af3014339a5048d54e01f86e3cc46f2e639c75d0b2e6eedc5b05121a65e601d,03628f72e14f79437c49a4d89c2973a95badfdddcfa2864cc55f10131c7357ce,64f4577740812df71d337c64dd1cae84f3f8e9b9aacad7772279b7ad63b68bad,1.0,192,7680,6080,1600,0.7916666666666666,data/metric_redesign_stage1c/development/stage1c_dev_v1/stage1c_development_geometry_L1_G101/sensor_022/metrics.csv,data/metric_redesign_stage1c/development/stage1c_dev_v1/stage1c_development_geometry_L1_G101/sensor_022/observations.npz,not_applicable,not_applicable,not_applicable,0.061352267905691704,0.04135319545241221,0.14327292542203193,197.47357243335514,183.32853707884675,213.00535421346197,0.0,0.0,0.0,0.020252003933945988,0.005063000983486497,197.51131853649719,1.0,4.0,180.4036880828927,183.32853707884675,188.7107063200933,0.0,0.0,0.0,0.0,229.63966798953876,30,-0.003206642307395313,1.533969014508914e-10,1.0282703171248943e-05,0.003206665428642181,0.0032020648402255603,0.00321859374734359,0.003232869969967389,0.002749144001913701,7.543673086977391e-13,0.002201028494652649,0.0,0.0,0.0
development,geometry,stage1c_geometry,stage1c_development_geometry_L2_G101,L2,ST,101,11,7.15920648760636,7,stage1b_axial_patch_07;stage1b_axial_patch_11;stage1b_axial_patch_03;stage1b_axial_patch_12;stage1b_axial_patch_02;stage1b_axial_patch_08;stage1b_axial_patch_04,0bffed575ed25f8bd1826f2b8c4174c86f4dc3b29dbbead3a0f85a979f1a13dd,e97e9d465aee352b5d92c059c85c429dd99db15c38188c9353b4099d73addff9,fe306c394afc53bed37cfed37062f4d8f97ae02f6508541e579da3eaf0b1cd2f,b22be916a07b56200cd39ff4f23f9d0e4bcb28f3297e63b046f0ad8108b1ce4b,03628f72e14f79437c49a4d89c2973a95badfdddcfa2864cc55f10131c7357ce,5745e381bbe6ee09222e33d3b29f02d74f273e366c3b472eea53de9217008ad8,1.0,192,7680,5234,2446,0.6815104166666667,data/metric_redesign_stage1c/development/stage1c_dev_v1/stage1c_development_geometry_L2_G101/sensor_011/metrics.csv,data/metric_redesign_stage1c/development/stage1c_dev_v1/stage1c_development_geometry_L2_G101/sensor_011/observations.npz,not_applicable,not_applicable,not_applicable,0.12257789129847751,0.07500861400015038,0.20149779197406142,173.209534027252,67.63040146552038,228.77876853659208,0.0,0.0,0.0,0.032745463926950866,0.008186365981737716,122.15432369268817,0.9,2.1,60.75017286617782,67.63040146552038,81.87456055775316,0.0,0.0,0.0,0.0,229.63966798953876,30,-0.0022427061767210433,5.2699049666982543e-11,5.029781937517398e-06,0.002242717534046006,0.0022411431519575586,0.0022483440713187974,0.0022548819078405556,0.0035056030147120904,5.377998698145893e-13,0.002714894398876423,0.0,0.0,0.0
development,geometry,stage1c_geometry,stage1c_development_geometry_L2_G101,L2,ST,101,22,7.15920648760636,7,stage1b_axial_patch_07;stage1b_axial_patch_11;stage1b_axial_patch_03;stage1b_axial_patch_12;stage1b_axial_patch_02;stage1b_axial_patch_08;stage1b_axial_patch_04,0bffed575ed25f8bd1826f2b8c4174c86f4dc3b29dbbead3a0f85a979f1a13dd,e97e9d465aee352b5d92c059c85c429dd99db15c38188c9353b4099d73addff9,fe306c394afc53bed37cfed37062f4d8f97ae02f6508541e579da3eaf0b1cd2f,b22be916a07b56200cd39ff4f23f9d0e4bcb28f3297e63b046f0ad8108b1ce4b,03628f72e14f79437c49a4d89c2973a95badfdddcfa2864cc55f10131c7357ce,5745e381bbe6ee09222e33d3b29f02d74f273e366c3b472eea53de9217008ad8,1.0,192,7680,5212,2468,0.6786458333333333,data/metric_redesign_stage1c/development/stage1c_dev_v1/stage1c_development_geometry_L2_G101/sensor_022/metrics.csv,data/metric_redesign_stage1c/development/stage1c_dev_v1/stage1c_development_geometry_L2_G101/sensor_022/observations.npz,not_applicable,not_applicable,not_applicable,0.13745563101291725,0.08758349570121964,0.19421371741910878,180.8460260497928,65.9541963838182,229.77014903496038,0.0,0.0,0.0,0.032861767573496056,0.008215441893374014,121.72199779132127,0.9,2.1,64.61031020143162,65.9541963838182,74.65638231854241,0.0,0.0,0.0,0.0,229.63966798953876,30,-0.004087586111907745,1.4817230132592694e-10,1.670850345548569e-05,0.004087603632384834,0.004083024380854283,0.004103489059864884,0.004110833927275159,0.004223569440291581,1.9248073723655976e-13,0.0030781375156338792,0.0,0.0,0.0
development,geometry,stage1c_geometry,stage1c_development_geometry_L3_G101,L3,ST,101,11,3.591589894806395,3,stage1b_axial_patch_07;stage1b_axial_patch_11;stage1b_axial_patch_03,0bffed575ed25f8bd1826f2b8c4174c86f4dc3b29dbbead3a0f85a979f1a13dd,e97e9d465aee352b5d92c059c85c429dd99db15c38188c9353b4099d73addff9,fe306c394afc53bed37cfed37062f4d8f97ae02f6508541e579da3eaf0b1cd2f,b68276bcbb4db342740b9084d07f1700dbafc33e9de3afca440d2aaf0efcab81,03628f72e14f79437c49a4d89c2973a95badfdddcfa2864cc55f10131c7357ce,a7baaa9fc90d7662c776c8ae069882a1a9507c676b085107999967a149f8fb1a,1.0,192,7680,3695,3985,0.4811197916666667,data/metric_redesign_stage1c/development/stage1c_dev_v1/stage1c_development_geometry_L3_G101/sensor_011/metrics.csv,data/metric_redesign_stage1c/development/stage1c_dev_v1/stage1c_development_geometry_L3_G101/sensor_011/observations.npz,not_applicable,not_applicable,not_applicable,0.17802004449994102,0.11416298612594478,0.30629573447329167,90.44264408723427,24.020373456484872,153.10931357421038,0.0,0.0,0.0,0.07094859409917018,0.017737148524792544,56.37884796432893,1.0,4.0,14.914540099815026,24.020373456484872,54.003729478726555,0.0,0.0,0.0,0.0,229.63966798953876,30,0.005280542867637195,1.1057877104497195e-10,2.7884239869766058e-05,0.005280552989012236,0.005281912823935642,0.005291412461182787,0.005295411879926703,0.004675049243910478,1.2279171638128722e-12,0.003651370240488336,0.0,0.0,0.0
development,geometry,stage1c_geometry,stage1c_development_geometry_L3_G101,L3,ST,101,22,3.591589894806395,3,stage1b_axial_patch_07;stage1b_axial_patch_11;stage1b_axial_patch_03,0bffed575ed25f8bd1826f2b8c4174c86f4dc3b29dbbead3a0f85a979f1a13dd,e97e9d465aee352b5d92c059c85c429dd99db15c38188c9353b4099d73addff9,fe306c394afc53bed37cfed37062f4d8f97ae02f6508541e579da3eaf0b1cd2f,b68276bcbb4db342740b9084d07f1700dbafc33e9de3afca440d2aaf0efcab81,03628f72e14f79437c49a4d89c2973a95badfdddcfa2864cc55f10131c7357ce,a7baaa9fc90d7662c776c8ae069882a1a9507c676b085107999967a149f8fb1a,1.0,192,7680,3679,4001,0.47903645833333336,data/metric_redesign_stage1c/development/stage1c_dev_v1/stage1c_development_geometry_L3_G101/sensor_022/metrics.csv,data/metric_redesign_stage1c/development/stage1c_dev_v1/stage1c_development_geometry_L3_G101/sensor_022/observations.npz,not_applicable,not_applicable,not_applicable,0.17799493972962377,0.10732019881913794,0.29851078443627554,90.72432523716878,22.673471279220383,152.34966743222145,0.0,0.0,0.0,0.07094578189700164,0.01773644547425041,56.38108275143347,1.0,4.0,16.29439458080151,22.673471279220383,59.80461160127335,0.0,0.0,0.0,0.0,229.63966798953876,30,0.005208207010719098,1.5301213173825026e-10,2.7125568178230907e-05,0.0052082212105699684,0.005212348906926678,0.00522123612317813,0.005223189401419148,0.004144565151545866,9.89294009798654e-13,0.0032263634580482355,0.0,0.0,0.0
development,geometry,stage1c_geometry,stage1c_development_geometry_L4_G101,L4,ST,101,11,1.3252527282106623,1,stage1b_axial_patch_07,0bffed575ed25f8bd1826f2b8c4174c86f4dc3b29dbbead3a0f85a979f1a13dd,e97e9d465aee352b5d92c059c85c429dd99db15c38188c9353b4099d73addff9,fe306c394afc53bed37cfed37062f4d8f97ae02f6508541e579da3eaf0b1cd2f,4469c90f55f51131443301aa494e35fa69b04ff6c088b461039879596c00db12,03628f72e14f79437c49a4d89c2973a95badfdddcfa2864cc55f10131c7357ce,290ab61a5fd64b6560c18067e80d4d5c4657c848874cc663fc7add19aacb2c46,1.0,192,7680,1826,5854,0.23776041666666667,data/metric_redesign_stage1c/development/stage1c_dev_v1/stage1c_development_geometry_L4_G101/sensor_011/metrics.csv,data/metric_redesign_stage1c/development/stage1c_dev_v1/stage1c_development_geometry_L4_G101/sensor_011/observations.npz,not_applicable,not_applicable,not_applicable,0.32027460040405176,0.19322132414838034,0.4949189405536371,34.307422262643556,13.274780642293585,77.80382587630103,0.0,0.0,0.09497783947868929,0.14869784954420207,0.037174462386050516,26.900187274133753,1.0,4.0,11.797577871313548,13.274780642293585,19.163683370034498,0.05125944912322137,0.0,0.1,0.20000000000000018,229.63966798953876,30,-0.025988207236327908,1.6888599345576295e-09,0.0006753885479229295,0.025988238646028505,0.025998472934800176,0.026035762337049205,0.026037312634699106,0.009819627292916439,2.332723964934716e-11,0.006858279483000444,0.0,0.0,0.0
development,geometry,stage1c_geometry,stage1c_development_geometry_L4_G101,L4,ST,101,22,1.3252527282106623,1,stage1b_axial_patch_07,0bffed575ed25f8bd1826f2b8c4174c86f4dc3b29dbbead3a0f85a979f1a13dd,e97e9d465aee352b5d92c059c85c429dd99db15c38188c9353b4099d73addff9,fe306c394afc53bed37cfed37062f4d8f97ae02f6508541e579da3eaf0b1cd2f,4469c90f55f51131443301aa494e35fa69b04ff6c088b461039879596c00db12,03628f72e14f79437c49a4d89c2973a95badfdddcfa2864cc55f10131c7357ce,290ab61a5fd64b6560c18067e80d4d5c4657c848874cc663fc7add19aacb2c46,1.0,192,7680,1822,5858,0.23723958333333334,data/metric_redesign_stage1c/development/stage1c_dev_v1/stage1c_development_geometry_L4_G101/sensor_022/metrics.csv,data/metric_redesign_stage1c/development/stage1c_dev_v1/stage1c_development_geometry_L4_G101/sensor_022/observations.npz,not_applicable,not_applicable,not_applicable,0.3178507691078585,0.19953811918407888,0.4589102658021967,35.63555273029765,13.1838454613769,79.42466811320136,0.0,0.0,0.0,0.14675791830284274,0.036689479575710685,27.25576954386739,1.0,4.0,12.46811041351173,13.1838454613769,19.959466582026362,0.025621236923374483,0.0,0.075,0.20000000000000018,229.63966798953876,30,-0.02305990556549098,3.9784562192542525e-09,0.0005317630905303738,0.023059988953387938,0.023038016867101163,0.023117622764657498,0.023161611169276418,0.008734153707528487,2.916759754461443e-11,0.006553516119344627,0.0,0.0,0.0
development,observation,stage1c_observation,stage1c_development_observation_O1_G101,O1,ST,101,11,9.151884361089826,16,stage1b_axial_patch_07;stage1b_axial_patch_11;stage1b_axial_patch_03;stage1b_axial_patch_12;stage1b_axial_patch_02;stage1b_axial_patch_08;stage1b_axial_patch_04;stage1b_axial_patch_10;stage1b_axial_patch_00;stage1b_axial_patch_13;stage1b_axial_patch_15;stage1b_axial_patch_06;stage1b_axial_patch_01;stage1b_axial_patch_14;stage1b_axial_patch_05;stage1b_axial_patch_09,0bffed575ed25f8bd1826f2b8c4174c86f4dc3b29dbbead3a0f85a979f1a13dd,e97e9d465aee352b5d92c059c85c429dd99db15c38188c9353b4099d73addff9,fe306c394afc53bed37cfed37062f4d8f97ae02f6508541e579da3eaf0b1cd2f,362f7e36973a2894c0e03b72c084b4c2b939a9202610cd8f10b29d9724865db8,03628f72e14f79437c49a4d89c2973a95badfdddcfa2864cc55f10131c7357ce,c39bd1e4e526f256299f05bdb59b6d5dd7b033ef5b0022fbae5c0943aadd9b49,1.0,192,7680,6401,1279,0.8334635416666667,data/metric_redesign_stage1c/development/stage1c_dev_v1/stage1c_development_observation_O1_G101/sensor_011/metrics.csv,data/metric_redesign_stage1c/development/stage1c_dev_v1/stage1c_development_observation_O1_G101/sensor_011/observations.npz,fd79febfc63cc4aaf8ba9e419755ce58553a9d2fac8edca4395fce0e488f14bb,c2115dbbc02e12ee1715ce6cf01ff58df6b6a5391aa5189c7ab0830b9749b4b9,c2115dbbc02e12ee1715ce6cf01ff58df6b6a5391aa5189c7ab0830b9749b4b9,0.057317342737119636,0.014093185923314567,0.1634985156175151,188.7224336146269,169.61596860746943,204.31557696309238,0.0,0.0,0.0,0.021390620032691394,0.0053476550081728485,186.9978520438762,1.0,4.0,168.79109730015256,169.61596860746943,178.7794093793748,0.0,0.0,0.0,0.0,229.63966798953876,30,0.0017394074536288902,3.9810759114078935e-11,3.02557677347355e-06,0.0017394185159051142,0.0017411874104222846,0.0017463564125183239,0.0017474447328535091,0.0026776518525283067,6.492464904132336e-13,0.002085278142736828,0.0,0.0,0.0
development,observation,stage1c_observation,stage1c_development_observation_O1_G101,O1,ST,101,22,9.151884361089826,16,stage1b_axial_patch_07;stage1b_axial_patch_11;stage1b_axial_patch_03;stage1b_axial_patch_12;stage1b_axial_patch_02;stage1b_axial_patch_08;stage1b_axial_patch_04;stage1b_axial_patch_10;stage1b_axial_patch_00;stage1b_axial_patch_13;stage1b_axial_patch_15;stage1b_axial_patch_06;stage1b_axial_patch_01;stage1b_axial_patch_14;stage1b_axial_patch_05;stage1b_axial_patch_09,0bffed575ed25f8bd1826f2b8c4174c86f4dc3b29dbbead3a0f85a979f1a13dd,e97e9d465aee352b5d92c059c85c429dd99db15c38188c9353b4099d73addff9,fe306c394afc53bed37cfed37062f4d8f97ae02f6508541e579da3eaf0b1cd2f,362f7e36973a2894c0e03b72c084b4c2b939a9202610cd8f10b29d9724865db8,03628f72e14f79437c49a4d89c2973a95badfdddcfa2864cc55f10131c7357ce,c39bd1e4e526f256299f05bdb59b6d5dd7b033ef5b0022fbae5c0943aadd9b49,1.0,192,7680,6407,1273,0.8342447916666667,data/metric_redesign_stage1c/development/stage1c_dev_v1/stage1c_development_observation_O1_G101/sensor_022/metrics.csv,data/metric_redesign_stage1c/development/stage1c_dev_v1/stage1c_development_observation_O1_G101/sensor_022/observations.npz,6542d1486633b99fe5ec2632f79d97c6e355518af6a3179a288793251f9f243c,30d31cd7b59d36f9ecda843da8c67aa4d717cb529956f03d00741101a7cb185c,30d31cd7b59d36f9ecda843da8c67aa4d717cb529956f03d00741101a7cb185c,0.06756508426629959,0.013823396015103873,0.15034136542589857,189.65960452820588,178.2086624420872,205.46342237391372,0.0,0.0,0.0,0.021068668758904317,0.005267167189726079,189.8553746215915,1.0,4.0,174.85127590589175,178.2086624420872,183.18646140370532,0.0,0.0,0.0,0.0,229.63966798953876,30,0.0012292195597741085,5.949011321833298e-11,1.5110382332406972e-06,0.0012292429512674446,0.0012316641056830946,0.001238084623174629,0.0012393373086673875,0.002677082336715107,5.664331851347985e-13,0.002293724719967889,0.0,0.0,0.0
development,observation,stage1c_observation,stage1c_development_observation_O2_G101,O2,ST,101,11,9.151884361089826,16,stage1b_axial_patch_07;stage1b_axial_patch_11;stage1b_axial_patch_03;stage1b_axial_patch_12;stage1b_axial_patch_02;stage1b_axial_patch_08;stage1b_axial_patch_04;stage1b_axial_patch_10;stage1b_axial_patch_00;stage1b_axial_patch_13;stage1b_axial_patch_15;stage1b_axial_patch_06;stage1b_axial_patch_01;stage1b_axial_patch_14;stage1b_axial_patch_05;stage1b_axial_patch_09,0bffed575ed25f8bd1826f2b8c4174c86f4dc3b29dbbead3a0f85a979f1a13dd,e97e9d465aee352b5d92c059c85c429dd99db15c38188c9353b4099d73addff9,fe306c394afc53bed37cfed37062f4d8f97ae02f6508541e579da3eaf0b1cd2f,362f7e36973a2894c0e03b72c084b4c2b939a9202610cd8f10b29d9724865db8,03628f72e14f79437c49a4d89c2973a95badfdddcfa2864cc55f10131c7357ce,c39bd1e4e526f256299f05bdb59b6d5dd7b033ef5b0022fbae5c0943aadd9b49,0.4,192,7680,5066,2614,0.6596354166666667,data/metric_redesign_stage1c/development/stage1c_dev_v1/stage1c_development_observation_O2_G101/sensor_011/metrics.csv,data/metric_redesign_stage1c/development/stage1c_dev_v1/stage1c_development_observation_O2_G101/sensor_011/observations.npz,fd79febfc63cc4aaf8ba9e419755ce58553a9d2fac8edca4395fce0e488f14bb,c2115dbbc02e12ee1715ce6cf01ff58df6b6a5391aa5189c7ab0830b9749b4b9,80d9c8d03cc31e35b2613158fd51e1735ecb2f06bb6e118f531dd544f38f39ea,0.03362805141574887,0.004773087609976923,0.060671753675422616,156.81748046290443,143.99249714968275,170.10340238310826,0.0,0.0,0.0,0.025746039115917545,0.006436509778979386,155.36370398532455,1.0,4.0,140.12612120886604,143.99249714968275,147.7007474264052,0.0,0.0,0.0,0.0,229.63966798953876,30,-0.0009380702460004404,4.2623919637877064e-11,8.800169895536438e-07,0.0009380922073834979,0.0009370542538302828,0.00094753185637515,0.0009484945985047232,0.0025273570396809556,7.178278563838496e-13,0.0019246544560269129,0.0,0.0,0.0
development,observation,stage1c_observation,stage1c_development_observation_O2_G101,O2,ST,101,22,9.151884361089826,16,stage1b_axial_patch_07;stage1b_axial_patch_11;stage1b_axial_patch_03;stage1b_axial_patch_12;stage1b_axial_patch_02;stage1b_axial_patch_08;stage1b_axial_patch_04;stage1b_axial_patch_10;stage1b_axial_patch_00;stage1b_axial_patch_13;stage1b_axial_patch_15;stage1b_axial_patch_06;stage1b_axial_patch_01;stage1b_axial_patch_14;stage1b_axial_patch_05;stage1b_axial_patch_09,0bffed575ed25f8bd1826f2b8c4174c86f4dc3b29dbbead3a0f85a979f1a13dd,e97e9d465aee352b5d92c059c85c429dd99db15c38188c9353b4099d73addff9,fe306c394afc53bed37cfed37062f4d8f97ae02f6508541e579da3eaf0b1cd2f,362f7e36973a2894c0e03b72c084b4c2b939a9202610cd8f10b29d9724865db8,03628f72e14f79437c49a4d89c2973a95badfdddcfa2864cc55f10131c7357ce,c39bd1e4e526f256299f05bdb59b6d5dd7b033ef5b0022fbae5c0943aadd9b49,0.4,192,7680,5140,2540,0.6692708333333334,data/metric_redesign_stage1c/development/stage1c_dev_v1/stage1c_development_observation_O2_G101/sensor_022/metrics.csv,data/metric_redesign_stage1c/development/stage1c_dev_v1/stage1c_development_observation_O2_G101/sensor_022/observations.npz,6542d1486633b99fe5ec2632f79d97c6e355518af6a3179a288793251f9f243c,30d31cd7b59d36f9ecda843da8c67aa4d717cb529956f03d00741101a7cb185c,67eaedfb592dbc99578aea3ce3982312801c55aef6857371e4a4aaeb1b980ee9,0.04229497556440642,0.007667055991686311,0.07489003326322109,159.8558605109821,145.24180248210453,169.6398670852472,0.0,0.0,0.0,0.025470568816167678,0.006367642204041919,157.04399964012438,1.0,4.0,139.8901906927862,145.24180248210453,151.23772421854866,0.0,0.0,0.0,0.0,229.63966798953876,30,-0.0016250042808306849,6.978560066198104e-11,2.640706372132025e-06,0.0016250250373862013,0.001623946188693992,0.0016328564609420226,0.0016343232599060897,0.003543712550646294,3.6156535048559055e-13,0.002871320597989975,0.0,0.0,0.0
development,observation,stage1c_observation,stage1c_development_observation_O3_G101,O3,ST,101,11,9.151884361089826,16,stage1b_axial_patch_07;stage1b_axial_patch_11;stage1b_axial_patch_03;stage1b_axial_patch_12;stage1b_axial_patch_02;stage1b_axial_patch_08;stage1b_axial_patch_04;stage1b_axial_patch_10;stage1b_axial_patch_00;stage1b_axial_patch_13;stage1b_axial_patch_15;stage1b_axial_patch_06;stage1b_axial_patch_01;stage1b_axial_patch_14;stage1b_axial_patch_05;stage1b_axial_patch_09,0bffed575ed25f8bd1826f2b8c4174c86f4dc3b29dbbead3a0f85a979f1a13dd,e97e9d465aee352b5d92c059c85c429dd99db15c38188c9353b4099d73addff9,fe306c394afc53bed37cfed37062f4d8f97ae02f6508541e579da3eaf0b1cd2f,362f7e36973a2894c0e03b72c084b4c2b939a9202610cd8f10b29d9724865db8,03628f72e14f79437c49a4d89c2973a95badfdddcfa2864cc55f10131c7357ce,c39bd1e4e526f256299f05bdb59b6d5dd7b033ef5b0022fbae5c0943aadd9b49,0.1,192,7680,2487,5193,0.323828125,data/metric_redesign_stage1c/development/stage1c_dev_v1/stage1c_development_observation_O3_G101/sensor_011/metrics.csv,data/metric_redesign_stage1c/development/stage1c_dev_v1/stage1c_development_observation_O3_G101/sensor_011/observations.npz,fd79febfc63cc4aaf8ba9e419755ce58553a9d2fac8edca4395fce0e488f14bb,c2115dbbc02e12ee1715ce6cf01ff58df6b6a5391aa5189c7ab0830b9749b4b9,7c1771807f01604233b27a8f573412c116fa18b0799e719c41751cdcc446891a,0.17131214581331633,0.12322539206363525,0.22311051450614375,79.50759990959503,66.42626975515417,90.32142852359802,0.0,0.0,0.0,0.05139275963646625,0.012848189909116563,77.83197532676878,1.0,4.0,63.92871062686814,66.42626975515417,73.35625147551588,0.0,0.0,0.0,0.0,229.63966798953876,30,0.0032461681108905795,4.3831591775684425e-11,1.0537649774701627e-05,0.003246174637123152,0.003247780483931706,0.0032521514911866946,0.003253932771847978,0.003637478071224906,1.0044177484777617e-12,0.002626190477467496,0.0,0.0,0.0
development,observation,stage1c_observation,stage1c_development_observation_O3_G101,O3,ST,101,22,9.151884361089826,16,stage1b_axial_patch_07;stage1b_axial_patch_11;stage1b_axial_patch_03;stage1b_axial_patch_12;stage1b_axial_patch_02;stage1b_axial_patch_08;stage1b_axial_patch_04;stage1b_axial_patch_10;stage1b_axial_patch_00;stage1b_axial_patch_13;stage1b_axial_patch_15;stage1b_axial_patch_06;stage1b_axial_patch_01;stage1b_axial_patch_14;stage1b_axial_patch_05;stage1b_axial_patch_09,0bffed575ed25f8bd1826f2b8c4174c86f4dc3b29dbbead3a0f85a979f1a13dd,e97e9d465aee352b5d92c059c85c429dd99db15c38188c9353b4099d73addff9,fe306c394afc53bed37cfed37062f4d8f97ae02f6508541e579da3eaf0b1cd2f,362f7e36973a2894c0e03b72c084b4c2b939a9202610cd8f10b29d9724865db8,03628f72e14f79437c49a4d89c2973a95badfdddcfa2864cc55f10131c7357ce,c39bd1e4e526f256299f05bdb59b6d5dd7b033ef5b0022fbae5c0943aadd9b49,0.1,192,7680,2525,5155,0.3287760416666667,data/metric_redesign_stage1c/development/stage1c_dev_v1/stage1c_development_observation_O3_G101/sensor_022/metrics.csv,data/metric_redesign_stage1c/development/stage1c_dev_v1/stage1c_development_observation_O3_G101/sensor_022/observations.npz,6542d1486633b99fe5ec2632f79d97c6e355518af6a3179a288793251f9f243c,30d31cd7b59d36f9ecda843da8c67aa4d717cb529956f03d00741101a7cb185c,e5a363cdfd2db148d5a49073881e6a6670bf7292260cf8a6759cb58a0748af40,0.1774071061648579,0.12842145116696008,0.23134179668166827,79.84502787169923,64.5482888086441,87.6305339773052,0.0,0.0,0.0,0.051666867655517895,0.012916716913879474,77.4190536703227,1.0,4.0,61.75356948658467,64.5482888086441,72.82998356785234,0.0,0.0,0.0,0.0,229.63966798953876,30,-0.0017070238349595238,5.895895496432624e-11,2.9139873667763854e-06,0.0017070405287445245,0.0017061671616627194,0.0017157693372627848,0.0017189383417809622,0.00378317356358573,4.328323246946544e-13,0.0028058029514009025,0.0,0.0,0.0
development,observation,stage1c_observation,stage1c_development_observation_O4_G101,O4,ST,101,11,9.151884361089826,16,stage1b_axial_patch_07;stage1b_axial_patch_11;stage1b_axial_patch_03;stage1b_axial_patch_12;stage1b_axial_patch_02;stage1b_axial_patch_08;stage1b_axial_patch_04;stage1b_axial_patch_10;stage1b_axial_patch_00;stage1b_axial_patch_13;stage1b_axial_patch_15;stage1b_axial_patch_06;stage1b_axial_patch_01;stage1b_axial_patch_14;stage1b_axial_patch_05;stage1b_axial_patch_09,0bffed575ed25f8bd1826f2b8c4174c86f4dc3b29dbbead3a0f85a979f1a13dd,e97e9d465aee352b5d92c059c85c429dd99db15c38188c9353b4099d73addff9,fe306c394afc53bed37cfed37062f4d8f97ae02f6508541e579da3eaf0b1cd2f,362f7e36973a2894c0e03b72c084b4c2b939a9202610cd8f10b29d9724865db8,03628f72e14f79437c49a4d89c2973a95badfdddcfa2864cc55f10131c7357ce,c39bd1e4e526f256299f05bdb59b6d5dd7b033ef5b0022fbae5c0943aadd9b49,0.02,192,7680,692,6988,0.09010416666666667,data/metric_redesign_stage1c/development/stage1c_dev_v1/stage1c_development_observation_O4_G101/sensor_011/metrics.csv,data/metric_redesign_stage1c/development/stage1c_dev_v1/stage1c_development_observation_O4_G101/sensor_011/observations.npz,fd79febfc63cc4aaf8ba9e419755ce58553a9d2fac8edca4395fce0e488f14bb,c2115dbbc02e12ee1715ce6cf01ff58df6b6a5391aa5189c7ab0830b9749b4b9,99dbcf1866954dff4c9cb5fa344159df68a28f98a3fe27660967c3f4d6548677,0.407304026102168,0.34525899496159407,0.4454237009729485,20.52799567741765,13.087178351563038,31.637253593447493,0.0,0.0,0.0,0.21296850054089617,0.05324212513522404,18.78212031282008,1.0,4.0,11.480820954155712,13.087178351563038,15.165807608522272,0.0,0.0,0.0,0.0,229.63966798953876,30,0.005227445475030497,1.8995965298466493e-10,2.732636982208137e-05,0.005227463038805858,0.005230087833979269,0.005244383936247132,0.0052463433318285626,0.009384020638559098,1.8046767800319496e-12,0.007104475316410448,0.0,0.0,0.0
development,observation,stage1c_observation,stage1c_development_observation_O4_G101,O4,ST,101,22,9.151884361089826,16,stage1b_axial_patch_07;stage1b_axial_patch_11;stage1b_axial_patch_03;stage1b_axial_patch_12;stage1b_axial_patch_02;stage1b_axial_patch_08;stage1b_axial_patch_04;stage1b_axial_patch_10;stage1b_axial_patch_00;stage1b_axial_patch_13;stage1b_axial_patch_15;stage1b_axial_patch_06;stage1b_axial_patch_01;stage1b_axial_patch_14;stage1b_axial_patch_05;stage1b_axial_patch_09,0bffed575ed25f8bd1826f2b8c4174c86f4dc3b29dbbead3a0f85a979f1a13dd,e97e9d465aee352b5d92c059c85c429dd99db15c38188c9353b4099d73addff9,fe306c394afc53bed37cfed37062f4d8f97ae02f6508541e579da3eaf0b1cd2f,362f7e36973a2894c0e03b72c084b4c2b939a9202610cd8f10b29d9724865db8,03628f72e14f79437c49a4d89c2973a95badfdddcfa2864cc55f10131c7357ce,c39bd1e4e526f256299f05bdb59b6d5dd7b033ef5b0022fbae5c0943aadd9b49,0.02,192,7680,690,6990,0.08984375,data/metric_redesign_stage1c/development/stage1c_dev_v1/stage1c_development_observation_O4_G101/sensor_022/metrics.csv,data/metric_redesign_stage1c/development/stage1c_dev_v1/stage1c_development_observation_O4_G101/sensor_022/observations.npz,6542d1486633b99fe5ec2632f79d97c6e355518af6a3179a288793251f9f243c,30d31cd7b59d36f9ecda843da8c67aa4d717cb529956f03d00741101a7cb185c,c1ded9f681f34657d3ed6909728625040b07374a9a06a8b78ec0e9ed7eccd312,0.3984098587379624,0.35922533993040345,0.45654817817783855,21.359903197517415,14.199977056196618,27.524443961150283,0.0,0.0,0.0,0.20683108264404348,0.05170777066101087,19.339452991618305,1.0,4.0,13.149793380897062,14.199977056196618,18.021350410294264,0.0,0.0,0.0,0.0,229.63966798953876,30,-0.004167879575968314,7.791919083714109e-11,1.737129548165829e-05,0.0041678886119542935,0.004167649789751593,0.004175993576702552,0.004177372060707718,0.007835467823028162,5.751090347466974e-13,0.006077803690672581,0.0,0.0,0.0
development,geometry,stage1c_open_control,stage1c_development_open_control_G202,OC,OC,202,11,0.0,0,,open_control,open_control,f548952a7463c1a5ebf5f8ba707c3e3af5260642d9db11fcbe2c4fe246c9d305,4fd0070ad8a90a05c92d0fa5eae630b56718bf0a21d03cdfcb999230afbdd67b,03628f72e14f79437c49a4d89c2973a95badfdddcfa2864cc55f10131c7357ce,2447ef7b04008dcbba195ef46d57ef141693eed97bf9e314807540084a8a1ea0,1.0,192,7680,0,7680,0.0,data/metric_redesign_stage1c/development/stage1c_dev_v1/stage1c_development_open_control_G202/sensor_011/metrics.csv,data/metric_redesign_stage1c/development/stage1c_dev_v1/stage1c_development_open_control_G202/sensor_011/observations.npz,not_applicable,not_applicable,not_applicable,0.06342910883178177,0.04539550302460493,0.0887328813355746,245.71214170192943,235.46727737244262,254.88306771163602,0.0,0.0,0.0,0.016326167908151473,0.004081541977037868,245.00544294922048,0.05,0.19999999999999996,231.0010259125462,235.46727737244262,240.1032839078821,0.0,0.0,0.0,0.0,229.63966798953876,30,-7.047348021919457e-05,1.3004283173106596e-10,5.092219484878572e-09,7.135978899126995e-05,6.811574306730961e-05,8.794276945085501e-05,9.491831105901126e-05,0.0020557653533537046,2.55670215804609e-12,0.0016637141684009982,0.0,0.0,0.0
development,geometry,stage1c_open_control,stage1c_development_open_control_G202,OC,OC,202,22,0.0,0,,open_control,open_control,f548952a7463c1a5ebf5f8ba707c3e3af5260642d9db11fcbe2c4fe246c9d305,4fd0070ad8a90a05c92d0fa5eae630b56718bf0a21d03cdfcb999230afbdd67b,03628f72e14f79437c49a4d89c2973a95badfdddcfa2864cc55f10131c7357ce,2447ef7b04008dcbba195ef46d57ef141693eed97bf9e314807540084a8a1ea0,1.0,192,7680,0,7680,0.0,data/metric_redesign_stage1c/development/stage1c_dev_v1/stage1c_development_open_control_G202/sensor_022/metrics.csv,data/metric_redesign_stage1c/development/stage1c_dev_v1/stage1c_development_open_control_G202/sensor_022/observations.npz,not_applicable,not_applicable,not_applicable,0.06272471853379047,0.0383798884579968,0.07302152113958281,242.3469708369908,235.57025182820624,254.29709925526157,0.0,0.0,0.0,0.016449993658958027,0.004112498414739507,243.16118795716105,0.075,0.1,228.5499094333624,235.57025182820624,239.0853429055373,0.0,0.0,0.0,0.0,229.63966798953876,30,-0.0010450352028002522,2.48824479401077e-10,1.092339105421852e-06,0.0010451502788699106,0.0010461912084904768,0.00106266899757248,0.0010699982044668488,0.0021904731458448723,1.887260285550646e-12,0.0017472532371924914,0.0,0.0,0.0
development,geometry,stage1c_geometry,stage1c_development_geometry_L1_G202,L1,ST,202,11,6.483010879385164,12,stage1b_axial_patch_14;stage1b_axial_patch_01;stage1b_axial_patch_10;stage1b_axial_patch_12;stage1b_axial_patch_03;stage1b_axial_patch_04;stage1b_axial_patch_09;stage1b_axial_patch_13;stage1b_axial_patch_11;stage1b_axial_patch_02;stage1b_axial_patch_00;stage1b_axial_patch_15,0bffed575ed25f8bd1826f2b8c4174c86f4dc3b29dbbead3a0f85a979f1a13dd,e97e9d465aee352b5d92c059c85c429dd99db15c38188c9353b4099d73addff9,fe306c394afc53bed37cfed37062f4d8f97ae02f6508541e579da3eaf0b1cd2f,52490cb142dca5db0b6883bd05eab33446488478a803a583a4ca766a9ea0db50,03628f72e14f79437c49a4d89c2973a95badfdddcfa2864cc55f10131c7357ce,cc3236f6f843d9478dcd5ab4836d5bf46b8891807a1b9fe22596086a86b107ca,1.0,192,7680,6042,1638,0.78671875,data/metric_redesign_stage1c/development/stage1c_dev_v1/stage1c_development_geometry_L1_G202/sensor_011/metrics.csv,data/metric_redesign_stage1c/development/stage1c_dev_v1/stage1c_development_geometry_L1_G202/sensor_011/observations.npz,not_applicable,not_applicable,not_applicable,0.04082754858978832,0.012036474158980081,0.14777292711899354,203.89644047923997,195.30002199962456,217.26437885833982,0.0,0.0,0.0,0.019469891342638802,0.004867472835659701,205.44541978208443,1.0,4.0,193.07486001610286,195.30002199962456,200.2926151433025,0.0,0.0,0.0,0.0,229.63966798953876,30,-0.0022764694160848364,6.409283279637598e-11,5.1823749587746715e-06,0.002276483024047109,0.0022753993329196476,0.0022878271532732696,0.0022907129857978603,0.002169564469723105,4.941561369250146e-13,0.0017134018938435138,0.0,0.0,0.0
development,geometry,stage1c_geometry,stage1c_development_geometry_L1_G202,L1,ST,202,22,6.483010879385164,12,stage1b_axial_patch_14;stage1b_axial_patch_01;stage1b_axial_patch_10;stage1b_axial_patch_12;stage1b_axial_patch_03;stage1b_axial_patch_04;stage1b_axial_patch_09;stage1b_axial_patch_13;stage1b_axial_patch_11;stage1b_axial_patch_02;stage1b_axial_patch_00;stage1b_axial_patch_15,0bffed575ed25f8bd1826f2b8c4174c86f4dc3b29dbbead3a0f85a979f1a13dd,e97e9d465aee352b5d92c059c85c429dd99db15c38188c9353b4099d73addff9,fe306c394afc53bed37cfed37062f4d8f97ae02f6508541e579da3eaf0b1cd2f,52490cb142dca5db0b6883bd05eab33446488478a803a583a4ca766a9ea0db50,03628f72e14f79437c49a4d89c2973a95badfdddcfa2864cc55f10131c7357ce,cc3236f6f843d9478dcd5ab4836d5bf46b8891807a1b9fe22596086a86b107ca,1.0,192,7680,6063,1617,0.789453125,data/metric_redesign_stage1c/development/stage1c_dev_v1/stage1c_development_geometry_L1_G202/sensor_022/metrics.csv,data/metric_redesign_stage1c/development/stage1c_dev_v1/stage1c_development_geometry_L1_G202/sensor_022/observations.npz,not_applicable,not_applicable,not_applicable,0.04377120237209786,0.0064041568857607254,0.14641355692955715,206.31603908479042,196.4707200249369,214.13845783593007,0.0,0.0,0.0,0.01936270750853463,0.004840676877133658,206.58267952645016,1.0,4.0,193.90595778088098,196.4707200249369,203.1700600075619,0.0,0.0,0.0,0.0,229.63966798953876,30,-0.002757026060854528,4.5383267461908e-11,7.601236570722917e-06,0.0027570340169687634,0.00275575607080647,0.002766020757465526,0.002769596434731092,0.0020482787135585076,9.538483521403762e-13,0.0016350458416600083,0.0,0.0,0.0
development,geometry,stage1c_geometry,stage1c_development_geometry_L2_G202,L2,ST,202,11,5.1703525279132965,7,stage1b_axial_patch_14;stage1b_axial_patch_01;stage1b_axial_patch_10;stage1b_axial_patch_12;stage1b_axial_patch_03;stage1b_axial_patch_04;stage1b_axial_patch_09,0bffed575ed25f8bd1826f2b8c4174c86f4dc3b29dbbead3a0f85a979f1a13dd,e97e9d465aee352b5d92c059c85c429dd99db15c38188c9353b4099d73addff9,fe306c394afc53bed37cfed37062f4d8f97ae02f6508541e579da3eaf0b1cd2f,beea9a262cb6bb02863d46c4a13eea28bf838bd512178476e9f951c633db1a43,03628f72e14f79437c49a4d89c2973a95badfdddcfa2864cc55f10131c7357ce,5249901eac818b79cebb879a558982323e6b7d9c54c3d8268f8c56b2cba911cd,1.0,192,7680,5213,2467,0.6787760416666667,data/metric_redesign_stage1c/development/stage1c_dev_v1/stage1c_development_geometry_L2_G202/sensor_011/metrics.csv,data/metric_redesign_stage1c/development/stage1c_dev_v1/stage1c_development_geometry_L2_G202/sensor_011/observations.npz,not_applicable,not_applicable,not_applicable,0.11590204992092346,0.06905510341416383,0.17760539223454735,142.06710180762553,105.29904614761817,213.60787613896488,0.0,0.0,0.0,0.028310722689632972,0.007077680672408243,141.28922259779506,0.975,3.8,102.06494637809165,105.29904614761817,114.07387029447587,0.0,0.0,0.0,0.0,229.63966798953876,30,-0.0005515033690687214,4.429202527240802e-11,3.0419878171858025e-07,0.0005515421848948458,0.0005503080990880704,0.00056248264200498,0.0005634022513804737,0.0025822305681678947,3.6266006198325065e-13,0.0020874162735189717,0.0,0.0,0.0
development,geometry,stage1c_geometry,stage1c_development_geometry_L2_G202,L2,ST,202,22,5.1703525279132965,7,stage1b_axial_patch_14;stage1b_axial_patch_01;stage1b_axial_patch_10;stage1b_axial_patch_12;stage1b_axial_patch_03;stage1b_axial_patch_04;stage1b_axial_patch_09,0bffed575ed25f8bd1826f2b8c4174c86f4dc3b29dbbead3a0f85a979f1a13dd,e97e9d465aee352b5d92c059c85c429dd99db15c38188c9353b4099d73addff9,fe306c394afc53bed37cfed37062f4d8f97ae02f6508541e579da3eaf0b1cd2f,beea9a262cb6bb02863d46c4a13eea28bf838bd512178476e9f951c633db1a43,03628f72e14f79437c49a4d89c2973a95badfdddcfa2864cc55f10131c7357ce,5249901eac818b79cebb879a558982323e6b7d9c54c3d8268f8c56b2cba911cd,1.0,192,7680,5180,2500,0.6744791666666666,data/metric_redesign_stage1c/development/stage1c_dev_v1/stage1c_development_geometry_L2_G202/sensor_022/metrics.csv,data/metric_redesign_stage1c/development/stage1c_dev_v1/stage1c_development_geometry_L2_G202/sensor_022/observations.npz,not_applicable,not_applicable,not_applicable,0.11134698842496127,0.07864893924113688,0.16477445428371681,145.52774758939125,107.18312674202676,207.334598113756,0.0,0.0,0.0,0.028147062296797934,0.0070367655741994835,142.11074526434854,0.975,3.8,102.43814131441121,107.18312674202676,118.200781829197,0.0,0.0,0.0,0.0,229.63966798953876,30,-0.0015404774200721504,4.965745727128248e-11,2.373118683960844e-06,0.0015404930002959586,0.0015401648431776493,0.0015495763843812681,0.0015508201934880006,0.003574031832170363,3.8483782821464364e-13,0.0030223867054066473,0.0,0.0,0.0
development,geometry,stage1c_geometry,stage1c_development_geometry_L3_G202,L3,ST,202,11,3.025383589267516,3,stage1b_axial_patch_14;stage1b_axial_patch_01;stage1b_axial_patch_10,0bffed575ed25f8bd1826f2b8c4174c86f4dc3b29dbbead3a0f85a979f1a13dd,e97e9d465aee352b5d92c059c85c429dd99db15c38188c9353b4099d73addff9,fe306c394afc53bed37cfed37062f4d8f97ae02f6508541e579da3eaf0b1cd2f,bcbe30b9f38157d9ea61fd917c5a40bd77fb52f8734172360053d6b783c54494,03628f72e14f79437c49a4d89c2973a95badfdddcfa2864cc55f10131c7357ce,6914b0c110c13d9f1277cf652e5ebc28f663babc3980fa22679a8e07fed3cc2b,1.0,192,7680,3707,3973,0.48268229166666665,data/metric_redesign_stage1c/development/stage1c_dev_v1/stage1c_development_geometry_L3_G202/sensor_011/metrics.csv,data/metric_redesign_stage1c/development/stage1c_dev_v1/stage1c_development_geometry_L3_G202/sensor_011/observations.npz,not_applicable,not_applicable,not_applicable,0.2862394632413442,0.183531789577364,0.389432062989288,48.23834848493567,13.377480667322615,86.76564916394132,0.0,0.0,0.0,0.13629456951614038,0.034073642379035096,29.348197908400955,1.0,4.0,12.823685419759194,13.377480667322615,18.628021364192954,0.0,0.0,0.0,0.0,229.63966798953876,30,-0.0014403206654611958,1.3085635684445844e-10,2.074650113832865e-06,0.001440364576707184,0.0014391671984625987,0.0014575562080814564,0.0014616378646884697,0.006548843784164331,3.707379640180998e-12,0.0046186058149119,0.0,0.0,0.0
development,geometry,stage1c_geometry,stage1c_development_geometry_L3_G202,L3,ST,202,22,3.025383589267516,3,stage1b_axial_patch_14;stage1b_axial_patch_01;stage1b_axial_patch_10,0bffed575ed25f8bd1826f2b8c4174c86f4dc3b29dbbead3a0f85a979f1a13dd,e97e9d465aee352b5d92c059c85c429dd99db15c38188c9353b4099d73addff9,fe306c394afc53bed37cfed37062f4d8f97ae02f6508541e579da3eaf0b1cd2f,bcbe30b9f38157d9ea61fd917c5a40bd77fb52f8734172360053d6b783c54494,03628f72e14f79437c49a4d89c2973a95badfdddcfa2864cc55f10131c7357ce,6914b0c110c13d9f1277cf652e5ebc28f663babc3980fa22679a8e07fed3cc2b,1.0,192,7680,3701,3979,0.48190104166666664,data/metric_redesign_stage1c/development/stage1c_dev_v1/stage1c_development_geometry_L3_G202/sensor_022/metrics.csv,data/metric_redesign_stage1c/development/stage1c_dev_v1/stage1c_development_geometry_L3_G202/sensor_022/observations.npz,not_applicable,not_applicable,not_applicable,0.2616797260272782,0.17039405551347,0.38656403707875525,49.4980284524417,14.403600741387526,86.60164884199644,0.0,0.0,0.0,0.13228655884415766,0.033071639711039415,30.237387947420004,1.0,4.0,12.999792141083693,14.403600741387526,19.44686578195732,0.0,0.0,0.0,0.0,229.63966798953876,30,4.182553215403099e-05,9.826795504366614e-11,1.8443674965100906e-09,4.29460998987113e-05,4.3898960969457335e-05,5.4293259810833665e-05,5.625594113265464e-05,0.006232064109684069,2.0923775352264955e-12,0.004898447923397619,0.0,0.0,0.0
development,geometry,stage1c_geometry,stage1c_development_geometry_L4_G202,L4,ST,202,11,1.4013881600591838,1,stage1b_axial_patch_14,0bffed575ed25f8bd1826f2b8c4174c86f4dc3b29dbbead3a0f85a979f1a13dd,e97e9d465aee352b5d92c059c85c429dd99db15c38188c9353b4099d73addff9,fe306c394afc53bed37cfed37062f4d8f97ae02f6508541e579da3eaf0b1cd2f,51f51ee991d02edcdd9ce95b23b920397ffb47d8dc38cadd18aed7e9923ab1c6,03628f72e14f79437c49a4d89c2973a95badfdddcfa2864cc55f10131c7357ce,9d2b24b0d601f9fae15d9263d2046a1c976f6a75794fece143393714ba013ded,1.0,192,7680,1804,5876,0.23489583333333333,data/metric_redesign_stage1c/development/stage1c_dev_v1/stage1c_development_geometry_L4_G202/sensor_011/metrics.csv,data/metric_redesign_stage1c/development/stage1c_dev_v1/stage1c_development_geometry_L4_G202/sensor_011/observations.npz,not_applicable,not_applicable,not_applicable,0.42686512006486277,0.2104638970943951,0.49810413012908256,12.671145772331684,3.6769243950258406,90.77621080058358,0.0,0.0,0.9999773001988687,0.48675449945030924,0.12168862486257731,8.217694966388994,1.0,4.0,2.839636216867256,3.6769243950258406,5.4657352012778615,0.30723517883875723,0.0,0.325,1.3,229.63966798953876,30,-0.002888226149545285,6.19995481615416e-11,8.341910223813736e-06,0.0028882365249081896,0.0028873884322315746,0.0029004467049528414,0.002902410899455177,0.01490499330205928,3.78408214430113e-09,0.010792287770960066,0.0,0.0,0.0
development,geometry,stage1c_geometry,stage1c_development_geometry_L4_G202,L4,ST,202,22,1.4013881600591838,1,stage1b_axial_patch_14,0bffed575ed25f8bd1826f2b8c4174c86f4dc3b29dbbead3a0f85a979f1a13dd,e97e9d465aee352b5d92c059c85c429dd99db15c38188c9353b4099d73addff9,fe306c394afc53bed37cfed37062f4d8f97ae02f6508541e579da3eaf0b1cd2f,51f51ee991d02edcdd9ce95b23b920397ffb47d8dc38cadd18aed7e9923ab1c6,03628f72e14f79437c49a4d89c2973a95badfdddcfa2864cc55f10131c7357ce,9d2b24b0d601f9fae15d9263d2046a1c976f6a75794fece143393714ba013ded,1.0,192,7680,1794,5886,0.23359375,data/metric_redesign_stage1c/development/stage1c_dev_v1/stage1c_development_geometry_L4_G202/sensor_022/metrics.csv,data/metric_redesign_stage1c/development/stage1c_dev_v1/stage1c_development_geometry_L4_G202/sensor_022/observations.npz,not_applicable,not_applicable,not_applicable,0.42625759542025654,0.22184973046355067,0.4999937519714595,12.207991003464109,3.7953301578297154,91.94827251122807,0.0,0.0,0.9998514430102924,0.47251077598472097,0.11812769399618024,8.465415400662405,1.0,4.0,2.903554979491517,3.7953301578297154,5.50974248277177,0.30738684025167173,0.0,0.325,1.3,229.63966798953876,30,-0.0034957597502676425,7.983567128756493e-11,1.2220413406073534e-05,0.0034957707885491483,0.003496075974966928,0.003504208962177913,0.0035084110539489897,0.013934027867478872,2.564256799850872e-09,0.009298737427840344,0.0,0.0,0.0
development,observation,stage1c_observation,stage1c_development_observation_O1_G202,O1,ST,202,11,7.034736883539804,16,stage1b_axial_patch_14;stage1b_axial_patch_01;stage1b_axial_patch_10;stage1b_axial_patch_12;stage1b_axial_patch_03;stage1b_axial_patch_04;stage1b_axial_patch_09;stage1b_axial_patch_13;stage1b_axial_patch_11;stage1b_axial_patch_02;stage1b_axial_patch_00;stage1b_axial_patch_15;stage1b_axial_patch_07;stage1b_axial_patch_08;stage1b_axial_patch_06;stage1b_axial_patch_05,0bffed575ed25f8bd1826f2b8c4174c86f4dc3b29dbbead3a0f85a979f1a13dd,e97e9d465aee352b5d92c059c85c429dd99db15c38188c9353b4099d73addff9,fe306c394afc53bed37cfed37062f4d8f97ae02f6508541e579da3eaf0b1cd2f,0c1c7340b9a42a993364d306700d988a2891bbf99a3ff7e50bec39f8e2f04b6b,03628f72e14f79437c49a4d89c2973a95badfdddcfa2864cc55f10131c7357ce,3ece03ca664895aad3e4af93c1303f76ba528566c5c4d89d4acfdd6b2dfe5822,1.0,192,7680,6334,1346,0.8247395833333333,data/metric_redesign_stage1c/development/stage1c_dev_v1/stage1c_development_observation_O1_G202/sensor_011/metrics.csv,data/metric_redesign_stage1c/development/stage1c_dev_v1/stage1c_development_observation_O1_G202/sensor_011/observations.npz,2939fec68ec12d152b4a0a4718a4cf74fac7e5acd61a562c23473f891940280b,6a1c1d3bf9315e603a8bcbeb3b15bcdcb0b50c217d0a74af1ed72b4ebb457780,6a1c1d3bf9315e603a8bcbeb3b15bcdcb0b50c217d0a74af1ed72b4ebb457780,0.04040982573554308,0.006951153067276494,0.12769730058841539,175.10813383417988,156.9661194348885,186.73502108117927,0.0,0.0,0.0,0.023170361068770687,0.005792590267192672,172.6343404027161,1.0,4.0,154.42905656347057,156.9661194348885,165.88733764847922,0.0,0.0,0.0,0.0,229.63966798953876,30,-0.0018063614423684982,9.442280961207649e-11,3.2630329358582253e-06,0.0018063867071749131,0.0018034082828517484,0.0018127137381345193,0.0018301354795646318,0.002667470366362738,5.259147677053166e-13,0.0022641420782622546,0.0,0.0,0.0
development,observation,stage1c_observation,stage1c_development_observation_O1_G202,O1,ST,202,22,7.034736883539804,16,stage1b_axial_patch_14;stage1b_axial_patch_01;stage1b_axial_patch_10;stage1b_axial_patch_12;stage1b_axial_patch_03;stage1b_axial_patch_04;stage1b_axial_patch_09;stage1b_axial_patch_13;stage1b_axial_patch_11;stage1b_axial_patch_02;stage1b_axial_patch_00;stage1b_axial_patch_15;stage1b_axial_patch_07;stage1b_axial_patch_08;stage1b_axial_patch_06;stage1b_axial_patch_05,0bffed575ed25f8bd1826f2b8c4174c86f4dc3b29dbbead3a0f85a979f1a13dd,e97e9d465aee352b5d92c059c85c429dd99db15c38188c9353b4099d73addff9,fe306c394afc53bed37cfed37062f4d8f97ae02f6508541e579da3eaf0b1cd2f,0c1c7340b9a42a993364d306700d988a2891bbf99a3ff7e50bec39f8e2f04b6b,03628f72e14f79437c49a4d89c2973a95badfdddcfa2864cc55f10131c7357ce,3ece03ca664895aad3e4af93c1303f76ba528566c5c4d89d4acfdd6b2dfe5822,1.0,192,7680,6364,1316,0.8286458333333333,data/metric_redesign_stage1c/development/stage1c_dev_v1/stage1c_development_observation_O1_G202/sensor_022/metrics.csv,data/metric_redesign_stage1c/development/stage1c_dev_v1/stage1c_development_observation_O1_G202/sensor_022/observations.npz,fcdbed5b2ea83b02b02a1e93124b24764b15c560e2c46e3c6879cdad10052c4a,ca2785fb90985c461092160637e1a9153319eb1e2f66c9d32bfbb457ab831b44,ca2785fb90985c461092160637e1a9153319eb1e2f66c9d32bfbb457ab831b44,0.03782677751532204,0.007389001443787291,0.12468882514022675,173.88801094575368,160.99862991331187,188.52072782874743,0.0,0.0,0.0,0.023029374260796445,0.005757343565199111,173.69121517163032,1.0,4.0,159.00993665484359,160.99862991331187,166.54350793803334,0.0,0.0,0.0,0.0,229.63966798953876,30,-0.0005919633792183039,5.0332039639519746e-11,3.504692966405384e-07,0.000592004473497066,0.00059157930329512,0.0006022338123933934,0.0006058839723998233,0.001863922687706096,5.517625615540453e-13,0.0013841519609816032,0.0,0.0,0.0
development,observation,stage1c_observation,stage1c_development_observation_O2_G202,O2,ST,202,11,7.034736883539804,16,stage1b_axial_patch_14;stage1b_axial_patch_01;stage1b_axial_patch_10;stage1b_axial_patch_12;stage1b_axial_patch_03;stage1b_axial_patch_04;stage1b_axial_patch_09;stage1b_axial_patch_13;stage1b_axial_patch_11;stage1b_axial_patch_02;stage1b_axial_patch_00;stage1b_axial_patch_15;stage1b_axial_patch_07;stage1b_axial_patch_08;stage1b_axial_patch_06;stage1b_axial_patch_05,0bffed575ed25f8bd1826f2b8c4174c86f4dc3b29dbbead3a0f85a979f1a13dd,e97e9d465aee352b5d92c059c85c429dd99db15c38188c9353b4099d73addff9,fe306c394afc53bed37cfed37062f4d8f97ae02f6508541e579da3eaf0b1cd2f,0c1c7340b9a42a993364d306700d988a2891bbf99a3ff7e50bec39f8e2f04b6b,03628f72e14f79437c49a4d89c2973a95badfdddcfa2864cc55f10131c7357ce,3ece03ca664895aad3e4af93c1303f76ba528566c5c4d89d4acfdd6b2dfe5822,0.4,192,7680,5035,2645,0.6555989583333334,data/metric_redesign_stage1c/development/stage1c_dev_v1/stage1c_development_observation_O2_G202/sensor_011/metrics.csv,data/metric_redesign_stage1c/development/stage1c_dev_v1/stage1c_development_observation_O2_G202/sensor_011/observations.npz,2939fec68ec12d152b4a0a4718a4cf74fac7e5acd61a562c23473f891940280b,6a1c1d3bf9315e603a8bcbeb3b15bcdcb0b50c217d0a74af1ed72b4ebb457780,dadf19b1cc0c34ada5359514d075fac9770e9d612eb0ef90114aac46b3b0ea32,0.03552375988286294,0.017723452390041517,0.08254702125348597,137.09614905047977,123.73662317122123,150.43850296249786,0.0,0.0,0.0,0.02930353769857236,0.00732588442464309,136.50228996736035,1.0,4.0,113.54821790617483,123.73662317122123,131.68420439656376,0.0,0.0,0.0,0.0,229.63966798953876,30,-0.00038242835784932556,1.0127280517950546e-10,1.4634934593233866e-07,0.00038255633040421466,0.00037974309154087393,0.0003976561292351022,0.00040030763008527256,0.004043606267434764,6.254353425150212e-13,0.0033082403046501034,0.0,0.0,0.0
development,observation,stage1c_observation,stage1c_development_observation_O2_G202,O2,ST,202,22,7.034736883539804,16,stage1b_axial_patch_14;stage1b_axial_patch_01;stage1b_axial_patch_10;stage1b_axial_patch_12;stage1b_axial_patch_03;stage1b_axial_patch_04;stage1b_axial_patch_09;stage1b_axial_patch_13;stage1b_axial_patch_11;stage1b_axial_patch_02;stage1b_axial_patch_00;stage1b_axial_patch_15;stage1b_axial_patch_07;stage1b_axial_patch_08;stage1b_axial_patch_06;stage1b_axial_patch_05,0bffed575ed25f8bd1826f2b8c4174c86f4dc3b29dbbead3a0f85a979f1a13dd,e97e9d465aee352b5d92c059c85c429dd99db15c38188c9353b4099d73addff9,fe306c394afc53bed37cfed37062f4d8f97ae02f6508541e579da3eaf0b1cd2f,0c1c7340b9a42a993364d306700d988a2891bbf99a3ff7e50bec39f8e2f04b6b,03628f72e14f79437c49a4d89c2973a95badfdddcfa2864cc55f10131c7357ce,3ece03ca664895aad3e4af93c1303f76ba528566c5c4d89d4acfdd6b2dfe5822,0.4,192,7680,5068,2612,0.6598958333333333,data/metric_redesign_stage1c/development/stage1c_dev_v1/stage1c_development_observation_O2_G202/sensor_022/metrics.csv,data/metric_redesign_stage1c/development/stage1c_dev_v1/stage1c_development_observation_O2_G202/sensor_022/observations.npz,fcdbed5b2ea83b02b02a1e93124b24764b15c560e2c46e3c6879cdad10052c4a,ca2785fb90985c461092160637e1a9153319eb1e2f66c9d32bfbb457ab831b44,7852788126bfe59e783d0aa7f883848ad95e9b7e581104d39459a78f2b229dda,0.047670843997441925,0.021137260080201937,0.07911717460927409,139.57546402877523,125.09607154160419,153.4827036278719,0.0,0.0,0.0,0.028763861647277407,0.007190965411819352,139.06338617014634,1.0,4.0,121.29094777508952,125.09607154160419,131.41653112568758,0.0,0.0,0.0,0.0,229.63966798953876,30,-0.002137479564305167,8.813821817178372e-11,4.568904088099772e-06,0.0021374994942922844,0.002136390535122601,0.0021486907828972336,0.002153621983559084,0.003185773205461678,1.0889886872718919e-12,0.0024947825792422653,0.0,0.0,0.0
development,observation,stage1c_observation,stage1c_development_observation_O3_G202,O3,ST,202,11,7.034736883539804,16,stage1b_axial_patch_14;stage1b_axial_patch_01;stage1b_axial_patch_10;stage1b_axial_patch_12;stage1b_axial_patch_03;stage1b_axial_patch_04;stage1b_axial_patch_09;stage1b_axial_patch_13;stage1b_axial_patch_11;stage1b_axial_patch_02;stage1b_axial_patch_00;stage1b_axial_patch_15;stage1b_axial_patch_07;stage1b_axial_patch_08;stage1b_axial_patch_06;stage1b_axial_patch_05,0bffed575ed25f8bd1826f2b8c4174c86f4dc3b29dbbead3a0f85a979f1a13dd,e97e9d465aee352b5d92c059c85c429dd99db15c38188c9353b4099d73addff9,fe306c394afc53bed37cfed37062f4d8f97ae02f6508541e579da3eaf0b1cd2f,0c1c7340b9a42a993364d306700d988a2891bbf99a3ff7e50bec39f8e2f04b6b,03628f72e14f79437c49a4d89c2973a95badfdddcfa2864cc55f10131c7357ce,3ece03ca664895aad3e4af93c1303f76ba528566c5c4d89d4acfdd6b2dfe5822,0.1,192,7680,2513,5167,0.32721354166666666,data/metric_redesign_stage1c/development/stage1c_dev_v1/stage1c_development_observation_O3_G202/sensor_011/metrics.csv,data/metric_redesign_stage1c/development/stage1c_dev_v1/stage1c_development_observation_O3_G202/sensor_011/observations.npz,2939fec68ec12d152b4a0a4718a4cf74fac7e5acd61a562c23473f891940280b,6a1c1d3bf9315e603a8bcbeb3b15bcdcb0b50c217d0a74af1ed72b4ebb457780,ca02228a5026bb55aadedcf923616fb98386d995ef20beedb79ad9517081d8cb,0.20415243519569737,0.17169106062072947,0.24347915082655647,67.5246615524882,53.68969741583188,76.19042398882384,0.0,0.0,0.0,0.060701604837208656,0.015175401209302164,65.89611610314616,1.0,4.0,50.543757636245985,53.68969741583188,63.41849194222294,0.0,0.0,0.0,0.0,229.63966798953876,30,-0.006798666505601266,7.804137488636488e-11,4.6221941694380254e-05,0.0067986720537455145,0.006797301729253746,0.0068062449363768705,0.006820429949812379,0.004253134082342575,4.047138526295884e-13,0.0034104993222057248,0.0,0.0,0.0
development,observation,stage1c_observation,stage1c_development_observation_O3_G202,O3,ST,202,22,7.034736883539804,16,stage1b_axial_patch_14;stage1b_axial_patch_01;stage1b_axial_patch_10;stage1b_axial_patch_12;stage1b_axial_patch_03;stage1b_axial_patch_04;stage1b_axial_patch_09;stage1b_axial_patch_13;stage1b_axial_patch_11;stage1b_axial_patch_02;stage1b_axial_patch_00;stage1b_axial_patch_15;stage1b_axial_patch_07;stage1b_axial_patch_08;stage1b_axial_patch_06;stage1b_axial_patch_05,0bffed575ed25f8bd1826f2b8c4174c86f4dc3b29dbbead3a0f85a979f1a13dd,e97e9d465aee352b5d92c059c85c429dd99db15c38188c9353b4099d73addff9,fe306c394afc53bed37cfed37062f4d8f97ae02f6508541e579da3eaf0b1cd2f,0c1c7340b9a42a993364d306700d988a2891bbf99a3ff7e50bec39f8e2f04b6b,03628f72e14f79437c49a4d89c2973a95badfdddcfa2864cc55f10131c7357ce,3ece03ca664895aad3e4af93c1303f76ba528566c5c4d89d4acfdd6b2dfe5822,0.1,192,7680,2508,5172,0.3265625,data/metric_redesign_stage1c/development/stage1c_dev_v1/stage1c_development_observation_O3_G202/sensor_022/metrics.csv,data/metric_redesign_stage1c/development/stage1c_dev_v1/stage1c_development_observation_O3_G202/sensor_022/observations.npz,fcdbed5b2ea83b02b02a1e93124b24764b15c560e2c46e3c6879cdad10052c4a,ca2785fb90985c461092160637e1a9153319eb1e2f66c9d32bfbb457ab831b44,153389dd9a25b39e6f7aa1f3ac58c89edef8b2350dfe80db407c51a357fe7b97,0.20477771360225072,0.1518067631734764,0.24308360186214165,68.48840655387951,58.89046909171666,81.98478920401621,0.0,0.0,0.0,0.059091844360818505,0.014772961090204626,67.6912362994756,1.0,4.0,55.41423187322736,58.89046909171666,62.315424808098435,0.0,0.0,0.0,0.0,229.63966798953876,30,-0.004193257278428438,7.083519690292132e-11,1.7583475077116743e-05,0.004193265443197788,0.004191605010763766,0.004202644584335146,0.004209576333104437,0.003440922001490845,9.166753499712054e-13,0.0026503006422548855,0.0,0.0,0.0
development,observation,stage1c_observation,stage1c_development_observation_O4_G202,O4,ST,202,11,7.034736883539804,16,stage1b_axial_patch_14;stage1b_axial_patch_01;stage1b_axial_patch_10;stage1b_axial_patch_12;stage1b_axial_patch_03;stage1b_axial_patch_04;stage1b_axial_patch_09;stage1b_axial_patch_13;stage1b_axial_patch_11;stage1b_axial_patch_02;stage1b_axial_patch_00;stage1b_axial_patch_15;stage1b_axial_patch_07;stage1b_axial_patch_08;stage1b_axial_patch_06;stage1b_axial_patch_05,0bffed575ed25f8bd1826f2b8c4174c86f4dc3b29dbbead3a0f85a979f1a13dd,e97e9d465aee352b5d92c059c85c429dd99db15c38188c9353b4099d73addff9,fe306c394afc53bed37cfed37062f4d8f97ae02f6508541e579da3eaf0b1cd2f,0c1c7340b9a42a993364d306700d988a2891bbf99a3ff7e50bec39f8e2f04b6b,03628f72e14f79437c49a4d89c2973a95badfdddcfa2864cc55f10131c7357ce,3ece03ca664895aad3e4af93c1303f76ba528566c5c4d89d4acfdd6b2dfe5822,0.02,192,7680,730,6950,0.09505208333333333,data/metric_redesign_stage1c/development/stage1c_dev_v1/stage1c_development_observation_O4_G202/sensor_011/metrics.csv,data/metric_redesign_stage1c/development/stage1c_dev_v1/stage1c_development_observation_O4_G202/sensor_011/observations.npz,2939fec68ec12d152b4a0a4718a4cf74fac7e5acd61a562c23473f891940280b,6a1c1d3bf9315e603a8bcbeb3b15bcdcb0b50c217d0a74af1ed72b4ebb457780,4970eff4cd407a77b711ea6871de09c8aede96ec6f33859baec02c5df58a0318,0.41103443197847167,0.3823306588603168,0.4542167296753156,18.76710673739123,10.859256159253727,23.79619413619531,0.0,0.0,0.0,0.2432450671613247,0.06081126679033118,16.444321139499717,1.0,4.0,8.153521467978994,10.859256159253727,15.999692380554977,0.0,0.0,0.025,0.10000000000000009,229.63966798953876,30,-0.014448510905577312,1.268553017538939e-10,0.00020875959001537823,0.014448515149155577,0.01444607610318549,0.014458552540244085,0.014475849809597107,0.009645377446081136,9.3600348592807e-13,0.007232983420654256,0.0,0.0,0.0
development,observation,stage1c_observation,stage1c_development_observation_O4_G202,O4,ST,202,22,7.034736883539804,16,stage1b_axial_patch_14;stage1b_axial_patch_01;stage1b_axial_patch_10;stage1b_axial_patch_12;stage1b_axial_patch_03;stage1b_axial_patch_04;stage1b_axial_patch_09;stage1b_axial_patch_13;stage1b_axial_patch_11;stage1b_axial_patch_02;stage1b_axial_patch_00;stage1b_axial_patch_15;stage1b_axial_patch_07;stage1b_axial_patch_08;stage1b_axial_patch_06;stage1b_axial_patch_05,0bffed575ed25f8bd1826f2b8c4174c86f4dc3b29dbbead3a0f85a979f1a13dd,e97e9d465aee352b5d92c059c85c429dd99db15c38188c9353b4099d73addff9,fe306c394afc53bed37cfed37062f4d8f97ae02f6508541e579da3eaf0b1cd2f,0c1c7340b9a42a993364d306700d988a2891bbf99a3ff7e50bec39f8e2f04b6b,03628f72e14f79437c49a4d89c2973a95badfdddcfa2864cc55f10131c7357ce,3ece03ca664895aad3e4af93c1303f76ba528566c5c4d89d4acfdd6b2dfe5822,0.02,192,7680,739,6941,0.09622395833333333,data/metric_redesign_stage1c/development/stage1c_dev_v1/stage1c_development_observation_O4_G202/sensor_022/metrics.csv,data/metric_redesign_stage1c/development/stage1c_dev_v1/stage1c_development_observation_O4_G202/sensor_022/observations.npz,fcdbed5b2ea83b02b02a1e93124b24764b15c560e2c46e3c6879cdad10052c4a,ca2785fb90985c461092160637e1a9153319eb1e2f66c9d32bfbb457ab831b44,ff107053d92e258e3a2c812060c7798f5decc30885a573c2197b486ce3ab7841,0.41559447672669003,0.37452796302114305,0.4519135770596825,18.242536857561436,12.539874184852406,24.442594446482936,0.0,0.0,0.0,0.23546755597708965,0.058866888994272414,16.987478310554124,1.0,4.0,11.287490580304159,12.539874184852406,15.407439375852151,0.0,0.0,0.025,0.10000000000000009,229.63966798953876,30,-0.007144650673554528,8.396091185021495e-11,5.104611440933795e-05,0.007144656353481107,0.0071438381589956634,0.00715593518650195,0.00716090367754898,0.007347119471533696,5.203944458841784e-13,0.00584883627301211,0.0,0.0,0.0
development,geometry,stage1c_open_control,stage1c_development_open_control_G303,OC,OC,303,11,0.0,0,,open_control,open_control,f548952a7463c1a5ebf5f8ba707c3e3af5260642d9db11fcbe2c4fe246c9d305,a01736c9888f7fe920489f2d4e7e177931a55acf3a6f49c4671b80b6556270c4,03628f72e14f79437c49a4d89c2973a95badfdddcfa2864cc55f10131c7357ce,727318c941a193e4b1649f1ad0dd4d57829b90974871ca16103a5ce49701b2db,1.0,192,7680,0,7680,0.0,data/metric_redesign_stage1c/development/stage1c_dev_v1/stage1c_development_open_control_G303/sensor_011/metrics.csv,data/metric_redesign_stage1c/development/stage1c_dev_v1/stage1c_development_open_control_G303/sensor_011/observations.npz,not_applicable,not_applicable,not_applicable,0.05911279442267603,0.04783137923130891,0.07640367727135382,242.82742327896835,235.7756138725619,251.05785855428664,0.0,0.0,0.0,0.016457469887103733,0.004114367471775933,243.05072574578713,0.0,0.0,234.1797018712875,235.7756138725619,238.91098649460167,0.0,0.0,0.0,0.0,229.63966798953876,30,-0.0023163278269140147,1.020136786298547e-10,5.365473214958876e-06,0.0023163491133589677,0.0023145463597771254,0.002327964841722263,0.0023366413324010793,0.0020809511419827348,1.8653176619247535e-12,0.0016149902922455751,0.0,0.0,0.0
development,geometry,stage1c_open_control,stage1c_development_open_control_G303,OC,OC,303,22,0.0,0,,open_control,open_control,f548952a7463c1a5ebf5f8ba707c3e3af5260642d9db11fcbe2c4fe246c9d305,a01736c9888f7fe920489f2d4e7e177931a55acf3a6f49c4671b80b6556270c4,03628f72e14f79437c49a4d89c2973a95badfdddcfa2864cc55f10131c7357ce,727318c941a193e4b1649f1ad0dd4d57829b90974871ca16103a5ce49701b2db,1.0,192,7680,0,7680,0.0,data/metric_redesign_stage1c/development/stage1c_dev_v1/stage1c_development_open_control_G303/sensor_022/metrics.csv,data/metric_redesign_stage1c/development/stage1c_dev_v1/stage1c_development_open_control_G303/sensor_022/observations.npz,not_applicable,not_applicable,not_applicable,0.05522962702479828,0.047053586174012584,0.07512181761347418,242.70897311017313,231.13137163312314,252.00126615929346,0.0,0.0,0.0,0.016515748131401088,0.004128937032850272,242.19308554329874,0.075,0.1,229.07526960419875,231.13137163312314,236.60246248842535,0.0,0.0,0.0,0.0,229.63966798953876,30,0.0009212706398582664,9.164600207713813e-11,8.488281830002008e-07,0.0009213187195537713,0.000922616287858169,0.0009320195320949409,0.000933837902836121,0.0025839543453915854,1.4262491860361854e-12,0.002025401227933674,0.0,0.0,0.0
development,geometry,stage1c_geometry,stage1c_development_geometry_L1_G303,L1,ST,303,11,7.456643051267373,12,stage1b_axial_patch_04;stage1b_axial_patch_08;stage1b_axial_patch_14;stage1b_axial_patch_12;stage1b_axial_patch_03;stage1b_axial_patch_01;stage1b_axial_patch_10;stage1b_axial_patch_13;stage1b_axial_patch_07;stage1b_axial_patch_15;stage1b_axial_patch_00;stage1b_axial_patch_11,0bffed575ed25f8bd1826f2b8c4174c86f4dc3b29dbbead3a0f85a979f1a13dd,e97e9d465aee352b5d92c059c85c429dd99db15c38188c9353b4099d73addff9,fe306c394afc53bed37cfed37062f4d8f97ae02f6508541e579da3eaf0b1cd2f,7d37cc430d7e75ef7ea4f4465253934110cdeaf0d303108266f5c442d35e1bcf,03628f72e14f79437c49a4d89c2973a95badfdddcfa2864cc55f10131c7357ce,549d2a29f59a3f7c97741f30a6845624d200dbe58f78756e9864ced45d5808bb,1.0,192,7680,6040,1640,0.7864583333333334,data/metric_redesign_stage1c/development/stage1c_dev_v1/stage1c_development_geometry_L1_G303/sensor_011/metrics.csv,data/metric_redesign_stage1c/development/stage1c_dev_v1/stage1c_development_geometry_L1_G303/sensor_011/observations.npz,not_applicable,not_applicable,not_applicable,0.06365649988112654,0.021525404999366195,0.1716619218527382,201.1066329439028,181.8850105854546,210.10099179841467,0.0,0.0,0.0,0.020226941171092964,0.005056735292773241,197.75605051526728,1.0,4.0,178.6411031260023,181.8850105854546,191.0845828482803,0.0,0.0,0.0,0.0,229.63966798953876,30,-0.0016920270535736156,7.936399229768884e-11,2.8630322685508985e-06,0.0016920497240184458,0.00169007112457642,0.0017020115403155955,0.0017043492266310522,0.002324407615807035,6.033252644612706e-13,0.0018170370550950879,0.0,0.0,0.0
development,geometry,stage1c_geometry,stage1c_development_geometry_L1_G303,L1,ST,303,22,7.456643051267373,12,stage1b_axial_patch_04;stage1b_axial_patch_08;stage1b_axial_patch_14;stage1b_axial_patch_12;stage1b_axial_patch_03;stage1b_axial_patch_01;stage1b_axial_patch_10;stage1b_axial_patch_13;stage1b_axial_patch_07;stage1b_axial_patch_15;stage1b_axial_patch_00;stage1b_axial_patch_11,0bffed575ed25f8bd1826f2b8c4174c86f4dc3b29dbbead3a0f85a979f1a13dd,e97e9d465aee352b5d92c059c85c429dd99db15c38188c9353b4099d73addff9,fe306c394afc53bed37cfed37062f4d8f97ae02f6508541e579da3eaf0b1cd2f,7d37cc430d7e75ef7ea4f4465253934110cdeaf0d303108266f5c442d35e1bcf,03628f72e14f79437c49a4d89c2973a95badfdddcfa2864cc55f10131c7357ce,549d2a29f59a3f7c97741f30a6845624d200dbe58f78756e9864ced45d5808bb,1.0,192,7680,6038,1642,0.7861979166666667,data/metric_redesign_stage1c/development/stage1c_dev_v1/stage1c_development_geometry_L1_G303/sensor_022/metrics.csv,data/metric_redesign_stage1c/development/stage1c_dev_v1/stage1c_development_geometry_L1_G303/sensor_022/observations.npz,not_applicable,not_applicable,not_applicable,0.08079983073150676,0.023136252296229533,0.15343799828526097,199.93489032858594,184.87728642697184,208.83617361202099,0.0,0.0,0.0,0.020197717585342816,0.005049429396335704,198.04217892930342,1.0,4.0,183.01273320281555,184.87728642697184,191.26244395540817,0.0,0.0,0.0,0.0,229.63966798953876,30,0.001653237237118906,5.675245124511435e-11,2.7332482228994242e-06,0.001653253828938383,0.0016551082940434725,0.0016598471345723453,0.0016610795389262023,0.002332329626267624,4.48838908956424e-13,0.0018241791707140395,0.0,0.0,0.0
development,geometry,stage1c_geometry,stage1c_development_geometry_L2_G303,L2,ST,303,11,6.0781424493290075,7,stage1b_axial_patch_04;stage1b_axial_patch_08;stage1b_axial_patch_14;stage1b_axial_patch_12;stage1b_axial_patch_03;stage1b_axial_patch_01;stage1b_axial_patch_10,0bffed575ed25f8bd1826f2b8c4174c86f4dc3b29dbbead3a0f85a979f1a13dd,e97e9d465aee352b5d92c059c85c429dd99db15c38188c9353b4099d73addff9,fe306c394afc53bed37cfed37062f4d8f97ae02f6508541e579da3eaf0b1cd2f,1efb48035730f7da21c487cb66eb956d817c230c599935b46dabbac37aae8764,03628f72e14f79437c49a4d89c2973a95badfdddcfa2864cc55f10131c7357ce,9da5a6f4c00bd8a4f5c8951c3eea0d605a0214a7a7002d0bfe56ad7a39204c46,1.0,192,7680,5223,2457,0.680078125,data/metric_redesign_stage1c/development/stage1c_dev_v1/stage1c_development_geometry_L2_G303/sensor_011/metrics.csv,data/metric_redesign_stage1c/development/stage1c_dev_v1/stage1c_development_geometry_L2_G303/sensor_011/observations.npz,not_applicable,not_applicable,not_applicable,0.1320527149500509,0.10077466674289157,0.1679267525066025,132.69206789109074,92.27927746361681,218.14374396691636,0.0,0.0,0.0,0.030142759687912808,0.007535689921978202,132.70185083962278,0.95,3.8,82.85936313446628,92.27927746361681,103.41059502475602,0.0,0.0,0.0,0.0,229.63966798953876,30,-0.0013746141822361816,6.264513705254691e-11,1.8896247069706635e-06,0.0013746362089551779,0.0013743341113823249,0.0013818231402531467,0.0013882695756658235,0.0038258525949614003,4.1494418629991137e-13,0.0030190700255527682,0.0,0.0,0.0
development,geometry,stage1c_geometry,stage1c_development_geometry_L2_G303,L2,ST,303,22,6.0781424493290075,7,stage1b_axial_patch_04;stage1b_axial_patch_08;stage1b_axial_patch_14;stage1b_axial_patch_12;stage1b_axial_patch_03;stage1b_axial_patch_01;stage1b_axial_patch_10,0bffed575ed25f8bd1826f2b8c4174c86f4dc3b29dbbead3a0f85a979f1a13dd,e97e9d465aee352b5d92c059c85c429dd99db15c38188c9353b4099d73addff9,fe306c394afc53bed37cfed37062f4d8f97ae02f6508541e579da3eaf0b1cd2f,1efb48035730f7da21c487cb66eb956d817c230c599935b46dabbac37aae8764,03628f72e14f79437c49a4d89c2973a95badfdddcfa2864cc55f10131c7357ce,9da5a6f4c00bd8a4f5c8951c3eea0d605a0214a7a7002d0bfe56ad7a39204c46,1.0,192,7680,5203,2477,0.6774739583333333,data/metric_redesign_stage1c/development/stage1c_dev_v1/stage1c_development_geometry_L2_G303/sensor_022/metrics.csv,data/metric_redesign_stage1c/development/stage1c_dev_v1/stage1c_development_geometry_L2_G303/sensor_022/observations.npz,not_applicable,not_applicable,not_applicable,0.1304000518421824,0.09716153948952558,0.17796880444361177,139.67065131471668,91.6723606081993,216.77344757753588,0.0,0.0,0.0,0.029987276007828443,0.007496819001957111,133.38990840501035,0.975,3.8,84.415720619865,91.6723606081993,102.38571354798098,0.0,0.0,0.0,0.0,229.63966798953876,30,-0.005013383979262898,9.092715674255014e-11,2.5134106819781397e-05,0.005013392745415164,0.005011391156932277,0.0050206977318850935,0.005032930431467441,0.003394276588069875,6.978174635717746e-13,0.0027367363547904085,0.0,0.0,0.0
development,geometry,stage1c_geometry,stage1c_development_geometry_L3_G303,L3,ST,303,11,3.7617422244560537,3,stage1b_axial_patch_04;stage1b_axial_patch_08;stage1b_axial_patch_14,0bffed575ed25f8bd1826f2b8c4174c86f4dc3b29dbbead3a0f85a979f1a13dd,e97e9d465aee352b5d92c059c85c429dd99db15c38188c9353b4099d73addff9,fe306c394afc53bed37cfed37062f4d8f97ae02f6508541e579da3eaf0b1cd2f,52f1d7106c28cf68014946e824bb3544a77e982fff8a0a54d29058315baad1c0,03628f72e14f79437c49a4d89c2973a95badfdddcfa2864cc55f10131c7357ce,a6ad5292d25538533de5b64323de23381e8fe93744c020239210d3a0ddf9e5f7,1.0,192,7680,3738,3942,0.48671875,data/metric_redesign_stage1c/development/stage1c_dev_v1/stage1c_development_geometry_L3_G303/sensor_011/metrics.csv,data/metric_redesign_stage1c/development/stage1c_dev_v1/stage1c_development_geometry_L3_G303/sensor_011/observations.npz,not_applicable,not_applicable,not_applicable,0.22219567075484314,0.17761408133109252,0.29773389035484926,54.60304013187654,35.428472588216934,110.8977709652355,0.0,0.0,0.0,0.07313929907916947,0.018284824769792367,54.69016042483821,1.0,4.0,32.87902083934322,35.428472588216934,40.5089703283366,0.0,0.0,0.0,0.0,229.63966798953876,30,-0.006599762626638631,1.7254205706095812e-10,4.3557033518631206e-05,0.006599775262736695,0.006597878097538867,0.006615215810280262,0.006620171133830155,0.005470026598650605,8.0534455810517e-13,0.00417610246568279,0.0,0.0,0.0
development,geometry,stage1c_geometry,stage1c_development_geometry_L3_G303,L3,ST,303,22,3.7617422244560537,3,stage1b_axial_patch_04;stage1b_axial_patch_08;stage1b_axial_patch_14,0bffed575ed25f8bd1826f2b8c4174c86f4dc3b29dbbead3a0f85a979f1a13dd,e97e9d465aee352b5d92c059c85c429dd99db15c38188c9353b4099d73addff9,fe306c394afc53bed37cfed37062f4d8f97ae02f6508541e579da3eaf0b1cd2f,52f1d7106c28cf68014946e824bb3544a77e982fff8a0a54d29058315baad1c0,03628f72e14f79437c49a4d89c2973a95badfdddcfa2864cc55f10131c7357ce,a6ad5292d25538533de5b64323de23381e8fe93744c020239210d3a0ddf9e5f7,1.0,192,7680,3706,3974,0.4825520833333333,data/metric_redesign_stage1c/development/stage1c_dev_v1/stage1c_development_geometry_L3_G303/sensor_022/metrics.csv,data/metric_redesign_stage1c/development/stage1c_dev_v1/stage1c_development_geometry_L3_G303/sensor_022/observations.npz,not_applicable,not_applicable,not_applicable,0.22671244497439325,0.18466344360968787,0.30515973155666765,52.87527556845241,34.726462073595584,117.2382684184524,0.0,0.0,0.0,0.07384910751388149,0.018462276878470373,54.16450021752959,1.0,4.0,33.17400441597811,34.726462073595584,41.610407346784086,0.0,0.0,0.0,0.0,229.63966798953876,30,0.009286401703093835,1.0101481325501903e-10,8.623735423887689e-05,0.009286406960653668,0.009286657935579257,0.009298994590233178,0.009299915442723438,0.005495283315582754,5.915942848544721e-13,0.004395910392782408,0.0,0.0,0.0
development,geometry,stage1c_geometry,stage1c_development_geometry_L4_G303,L4,ST,303,11,1.5124083082274586,1,stage1b_axial_patch_04,0bffed575ed25f8bd1826f2b8c4174c86f4dc3b29dbbead3a0f85a979f1a13dd,e97e9d465aee352b5d92c059c85c429dd99db15c38188c9353b4099d73addff9,fe306c394afc53bed37cfed37062f4d8f97ae02f6508541e579da3eaf0b1cd2f,276c1cd226a5fbe61a373bcdc563409df87e1bf4cc0d29211deb3d479d945f94,03628f72e14f79437c49a4d89c2973a95badfdddcfa2864cc55f10131c7357ce,4db4241fa935e39af263087e1337f4cd1ba6d59a24fc96ae2da91fe5ffb88526,1.0,192,7680,1822,5858,0.23723958333333334,data/metric_redesign_stage1c/development/stage1c_dev_v1/stage1c_development_geometry_L4_G303/sensor_011/metrics.csv,data/metric_redesign_stage1c/development/stage1c_dev_v1/stage1c_development_geometry_L4_G303/sensor_011/observations.npz,not_applicable,not_applicable,not_applicable,0.3990418759173191,0.2236134301427841,0.6182815461922315,28.024473736326,5.525195816150344,98.79134782242531,0.0,0.0,0.9970543996282885,0.28385041284834395,0.07096260321208599,14.091929477436153,1.0,4.0,4.290145516762147,5.525195816150344,9.841448415116258,0.12804376575033175,0.0,0.15,0.6000000000000001,229.63966798953876,30,-0.04269179175153776,2.7074052540623085e-08,0.00182261525454079,0.04269209826818998,0.04269752488523615,0.042887677793155984,0.04292453695327438,0.009744544688137359,3.71978250250498e-10,0.006466023701188772,0.0,0.0,0.0
development,geometry,stage1c_geometry,stage1c_development_geometry_L4_G303,L4,ST,303,22,1.5124083082274586,1,stage1b_axial_patch_04,0bffed575ed25f8bd1826f2b8c4174c86f4dc3b29dbbead3a0f85a979f1a13dd,e97e9d465aee352b5d92c059c85c429dd99db15c38188c9353b4099d73addff9,fe306c394afc53bed37cfed37062f4d8f97ae02f6508541e579da3eaf0b1cd2f,276c1cd226a5fbe61a373bcdc563409df87e1bf4cc0d29211deb3d479d945f94,03628f72e14f79437c49a4d89c2973a95badfdddcfa2864cc55f10131c7357ce,4db4241fa935e39af263087e1337f4cd1ba6d59a24fc96ae2da91fe5ffb88526,1.0,192,7680,1815,5865,0.236328125,data/metric_redesign_stage1c/development/stage1c_dev_v1/stage1c_development_geometry_L4_G303/sensor_022/metrics.csv,data/metric_redesign_stage1c/development/stage1c_dev_v1/stage1c_development_geometry_L4_G303/sensor_022/observations.npz,not_applicable,not_applicable,not_applicable,0.40693875836798343,0.21303541387819516,0.5411577922059927,27.475308113092908,5.693854796958916,100.35188034781551,0.0,0.0,0.9962089958572996,0.28842235786560233,0.07210558946640058,13.868550377304317,1.0,4.0,4.082827992315703,5.693854796958916,9.315729620147913,0.12803164345749135,0.0,0.15,0.6000000000000001,229.63966798953876,30,0.027303484870455346,3.475137473933968e-08,0.0007455138790667653,0.027304100041326492,0.02729894766572194,0.02751515798177806,0.02758649083648823,0.013343504554366717,2.2325501499362677e-10,0.00889325749197307,0.0,0.0,0.0
development,observation,stage1c_observation,stage1c_development_observation_O1_G303,O1,ST,303,11,7.814842457602903,16,stage1b_axial_patch_04;stage1b_axial_patch_08;stage1b_axial_patch_14;stage1b_axial_patch_12;stage1b_axial_patch_03;stage1b_axial_patch_01;stage1b_axial_patch_10;stage1b_axial_patch_13;stage1b_axial_patch_07;stage1b_axial_patch_15;stage1b_axial_patch_00;stage1b_axial_patch_11;stage1b_axial_patch_09;stage1b_axial_patch_05;stage1b_axial_patch_02;stage1b_axial_patch_06,0bffed575ed25f8bd1826f2b8c4174c86f4dc3b29dbbead3a0f85a979f1a13dd,e97e9d465aee352b5d92c059c85c429dd99db15c38188c9353b4099d73addff9,fe306c394afc53bed37cfed37062f4d8f97ae02f6508541e579da3eaf0b1cd2f,e7f9ea9fd3725afb2327ecd3ea2c5848c6fd4e3e8c2a2a4e3ad9bb8ba28c5174,03628f72e14f79437c49a4d89c2973a95badfdddcfa2864cc55f10131c7357ce,6ade6e67dd4da62c2cad78b267d3ea50a2d63ed2a0156f7ea505c7b60bf30eee,1.0,192,7680,6314,1366,0.8221354166666667,data/metric_redesign_stage1c/development/stage1c_dev_v1/stage1c_development_observation_O1_G303/sensor_011/metrics.csv,data/metric_redesign_stage1c/development/stage1c_dev_v1/stage1c_development_observation_O1_G303/sensor_011/observations.npz,64f22a58024faa568ee22566f9bb9d72982131f3b71b59f0402fe2c8567f1f03,8b5748ce21af5c4c6f218971cb63a26fd74c206cc850c593ffb0b240bc85bf82,8b5748ce21af5c4c6f218971cb63a26fd74c206cc850c593ffb0b240bc85bf82,0.02769517938377808,0.009696880643046791,0.10731060607837231,173.47521497443353,163.33681250971313,193.37076470392105,0.0,0.0,0.0,0.022902778806900528,0.005725694701725132,174.65129597264476,1.0,4.0,158.96843962871054,163.33681250971313,166.5242798426151,0.0,0.0,0.0,0.0,229.63966798953876,30,0.0006535317729119565,1.2261708595714566e-10,4.272223080552035e-07,0.0006536224506970392,0.0006566392059905723,0.0006643061864497924,0.0006651493486042881,0.0023024070758772427,4.2337772450348616e-13,0.001876041746413419,0.0,0.0,0.0
development,observation,stage1c_observation,stage1c_development_observation_O1_G303,O1,ST,303,22,7.814842457602903,16,stage1b_axial_patch_04;stage1b_axial_patch_08;stage1b_axial_patch_14;stage1b_axial_patch_12;stage1b_axial_patch_03;stage1b_axial_patch_01;stage1b_axial_patch_10;stage1b_axial_patch_13;stage1b_axial_patch_07;stage1b_axial_patch_15;stage1b_axial_patch_00;stage1b_axial_patch_11;stage1b_axial_patch_09;stage1b_axial_patch_05;stage1b_axial_patch_02;stage1b_axial_patch_06,0bffed575ed25f8bd1826f2b8c4174c86f4dc3b29dbbead3a0f85a979f1a13dd,e97e9d465aee352b5d92c059c85c429dd99db15c38188c9353b4099d73addff9,fe306c394afc53bed37cfed37062f4d8f97ae02f6508541e579da3eaf0b1cd2f,e7f9ea9fd3725afb2327ecd3ea2c5848c6fd4e3e8c2a2a4e3ad9bb8ba28c5174,03628f72e14f79437c49a4d89c2973a95badfdddcfa2864cc55f10131c7357ce,6ade6e67dd4da62c2cad78b267d3ea50a2d63ed2a0156f7ea505c7b60bf30eee,1.0,192,7680,6424,1256,0.8364583333333333,data/metric_redesign_stage1c/development/stage1c_dev_v1/stage1c_development_observation_O1_G303/sensor_022/metrics.csv,data/metric_redesign_stage1c/development/stage1c_dev_v1/stage1c_development_observation_O1_G303/sensor_022/observations.npz,018b05393b042aa275af637e8ec205db9bca070ea35f575fc5b547fb307a10b7,5b9425b191bc3967e0137c5252f587172cee0888bd8fac45f968fa7edb1ce0b1,5b9425b191bc3967e0137c5252f587172cee0888bd8fac45f968fa7edb1ce0b1,0.028825212493795105,0.010302164649932988,0.11381972622627529,177.90051585645193,166.14344608707262,190.06066311515403,0.0,0.0,0.0,0.022591687006857993,0.005647921751714498,177.05627732828228,1.0,4.0,156.2967693181143,166.14344608707262,168.6830588231141,0.0,0.0,0.0,0.0,229.63966798953876,30,-0.0019315666798448206,4.238805483144195e-11,3.7309908138064143e-06,0.001931577286521669,0.0019302635473028573,0.0019401477467646088,0.001943729899589286,0.0030680790902163526,6.27095875823528e-13,0.002484374732152781,0.0,0.0,0.0
development,observation,stage1c_observation,stage1c_development_observation_O2_G303,O2,ST,303,11,7.814842457602903,16,stage1b_axial_patch_04;stage1b_axial_patch_08;stage1b_axial_patch_14;stage1b_axial_patch_12;stage1b_axial_patch_03;stage1b_axial_patch_01;stage1b_axial_patch_10;stage1b_axial_patch_13;stage1b_axial_patch_07;stage1b_axial_patch_15;stage1b_axial_patch_00;stage1b_axial_patch_11;stage1b_axial_patch_09;stage1b_axial_patch_05;stage1b_axial_patch_02;stage1b_axial_patch_06,0bffed575ed25f8bd1826f2b8c4174c86f4dc3b29dbbead3a0f85a979f1a13dd,e97e9d465aee352b5d92c059c85c429dd99db15c38188c9353b4099d73addff9,fe306c394afc53bed37cfed37062f4d8f97ae02f6508541e579da3eaf0b1cd2f,e7f9ea9fd3725afb2327ecd3ea2c5848c6fd4e3e8c2a2a4e3ad9bb8ba28c5174,03628f72e14f79437c49a4d89c2973a95badfdddcfa2864cc55f10131c7357ce,6ade6e67dd4da62c2cad78b267d3ea50a2d63ed2a0156f7ea505c7b60bf30eee,0.4,192,7680,5012,2668,0.6526041666666667,data/metric_redesign_stage1c/development/stage1c_dev_v1/stage1c_development_observation_O2_G303/sensor_011/metrics.csv,data/metric_redesign_stage1c/development/stage1c_dev_v1/stage1c_development_observation_O2_G303/sensor_011/observations.npz,64f22a58024faa568ee22566f9bb9d72982131f3b71b59f0402fe2c8567f1f03,8b5748ce21af5c4c6f218971cb63a26fd74c206cc850c593ffb0b240bc85bf82,53a1a916d10bb253fc12038bcb972b29dd0a69fafaf1d8e38f8b70e21007d239,0.03439555076427536,0.01081427514648441,0.06101466955496374,134.29524029979103,124.58089638003793,152.54956244989037,0.0,0.0,0.0,0.02935077243608741,0.0073376931090218525,136.2826143233598,1.0,4.0,123.88372401935125,124.58089638003793,128.16878482924045,0.0,0.0,0.0,0.0,229.63966798953876,30,-0.00047212725559132217,1.3680377988258333e-10,2.230363891260801e-07,0.00047226728568267365,0.00046996250325825883,0.0004834531656690899,0.0004889381945792692,0.0027653693122930683,9.951482526036488e-13,0.0020713879144870473,0.0,0.0,0.0
development,observation,stage1c_observation,stage1c_development_observation_O2_G303,O2,ST,303,22,7.814842457602903,16,stage1b_axial_patch_04;stage1b_axial_patch_08;stage1b_axial_patch_14;stage1b_axial_patch_12;stage1b_axial_patch_03;stage1b_axial_patch_01;stage1b_axial_patch_10;stage1b_axial_patch_13;stage1b_axial_patch_07;stage1b_axial_patch_15;stage1b_axial_patch_00;stage1b_axial_patch_11;stage1b_axial_patch_09;stage1b_axial_patch_05;stage1b_axial_patch_02;stage1b_axial_patch_06,0bffed575ed25f8bd1826f2b8c4174c86f4dc3b29dbbead3a0f85a979f1a13dd,e97e9d465aee352b5d92c059c85c429dd99db15c38188c9353b4099d73addff9,fe306c394afc53bed37cfed37062f4d8f97ae02f6508541e579da3eaf0b1cd2f,e7f9ea9fd3725afb2327ecd3ea2c5848c6fd4e3e8c2a2a4e3ad9bb8ba28c5174,03628f72e14f79437c49a4d89c2973a95badfdddcfa2864cc55f10131c7357ce,6ade6e67dd4da62c2cad78b267d3ea50a2d63ed2a0156f7ea505c7b60bf30eee,0.4,192,7680,5107,2573,0.6649739583333333,data/metric_redesign_stage1c/development/stage1c_dev_v1/stage1c_development_observation_O2_G303/sensor_022/metrics.csv,data/metric_redesign_stage1c/development/stage1c_dev_v1/stage1c_development_observation_O2_G303/sensor_022/observations.npz,018b05393b042aa275af637e8ec205db9bca070ea35f575fc5b547fb307a10b7,5b9425b191bc3967e0137c5252f587172cee0888bd8fac45f968fa7edb1ce0b1,48042bf974bb1c7ce473ff11f9223b1e3f04bd5cdbefe9a4d7ee7d21e392b85e,0.032231351294836674,0.015285425565525501,0.06087149431955784,141.73454600634722,126.9061309931148,153.40595275300436,0.0,0.0,0.0,0.028478405040736673,0.007119601260184168,140.4573042021924,1.0,4.0,125.61789731136669,126.9061309931148,134.2810867986419,0.0,0.0,0.0,0.0,229.63966798953876,30,-0.002829656573364403,6.223083077305841e-11,8.007016479654123e-06,0.0028296672029859134,0.0028271017884762273,0.0028389832204354093,0.0028445650396225373,0.003546839275918845,7.024659693409131e-13,0.002631817728167376,0.0,0.0,0.0
development,observation,stage1c_observation,stage1c_development_observation_O3_G303,O3,ST,303,11,7.814842457602903,16,stage1b_axial_patch_04;stage1b_axial_patch_08;stage1b_axial_patch_14;stage1b_axial_patch_12;stage1b_axial_patch_03;stage1b_axial_patch_01;stage1b_axial_patch_10;stage1b_axial_patch_13;stage1b_axial_patch_07;stage1b_axial_patch_15;stage1b_axial_patch_00;stage1b_axial_patch_11;stage1b_axial_patch_09;stage1b_axial_patch_05;stage1b_axial_patch_02;stage1b_axial_patch_06,0bffed575ed25f8bd1826f2b8c4174c86f4dc3b29dbbead3a0f85a979f1a13dd,e97e9d465aee352b5d92c059c85c429dd99db15c38188c9353b4099d73addff9,fe306c394afc53bed37cfed37062f4d8f97ae02f6508541e579da3eaf0b1cd2f,e7f9ea9fd3725afb2327ecd3ea2c5848c6fd4e3e8c2a2a4e3ad9bb8ba28c5174,03628f72e14f79437c49a4d89c2973a95badfdddcfa2864cc55f10131c7357ce,6ade6e67dd4da62c2cad78b267d3ea50a2d63ed2a0156f7ea505c7b60bf30eee,0.1,192,7680,2452,5228,0.31927083333333334,data/metric_redesign_stage1c/development/stage1c_dev_v1/stage1c_development_observation_O3_G303/sensor_011/metrics.csv,data/metric_redesign_stage1c/development/stage1c_dev_v1/stage1c_development_observation_O3_G303/sensor_011/observations.npz,64f22a58024faa568ee22566f9bb9d72982131f3b71b59f0402fe2c8567f1f03,8b5748ce21af5c4c6f218971cb63a26fd74c206cc850c593ffb0b240bc85bf82,5b99bd1a271cc7de075b7f5a8666d33cb372caecc39978f7328d672d74297e29,0.21152194209023822,0.15880955710459413,0.23942591261118584,65.44817810500123,55.551316019448386,78.93536734758705,0.0,0.0,0.0,0.06114507555542918,0.015286268888857295,65.41818721564786,1.0,4.0,54.84127556444722,55.551316019448386,59.44634497259671,0.0,0.0,0.0,0.0,229.63966798953876,30,0.006261772329938608,6.09201081816391e-11,3.9209851601422705e-05,0.006261777032234755,0.006264688553725861,0.0062685334247387205,0.006268673469062058,0.004513196008711852,7.311776233316482e-13,0.003526286614324678,0.0,0.0,0.0
development,observation,stage1c_observation,stage1c_development_observation_O3_G303,O3,ST,303,22,7.814842457602903,16,stage1b_axial_patch_04;stage1b_axial_patch_08;stage1b_axial_patch_14;stage1b_axial_patch_12;stage1b_axial_patch_03;stage1b_axial_patch_01;stage1b_axial_patch_10;stage1b_axial_patch_13;stage1b_axial_patch_07;stage1b_axial_patch_15;stage1b_axial_patch_00;stage1b_axial_patch_11;stage1b_axial_patch_09;stage1b_axial_patch_05;stage1b_axial_patch_02;stage1b_axial_patch_06,0bffed575ed25f8bd1826f2b8c4174c86f4dc3b29dbbead3a0f85a979f1a13dd,e97e9d465aee352b5d92c059c85c429dd99db15c38188c9353b4099d73addff9,fe306c394afc53bed37cfed37062f4d8f97ae02f6508541e579da3eaf0b1cd2f,e7f9ea9fd3725afb2327ecd3ea2c5848c6fd4e3e8c2a2a4e3ad9bb8ba28c5174,03628f72e14f79437c49a4d89c2973a95badfdddcfa2864cc55f10131c7357ce,6ade6e67dd4da62c2cad78b267d3ea50a2d63ed2a0156f7ea505c7b60bf30eee,0.1,192,7680,2564,5116,0.3338541666666667,data/metric_redesign_stage1c/development/stage1c_dev_v1/stage1c_development_observation_O3_G303/sensor_022/metrics.csv,data/metric_redesign_stage1c/development/stage1c_dev_v1/stage1c_development_observation_O3_G303/sensor_022/observations.npz,018b05393b042aa275af637e8ec205db9bca070ea35f575fc5b547fb307a10b7,5b9425b191bc3967e0137c5252f587172cee0888bd8fac45f968fa7edb1ce0b1,971187d569281893629e07c653767200a42f4bb5fb9c26e451e972c51a2fb556,0.19567746472317527,0.1623487069842751,0.24264109934742717,67.47085313036429,54.09553138879587,83.07281568384967,0.0,0.0,0.0,0.059876558872385716,0.014969139718096429,66.80410623671875,1.0,4.0,52.311823020062405,54.09553138879587,60.45351383021563,0.0,0.0,0.0,0.0,229.63966798953876,30,0.0002059030118324756,8.988976365369996e-11,4.248294371988316e-08,0.00020611390957400998,0.00020688796995749215,0.00021549605245461124,0.00021731840486243214,0.0037137076345372085,5.613200955454439e-13,0.0029904251942191587,0.0,0.0,0.0
development,observation,stage1c_observation,stage1c_development_observation_O4_G303,O4,ST,303,11,7.814842457602903,16,stage1b_axial_patch_04;stage1b_axial_patch_08;stage1b_axial_patch_14;stage1b_axial_patch_12;stage1b_axial_patch_03;stage1b_axial_patch_01;stage1b_axial_patch_10;stage1b_axial_patch_13;stage1b_axial_patch_07;stage1b_axial_patch_15;stage1b_axial_patch_00;stage1b_axial_patch_11;stage1b_axial_patch_09;stage1b_axial_patch_05;stage1b_axial_patch_02;stage1b_axial_patch_06,0bffed575ed25f8bd1826f2b8c4174c86f4dc3b29dbbead3a0f85a979f1a13dd,e97e9d465aee352b5d92c059c85c429dd99db15c38188c9353b4099d73addff9,fe306c394afc53bed37cfed37062f4d8f97ae02f6508541e579da3eaf0b1cd2f,e7f9ea9fd3725afb2327ecd3ea2c5848c6fd4e3e8c2a2a4e3ad9bb8ba28c5174,03628f72e14f79437c49a4d89c2973a95badfdddcfa2864cc55f10131c7357ce,6ade6e67dd4da62c2cad78b267d3ea50a2d63ed2a0156f7ea505c7b60bf30eee,0.02,192,7680,626,7054,0.08151041666666667,data/metric_redesign_stage1c/development/stage1c_dev_v1/stage1c_development_observation_O4_G303/sensor_011/metrics.csv,data/metric_redesign_stage1c/development/stage1c_dev_v1/stage1c_development_observation_O4_G303/sensor_011/observations.npz,64f22a58024faa568ee22566f9bb9d72982131f3b71b59f0402fe2c8567f1f03,8b5748ce21af5c4c6f218971cb63a26fd74c206cc850c593ffb0b240bc85bf82,98a063c7c85b1eda1ae0bad5c1e6a4d1ba95245aec2f2f8619a35a9aceeda38d,0.41871994728250583,0.3893426082875483,0.46496525148093615,17.142602329562315,10.737520870031563,23.12682132146867,0.0,0.0,0.0,0.25863388984490043,0.06465847246122511,15.465877276944452,1.0,4.0,9.880551445110381,10.737520870031563,14.003713157764535,0.0,0.0,0.025,0.10000000000000009,229.63966798953876,30,0.006877781669274204,6.327063795605767e-11,4.7303941851820945e-05,0.006877786115591335,0.006879969422799448,0.006885842089647554,0.006886199876750964,0.008148972893560487,1.1057946174437018e-12,0.006686888419184887,0.0,0.0,0.0
development,observation,stage1c_observation,stage1c_development_observation_O4_G303,O4,ST,303,22,7.814842457602903,16,stage1b_axial_patch_04;stage1b_axial_patch_08;stage1b_axial_patch_14;stage1b_axial_patch_12;stage1b_axial_patch_03;stage1b_axial_patch_01;stage1b_axial_patch_10;stage1b_axial_patch_13;stage1b_axial_patch_07;stage1b_axial_patch_15;stage1b_axial_patch_00;stage1b_axial_patch_11;stage1b_axial_patch_09;stage1b_axial_patch_05;stage1b_axial_patch_02;stage1b_axial_patch_06,0bffed575ed25f8bd1826f2b8c4174c86f4dc3b29dbbead3a0f85a979f1a13dd,e97e9d465aee352b5d92c059c85c429dd99db15c38188c9353b4099d73addff9,fe306c394afc53bed37cfed37062f4d8f97ae02f6508541e579da3eaf0b1cd2f,e7f9ea9fd3725afb2327ecd3ea2c5848c6fd4e3e8c2a2a4e3ad9bb8ba28c5174,03628f72e14f79437c49a4d89c2973a95badfdddcfa2864cc55f10131c7357ce,6ade6e67dd4da62c2cad78b267d3ea50a2d63ed2a0156f7ea505c7b60bf30eee,0.02,192,7680,675,7005,0.087890625,data/metric_redesign_stage1c/development/stage1c_dev_v1/stage1c_development_observation_O4_G303/sensor_022/metrics.csv,data/metric_redesign_stage1c/development/stage1c_dev_v1/stage1c_development_observation_O4_G303/sensor_022/observations.npz,018b05393b042aa275af637e8ec205db9bca070ea35f575fc5b547fb307a10b7,5b9425b191bc3967e0137c5252f587172cee0888bd8fac45f968fa7edb1ce0b1,498c3f7a0d6c08953d69800587ecd86a5d7b7bf89cea4df952c1c5208ed25ef2,0.4128126638285219,0.3838989107978119,0.46374489624717,17.255342725812074,10.798392992981851,23.93856967457533,0.0,0.0,0.0,0.2535396391059632,0.0633849097764908,15.776625754082808,1.0,4.0,8.20022267574122,10.798392992981851,13.855699078650312,0.0,0.0,0.025,0.09999999999999987,229.63966798953876,30,-0.0004687708883070722,2.401310221080744e-10,2.19978272378906e-07,0.000469018413688531,0.0004672144902233555,0.0004878070111224986,0.0004929658948761073,0.009076414097405162,1.6240969088556718e-12,0.00717735492071764,0.0,0.0,0.0
development,geometry,stage1c_open_control,stage1c_development_open_control_G404,OC,OC,404,11,0.0,0,,open_control,open_control,f548952a7463c1a5ebf5f8ba707c3e3af5260642d9db11fcbe2c4fe246c9d305,77a5632d9118a324868308226041c657d689678dccf308e22381e9fcf193e265,03628f72e14f79437c49a4d89c2973a95badfdddcfa2864cc55f10131c7357ce,aa8438298800734835f2bd84d72ed1c0d5aa739f8395c78168d0d8c24a98e0bb,1.0,192,7680,0,7680,0.0,data/metric_redesign_stage1c/development/stage1c_dev_v1/stage1c_development_open_control_G404/sensor_011/metrics.csv,data/metric_redesign_stage1c/development/stage1c_dev_v1/stage1c_development_open_control_G404/sensor_011/observations.npz,not_applicable,not_applicable,not_applicable,0.11417922978179429,0.10371000487570267,0.12493267099142227,258.089943021714,252.19164409475152,266.5057902131691,0.0,0.0,0.0,0.015448815606485904,0.003862203901621476,258.91952508777905,0.0,0.0,249.4942269144292,252.19164409475152,256.37480750816053,0.0,0.0,0.0,0.0,229.63966798953876,30,-0.0022143149187580017,2.6432375346548727e-10,4.903446072395939e-06,0.002214372613720631,0.0022136915148509573,0.0022333435382835276,0.002238945564229411,0.0020818200403235287,1.4919331056160806e-12,0.0017527097184044575,0.0,0.0,0.0
development,geometry,stage1c_open_control,stage1c_development_open_control_G404,OC,OC,404,22,0.0,0,,open_control,open_control,f548952a7463c1a5ebf5f8ba707c3e3af5260642d9db11fcbe2c4fe246c9d305,77a5632d9118a324868308226041c657d689678dccf308e22381e9fcf193e265,03628f72e14f79437c49a4d89c2973a95badfdddcfa2864cc55f10131c7357ce,aa8438298800734835f2bd84d72ed1c0d5aa739f8395c78168d0d8c24a98e0bb,1.0,192,7680,0,7680,0.0,data/metric_redesign_stage1c/development/stage1c_dev_v1/stage1c_development_open_control_G404/sensor_022/metrics.csv,data/metric_redesign_stage1c/development/stage1c_dev_v1/stage1c_development_open_control_G404/sensor_022/observations.npz,not_applicable,not_applicable,not_applicable,0.11418960857256244,0.10571075866635848,0.12338130880114166,259.0001731124213,251.64021982697744,265.2055994434242,0.0,0.0,0.0,0.015486469423200491,0.003871617355800123,258.28998790437964,0.0,0.0,247.85536263923976,251.64021982697744,254.9257609350624,0.0,0.0,0.0,0.0,229.63966798953876,30,-0.0009774069151867219,2.642962563060339e-10,9.555797642359197e-07,0.000977537602466483,0.0009742208261389607,0.000994661450885026,0.0010021935516538072,0.0025959595773311145,1.2911315043757584e-12,0.0020598361820012164,0.0,0.0,0.0
development,geometry,stage1c_geometry,stage1c_development_geometry_L1_G404,L1,ST,404,11,7.240305160693273,12,stage1b_axial_patch_12;stage1b_axial_patch_09;stage1b_axial_patch_11;stage1b_axial_patch_15;stage1b_axial_patch_01;stage1b_axial_patch_06;stage1b_axial_patch_04;stage1b_axial_patch_07;stage1b_axial_patch_03;stage1b_axial_patch_02;stage1b_axial_patch_05;stage1b_axial_patch_10,0bffed575ed25f8bd1826f2b8c4174c86f4dc3b29dbbead3a0f85a979f1a13dd,e97e9d465aee352b5d92c059c85c429dd99db15c38188c9353b4099d73addff9,fe306c394afc53bed37cfed37062f4d8f97ae02f6508541e579da3eaf0b1cd2f,9c9b66824a51fd3554009e72222b97f23e85a8746684f717075138e46189765d,03628f72e14f79437c49a4d89c2973a95badfdddcfa2864cc55f10131c7357ce,013df6b9ff3712ad7cf16514f5a5ad9d1dfded42c49c22774115b993006e0e00,1.0,192,7680,6052,1628,0.7880208333333333,data/metric_redesign_stage1c/development/stage1c_dev_v1/stage1c_development_geometry_L1_G404/sensor_011/metrics.csv,data/metric_redesign_stage1c/development/stage1c_dev_v1/stage1c_development_geometry_L1_G404/sensor_011/observations.npz,not_applicable,not_applicable,not_applicable,0.08511369097837118,0.019167805915244432,0.21132239641693962,204.14567561913594,184.54278768453278,221.1614658018632,0.0,0.0,0.0,0.01978527948315738,0.004946319870789345,202.17050779621692,0.975,3.5,182.40272205441318,184.54278768453278,192.95773002094785,0.0,0.0,0.0,0.0,229.63966798953876,30,-0.0022278727726283403,5.127410902001846e-11,4.96346665599074e-06,0.002227883896434179,0.002225652608123241,0.002239281412429861,0.002241815689723303,0.0022705589453372956,5.919101456844502e-13,0.0018387388231948325,0.0,0.0,0.0
development,geometry,stage1c_geometry,stage1c_development_geometry_L1_G404,L1,ST,404,22,7.240305160693273,12,stage1b_axial_patch_12;stage1b_axial_patch_09;stage1b_axial_patch_11;stage1b_axial_patch_15;stage1b_axial_patch_01;stage1b_axial_patch_06;stage1b_axial_patch_04;stage1b_axial_patch_07;stage1b_axial_patch_03;stage1b_axial_patch_02;stage1b_axial_patch_05;stage1b_axial_patch_10,0bffed575ed25f8bd1826f2b8c4174c86f4dc3b29dbbead3a0f85a979f1a13dd,e97e9d465aee352b5d92c059c85c429dd99db15c38188c9353b4099d73addff9,fe306c394afc53bed37cfed37062f4d8f97ae02f6508541e579da3eaf0b1cd2f,9c9b66824a51fd3554009e72222b97f23e85a8746684f717075138e46189765d,03628f72e14f79437c49a4d89c2973a95badfdddcfa2864cc55f10131c7357ce,013df6b9ff3712ad7cf16514f5a5ad9d1dfded42c49c22774115b993006e0e00,1.0,192,7680,6068,1612,0.7901041666666667,data/metric_redesign_stage1c/development/stage1c_dev_v1/stage1c_development_geometry_L1_G404/sensor_022/metrics.csv,data/metric_redesign_stage1c/development/stage1c_dev_v1/stage1c_development_geometry_L1_G404/sensor_022/observations.npz,not_applicable,not_applicable,not_applicable,0.07411546478831221,0.017941474083185405,0.2227232043443907,203.61926720727718,186.43374068155245,223.0417593649485,0.0,0.0,0.0,0.019724323051349166,0.004931080762837292,202.79529946790217,0.95,3.6,184.81667600037193,186.43374068155245,189.9203755716405,0.0,0.0,0.0,0.0,229.63966798953876,30,0.0011362417054675926,3.797871085156752e-11,1.2910819259977264e-06,0.0011362578606978816,0.0011370652923226032,0.0011425644605239428,0.001144389098418408,0.0022384643157752756,7.502337807093713e-13,0.00174854097384846,0.0,0.0,0.0
development,geometry,stage1c_geometry,stage1c_development_geometry_L2_G404,L2,ST,404,11,5.603814830444172,7,stage1b_axial_patch_12;stage1b_axial_patch_09;stage1b_axial_patch_11;stage1b_axial_patch_15;stage1b_axial_patch_01;stage1b_axial_patch_06;stage1b_axial_patch_04,0bffed575ed25f8bd1826f2b8c4174c86f4dc3b29dbbead3a0f85a979f1a13dd,e97e9d465aee352b5d92c059c85c429dd99db15c38188c9353b4099d73addff9,fe306c394afc53bed37cfed37062f4d8f97ae02f6508541e579da3eaf0b1cd2f,45436450a72c73ae8c07c9fbc4f4fe8a70368000177ac7641e0fc398f571cb51,03628f72e14f79437c49a4d89c2973a95badfdddcfa2864cc55f10131c7357ce,a5a40ac5b42c74469bacd785d243e6fdef50a45b3afde94448f0f41accb3265f,1.0,192,7680,5230,2450,0.6809895833333334,data/metric_redesign_stage1c/development/stage1c_dev_v1/stage1c_development_geometry_L2_G404/sensor_011/metrics.csv,data/metric_redesign_stage1c/development/stage1c_dev_v1/stage1c_development_geometry_L2_G404/sensor_011/observations.npz,not_applicable,not_applicable,not_applicable,0.08181623745386102,0.04667389487512157,0.16824157952896274,172.90751559436725,133.40007228739853,213.67713132907696,0.0,0.0,0.0,0.023796662261670876,0.005949165565417719,168.0908001305197,0.975,3.8,133.06301738738563,133.40007228739853,152.8166954316483,0.0,0.0,0.0,0.0,229.63966798953876,30,0.0002062553067136245,4.560805675620689e-11,4.258533933572899e-08,0.00020636215577408807,0.00020824365868143957,0.0002116422980307675,0.00021262704115141418,0.0031003699444108685,4.173866443276471e-13,0.0023478500270706346,0.0,0.0,0.0
development,geometry,stage1c_geometry,stage1c_development_geometry_L2_G404,L2,ST,404,22,5.603814830444172,7,stage1b_axial_patch_12;stage1b_axial_patch_09;stage1b_axial_patch_11;stage1b_axial_patch_15;stage1b_axial_patch_01;stage1b_axial_patch_06;stage1b_axial_patch_04,0bffed575ed25f8bd1826f2b8c4174c86f4dc3b29dbbead3a0f85a979f1a13dd,e97e9d465aee352b5d92c059c85c429dd99db15c38188c9353b4099d73addff9,fe306c394afc53bed37cfed37062f4d8f97ae02f6508541e579da3eaf0b1cd2f,45436450a72c73ae8c07c9fbc4f4fe8a70368000177ac7641e0fc398f571cb51,03628f72e14f79437c49a4d89c2973a95badfdddcfa2864cc55f10131c7357ce,a5a40ac5b42c74469bacd785d243e6fdef50a45b3afde94448f0f41accb3265f,1.0,192,7680,5224,2456,0.6802083333333333,data/metric_redesign_stage1c/development/stage1c_dev_v1/stage1c_development_geometry_L2_G404/sensor_022/metrics.csv,data/metric_redesign_stage1c/development/stage1c_dev_v1/stage1c_development_geometry_L2_G404/sensor_022/observations.npz,not_applicable,not_applicable,not_applicable,0.09672928320935192,0.031091562681077555,0.15951355239219603,169.31273558361084,138.53401640514647,212.23560449039434,0.0,0.0,0.0,0.023512052922394715,0.005878013230598679,170.12551023097126,0.975,3.8,134.62220413756862,138.53401640514647,152.72669546492173,0.0,0.0,0.0,0.0,229.63966798953876,30,-0.002203328394686466,4.2574805626433607e-11,4.854697170477077e-06,0.002203337734092773,0.0022016848090480323,0.002213692919329091,0.0022143763805658524,0.002710702016813281,5.197962368607764e-13,0.0021381136856821,0.0,0.0,0.0
development,geometry,stage1c_geometry,stage1c_development_geometry_L3_G404,L3,ST,404,11,3.5461034633429076,3,stage1b_axial_patch_12;stage1b_axial_patch_09;stage1b_axial_patch_11,0bffed575ed25f8bd1826f2b8c4174c86f4dc3b29dbbead3a0f85a979f1a13dd,e97e9d465aee352b5d92c059c85c429dd99db15c38188c9353b4099d73addff9,fe306c394afc53bed37cfed37062f4d8f97ae02f6508541e579da3eaf0b1cd2f,e438e2eb0b89bc88b017c10061a1bbd73b988fa545b676d843b3eb9a9b43e192,03628f72e14f79437c49a4d89c2973a95badfdddcfa2864cc55f10131c7357ce,9b4bea60df240ac08c7664575dda7c7bf9a2bfcb560f1ea2e52b8967152bc021,1.0,192,7680,3743,3937,0.48736979166666666,data/metric_redesign_stage1c/development/stage1c_dev_v1/stage1c_development_geometry_L3_G404/sensor_011/metrics.csv,data/metric_redesign_stage1c/development/stage1c_dev_v1/stage1c_development_geometry_L3_G404/sensor_011/observations.npz,not_applicable,not_applicable,not_applicable,0.0754264017087346,0.034899624534532526,0.09506940211701598,142.20281254697124,124.76764410785917,159.24105496750695,0.0,0.0,0.0,0.0282185545727331,0.007054638643183275,141.7507048311079,1.0,4.0,123.64712149369247,124.76764410785917,136.43109676379888,0.0,0.0,0.0,0.0,229.63966798953876,30,-0.001588100576398451,2.6196335357407053e-11,2.522088763881271e-06,0.0015881085491493555,0.0015869611279963891,0.00159085286168974,0.001591412553287519,0.002999532641573671,9.35247639742158e-13,0.0023627928896965437,0.0,0.0,0.0
development,geometry,stage1c_geometry,stage1c_development_geometry_L3_G404,L3,ST,404,22,3.5461034633429076,3,stage1b_axial_patch_12;stage1b_axial_patch_09;stage1b_axial_patch_11,0bffed575ed25f8bd1826f2b8c4174c86f4dc3b29dbbead3a0f85a979f1a13dd,e97e9d465aee352b5d92c059c85c429dd99db15c38188c9353b4099d73addff9,fe306c394afc53bed37cfed37062f4d8f97ae02f6508541e579da3eaf0b1cd2f,e438e2eb0b89bc88b017c10061a1bbd73b988fa545b676d843b3eb9a9b43e192,03628f72e14f79437c49a4d89c2973a95badfdddcfa2864cc55f10131c7357ce,9b4bea60df240ac08c7664575dda7c7bf9a2bfcb560f1ea2e52b8967152bc021,1.0,192,7680,3736,3944,0.4864583333333333,data/metric_redesign_stage1c/development/stage1c_dev_v1/stage1c_development_geometry_L3_G404/sensor_022/metrics.csv,data/metric_redesign_stage1c/development/stage1c_dev_v1/stage1c_development_geometry_L3_G404/sensor_022/observations.npz,not_applicable,not_applicable,not_applicable,0.06892937247429287,0.030328166923529354,0.1015780604912548,138.58019047861123,121.12028664331756,156.92677272488942,0.0,0.0,0.0,0.028921796952873696,0.007230449238218424,138.3039928852884,1.0,4.0,116.35165240305652,121.12028664331756,132.6023335787216,0.0,0.0,0.0,0.0,229.63966798953876,30,-0.0016420123646528376,3.6697628193847867e-10,2.696559349412011e-06,0.0016421203821315937,0.0016390953392857455,0.0016693079643264497,0.001676581597872584,0.003359526825253378,9.647109129199708e-13,0.0024816181824638644,0.0,0.0,0.0
development,geometry,stage1c_geometry,stage1c_development_geometry_L4_G404,L4,ST,404,11,1.3469012485315046,1,stage1b_axial_patch_12,0bffed575ed25f8bd1826f2b8c4174c86f4dc3b29dbbead3a0f85a979f1a13dd,e97e9d465aee352b5d92c059c85c429dd99db15c38188c9353b4099d73addff9,fe306c394afc53bed37cfed37062f4d8f97ae02f6508541e579da3eaf0b1cd2f,99f8d7450ed9e83d00849a583df4e27897c80d5113f827d6f91132b849771034,03628f72e14f79437c49a4d89c2973a95badfdddcfa2864cc55f10131c7357ce,536fc664bc6914e6f676eef9ce067a76101c794c782604fb19a5285d912cde4d,1.0,192,7680,1836,5844,0.2390625,data/metric_redesign_stage1c/development/stage1c_dev_v1/stage1c_development_geometry_L4_G404/sensor_011/metrics.csv,data/metric_redesign_stage1c/development/stage1c_dev_v1/stage1c_development_geometry_L4_G404/sensor_011/observations.npz,not_applicable,not_applicable,not_applicable,0.4128421569457401,0.21302832133118355,0.5072684049624628,19.88013175439853,4.83502469693203,103.05937967756022,0.0,0.0,0.9996598837617293,0.3474954149959033,0.08687385374897583,11.510943245242983,1.0,4.0,3.700686561916901,4.83502469693203,7.383093942816253,0.15374614207317075,0.0,0.2,0.7,229.63966798953876,30,-0.002791298763594104,4.1996766852573084e-11,7.7913893845166e-06,0.002791306035625008,0.0027898071129008883,0.002799002628297842,0.0028000719294309917,0.010430407932168123,1.888614500374729e-10,0.0071009199138035535,0.0,0.0,0.0
development,geometry,stage1c_geometry,stage1c_development_geometry_L4_G404,L4,ST,404,22,1.3469012485315046,1,stage1b_axial_patch_12,0bffed575ed25f8bd1826f2b8c4174c86f4dc3b29dbbead3a0f85a979f1a13dd,e97e9d465aee352b5d92c059c85c429dd99db15c38188c9353b4099d73addff9,fe306c394afc53bed37cfed37062f4d8f97ae02f6508541e579da3eaf0b1cd2f,99f8d7450ed9e83d00849a583df4e27897c80d5113f827d6f91132b849771034,03628f72e14f79437c49a4d89c2973a95badfdddcfa2864cc55f10131c7357ce,536fc664bc6914e6f676eef9ce067a76101c794c782604fb19a5285d912cde4d,1.0,192,7680,1829,5851,0.23815104166666667,data/metric_redesign_stage1c/development/stage1c_dev_v1/stage1c_development_geometry_L4_G404/sensor_022/metrics.csv,data/metric_redesign_stage1c/development/stage1c_dev_v1/stage1c_development_geometry_L4_G404/sensor_022/observations.npz,not_applicable,not_applicable,not_applicable,0.4047885024490875,0.20823095944041808,0.4971037026554669,19.354145702719038,4.784770034733891,106.01544142379507,0.0,0.0,0.9993201291706557,0.34980909574199776,0.08745227393549944,11.43480843891551,1.0,4.0,3.6790367146786616,4.784770034733891,7.2066978886788355,0.1537253655837333,0.0,0.175,0.7,229.63966798953876,30,-0.002499745984505471,1.016136176466339e-10,6.248828213548286e-06,0.0024997656317239593,0.0024971134053064503,0.002515265877154249,0.0025165718918486847,0.010959913674245071,1.1391383707840762e-10,0.0072450165834449425,0.0,0.0,0.0
development,observation,stage1c_observation,stage1c_development_observation_O1_G404,O1,ST,404,11,7.8838388368307255,16,stage1b_axial_patch_12;stage1b_axial_patch_09;stage1b_axial_patch_11;stage1b_axial_patch_15;stage1b_axial_patch_01;stage1b_axial_patch_06;stage1b_axial_patch_04;stage1b_axial_patch_07;stage1b_axial_patch_03;stage1b_axial_patch_02;stage1b_axial_patch_05;stage1b_axial_patch_10;stage1b_axial_patch_13;stage1b_axial_patch_00;stage1b_axial_patch_08;stage1b_axial_patch_14,0bffed575ed25f8bd1826f2b8c4174c86f4dc3b29dbbead3a0f85a979f1a13dd,e97e9d465aee352b5d92c059c85c429dd99db15c38188c9353b4099d73addff9,fe306c394afc53bed37cfed37062f4d8f97ae02f6508541e579da3eaf0b1cd2f,2f191d070f887716a262466b580b8696088cdccb867ea7a60c2bb7280caeab96,03628f72e14f79437c49a4d89c2973a95badfdddcfa2864cc55f10131c7357ce,c354e5cb3b5dfc942527a563f48933f74096f5d07e0e0cc596b1afffdf68b0cf,1.0,192,7680,6316,1364,0.8223958333333333,data/metric_redesign_stage1c/development/stage1c_dev_v1/stage1c_development_observation_O1_G404/sensor_011/metrics.csv,data/metric_redesign_stage1c/development/stage1c_dev_v1/stage1c_development_observation_O1_G404/sensor_011/observations.npz,80cead04f532b5a541f8b9af9c1c052cf2b3e4a36c4b43049d0d368f5bd569de,773cb6071c35b9fdecd307a1dc2b63af39d8e693137bfb418f733387badb02be,773cb6071c35b9fdecd307a1dc2b63af39d8e693137bfb418f733387badb02be,0.049672934170990835,0.012663876536761686,0.1644260568804176,192.99692412031033,180.48656116955078,210.10471539465166,0.0,0.0,0.0,0.0206289623341624,0.0051572405835406,193.9021427837811,1.0,4.0,176.6795832653054,180.48656116955078,184.8865049562615,0.0,0.0,0.0,0.0,229.63966798953876,30,0.0018779041694062452,8.42576884881287e-11,3.5266055185722315e-06,0.0018779258554512293,0.001882020615434854,0.001886356730770089,0.0018866147105860876,0.0026244750526370386,5.562616745480883e-13,0.0021324320489093953,0.0,0.0,0.0
development,observation,stage1c_observation,stage1c_development_observation_O1_G404,O1,ST,404,22,7.8838388368307255,16,stage1b_axial_patch_12;stage1b_axial_patch_09;stage1b_axial_patch_11;stage1b_axial_patch_15;stage1b_axial_patch_01;stage1b_axial_patch_06;stage1b_axial_patch_04;stage1b_axial_patch_07;stage1b_axial_patch_03;stage1b_axial_patch_02;stage1b_axial_patch_05;stage1b_axial_patch_10;stage1b_axial_patch_13;stage1b_axial_patch_00;stage1b_axial_patch_08;stage1b_axial_patch_14,0bffed575ed25f8bd1826f2b8c4174c86f4dc3b29dbbead3a0f85a979f1a13dd,e97e9d465aee352b5d92c059c85c429dd99db15c38188c9353b4099d73addff9,fe306c394afc53bed37cfed37062f4d8f97ae02f6508541e579da3eaf0b1cd2f,2f191d070f887716a262466b580b8696088cdccb867ea7a60c2bb7280caeab96,03628f72e14f79437c49a4d89c2973a95badfdddcfa2864cc55f10131c7357ce,c354e5cb3b5dfc942527a563f48933f74096f5d07e0e0cc596b1afffdf68b0cf,1.0,192,7680,6425,1255,0.8365885416666666,data/metric_redesign_stage1c/development/stage1c_dev_v1/stage1c_development_observation_O1_G404/sensor_022/metrics.csv,data/metric_redesign_stage1c/development/stage1c_dev_v1/stage1c_development_observation_O1_G404/sensor_022/observations.npz,f061bc0c034ad43be7482939b6b8461ab6e061ede5fe0c36b3a60cf5f852bcef,7586aa07d7a3cfcc41663f502b3d48efd56461dc1028c1bb3b0cea180c77cc86,7586aa07d7a3cfcc41663f502b3d48efd56461dc1028c1bb3b0cea180c77cc86,0.054899526672907206,0.014351909320556033,0.17046115776188858,199.4011447035819,180.48509035713602,215.08091389388952,0.0,0.0,0.0,0.020240959021242927,0.005060239755310732,197.6190948167027,1.0,4.0,172.83597887205522,180.48509035713602,192.80363982723787,0.0,0.0,0.0,0.0,229.63966798953876,30,-0.0023120716083993168,7.102412121492282e-11,5.345743779016711e-06,0.002312086455783328,0.0023100072286226236,0.0023270435170203996,0.0023297015552241618,0.002888733873736905,9.100437009705518e-13,0.002172671467824069,0.0,0.0,0.0
development,observation,stage1c_observation,stage1c_development_observation_O2_G404,O2,ST,404,11,7.8838388368307255,16,stage1b_axial_patch_12;stage1b_axial_patch_09;stage1b_axial_patch_11;stage1b_axial_patch_15;stage1b_axial_patch_01;stage1b_axial_patch_06;stage1b_axial_patch_04;stage1b_axial_patch_07;stage1b_axial_patch_03;stage1b_axial_patch_02;stage1b_axial_patch_05;stage1b_axial_patch_10;stage1b_axial_patch_13;stage1b_axial_patch_00;stage1b_axial_patch_08;stage1b_axial_patch_14,0bffed575ed25f8bd1826f2b8c4174c86f4dc3b29dbbead3a0f85a979f1a13dd,e97e9d465aee352b5d92c059c85c429dd99db15c38188c9353b4099d73addff9,fe306c394afc53bed37cfed37062f4d8f97ae02f6508541e579da3eaf0b1cd2f,2f191d070f887716a262466b580b8696088cdccb867ea7a60c2bb7280caeab96,03628f72e14f79437c49a4d89c2973a95badfdddcfa2864cc55f10131c7357ce,c354e5cb3b5dfc942527a563f48933f74096f5d07e0e0cc596b1afffdf68b0cf,0.4,192,7680,5005,2675,0.6516927083333334,data/metric_redesign_stage1c/development/stage1c_dev_v1/stage1c_development_observation_O2_G404/sensor_011/metrics.csv,data/metric_redesign_stage1c/development/stage1c_dev_v1/stage1c_development_observation_O2_G404/sensor_011/observations.npz,80cead04f532b5a541f8b9af9c1c052cf2b3e4a36c4b43049d0d368f5bd569de,773cb6071c35b9fdecd307a1dc2b63af39d8e693137bfb418f733387badb02be,108bf90e1f22d39521ea56c3001b4ff4243a786dbdebcd049ee4b1a4175544f2,0.03554578933035324,0.010187231770939232,0.06196164493532142,153.78727507663592,142.72056900216776,169.87923208464258,0.0,0.0,0.0,0.02613773373201856,0.00653443343300464,153.03545598140457,1.0,4.0,140.55759888196502,142.72056900216776,147.2080465266215,0.0,0.0,0.0,0.0,229.63966798953876,30,0.0017114213485102188,8.973809520457614e-11,2.9290497789619e-06,0.0017114466918259242,0.0017155833421913513,0.0017196605174586211,0.0017201871970220495,0.0026058919425190285,4.3798007762068384e-13,0.0021186111672510414,0.0,0.0,0.0
development,observation,stage1c_observation,stage1c_development_observation_O2_G404,O2,ST,404,22,7.8838388368307255,16,stage1b_axial_patch_12;stage1b_axial_patch_09;stage1b_axial_patch_11;stage1b_axial_patch_15;stage1b_axial_patch_01;stage1b_axial_patch_06;stage1b_axial_patch_04;stage1b_axial_patch_07;stage1b_axial_patch_03;stage1b_axial_patch_02;stage1b_axial_patch_05;stage1b_axial_patch_10;stage1b_axial_patch_13;stage1b_axial_patch_00;stage1b_axial_patch_08;stage1b_axial_patch_14,0bffed575ed25f8bd1826f2b8c4174c86f4dc3b29dbbead3a0f85a979f1a13dd,e97e9d465aee352b5d92c059c85c429dd99db15c38188c9353b4099d73addff9,fe306c394afc53bed37cfed37062f4d8f97ae02f6508541e579da3eaf0b1cd2f,2f191d070f887716a262466b580b8696088cdccb867ea7a60c2bb7280caeab96,03628f72e14f79437c49a4d89c2973a95badfdddcfa2864cc55f10131c7357ce,c354e5cb3b5dfc942527a563f48933f74096f5d07e0e0cc596b1afffdf68b0cf,0.4,192,7680,5141,2539,0.6694010416666667,data/metric_redesign_stage1c/development/stage1c_dev_v1/stage1c_development_observation_O2_G404/sensor_022/metrics.csv,data/metric_redesign_stage1c/development/stage1c_dev_v1/stage1c_development_observation_O2_G404/sensor_022/observations.npz,f061bc0c034ad43be7482939b6b8461ab6e061ede5fe0c36b3a60cf5f852bcef,7586aa07d7a3cfcc41663f502b3d48efd56461dc1028c1bb3b0cea180c77cc86,ac2816d21c65156a3249b9999d11c499efc4dce3aeef8817ed14a0c5dc5d53b7,0.038156773546401346,0.01628269219879801,0.076421424589871,159.56468470521816,143.42933470654572,174.32604723071964,0.0,0.0,0.0,0.025134678627833397,0.006283669656958349,159.14267531435706,1.0,4.0,140.0249548136092,143.42933470654572,151.4155034005343,0.0,0.0,0.0,0.0,229.63966798953876,30,-0.0014615732662123311,4.0347422875381267e-11,2.1362354150153616e-06,0.0014615866087972214,0.0014598748345395762,0.001472489536097754,0.001474315980627594,0.003052862929617787,5.354470013491433e-13,0.002445200116769267,0.0,0.0,0.0
development,observation,stage1c_observation,stage1c_development_observation_O3_G404,O3,ST,404,11,7.8838388368307255,16,stage1b_axial_patch_12;stage1b_axial_patch_09;stage1b_axial_patch_11;stage1b_axial_patch_15;stage1b_axial_patch_01;stage1b_axial_patch_06;stage1b_axial_patch_04;stage1b_axial_patch_07;stage1b_axial_patch_03;stage1b_axial_patch_02;stage1b_axial_patch_05;stage1b_axial_patch_10;stage1b_axial_patch_13;stage1b_axial_patch_00;stage1b_axial_patch_08;stage1b_axial_patch_14,0bffed575ed25f8bd1826f2b8c4174c86f4dc3b29dbbead3a0f85a979f1a13dd,e97e9d465aee352b5d92c059c85c429dd99db15c38188c9353b4099d73addff9,fe306c394afc53bed37cfed37062f4d8f97ae02f6508541e579da3eaf0b1cd2f,2f191d070f887716a262466b580b8696088cdccb867ea7a60c2bb7280caeab96,03628f72e14f79437c49a4d89c2973a95badfdddcfa2864cc55f10131c7357ce,c354e5cb3b5dfc942527a563f48933f74096f5d07e0e0cc596b1afffdf68b0cf,0.1,192,7680,2478,5202,0.32265625,data/metric_redesign_stage1c/development/stage1c_dev_v1/stage1c_development_observation_O3_G404/sensor_011/metrics.csv,data/metric_redesign_stage1c/development/stage1c_dev_v1/stage1c_development_observation_O3_G404/sensor_011/observations.npz,80cead04f532b5a541f8b9af9c1c052cf2b3e4a36c4b43049d0d368f5bd569de,773cb6071c35b9fdecd307a1dc2b63af39d8e693137bfb418f733387badb02be,07435ffe9577fe61037c4af8f530eb1b50ce8adbff7366736ae49c1c0556b840,0.17630380927281686,0.15044789299869138,0.22602938217634566,72.2512067930391,62.89183373550835,85.1536653558011,0.0,0.0,0.0,0.054780241877659244,0.013695060469414811,73.01902771684,1.0,4.0,61.45555811069052,62.89183373550835,68.07019257822128,0.0,0.0,0.0,0.0,229.63966798953876,30,0.0037060744592981366,8.937075149303855e-11,1.3735074289588419e-05,0.003706086114702196,0.0037086699550474833,0.00371530464668659,0.0037159483690139437,0.0037871745711130235,4.191530790062981e-13,0.0030523610637673035,0.0,0.0,0.0
development,observation,stage1c_observation,stage1c_development_observation_O3_G404,O3,ST,404,22,7.8838388368307255,16,stage1b_axial_patch_12;stage1b_axial_patch_09;stage1b_axial_patch_11;stage1b_axial_patch_15;stage1b_axial_patch_01;stage1b_axial_patch_06;stage1b_axial_patch_04;stage1b_axial_patch_07;stage1b_axial_patch_03;stage1b_axial_patch_02;stage1b_axial_patch_05;stage1b_axial_patch_10;stage1b_axial_patch_13;stage1b_axial_patch_00;stage1b_axial_patch_08;stage1b_axial_patch_14,0bffed575ed25f8bd1826f2b8c4174c86f4dc3b29dbbead3a0f85a979f1a13dd,e97e9d465aee352b5d92c059c85c429dd99db15c38188c9353b4099d73addff9,fe306c394afc53bed37cfed37062f4d8f97ae02f6508541e579da3eaf0b1cd2f,2f191d070f887716a262466b580b8696088cdccb867ea7a60c2bb7280caeab96,03628f72e14f79437c49a4d89c2973a95badfdddcfa2864cc55f10131c7357ce,c354e5cb3b5dfc942527a563f48933f74096f5d07e0e0cc596b1afffdf68b0cf,0.1,192,7680,2550,5130,0.33203125,data/metric_redesign_stage1c/development/stage1c_dev_v1/stage1c_development_observation_O3_G404/sensor_022/metrics.csv,data/metric_redesign_stage1c/development/stage1c_dev_v1/stage1c_development_observation_O3_G404/sensor_022/observations.npz,f061bc0c034ad43be7482939b6b8461ab6e061ede5fe0c36b3a60cf5f852bcef,7586aa07d7a3cfcc41663f502b3d48efd56461dc1028c1bb3b0cea180c77cc86,020b3e08a8bb285f943cca188a39531050ae1e43ca6ddb73c066206acd3fea56,0.18023949482664892,0.14288548612244328,0.24295036091343866,74.89139744624828,68.9112443936212,93.31824846778674,0.0,0.0,0.0,0.0521256696800594,0.01303141742001485,76.73762322002732,1.0,4.0,67.05008410942129,68.9112443936212,71.90263039609228,0.0,0.0,0.0,0.0,229.63966798953876,30,-0.0021359700423965694,5.704362157897539e-11,4.562423164183129e-06,0.0021359829503493537,0.0021345953696378928,0.002149388355228865,0.00215187696796697,0.0048088376999498,8.041870180952089e-13,0.0040252495775273695,0.0,0.0,0.0
development,observation,stage1c_observation,stage1c_development_observation_O4_G404,O4,ST,404,11,7.8838388368307255,16,stage1b_axial_patch_12;stage1b_axial_patch_09;stage1b_axial_patch_11;stage1b_axial_patch_15;stage1b_axial_patch_01;stage1b_axial_patch_06;stage1b_axial_patch_04;stage1b_axial_patch_07;stage1b_axial_patch_03;stage1b_axial_patch_02;stage1b_axial_patch_05;stage1b_axial_patch_10;stage1b_axial_patch_13;stage1b_axial_patch_00;stage1b_axial_patch_08;stage1b_axial_patch_14,0bffed575ed25f8bd1826f2b8c4174c86f4dc3b29dbbead3a0f85a979f1a13dd,e97e9d465aee352b5d92c059c85c429dd99db15c38188c9353b4099d73addff9,fe306c394afc53bed37cfed37062f4d8f97ae02f6508541e579da3eaf0b1cd2f,2f191d070f887716a262466b580b8696088cdccb867ea7a60c2bb7280caeab96,03628f72e14f79437c49a4d89c2973a95badfdddcfa2864cc55f10131c7357ce,c354e5cb3b5dfc942527a563f48933f74096f5d07e0e0cc596b1afffdf68b0cf,0.02,192,7680,692,6988,0.09010416666666667,data/metric_redesign_stage1c/development/stage1c_dev_v1/stage1c_development_observation_O4_G404/sensor_011/metrics.csv,data/metric_redesign_stage1c/development/stage1c_dev_v1/stage1c_development_observation_O4_G404/sensor_011/observations.npz,80cead04f532b5a541f8b9af9c1c052cf2b3e4a36c4b43049d0d368f5bd569de,773cb6071c35b9fdecd307a1dc2b63af39d8e693137bfb418f733387badb02be,79f8ba8ba299af4873abf85f7f527282cc8f18ef4567fa470b37d7d6dadcd5b6,0.4069949319959034,0.3650142793930399,0.4398114061232929,20.487525889226397,14.264881153170693,25.320772538644636,0.0,0.0,0.0,0.20810385182197608,0.05202596295549402,19.221172337654895,1.0,4.0,12.5540672697614,14.264881153170693,17.088681068241755,0.0,0.0,0.0,0.0,229.63966798953876,30,-0.0045539019145107796,1.4621606269277005e-10,2.073816398917888e-05,0.004553917433285201,0.004551044980937391,0.00457091940702341,0.004577056328001916,0.007569436592503185,7.365688859817853e-13,0.005997797665583492,0.0,0.0,0.0
development,observation,stage1c_observation,stage1c_development_observation_O4_G404,O4,ST,404,22,7.8838388368307255,16,stage1b_axial_patch_12;stage1b_axial_patch_09;stage1b_axial_patch_11;stage1b_axial_patch_15;stage1b_axial_patch_01;stage1b_axial_patch_06;stage1b_axial_patch_04;stage1b_axial_patch_07;stage1b_axial_patch_03;stage1b_axial_patch_02;stage1b_axial_patch_05;stage1b_axial_patch_10;stage1b_axial_patch_13;stage1b_axial_patch_00;stage1b_axial_patch_08;stage1b_axial_patch_14,0bffed575ed25f8bd1826f2b8c4174c86f4dc3b29dbbead3a0f85a979f1a13dd,e97e9d465aee352b5d92c059c85c429dd99db15c38188c9353b4099d73addff9,fe306c394afc53bed37cfed37062f4d8f97ae02f6508541e579da3eaf0b1cd2f,2f191d070f887716a262466b580b8696088cdccb867ea7a60c2bb7280caeab96,03628f72e14f79437c49a4d89c2973a95badfdddcfa2864cc55f10131c7357ce,c354e5cb3b5dfc942527a563f48933f74096f5d07e0e0cc596b1afffdf68b0cf,0.02,192,7680,657,7023,0.085546875,data/metric_redesign_stage1c/development/stage1c_dev_v1/stage1c_development_observation_O4_G404/sensor_022/metrics.csv,data/metric_redesign_stage1c/development/stage1c_dev_v1/stage1c_development_observation_O4_G404/sensor_022/observations.npz,f061bc0c034ad43be7482939b6b8461ab6e061ede5fe0c36b3a60cf5f852bcef,7586aa07d7a3cfcc41663f502b3d48efd56461dc1028c1bb3b0cea180c77cc86,fe3f56496250f932640119502ed5390847e64172b056338462d0c1648112a21e,0.41019536681728874,0.37683566757990755,0.47293374233046864,18.773854391311325,12.892890119363623,24.939325752097552,0.0,0.0,0.0,0.23631298918754412,0.05907824729688603,16.926703918190025,1.0,4.0,9.716277297967423,12.892890119363623,15.406565802471397,0.0,0.0,0.025,0.1,229.63966798953876,30,-0.006739248352818805,5.418952228982227e-11,4.541752074417586e-05,0.006739252239245527,0.0067374017193362334,0.006751425444026893,0.006751798865167124,0.008122149305375106,1.2395672589881534e-12,0.006367281427174707,0.0,0.0,0.0
development,geometry,stage1c_open_control,stage1c_development_open_control_G505,OC,OC,505,11,0.0,0,,open_control,open_control,f548952a7463c1a5ebf5f8ba707c3e3af5260642d9db11fcbe2c4fe246c9d305,93db59de8ec1e55b0f9e7c87d3e11f35e1031f9044d0b318e9141c94f2f5304e,03628f72e14f79437c49a4d89c2973a95badfdddcfa2864cc55f10131c7357ce,29074c663080b814e08203c23aaaa9a290759d486714cd20d459b9ab2b3216a7,1.0,192,7680,0,7680,0.0,data/metric_redesign_stage1c/development/stage1c_dev_v1/stage1c_development_open_control_G505/sensor_011/metrics.csv,data/metric_redesign_stage1c/development/stage1c_dev_v1/stage1c_development_open_control_G505/sensor_011/observations.npz,not_applicable,not_applicable,not_applicable,0.059454716989820855,0.04661390626914828,0.07521086723521431,242.9584090666017,233.56481902026343,252.61443157956433,0.0,0.0,0.0,0.016523953108320326,0.0041309882770800815,242.0728244493671,0.1,0.3,224.78576277039468,233.56481902026343,237.14857802416725,0.0,0.0,0.0,0.0,229.63966798953876,30,-0.0013735773148419858,5.777529360406201e-12,1.8867202247935678e-06,0.0013735793478330868,0.0013736754853104216,0.0013760525969425785,0.001377785052629843,0.0024048552827372416,5.395902427046422e-12,0.0020096303302175435,0.0,0.0,0.0
development,geometry,stage1c_open_control,stage1c_development_open_control_G505,OC,OC,505,22,0.0,0,,open_control,open_control,f548952a7463c1a5ebf5f8ba707c3e3af5260642d9db11fcbe2c4fe246c9d305,93db59de8ec1e55b0f9e7c87d3e11f35e1031f9044d0b318e9141c94f2f5304e,03628f72e14f79437c49a4d89c2973a95badfdddcfa2864cc55f10131c7357ce,29074c663080b814e08203c23aaaa9a290759d486714cd20d459b9ab2b3216a7,1.0,192,7680,0,7680,0.0,data/metric_redesign_stage1c/development/stage1c_dev_v1/stage1c_development_open_control_G505/sensor_022/metrics.csv,data/metric_redesign_stage1c/development/stage1c_dev_v1/stage1c_development_open_control_G505/sensor_022/observations.npz,not_applicable,not_applicable,not_applicable,0.058165425227295064,0.044760220589196084,0.07528385228725379,243.09124312662237,229.51788667332258,255.8748535061565,0.0,0.0,0.0,0.016558987591621138,0.0041397468979052846,241.56066171726607,0.1,0.3,218.62214965281524,229.51788667332258,236.41266948621032,0.0,0.0,0.0,0.0,229.63966798953876,30,-0.0037492641344982164,3.771973942087457e-11,1.4057018012649435e-05,0.00374926899710456,0.003748653067273011,0.0037542457604935464,0.0037594225334898644,0.002240117204128779,6.4722149435322655e-12,0.0018301952937774385,0.0,0.0,0.0
development,geometry,stage1c_geometry,stage1c_development_geometry_L1_G505,L1,ST,505,11,9.542215872969862,12,stage1b_axial_patch_07;stage1b_axial_patch_03;stage1b_axial_patch_12;stage1b_axial_patch_02;stage1b_axial_patch_13;stage1b_axial_patch_11;stage1b_axial_patch_10;stage1b_axial_patch_01;stage1b_axial_patch_00;stage1b_axial_patch_08;stage1b_axial_patch_06;stage1b_axial_patch_04,0bffed575ed25f8bd1826f2b8c4174c86f4dc3b29dbbead3a0f85a979f1a13dd,e97e9d465aee352b5d92c059c85c429dd99db15c38188c9353b4099d73addff9,fe306c394afc53bed37cfed37062f4d8f97ae02f6508541e579da3eaf0b1cd2f,bf0e37aed368e3a7c6905f85f132b141737ba120fb4ebc20e919bfe182d69ea0,03628f72e14f79437c49a4d89c2973a95badfdddcfa2864cc55f10131c7357ce,cbe257cb675231347eda763d3415fd3b0995f0b5cdca37cb046bb3e473fc630a,1.0,192,7680,6067,1613,0.7899739583333333,data/metric_redesign_stage1c/development/stage1c_dev_v1/stage1c_development_geometry_L1_G505/sensor_011/metrics.csv,data/metric_redesign_stage1c/development/stage1c_dev_v1/stage1c_development_geometry_L1_G505/sensor_011/observations.npz,not_applicable,not_applicable,not_applicable,0.12778747670291324,0.04108783449516593,0.24722776462330054,237.57082222080155,223.38626337461992,248.088458508598,0.0,0.0,0.0,0.01694463041879333,0.004236157604698332,236.06298285288008,0.325,0.20000000000000018,223.0676963956888,223.38626337461992,229.01888434291328,0.0,0.0,0.0,0.0,229.63966798953876,30,-0.003899697671261985,1.3979502735269893e-10,1.5207777062439258e-05,0.0038997149975913956,0.0038964515976758207,0.003913393189301573,0.0039272047763109445,0.002023000813416059,1.4030080198179325e-12,0.001536595940061208,0.0,0.0,0.0
development,geometry,stage1c_geometry,stage1c_development_geometry_L1_G505,L1,ST,505,22,9.542215872969862,12,stage1b_axial_patch_07;stage1b_axial_patch_03;stage1b_axial_patch_12;stage1b_axial_patch_02;stage1b_axial_patch_13;stage1b_axial_patch_11;stage1b_axial_patch_10;stage1b_axial_patch_01;stage1b_axial_patch_00;stage1b_axial_patch_08;stage1b_axial_patch_06;stage1b_axial_patch_04,0bffed575ed25f8bd1826f2b8c4174c86f4dc3b29dbbead3a0f85a979f1a13dd,e97e9d465aee352b5d92c059c85c429dd99db15c38188c9353b4099d73addff9,fe306c394afc53bed37cfed37062f4d8f97ae02f6508541e579da3eaf0b1cd2f,bf0e37aed368e3a7c6905f85f132b141737ba120fb4ebc20e919bfe182d69ea0,03628f72e14f79437c49a4d89c2973a95badfdddcfa2864cc55f10131c7357ce,cbe257cb675231347eda763d3415fd3b0995f0b5cdca37cb046bb3e473fc630a,1.0,192,7680,6030,1650,0.78515625,data/metric_redesign_stage1c/development/stage1c_dev_v1/stage1c_development_geometry_L1_G505/sensor_022/metrics.csv,data/metric_redesign_stage1c/development/stage1c_dev_v1/stage1c_development_geometry_L1_G505/sensor_022/observations.npz,not_applicable,not_applicable,not_applicable,0.12492823167265155,0.0431909410495565,0.25465986042091704,237.15081746621448,220.34408217154711,249.2766185735302,0.0,0.0,0.0,0.016948195819312957,0.004237048954828239,236.01332216387806,0.225,0.30000000000000004,219.6947539667391,220.34408217154711,231.6917332180954,0.0,0.0,0.0,0.0,229.63966798953876,30,0.0024465221118425973,5.919086150438907e-11,5.985527661567549e-06,0.0024465338055231424,0.002448021934501554,0.0024523612568494004,0.002454125077432856,0.001983216955370625,4.996043966409425e-13,0.0016421430678504666,0.0,0.0,0.0
development,geometry,stage1c_geometry,stage1c_development_geometry_L2_G505,L2,ST,505,11,7.245578613137325,7,stage1b_axial_patch_07;stage1b_axial_patch_03;stage1b_axial_patch_12;stage1b_axial_patch_02;stage1b_axial_patch_13;stage1b_axial_patch_11;stage1b_axial_patch_10,0bffed575ed25f8bd1826f2b8c4174c86f4dc3b29dbbead3a0f85a979f1a13dd,e97e9d465aee352b5d92c059c85c429dd99db15c38188c9353b4099d73addff9,fe306c394afc53bed37cfed37062f4d8f97ae02f6508541e579da3eaf0b1cd2f,b8ce894968dd7784d97bcf4fd9f6dd7dcf66b0d94fe5eb8cc23250508ac8f2dd,03628f72e14f79437c49a4d89c2973a95badfdddcfa2864cc55f10131c7357ce,e435384ed1a18e23e013a4ea6fcb2df6b49abe51ba05c984fb54e95ad513b196,1.0,192,7680,5221,2459,0.6798177083333333,data/metric_redesign_stage1c/development/stage1c_dev_v1/stage1c_development_geometry_L2_G505/sensor_011/metrics.csv,data/metric_redesign_stage1c/development/stage1c_dev_v1/stage1c_development_geometry_L2_G505/sensor_011/observations.npz,not_applicable,not_applicable,not_applicable,0.09310772509049714,0.03543812387461094,0.18560918642690924,241.0363219287446,225.3295474058837,256.5041804109437,0.0,0.0,0.0,0.01656877283601072,0.00414219320900268,241.41799996837204,0.15,0.5,218.51546613246578,225.3295474058837,236.4000446700399,0.0,0.0,0.0,0.0,229.63966798953876,30,-0.001857768447045416,5.605127445374663e-10,3.451845431823923e-06,0.0018579142692341654,0.001853919492916134,0.0018799052973232477,0.0018871320200819497,0.0025688037205873755,3.825405376566661e-12,0.0019917517807604476,0.0,0.0,0.0
development,geometry,stage1c_geometry,stage1c_development_geometry_L2_G505,L2,ST,505,22,7.245578613137325,7,stage1b_axial_patch_07;stage1b_axial_patch_03;stage1b_axial_patch_12;stage1b_axial_patch_02;stage1b_axial_patch_13;stage1b_axial_patch_11;stage1b_axial_patch_10,0bffed575ed25f8bd1826f2b8c4174c86f4dc3b29dbbead3a0f85a979f1a13dd,e97e9d465aee352b5d92c059c85c429dd99db15c38188c9353b4099d73addff9,fe306c394afc53bed37cfed37062f4d8f97ae02f6508541e579da3eaf0b1cd2f,b8ce894968dd7784d97bcf4fd9f6dd7dcf66b0d94fe5eb8cc23250508ac8f2dd,03628f72e14f79437c49a4d89c2973a95badfdddcfa2864cc55f10131c7357ce,e435384ed1a18e23e013a4ea6fcb2df6b49abe51ba05c984fb54e95ad513b196,1.0,192,7680,5237,2443,0.6819010416666667,data/metric_redesign_stage1c/development/stage1c_dev_v1/stage1c_development_geometry_L2_G505/sensor_022/metrics.csv,data/metric_redesign_stage1c/development/stage1c_dev_v1/stage1c_development_geometry_L2_G505/sensor_022/observations.npz,not_applicable,not_applicable,not_applicable,0.0835141880200192,0.050947767879725415,0.17178185102077478,244.09588953538773,230.4363500092718,259.5195370199482,0.0,0.0,0.0,0.01642746729087701,0.004106866822719253,243.49462574924127,0.1,0.10000000000000009,226.57684778189164,230.4363500092718,238.6157985964036,0.0,0.0,0.0,0.0,229.63966798953876,30,-0.0002000362873909959,1.084286345088511e-10,4.011933061986501e-08,0.00020029810438410296,0.00019696320377171617,0.00020878030640787416,0.00022289398704291585,0.002268275598326356,1.3603613701686596e-12,0.0018118114966183042,0.0,0.0,0.0
development,geometry,stage1c_geometry,stage1c_development_geometry_L3_G505,L3,ST,505,11,3.7387600364371836,3,stage1b_axial_patch_07;stage1b_axial_patch_03;stage1b_axial_patch_12,0bffed575ed25f8bd1826f2b8c4174c86f4dc3b29dbbead3a0f85a979f1a13dd,e97e9d465aee352b5d92c059c85c429dd99db15c38188c9353b4099d73addff9,fe306c394afc53bed37cfed37062f4d8f97ae02f6508541e579da3eaf0b1cd2f,b77088652d561bd95261e616ec94ce3e2238083f1c9a0c6687219280a6d551b2,03628f72e14f79437c49a4d89c2973a95badfdddcfa2864cc55f10131c7357ce,09dd8fbe19125c636d6bdaaa1512372f331ad4115dc357a12a921b1a204490e3,1.0,192,7680,3681,3999,0.479296875,data/metric_redesign_stage1c/development/stage1c_dev_v1/stage1c_development_geometry_L3_G505/sensor_011/metrics.csv,data/metric_redesign_stage1c/development/stage1c_dev_v1/stage1c_development_geometry_L3_G505/sensor_011/observations.npz,not_applicable,not_applicable,not_applicable,0.20591976058298955,0.15499551897764346,0.3011511689092846,56.646278386183084,32.32843086458741,123.42289140011897,0.0,0.0,0.0,0.07482774256375,0.0187069356409375,53.45610949832107,1.0,4.0,28.836004275166943,32.32843086458741,45.56127810012427,0.0,0.0,0.0,0.0,229.63966798953876,30,-0.003975454200474597,1.2680639482006823e-10,1.5804358679586107e-05,0.003975469617490002,0.003974466970335655,0.003989460686051771,0.003991283915210175,0.00619577988628306,1.4941028065338515e-12,0.004693590491332224,0.0,0.0,0.0
development,geometry,stage1c_geometry,stage1c_development_geometry_L3_G505,L3,ST,505,22,3.7387600364371836,3,stage1b_axial_patch_07;stage1b_axial_patch_03;stage1b_axial_patch_12,0bffed575ed25f8bd1826f2b8c4174c86f4dc3b29dbbead3a0f85a979f1a13dd,e97e9d465aee352b5d92c059c85c429dd99db15c38188c9353b4099d73addff9,fe306c394afc53bed37cfed37062f4d8f97ae02f6508541e579da3eaf0b1cd2f,b77088652d561bd95261e616ec94ce3e2238083f1c9a0c6687219280a6d551b2,03628f72e14f79437c49a4d89c2973a95badfdddcfa2864cc55f10131c7357ce,09dd8fbe19125c636d6bdaaa1512372f331ad4115dc357a12a921b1a204490e3,1.0,192,7680,3658,4022,0.47630208333333335,data/metric_redesign_stage1c/development/stage1c_dev_v1/stage1c_development_geometry_L3_G505/sensor_022/metrics.csv,data/metric_redesign_stage1c/development/stage1c_dev_v1/stage1c_development_geometry_L3_G505/sensor_022/observations.npz,not_applicable,not_applicable,not_applicable,0.20473942858414662,0.1564685450059137,0.25665808050988165,59.638022182784816,33.320783835323574,118.39055947937338,0.0,0.0,0.0,0.07435806523909799,0.018589516309774498,53.79376113590395,1.0,4.0,28.169085510447978,33.320783835323574,45.46356170431518,0.0,0.0,0.0,0.0,229.63966798953876,30,0.012797900221042961,2.092595560652954e-10,0.00016378645235200898,0.012797908124065002,0.012799385271407004,0.012814714467916488,0.012819641825544714,0.004984089421745099,1.5600904336975977e-12,0.0038840999029008507,0.0,0.0,0.0
development,geometry,stage1c_geometry,stage1c_development_geometry_L4_G505,L4,ST,505,11,1.4930449416561178,1,stage1b_axial_patch_07,0bffed575ed25f8bd1826f2b8c4174c86f4dc3b29dbbead3a0f85a979f1a13dd,e97e9d465aee352b5d92c059c85c429dd99db15c38188c9353b4099d73addff9,fe306c394afc53bed37cfed37062f4d8f97ae02f6508541e579da3eaf0b1cd2f,f8e643f6ed00d726b87092669ac6df13ec2f5c7bc2608be46fad17275818b946,03628f72e14f79437c49a4d89c2973a95badfdddcfa2864cc55f10131c7357ce,067762d57c91a4052ff44d734d06cc5904a8f7ba2b5d11a0038636f1a70f9eb3,1.0,192,7680,1807,5873,0.23528645833333334,data/metric_redesign_stage1c/development/stage1c_dev_v1/stage1c_development_geometry_L4_G505/sensor_011/metrics.csv,data/metric_redesign_stage1c/development/stage1c_dev_v1/stage1c_development_geometry_L4_G505/sensor_011/observations.npz,not_applicable,not_applicable,not_applicable,0.36059979687850197,0.20034627017429316,0.5059291222554635,24.22413903351886,7.71063305673081,90.71344067575934,0.0,0.0,0.9748632250003146,0.22874194302703507,0.05718548575675877,17.486954718782112,1.0,4.0,6.7706821230228105,7.71063305673081,12.226719421451167,0.1022678551140854,0.0,0.15,0.3,229.63966798953876,30,-0.04371368708400934,8.598493590998037e-09,0.001910894750355823,0.043713782155698024,0.043700272828440134,0.0438406303259022,0.043863420049585856,0.01289067518064261,1.9418020306959729e-10,0.008544665164390968,0.0,0.0,0.0
development,geometry,stage1c_geometry,stage1c_development_geometry_L4_G505,L4,ST,505,22,1.4930449416561178,1,stage1b_axial_patch_07,0bffed575ed25f8bd1826f2b8c4174c86f4dc3b29dbbead3a0f85a979f1a13dd,e97e9d465aee352b5d92c059c85c429dd99db15c38188c9353b4099d73addff9,fe306c394afc53bed37cfed37062f4d8f97ae02f6508541e579da3eaf0b1cd2f,f8e643f6ed00d726b87092669ac6df13ec2f5c7bc2608be46fad17275818b946,03628f72e14f79437c49a4d89c2973a95badfdddcfa2864cc55f10131c7357ce,067762d57c91a4052ff44d734d06cc5904a8f7ba2b5d11a0038636f1a70f9eb3,1.0,192,7680,1779,5901,0.231640625,data/metric_redesign_stage1c/development/stage1c_dev_v1/stage1c_development_geometry_L4_G505/sensor_022/metrics.csv,data/metric_redesign_stage1c/development/stage1c_dev_v1/stage1c_development_geometry_L4_G505/sensor_022/observations.npz,not_applicable,not_applicable,not_applicable,0.35649750260631186,0.22328701863744926,0.4700623513286601,25.93778157284658,7.9655996265425255,86.885738563481,0.0,0.0,0.9732686322122148,0.2257073557659834,0.05642683894149585,17.72206309548572,1.0,4.0,7.181218513616784,7.9655996265425255,11.955207017721106,0.10218018630517602,0.0,0.15,0.3,229.63966798953876,30,-0.02483415978452778,1.9053703287128126e-08,0.0006167539107833009,0.02483453061330737,0.024818679350962825,0.02501888640201457,0.02504386183908096,0.01140655650467357,9.463591582308798e-11,0.008549778974429519,0.0,0.0,0.0
development,observation,stage1c_observation,stage1c_development_observation_O1_G505,O1,ST,505,11,10.335388625256323,16,stage1b_axial_patch_07;stage1b_axial_patch_03;stage1b_axial_patch_12;stage1b_axial_patch_02;stage1b_axial_patch_13;stage1b_axial_patch_11;stage1b_axial_patch_10;stage1b_axial_patch_01;stage1b_axial_patch_00;stage1b_axial_patch_08;stage1b_axial_patch_06;stage1b_axial_patch_04;stage1b_axial_patch_09;stage1b_axial_patch_05;stage1b_axial_patch_15;stage1b_axial_patch_14,0bffed575ed25f8bd1826f2b8c4174c86f4dc3b29dbbead3a0f85a979f1a13dd,e97e9d465aee352b5d92c059c85c429dd99db15c38188c9353b4099d73addff9,fe306c394afc53bed37cfed37062f4d8f97ae02f6508541e579da3eaf0b1cd2f,5246a6a79446c879e278eda5e082894c5061f98f2cda849126e1b3168b9ae295,03628f72e14f79437c49a4d89c2973a95badfdddcfa2864cc55f10131c7357ce,fba2c2b35624643b6f90e41ed50b42feaf26218116c44bc52e093d5fe609de78,1.0,192,7680,6385,1295,0.8313802083333334,data/metric_redesign_stage1c/development/stage1c_dev_v1/stage1c_development_observation_O1_G505/sensor_011/metrics.csv,data/metric_redesign_stage1c/development/stage1c_dev_v1/stage1c_development_observation_O1_G505/sensor_011/observations.npz,a72c8efeb61218ac659c0feb4744f8d2230c5b98d01f375aa5ab568112314748,764a32f86fca70871c4af9e06b95e5b4f07c081dc9e0435ee81a7e0c00516232,764a32f86fca70871c4af9e06b95e5b4f07c081dc9e0435ee81a7e0c00516232,0.07644481413818904,0.01750079138254497,0.17658865124474418,210.01617683753895,193.4547033139254,226.6288099224637,0.0,0.0,0.0,0.01906012417934499,0.004765031044836248,209.8622213770625,0.925,2.4,191.07445410465226,193.4547033139254,203.01942062649385,0.0,0.0,0.0,0.0,229.63966798953876,30,-0.0017761849800204269,1.0277518878569445e-10,3.1549324325993236e-06,0.0017762129468617562,0.0017746016600810322,0.0017877717915130375,0.0017905581182695585,0.002598452594353844,7.366817215069263e-13,0.002245504040012887,0.0,0.0,0.0
development,observation,stage1c_observation,stage1c_development_observation_O1_G505,O1,ST,505,22,10.335388625256323,16,stage1b_axial_patch_07;stage1b_axial_patch_03;stage1b_axial_patch_12;stage1b_axial_patch_02;stage1b_axial_patch_13;stage1b_axial_patch_11;stage1b_axial_patch_10;stage1b_axial_patch_01;stage1b_axial_patch_00;stage1b_axial_patch_08;stage1b_axial_patch_06;stage1b_axial_patch_04;stage1b_axial_patch_09;stage1b_axial_patch_05;stage1b_axial_patch_15;stage1b_axial_patch_14,0bffed575ed25f8bd1826f2b8c4174c86f4dc3b29dbbead3a0f85a979f1a13dd,e97e9d465aee352b5d92c059c85c429dd99db15c38188c9353b4099d73addff9,fe306c394afc53bed37cfed37062f4d8f97ae02f6508541e579da3eaf0b1cd2f,5246a6a79446c879e278eda5e082894c5061f98f2cda849126e1b3168b9ae295,03628f72e14f79437c49a4d89c2973a95badfdddcfa2864cc55f10131c7357ce,fba2c2b35624643b6f90e41ed50b42feaf26218116c44bc52e093d5fe609de78,1.0,192,7680,6386,1294,0.8315104166666667,data/metric_redesign_stage1c/development/stage1c_dev_v1/stage1c_development_observation_O1_G505/sensor_022/metrics.csv,data/metric_redesign_stage1c/development/stage1c_dev_v1/stage1c_development_observation_O1_G505/sensor_022/observations.npz,53735f5178dbb4ad514a399bf2502502df23f79dbb1c26047a2a167f550dd686,eaba9e6c5da219e606377b9c0864f23a3dec3afacfcf8030afe9b72492a55946,eaba9e6c5da219e606377b9c0864f23a3dec3afacfcf8030afe9b72492a55946,0.07589916441971534,0.014079269041885435,0.1807914292469599,210.4655034274566,194.9204914127146,234.9777294141198,0.0,0.0,0.0,0.01890795925589658,0.004726989813974145,211.55112224776832,0.85,2.0,189.9950425007936,194.9204914127146,202.44267370928807,0.0,0.0,0.0,0.0,229.63966798953876,30,-0.0021458279949873333,1.0987583871955784e-10,4.6046839973821216e-06,0.0021458527436387896,0.0021434637456057004,0.0021572911560536314,0.0021582523356791228,0.002053822077058407,1.1551614474572344e-12,0.0016649987350255413,0.0,0.0,0.0
development,observation,stage1c_observation,stage1c_development_observation_O2_G505,O2,ST,505,11,10.335388625256323,16,stage1b_axial_patch_07;stage1b_axial_patch_03;stage1b_axial_patch_12;stage1b_axial_patch_02;stage1b_axial_patch_13;stage1b_axial_patch_11;stage1b_axial_patch_10;stage1b_axial_patch_01;stage1b_axial_patch_00;stage1b_axial_patch_08;stage1b_axial_patch_06;stage1b_axial_patch_04;stage1b_axial_patch_09;stage1b_axial_patch_05;stage1b_axial_patch_15;stage1b_axial_patch_14,0bffed575ed25f8bd1826f2b8c4174c86f4dc3b29dbbead3a0f85a979f1a13dd,e97e9d465aee352b5d92c059c85c429dd99db15c38188c9353b4099d73addff9,fe306c394afc53bed37cfed37062f4d8f97ae02f6508541e579da3eaf0b1cd2f,5246a6a79446c879e278eda5e082894c5061f98f2cda849126e1b3168b9ae295,03628f72e14f79437c49a4d89c2973a95badfdddcfa2864cc55f10131c7357ce,fba2c2b35624643b6f90e41ed50b42feaf26218116c44bc52e093d5fe609de78,0.4,192,7680,5052,2628,0.6578125,data/metric_redesign_stage1c/development/stage1c_dev_v1/stage1c_development_observation_O2_G505/sensor_011/metrics.csv,data/metric_redesign_stage1c/development/stage1c_dev_v1/stage1c_development_observation_O2_G505/sensor_011/observations.npz,a72c8efeb61218ac659c0feb4744f8d2230c5b98d01f375aa5ab568112314748,764a32f86fca70871c4af9e06b95e5b4f07c081dc9e0435ee81a7e0c00516232,9d4d916f4f3ba3e3f59c75f7eb47b4bf5c45e6a38b9cdabbd1f2e15da57a0980,0.03158287139751992,0.008187176804166163,0.06550159777718127,168.07042424265506,155.36494992368188,182.70119596659987,0.0,0.0,0.0,0.024042604814058247,0.006010651203514562,166.37132419450288,1.0,4.0,139.14126988317517,155.36494992368188,162.6377486221499,0.0,0.0,0.0,0.0,229.63966798953876,30,-0.002150312078944694,4.903689899796969e-11,4.623889439191149e-06,0.002150323101115539,0.0021489637288034658,0.0021559618607557953,0.0021615797101093293,0.0028622308490864165,4.4999147103765454e-13,0.002200789788578408,0.0,0.0,0.0
development,observation,stage1c_observation,stage1c_development_observation_O2_G505,O2,ST,505,22,10.335388625256323,16,stage1b_axial_patch_07;stage1b_axial_patch_03;stage1b_axial_patch_12;stage1b_axial_patch_02;stage1b_axial_patch_13;stage1b_axial_patch_11;stage1b_axial_patch_10;stage1b_axial_patch_01;stage1b_axial_patch_00;stage1b_axial_patch_08;stage1b_axial_patch_06;stage1b_axial_patch_04;stage1b_axial_patch_09;stage1b_axial_patch_05;stage1b_axial_patch_15;stage1b_axial_patch_14,0bffed575ed25f8bd1826f2b8c4174c86f4dc3b29dbbead3a0f85a979f1a13dd,e97e9d465aee352b5d92c059c85c429dd99db15c38188c9353b4099d73addff9,fe306c394afc53bed37cfed37062f4d8f97ae02f6508541e579da3eaf0b1cd2f,5246a6a79446c879e278eda5e082894c5061f98f2cda849126e1b3168b9ae295,03628f72e14f79437c49a4d89c2973a95badfdddcfa2864cc55f10131c7357ce,fba2c2b35624643b6f90e41ed50b42feaf26218116c44bc52e093d5fe609de78,0.4,192,7680,5113,2567,0.6657552083333333,data/metric_redesign_stage1c/development/stage1c_dev_v1/stage1c_development_observation_O2_G505/sensor_022/metrics.csv,data/metric_redesign_stage1c/development/stage1c_dev_v1/stage1c_development_observation_O2_G505/sensor_022/observations.npz,53735f5178dbb4ad514a399bf2502502df23f79dbb1c26047a2a167f550dd686,eaba9e6c5da219e606377b9c0864f23a3dec3afacfcf8030afe9b72492a55946,cb87ee31ee2243f70c91aec15931600527d8932912ffa5ccbde7018144090553,0.028705594818494218,0.008417574072232337,0.0841944373689699,168.27255943413024,151.52593309491897,184.2036185967695,0.0,0.0,0.0,0.023856290680743054,0.005964072670185764,167.6706598494302,1.0,4.0,146.74932607922557,151.52593309491897,159.64584953315102,0.0,0.0,0.0,0.0,229.63966798953876,30,-0.0019541736696139602,8.379909617289691e-11,3.818875736805459e-06,0.001954194395858677,0.0019525750665323471,0.001961240988878288,0.0019746782241481854,0.002413295786425128,8.719254778992716e-13,0.001936187508595808,0.0,0.0,0.0
development,observation,stage1c_observation,stage1c_development_observation_O3_G505,O3,ST,505,11,10.335388625256323,16,stage1b_axial_patch_07;stage1b_axial_patch_03;stage1b_axial_patch_12;stage1b_axial_patch_02;stage1b_axial_patch_13;stage1b_axial_patch_11;stage1b_axial_patch_10;stage1b_axial_patch_01;stage1b_axial_patch_00;stage1b_axial_patch_08;stage1b_axial_patch_06;stage1b_axial_patch_04;stage1b_axial_patch_09;stage1b_axial_patch_05;stage1b_axial_patch_15;stage1b_axial_patch_14,0bffed575ed25f8bd1826f2b8c4174c86f4dc3b29dbbead3a0f85a979f1a13dd,e97e9d465aee352b5d92c059c85c429dd99db15c38188c9353b4099d73addff9,fe306c394afc53bed37cfed37062f4d8f97ae02f6508541e579da3eaf0b1cd2f,5246a6a79446c879e278eda5e082894c5061f98f2cda849126e1b3168b9ae295,03628f72e14f79437c49a4d89c2973a95badfdddcfa2864cc55f10131c7357ce,fba2c2b35624643b6f90e41ed50b42feaf26218116c44bc52e093d5fe609de78,0.1,192,7680,2478,5202,0.32265625,data/metric_redesign_stage1c/development/stage1c_dev_v1/stage1c_development_observation_O3_G505/sensor_011/metrics.csv,data/metric_redesign_stage1c/development/stage1c_dev_v1/stage1c_development_observation_O3_G505/sensor_011/observations.npz,a72c8efeb61218ac659c0feb4744f8d2230c5b98d01f375aa5ab568112314748,764a32f86fca70871c4af9e06b95e5b4f07c081dc9e0435ee81a7e0c00516232,e3918873b2cfdc5159f705a98f335faeef2189c7a00dfeb4216c5ab07a0e6fb2,0.16809201250159367,0.10976416245881422,0.2215813362754042,79.50258104782813,63.77174012883312,99.58466590023373,0.0,0.0,0.0,0.050246086006981425,0.012561521501745356,79.60819076423627,1.0,4.0,58.03335696085281,63.77174012883312,74.177956795274,0.0,0.0,0.0,0.0,229.63966798953876,30,-0.0019412003915875904,6.66639310534951e-11,3.768323402099833e-06,0.0019412169899575454,0.0019396640415791921,0.0019504693553713537,0.001951817140083989,0.003511814372598176,5.463393310418831e-13,0.0026890424040650067,0.0,0.0,0.0
development,observation,stage1c_observation,stage1c_development_observation_O3_G505,O3,ST,505,22,10.335388625256323,16,stage1b_axial_patch_07;stage1b_axial_patch_03;stage1b_axial_patch_12;stage1b_axial_patch_02;stage1b_axial_patch_13;stage1b_axial_patch_11;stage1b_axial_patch_10;stage1b_axial_patch_01;stage1b_axial_patch_00;stage1b_axial_patch_08;stage1b_axial_patch_06;stage1b_axial_patch_04;stage1b_axial_patch_09;stage1b_axial_patch_05;stage1b_axial_patch_15;stage1b_axial_patch_14,0bffed575ed25f8bd1826f2b8c4174c86f4dc3b29dbbead3a0f85a979f1a13dd,e97e9d465aee352b5d92c059c85c429dd99db15c38188c9353b4099d73addff9,fe306c394afc53bed37cfed37062f4d8f97ae02f6508541e579da3eaf0b1cd2f,5246a6a79446c879e278eda5e082894c5061f98f2cda849126e1b3168b9ae295,03628f72e14f79437c49a4d89c2973a95badfdddcfa2864cc55f10131c7357ce,fba2c2b35624643b6f90e41ed50b42feaf26218116c44bc52e093d5fe609de78,0.1,192,7680,2537,5143,0.33033854166666665,data/metric_redesign_stage1c/development/stage1c_dev_v1/stage1c_development_observation_O3_G505/sensor_022/metrics.csv,data/metric_redesign_stage1c/development/stage1c_dev_v1/stage1c_development_observation_O3_G505/sensor_022/observations.npz,53735f5178dbb4ad514a399bf2502502df23f79dbb1c26047a2a167f550dd686,eaba9e6c5da219e606377b9c0864f23a3dec3afacfcf8030afe9b72492a55946,625f048da05f0eff0b81f10f6ee9801a77b638d62776e8948387f72d8bb888c5,0.159255790372961,0.1182365303655569,0.22967744461958367,82.8903451306831,68.56712699722442,93.57279346568211,0.0,0.0,0.0,0.0501091124143891,0.012527278103597274,79.8258002840094,1.0,4.0,59.527622875159395,68.56712699722442,74.87841994916064,0.0,0.0,0.0,0.0,229.63966798953876,30,-0.0031817764384765466,6.807958181330366e-11,1.0123767114706917e-05,0.0031817867802080824,0.003180975207039083,0.003187112947777493,0.003199873177016599,0.0036215342609413454,3.6110196408932775e-13,0.0030179422742459185,0.0,0.0,0.0
development,observation,stage1c_observation,stage1c_development_observation_O4_G505,O4,ST,505,11,10.335388625256323,16,stage1b_axial_patch_07;stage1b_axial_patch_03;stage1b_axial_patch_12;stage1b_axial_patch_02;stage1b_axial_patch_13;stage1b_axial_patch_11;stage1b_axial_patch_10;stage1b_axial_patch_01;stage1b_axial_patch_00;stage1b_axial_patch_08;stage1b_axial_patch_06;stage1b_axial_patch_04;stage1b_axial_patch_09;stage1b_axial_patch_05;stage1b_axial_patch_15;stage1b_axial_patch_14,0bffed575ed25f8bd1826f2b8c4174c86f4dc3b29dbbead3a0f85a979f1a13dd,e97e9d465aee352b5d92c059c85c429dd99db15c38188c9353b4099d73addff9,fe306c394afc53bed37cfed37062f4d8f97ae02f6508541e579da3eaf0b1cd2f,5246a6a79446c879e278eda5e082894c5061f98f2cda849126e1b3168b9ae295,03628f72e14f79437c49a4d89c2973a95badfdddcfa2864cc55f10131c7357ce,fba2c2b35624643b6f90e41ed50b42feaf26218116c44bc52e093d5fe609de78,0.02,192,7680,648,7032,0.084375,data/metric_redesign_stage1c/development/stage1c_dev_v1/stage1c_development_observation_O4_G505/sensor_011/metrics.csv,data/metric_redesign_stage1c/development/stage1c_dev_v1/stage1c_development_observation_O4_G505/sensor_011/observations.npz,a72c8efeb61218ac659c0feb4744f8d2230c5b98d01f375aa5ab568112314748,764a32f86fca70871c4af9e06b95e5b4f07c081dc9e0435ee81a7e0c00516232,0332d6ca268afa64542a60e578d209b1c5869da97094622a1325a8c594334e83,0.4047223106447406,0.37026480757330466,0.4614530546737522,20.673603315214724,13.083631263478107,26.173095028643097,0.0,0.0,0.0,0.21468599092539098,0.053671497731347745,18.631863135355232,1.0,4.0,10.678652232136102,13.083631263478107,16.592920134021366,0.0,0.0,0.0,0.0,229.63966798953876,30,0.0029547323756626536,1.1713397831225132e-10,8.730556641301438e-06,0.002954751536305792,0.0029559981241185085,0.00296991571550862,0.0029714330039809058,0.008428444326244712,2.2882874984564203e-12,0.0071264134689772475,0.0,0.0,0.0
development,observation,stage1c_observation,stage1c_development_observation_O4_G505,O4,ST,505,22,10.335388625256323,16,stage1b_axial_patch_07;stage1b_axial_patch_03;stage1b_axial_patch_12;stage1b_axial_patch_02;stage1b_axial_patch_13;stage1b_axial_patch_11;stage1b_axial_patch_10;stage1b_axial_patch_01;stage1b_axial_patch_00;stage1b_axial_patch_08;stage1b_axial_patch_06;stage1b_axial_patch_04;stage1b_axial_patch_09;stage1b_axial_patch_05;stage1b_axial_patch_15;stage1b_axial_patch_14,0bffed575ed25f8bd1826f2b8c4174c86f4dc3b29dbbead3a0f85a979f1a13dd,e97e9d465aee352b5d92c059c85c429dd99db15c38188c9353b4099d73addff9,fe306c394afc53bed37cfed37062f4d8f97ae02f6508541e579da3eaf0b1cd2f,5246a6a79446c879e278eda5e082894c5061f98f2cda849126e1b3168b9ae295,03628f72e14f79437c49a4d89c2973a95badfdddcfa2864cc55f10131c7357ce,fba2c2b35624643b6f90e41ed50b42feaf26218116c44bc52e093d5fe609de78,0.02,192,7680,675,7005,0.087890625,data/metric_redesign_stage1c/development/stage1c_dev_v1/stage1c_development_observation_O4_G505/sensor_022/metrics.csv,data/metric_redesign_stage1c/development/stage1c_dev_v1/stage1c_development_observation_O4_G505/sensor_022/observations.npz,53735f5178dbb4ad514a399bf2502502df23f79dbb1c26047a2a167f550dd686,eaba9e6c5da219e606377b9c0864f23a3dec3afacfcf8030afe9b72492a55946,da0e0d78dca82011293837492dad8af3006dfb6522b3ffcabed1edc5d02504f2,0.4004190979645209,0.35926522003572764,0.4315878160803539,22.363450916871123,14.196651259164023,30.097809128037017,0.0,0.0,0.0,0.1917891091060102,0.04794727727650255,20.856241622088277,1.0,4.0,12.905029286995996,14.196651259164023,18.284862825515884,0.0,0.0,0.0,0.0,229.63966798953876,30,0.0025006887999258725,1.3473280824850504e-10,6.253574715789343e-06,0.002500714840958349,0.002502040991517518,0.0025105494721405107,0.002514615503216433,0.0075428962835649765,5.15179761647252e-13,0.005512395142688457,0.0,0.0,0.0
