snapshot_id,filename,file_sha256,metadata_file_sha256,file_checksum_pass
phase-a-v1/GEOMETRY_RICH_ROOM/0/0/0,source_points.npy,d07facd349d5aedda9354d933fa41c306abedead6f8245a0028bc1837850a0a2,d07facd349d5aedda9354d933fa41c306abedead6f8245a0028bc1837850a0a2,True
phase-a-v1/GEOMETRY_RICH_ROOM/0/0/0,target_points.npy,bb591d9d48777485fa95a81af70b348675cf5d7f7d78ff94a32e78c13f245c4a,bb591d9d48777485fa95a81af70b348675cf5d7f7d78ff94a32e78c13f245c4a,True
phase-a-v1/GEOMETRY_RICH_ROOM/0/0/0,reference_pose.npy,718399090a1166aeae27e2373ccdb6ac74c3d73fae4339d78a9237e1f04d4bdf,718399090a1166aeae27e2373ccdb6ac74c3d73fae4339d78a9237e1f04d4bdf,True
phase-a-v1/GEOMETRY_RICH_ROOM/0/0/0,source_parent_target_indices.npy,73ab76bcf519a560d3c301b2ba2b9693294b85c36317ed3a4f665bab39f3323f,73ab76bcf519a560d3c301b2ba2b9693294b85c36317ed3a4f665bab39f3323f,True
phase-a-v1/GEOMETRY_RICH_ROOM/0/0/1,source_points.npy,b044f6d9b145629619658c9ae200fc22038e7bb9ffc27110c1a4ff1e14ebc2b9,b044f6d9b145629619658c9ae200fc22038e7bb9ffc27110c1a4ff1e14ebc2b9,True
phase-a-v1/GEOMETRY_RICH_ROOM/0/0/1,target_points.npy,bb591d9d48777485fa95a81af70b348675cf5d7f7d78ff94a32e78c13f245c4a,bb591d9d48777485fa95a81af70b348675cf5d7f7d78ff94a32e78c13f245c4a,True
phase-a-v1/GEOMETRY_RICH_ROOM/0/0/1,reference_pose.npy,718399090a1166aeae27e2373ccdb6ac74c3d73fae4339d78a9237e1f04d4bdf,718399090a1166aeae27e2373ccdb6ac74c3d73fae4339d78a9237e1f04d4bdf,True
phase-a-v1/GEOMETRY_RICH_ROOM/0/0/1,source_parent_target_indices.npy,25e929440135f56fb2ea042c84cf36968744f51865172441d48783f76c8da0c2,25e929440135f56fb2ea042c84cf36968744f51865172441d48783f76c8da0c2,True
phase-a-v1/GEOMETRY_RICH_ROOM/0/0/2,source_points.npy,b347ae9b93d6f49741c235d931016ccaf8622b8361895f596528a776a1f2fb06,b347ae9b93d6f49741c235d931016ccaf8622b8361895f596528a776a1f2fb06,True
phase-a-v1/GEOMETRY_RICH_ROOM/0/0/2,target_points.npy,bb591d9d48777485fa95a81af70b348675cf5d7f7d78ff94a32e78c13f245c4a,bb591d9d48777485fa95a81af70b348675cf5d7f7d78ff94a32e78c13f245c4a,True
phase-a-v1/GEOMETRY_RICH_ROOM/0/0/2,reference_pose.npy,718399090a1166aeae27e2373ccdb6ac74c3d73fae4339d78a9237e1f04d4bdf,718399090a1166aeae27e2373ccdb6ac74c3d73fae4339d78a9237e1f04d4bdf,True
phase-a-v1/GEOMETRY_RICH_ROOM/0/0/2,source_parent_target_indices.npy,4ead05bacb5c9ece55e449e88782df68b926e6c5f68e0737b7bd5cc10aa0c43b,4ead05bacb5c9ece55e449e88782df68b926e6c5f68e0737b7bd5cc10aa0c43b,True
phase-a-v1/GEOMETRY_RICH_ROOM/0/0/3,source_points.npy,79e60fa4cd45684607e9caec4e2ab3b4c775fb5a6bedb49b559218c106d0ba62,79e60fa4cd45684607e9caec4e2ab3b4c775fb5a6bedb49b559218c106d0ba62,True
phase-a-v1/GEOMETRY_RICH_ROOM/0/0/3,target_points.npy,bb591d9d48777485fa95a81af70b348675cf5d7f7d78ff94a32e78c13f245c4a,bb591d9d48777485fa95a81af70b348675cf5d7f7d78ff94a32e78c13f245c4a,True
phase-a-v1/GEOMETRY_RICH_ROOM/0/0/3,reference_pose.npy,718399090a1166aeae27e2373ccdb6ac74c3d73fae4339d78a9237e1f04d4bdf,718399090a1166aeae27e2373ccdb6ac74c3d73fae4339d78a9237e1f04d4bdf,True
phase-a-v1/GEOMETRY_RICH_ROOM/0/0/3,source_parent_target_indices.npy,f2c5c281bdf31772af51784a2a6774f77d5a7499b46d837897880c263da18fc4,f2c5c281bdf31772af51784a2a6774f77d5a7499b46d837897880c263da18fc4,True
phase-a-v1/GEOMETRY_RICH_ROOM/0/0/4,source_points.npy,46bc900d70b4777f0a82d290f52e9e9cae093051671a1f0b33824c1416083bce,46bc900d70b4777f0a82d290f52e9e9cae093051671a1f0b33824c1416083bce,True
phase-a-v1/GEOMETRY_RICH_ROOM/0/0/4,target_points.npy,bb591d9d48777485fa95a81af70b348675cf5d7f7d78ff94a32e78c13f245c4a,bb591d9d48777485fa95a81af70b348675cf5d7f7d78ff94a32e78c13f245c4a,True
phase-a-v1/GEOMETRY_RICH_ROOM/0/0/4,reference_pose.npy,718399090a1166aeae27e2373ccdb6ac74c3d73fae4339d78a9237e1f04d4bdf,718399090a1166aeae27e2373ccdb6ac74c3d73fae4339d78a9237e1f04d4bdf,True
phase-a-v1/GEOMETRY_RICH_ROOM/0/0/4,source_parent_target_indices.npy,3a273a0699af0e4ff62288f104f35c9993878380f4048ade1e016580f2b95f66,3a273a0699af0e4ff62288f104f35c9993878380f4048ade1e016580f2b95f66,True
phase-a-v1/GEOMETRY_RICH_ROOM/0/1/0,source_points.npy,8c0d8245a3816b543ff7e590453a4ce8efa74e2f73152e8dde3b70b5a0d83821,8c0d8245a3816b543ff7e590453a4ce8efa74e2f73152e8dde3b70b5a0d83821,True
phase-a-v1/GEOMETRY_RICH_ROOM/0/1/0,target_points.npy,bb591d9d48777485fa95a81af70b348675cf5d7f7d78ff94a32e78c13f245c4a,bb591d9d48777485fa95a81af70b348675cf5d7f7d78ff94a32e78c13f245c4a,True
phase-a-v1/GEOMETRY_RICH_ROOM/0/1/0,reference_pose.npy,718399090a1166aeae27e2373ccdb6ac74c3d73fae4339d78a9237e1f04d4bdf,718399090a1166aeae27e2373ccdb6ac74c3d73fae4339d78a9237e1f04d4bdf,True
phase-a-v1/GEOMETRY_RICH_ROOM/0/1/0,source_parent_target_indices.npy,41a1155533eb0fd70f179f37da05d1b6ff0d5f58a829e447e41131d6b51e9613,41a1155533eb0fd70f179f37da05d1b6ff0d5f58a829e447e41131d6b51e9613,True
phase-a-v1/GEOMETRY_RICH_ROOM/0/1/1,source_points.npy,eecad2583ac36467293f66681a0c0b6c2739972c32e98948484bb3f89581c964,eecad2583ac36467293f66681a0c0b6c2739972c32e98948484bb3f89581c964,True
phase-a-v1/GEOMETRY_RICH_ROOM/0/1/1,target_points.npy,bb591d9d48777485fa95a81af70b348675cf5d7f7d78ff94a32e78c13f245c4a,bb591d9d48777485fa95a81af70b348675cf5d7f7d78ff94a32e78c13f245c4a,True
phase-a-v1/GEOMETRY_RICH_ROOM/0/1/1,reference_pose.npy,718399090a1166aeae27e2373ccdb6ac74c3d73fae4339d78a9237e1f04d4bdf,718399090a1166aeae27e2373ccdb6ac74c3d73fae4339d78a9237e1f04d4bdf,True
phase-a-v1/GEOMETRY_RICH_ROOM/0/1/1,source_parent_target_indices.npy,128a492155ae0947a6cd65635297d01c299d9f7720c36071b7a5ca8351aab232,128a492155ae0947a6cd65635297d01c299d9f7720c36071b7a5ca8351aab232,True
phase-a-v1/GEOMETRY_RICH_ROOM/0/1/2,source_points.npy,f393ef0404a68e47ffeb067fa16f5425d5e5df9f626394b8b745a2eecf16f275,f393ef0404a68e47ffeb067fa16f5425d5e5df9f626394b8b745a2eecf16f275,True
phase-a-v1/GEOMETRY_RICH_ROOM/0/1/2,target_points.npy,bb591d9d48777485fa95a81af70b348675cf5d7f7d78ff94a32e78c13f245c4a,bb591d9d48777485fa95a81af70b348675cf5d7f7d78ff94a32e78c13f245c4a,True
phase-a-v1/GEOMETRY_RICH_ROOM/0/1/2,reference_pose.npy,718399090a1166aeae27e2373ccdb6ac74c3d73fae4339d78a9237e1f04d4bdf,718399090a1166aeae27e2373ccdb6ac74c3d73fae4339d78a9237e1f04d4bdf,True
phase-a-v1/GEOMETRY_RICH_ROOM/0/1/2,source_parent_target_indices.npy,d0469a8b803deaba19684a93ff3672cefe963a9b29cc852a078c71df5f60c466,d0469a8b803deaba19684a93ff3672cefe963a9b29cc852a078c71df5f60c466,True
phase-a-v1/GEOMETRY_RICH_ROOM/0/1/3,source_points.npy,6419e3f7403bb1209a3e9433457017da1ed2701addcce10750315d46e07df469,6419e3f7403bb1209a3e9433457017da1ed2701addcce10750315d46e07df469,True
phase-a-v1/GEOMETRY_RICH_ROOM/0/1/3,target_points.npy,bb591d9d48777485fa95a81af70b348675cf5d7f7d78ff94a32e78c13f245c4a,bb591d9d48777485fa95a81af70b348675cf5d7f7d78ff94a32e78c13f245c4a,True
phase-a-v1/GEOMETRY_RICH_ROOM/0/1/3,reference_pose.npy,718399090a1166aeae27e2373ccdb6ac74c3d73fae4339d78a9237e1f04d4bdf,718399090a1166aeae27e2373ccdb6ac74c3d73fae4339d78a9237e1f04d4bdf,True
phase-a-v1/GEOMETRY_RICH_ROOM/0/1/3,source_parent_target_indices.npy,6ed4e9c6bf9b704c6dc76af4737428a99c5f7de5bdf549d6e292f76319085ba1,6ed4e9c6bf9b704c6dc76af4737428a99c5f7de5bdf549d6e292f76319085ba1,True
phase-a-v1/GEOMETRY_RICH_ROOM/0/1/4,source_points.npy,c64eb62cef2fdf5edaf2ce8f046b01738669c39e8a8f02298b6ab1ac3d8082dd,c64eb62cef2fdf5edaf2ce8f046b01738669c39e8a8f02298b6ab1ac3d8082dd,True
phase-a-v1/GEOMETRY_RICH_ROOM/0/1/4,target_points.npy,bb591d9d48777485fa95a81af70b348675cf5d7f7d78ff94a32e78c13f245c4a,bb591d9d48777485fa95a81af70b348675cf5d7f7d78ff94a32e78c13f245c4a,True
phase-a-v1/GEOMETRY_RICH_ROOM/0/1/4,reference_pose.npy,718399090a1166aeae27e2373ccdb6ac74c3d73fae4339d78a9237e1f04d4bdf,718399090a1166aeae27e2373ccdb6ac74c3d73fae4339d78a9237e1f04d4bdf,True
phase-a-v1/GEOMETRY_RICH_ROOM/0/1/4,source_parent_target_indices.npy,aee1ede95eee10e186de8e9d3768743f8a793a2652d184f6757af54a942a3106,aee1ede95eee10e186de8e9d3768743f8a793a2652d184f6757af54a942a3106,True
phase-a-v1/GEOMETRY_RICH_ROOM/1/0/0,source_points.npy,73fe25e489290c06ffb8c0791e47db4b1db013c8955ca7ba886ad238b59aea71,73fe25e489290c06ffb8c0791e47db4b1db013c8955ca7ba886ad238b59aea71,True
phase-a-v1/GEOMETRY_RICH_ROOM/1/0/0,target_points.npy,82df6ccd9832393ae20842c6d0a9b62e1acdbb1216f53eb627799a023f75a281,82df6ccd9832393ae20842c6d0a9b62e1acdbb1216f53eb627799a023f75a281,True
phase-a-v1/GEOMETRY_RICH_ROOM/1/0/0,reference_pose.npy,718399090a1166aeae27e2373ccdb6ac74c3d73fae4339d78a9237e1f04d4bdf,718399090a1166aeae27e2373ccdb6ac74c3d73fae4339d78a9237e1f04d4bdf,True
phase-a-v1/GEOMETRY_RICH_ROOM/1/0/0,source_parent_target_indices.npy,2efc0d9e3e9b477fc7e5b72ee652690eb856aafb971e6c63cfd43dd9f20acf4f,2efc0d9e3e9b477fc7e5b72ee652690eb856aafb971e6c63cfd43dd9f20acf4f,True
phase-a-v1/GEOMETRY_RICH_ROOM/1/0/1,source_points.npy,64e3ae64cf7070626643d35757562de757661db3e8ac502f4c9cc06cdbf9d1b2,64e3ae64cf7070626643d35757562de757661db3e8ac502f4c9cc06cdbf9d1b2,True
phase-a-v1/GEOMETRY_RICH_ROOM/1/0/1,target_points.npy,82df6ccd9832393ae20842c6d0a9b62e1acdbb1216f53eb627799a023f75a281,82df6ccd9832393ae20842c6d0a9b62e1acdbb1216f53eb627799a023f75a281,True
phase-a-v1/GEOMETRY_RICH_ROOM/1/0/1,reference_pose.npy,718399090a1166aeae27e2373ccdb6ac74c3d73fae4339d78a9237e1f04d4bdf,718399090a1166aeae27e2373ccdb6ac74c3d73fae4339d78a9237e1f04d4bdf,True
phase-a-v1/GEOMETRY_RICH_ROOM/1/0/1,source_parent_target_indices.npy,3057c3e926905e1e1791188770422d0a3f73920303ae9ebcf486df2b12dfb652,3057c3e926905e1e1791188770422d0a3f73920303ae9ebcf486df2b12dfb652,True
phase-a-v1/GEOMETRY_RICH_ROOM/1/0/2,source_points.npy,1dbbf26fe38847d339aa8f7f6450b352068f8acfd4721f5f7b810a921d337839,1dbbf26fe38847d339aa8f7f6450b352068f8acfd4721f5f7b810a921d337839,True
phase-a-v1/GEOMETRY_RICH_ROOM/1/0/2,target_points.npy,82df6ccd9832393ae20842c6d0a9b62e1acdbb1216f53eb627799a023f75a281,82df6ccd9832393ae20842c6d0a9b62e1acdbb1216f53eb627799a023f75a281,True
phase-a-v1/GEOMETRY_RICH_ROOM/1/0/2,reference_pose.npy,718399090a1166aeae27e2373ccdb6ac74c3d73fae4339d78a9237e1f04d4bdf,718399090a1166aeae27e2373ccdb6ac74c3d73fae4339d78a9237e1f04d4bdf,True
phase-a-v1/GEOMETRY_RICH_ROOM/1/0/2,source_parent_target_indices.npy,ed45ca0257fc3d4c1e4cd08710b45963525640ecbd93827ba527cd89df580a42,ed45ca0257fc3d4c1e4cd08710b45963525640ecbd93827ba527cd89df580a42,True
phase-a-v1/GEOMETRY_RICH_ROOM/1/0/3,source_points.npy,4691c124446b977bb9aad2df786d490120491ce9fec99c2e03dc616418b943f0,4691c124446b977bb9aad2df786d490120491ce9fec99c2e03dc616418b943f0,True
phase-a-v1/GEOMETRY_RICH_ROOM/1/0/3,target_points.npy,82df6ccd9832393ae20842c6d0a9b62e1acdbb1216f53eb627799a023f75a281,82df6ccd9832393ae20842c6d0a9b62e1acdbb1216f53eb627799a023f75a281,True
phase-a-v1/GEOMETRY_RICH_ROOM/1/0/3,reference_pose.npy,718399090a1166aeae27e2373ccdb6ac74c3d73fae4339d78a9237e1f04d4bdf,718399090a1166aeae27e2373ccdb6ac74c3d73fae4339d78a9237e1f04d4bdf,True
phase-a-v1/GEOMETRY_RICH_ROOM/1/0/3,source_parent_target_indices.npy,f71f2ec85b5de371cba28c8336150e112807f621b70d98ff71a79ee581dfea20,f71f2ec85b5de371cba28c8336150e112807f621b70d98ff71a79ee581dfea20,True
phase-a-v1/GEOMETRY_RICH_ROOM/1/0/4,source_points.npy,3ba1edae847a7f87b7dbfba2fdc53544aa6def0c9a10203046ff355ff6657f32,3ba1edae847a7f87b7dbfba2fdc53544aa6def0c9a10203046ff355ff6657f32,True
phase-a-v1/GEOMETRY_RICH_ROOM/1/0/4,target_points.npy,82df6ccd9832393ae20842c6d0a9b62e1acdbb1216f53eb627799a023f75a281,82df6ccd9832393ae20842c6d0a9b62e1acdbb1216f53eb627799a023f75a281,True
phase-a-v1/GEOMETRY_RICH_ROOM/1/0/4,reference_pose.npy,718399090a1166aeae27e2373ccdb6ac74c3d73fae4339d78a9237e1f04d4bdf,718399090a1166aeae27e2373ccdb6ac74c3d73fae4339d78a9237e1f04d4bdf,True
phase-a-v1/GEOMETRY_RICH_ROOM/1/0/4,source_parent_target_indices.npy,c99412868199b814e1bc0425d090a92004867a77e264a03445ebc1f90909c0d4,c99412868199b814e1bc0425d090a92004867a77e264a03445ebc1f90909c0d4,True
phase-a-v1/GEOMETRY_RICH_ROOM/1/1/0,source_points.npy,e1c14ede5ca79371b298f267ee2ca16f88e5c1c95b331de2c50d62c78363a152,e1c14ede5ca79371b298f267ee2ca16f88e5c1c95b331de2c50d62c78363a152,True
phase-a-v1/GEOMETRY_RICH_ROOM/1/1/0,target_points.npy,82df6ccd9832393ae20842c6d0a9b62e1acdbb1216f53eb627799a023f75a281,82df6ccd9832393ae20842c6d0a9b62e1acdbb1216f53eb627799a023f75a281,True
phase-a-v1/GEOMETRY_RICH_ROOM/1/1/0,reference_pose.npy,718399090a1166aeae27e2373ccdb6ac74c3d73fae4339d78a9237e1f04d4bdf,718399090a1166aeae27e2373ccdb6ac74c3d73fae4339d78a9237e1f04d4bdf,True
phase-a-v1/GEOMETRY_RICH_ROOM/1/1/0,source_parent_target_indices.npy,003baa1607bcf64eecc277ba5ca550751fcec5a4173f9f015637144bac5223ac,003baa1607bcf64eecc277ba5ca550751fcec5a4173f9f015637144bac5223ac,True
phase-a-v1/GEOMETRY_RICH_ROOM/1/1/1,source_points.npy,6954e7879502576c2a6404dd8181bda4b08c7e4138906221c00e223cfe65ca62,6954e7879502576c2a6404dd8181bda4b08c7e4138906221c00e223cfe65ca62,True
phase-a-v1/GEOMETRY_RICH_ROOM/1/1/1,target_points.npy,82df6ccd9832393ae20842c6d0a9b62e1acdbb1216f53eb627799a023f75a281,82df6ccd9832393ae20842c6d0a9b62e1acdbb1216f53eb627799a023f75a281,True
phase-a-v1/GEOMETRY_RICH_ROOM/1/1/1,reference_pose.npy,718399090a1166aeae27e2373ccdb6ac74c3d73fae4339d78a9237e1f04d4bdf,718399090a1166aeae27e2373ccdb6ac74c3d73fae4339d78a9237e1f04d4bdf,True
phase-a-v1/GEOMETRY_RICH_ROOM/1/1/1,source_parent_target_indices.npy,1f3bcb2b70c7ab37a677f0fe5629af8c8ab65ff189daaf4a571dc7c633062192,1f3bcb2b70c7ab37a677f0fe5629af8c8ab65ff189daaf4a571dc7c633062192,True
phase-a-v1/GEOMETRY_RICH_ROOM/1/1/2,source_points.npy,38304fa5f912e6ff3c24409b814597f6fe0bcb165d8868eac242c88691f20a99,38304fa5f912e6ff3c24409b814597f6fe0bcb165d8868eac242c88691f20a99,True
phase-a-v1/GEOMETRY_RICH_ROOM/1/1/2,target_points.npy,82df6ccd9832393ae20842c6d0a9b62e1acdbb1216f53eb627799a023f75a281,82df6ccd9832393ae20842c6d0a9b62e1acdbb1216f53eb627799a023f75a281,True
phase-a-v1/GEOMETRY_RICH_ROOM/1/1/2,reference_pose.npy,718399090a1166aeae27e2373ccdb6ac74c3d73fae4339d78a9237e1f04d4bdf,718399090a1166aeae27e2373ccdb6ac74c3d73fae4339d78a9237e1f04d4bdf,True
phase-a-v1/GEOMETRY_RICH_ROOM/1/1/2,source_parent_target_indices.npy,4a912a4ca35e897cf19528e9bcc930803adc05f156234afd12c59a945554c7fa,4a912a4ca35e897cf19528e9bcc930803adc05f156234afd12c59a945554c7fa,True
phase-a-v1/GEOMETRY_RICH_ROOM/1/1/3,source_points.npy,b7247d5126aaf08ef6830529768e06ca284e02c2e73a63f80c0bd1a9f6ae059f,b7247d5126aaf08ef6830529768e06ca284e02c2e73a63f80c0bd1a9f6ae059f,True
phase-a-v1/GEOMETRY_RICH_ROOM/1/1/3,target_points.npy,82df6ccd9832393ae20842c6d0a9b62e1acdbb1216f53eb627799a023f75a281,82df6ccd9832393ae20842c6d0a9b62e1acdbb1216f53eb627799a023f75a281,True
phase-a-v1/GEOMETRY_RICH_ROOM/1/1/3,reference_pose.npy,718399090a1166aeae27e2373ccdb6ac74c3d73fae4339d78a9237e1f04d4bdf,718399090a1166aeae27e2373ccdb6ac74c3d73fae4339d78a9237e1f04d4bdf,True
phase-a-v1/GEOMETRY_RICH_ROOM/1/1/3,source_parent_target_indices.npy,0ec9d210c2a69800e09b7131ea1abb45cdae12afd1c21f3eb18fba71f6aa8e6e,0ec9d210c2a69800e09b7131ea1abb45cdae12afd1c21f3eb18fba71f6aa8e6e,True
phase-a-v1/GEOMETRY_RICH_ROOM/1/1/4,source_points.npy,b25232501c405243ba813effb48e773191a9f8f4a352e18a99e9b65f4ebe8967,b25232501c405243ba813effb48e773191a9f8f4a352e18a99e9b65f4ebe8967,True
phase-a-v1/GEOMETRY_RICH_ROOM/1/1/4,target_points.npy,82df6ccd9832393ae20842c6d0a9b62e1acdbb1216f53eb627799a023f75a281,82df6ccd9832393ae20842c6d0a9b62e1acdbb1216f53eb627799a023f75a281,True
phase-a-v1/GEOMETRY_RICH_ROOM/1/1/4,reference_pose.npy,718399090a1166aeae27e2373ccdb6ac74c3d73fae4339d78a9237e1f04d4bdf,718399090a1166aeae27e2373ccdb6ac74c3d73fae4339d78a9237e1f04d4bdf,True
phase-a-v1/GEOMETRY_RICH_ROOM/1/1/4,source_parent_target_indices.npy,dfaa5b01466dc01914d7763769dc5cd33b4c2f3c23f2902828ff9bc851762d0c,dfaa5b01466dc01914d7763769dc5cd33b4c2f3c23f2902828ff9bc851762d0c,True
phase-a-v1/GEOMETRY_RICH_ROOM/2/0/0,source_points.npy,09fcaf3770490e1f465c27f4f81864ad16cdca3fc9b13834bb0d8bf02caf5968,09fcaf3770490e1f465c27f4f81864ad16cdca3fc9b13834bb0d8bf02caf5968,True
phase-a-v1/GEOMETRY_RICH_ROOM/2/0/0,target_points.npy,87ceb492f0c6975c75f46e0f8ff70c204f5f38df571d3acfe03cfea0e7c632d9,87ceb492f0c6975c75f46e0f8ff70c204f5f38df571d3acfe03cfea0e7c632d9,True
phase-a-v1/GEOMETRY_RICH_ROOM/2/0/0,reference_pose.npy,718399090a1166aeae27e2373ccdb6ac74c3d73fae4339d78a9237e1f04d4bdf,718399090a1166aeae27e2373ccdb6ac74c3d73fae4339d78a9237e1f04d4bdf,True
phase-a-v1/GEOMETRY_RICH_ROOM/2/0/0,source_parent_target_indices.npy,ee061f99c967f23d7f8ee7a7960817fd55b49f26c8c6c507bc6319e58e6c1c94,ee061f99c967f23d7f8ee7a7960817fd55b49f26c8c6c507bc6319e58e6c1c94,True
phase-a-v1/GEOMETRY_RICH_ROOM/2/0/1,source_points.npy,d35144018ada92a1e777349972ee88905328ee4e67700484298b63e06e75821a,d35144018ada92a1e777349972ee88905328ee4e67700484298b63e06e75821a,True
phase-a-v1/GEOMETRY_RICH_ROOM/2/0/1,target_points.npy,87ceb492f0c6975c75f46e0f8ff70c204f5f38df571d3acfe03cfea0e7c632d9,87ceb492f0c6975c75f46e0f8ff70c204f5f38df571d3acfe03cfea0e7c632d9,True
phase-a-v1/GEOMETRY_RICH_ROOM/2/0/1,reference_pose.npy,718399090a1166aeae27e2373ccdb6ac74c3d73fae4339d78a9237e1f04d4bdf,718399090a1166aeae27e2373ccdb6ac74c3d73fae4339d78a9237e1f04d4bdf,True
phase-a-v1/GEOMETRY_RICH_ROOM/2/0/1,source_parent_target_indices.npy,a8487e077c71781afc682c0ce30bcc35e4de62331b50fa7416d247d6103638c0,a8487e077c71781afc682c0ce30bcc35e4de62331b50fa7416d247d6103638c0,True
phase-a-v1/GEOMETRY_RICH_ROOM/2/0/2,source_points.npy,7711f7d67e5c1bceae5e9e8eafeb3f07bfc5b1868aee27ed3fe6e282187a87c9,7711f7d67e5c1bceae5e9e8eafeb3f07bfc5b1868aee27ed3fe6e282187a87c9,True
phase-a-v1/GEOMETRY_RICH_ROOM/2/0/2,target_points.npy,87ceb492f0c6975c75f46e0f8ff70c204f5f38df571d3acfe03cfea0e7c632d9,87ceb492f0c6975c75f46e0f8ff70c204f5f38df571d3acfe03cfea0e7c632d9,True
phase-a-v1/GEOMETRY_RICH_ROOM/2/0/2,reference_pose.npy,718399090a1166aeae27e2373ccdb6ac74c3d73fae4339d78a9237e1f04d4bdf,718399090a1166aeae27e2373ccdb6ac74c3d73fae4339d78a9237e1f04d4bdf,True
phase-a-v1/GEOMETRY_RICH_ROOM/2/0/2,source_parent_target_indices.npy,3f0e2b4507d0e1a8454246e0336cadfb16425c3a8f47ae68107f477bfc11c413,3f0e2b4507d0e1a8454246e0336cadfb16425c3a8f47ae68107f477bfc11c413,True
phase-a-v1/GEOMETRY_RICH_ROOM/2/0/3,source_points.npy,38d17b9e6379cdae21d1827f76a7ae598b57a89d57d1047940ea788455614016,38d17b9e6379cdae21d1827f76a7ae598b57a89d57d1047940ea788455614016,True
phase-a-v1/GEOMETRY_RICH_ROOM/2/0/3,target_points.npy,87ceb492f0c6975c75f46e0f8ff70c204f5f38df571d3acfe03cfea0e7c632d9,87ceb492f0c6975c75f46e0f8ff70c204f5f38df571d3acfe03cfea0e7c632d9,True
phase-a-v1/GEOMETRY_RICH_ROOM/2/0/3,reference_pose.npy,718399090a1166aeae27e2373ccdb6ac74c3d73fae4339d78a9237e1f04d4bdf,718399090a1166aeae27e2373ccdb6ac74c3d73fae4339d78a9237e1f04d4bdf,True
phase-a-v1/GEOMETRY_RICH_ROOM/2/0/3,source_parent_target_indices.npy,f8d899f2fa4c38e12d5c2c0ff8dfbf262e730d41be991c5c2552693bc9e3f80b,f8d899f2fa4c38e12d5c2c0ff8dfbf262e730d41be991c5c2552693bc9e3f80b,True
phase-a-v1/GEOMETRY_RICH_ROOM/2/0/4,source_points.npy,e442209798f38a238447703336ffda8691049e333ade9bf2226eb48e082fd7e1,e442209798f38a238447703336ffda8691049e333ade9bf2226eb48e082fd7e1,True
phase-a-v1/GEOMETRY_RICH_ROOM/2/0/4,target_points.npy,87ceb492f0c6975c75f46e0f8ff70c204f5f38df571d3acfe03cfea0e7c632d9,87ceb492f0c6975c75f46e0f8ff70c204f5f38df571d3acfe03cfea0e7c632d9,True
phase-a-v1/GEOMETRY_RICH_ROOM/2/0/4,reference_pose.npy,718399090a1166aeae27e2373ccdb6ac74c3d73fae4339d78a9237e1f04d4bdf,718399090a1166aeae27e2373ccdb6ac74c3d73fae4339d78a9237e1f04d4bdf,True
phase-a-v1/GEOMETRY_RICH_ROOM/2/0/4,source_parent_target_indices.npy,ecec3363a7ab41cb2d59a43cff1033a53fb429252d441a909414308a28eb276b,ecec3363a7ab41cb2d59a43cff1033a53fb429252d441a909414308a28eb276b,True
phase-a-v1/GEOMETRY_RICH_ROOM/2/1/0,source_points.npy,0ec867e603bd68d2fd4575df177f5f140168603ab772af2c050b3e05b1419cdc,0ec867e603bd68d2fd4575df177f5f140168603ab772af2c050b3e05b1419cdc,True
phase-a-v1/GEOMETRY_RICH_ROOM/2/1/0,target_points.npy,87ceb492f0c6975c75f46e0f8ff70c204f5f38df571d3acfe03cfea0e7c632d9,87ceb492f0c6975c75f46e0f8ff70c204f5f38df571d3acfe03cfea0e7c632d9,True
phase-a-v1/GEOMETRY_RICH_ROOM/2/1/0,reference_pose.npy,718399090a1166aeae27e2373ccdb6ac74c3d73fae4339d78a9237e1f04d4bdf,718399090a1166aeae27e2373ccdb6ac74c3d73fae4339d78a9237e1f04d4bdf,True
phase-a-v1/GEOMETRY_RICH_ROOM/2/1/0,source_parent_target_indices.npy,b2b5334f4ae84d1cb4bc2b2a1221282e59cf9ba51fb2916a4095d03d68c52869,b2b5334f4ae84d1cb4bc2b2a1221282e59cf9ba51fb2916a4095d03d68c52869,True
phase-a-v1/GEOMETRY_RICH_ROOM/2/1/1,source_points.npy,59ca98df6424686e0349b30c18bdc5e97e58fb37cea647e402c3126e142fb800,59ca98df6424686e0349b30c18bdc5e97e58fb37cea647e402c3126e142fb800,True
phase-a-v1/GEOMETRY_RICH_ROOM/2/1/1,target_points.npy,87ceb492f0c6975c75f46e0f8ff70c204f5f38df571d3acfe03cfea0e7c632d9,87ceb492f0c6975c75f46e0f8ff70c204f5f38df571d3acfe03cfea0e7c632d9,True
phase-a-v1/GEOMETRY_RICH_ROOM/2/1/1,reference_pose.npy,718399090a1166aeae27e2373ccdb6ac74c3d73fae4339d78a9237e1f04d4bdf,718399090a1166aeae27e2373ccdb6ac74c3d73fae4339d78a9237e1f04d4bdf,True
phase-a-v1/GEOMETRY_RICH_ROOM/2/1/1,source_parent_target_indices.npy,8246c31a5b756162d9f7993bdfaa2af315d7a011ccd128af6b13e14f9851c249,8246c31a5b756162d9f7993bdfaa2af315d7a011ccd128af6b13e14f9851c249,True
phase-a-v1/GEOMETRY_RICH_ROOM/2/1/2,source_points.npy,d124f3857cba39a60b20a598da7c79e5517a65350825b29801d0c70b67192823,d124f3857cba39a60b20a598da7c79e5517a65350825b29801d0c70b67192823,True
phase-a-v1/GEOMETRY_RICH_ROOM/2/1/2,target_points.npy,87ceb492f0c6975c75f46e0f8ff70c204f5f38df571d3acfe03cfea0e7c632d9,87ceb492f0c6975c75f46e0f8ff70c204f5f38df571d3acfe03cfea0e7c632d9,True
phase-a-v1/GEOMETRY_RICH_ROOM/2/1/2,reference_pose.npy,718399090a1166aeae27e2373ccdb6ac74c3d73fae4339d78a9237e1f04d4bdf,718399090a1166aeae27e2373ccdb6ac74c3d73fae4339d78a9237e1f04d4bdf,True
phase-a-v1/GEOMETRY_RICH_ROOM/2/1/2,source_parent_target_indices.npy,c16aef3990bb5bf48adfbc246d2f4f56e72064f21b69c4667dc51d79e8f36db2,c16aef3990bb5bf48adfbc246d2f4f56e72064f21b69c4667dc51d79e8f36db2,True
phase-a-v1/GEOMETRY_RICH_ROOM/2/1/3,source_points.npy,8381350a0bbaababc2ebf78768748b32434f052c7c4aeeb82f0a304d801781a2,8381350a0bbaababc2ebf78768748b32434f052c7c4aeeb82f0a304d801781a2,True
phase-a-v1/GEOMETRY_RICH_ROOM/2/1/3,target_points.npy,87ceb492f0c6975c75f46e0f8ff70c204f5f38df571d3acfe03cfea0e7c632d9,87ceb492f0c6975c75f46e0f8ff70c204f5f38df571d3acfe03cfea0e7c632d9,True
phase-a-v1/GEOMETRY_RICH_ROOM/2/1/3,reference_pose.npy,718399090a1166aeae27e2373ccdb6ac74c3d73fae4339d78a9237e1f04d4bdf,718399090a1166aeae27e2373ccdb6ac74c3d73fae4339d78a9237e1f04d4bdf,True
phase-a-v1/GEOMETRY_RICH_ROOM/2/1/3,source_parent_target_indices.npy,07a2b04ee4d978438a097144956c51afdaa28c99c74c903281c968360209c3fb,07a2b04ee4d978438a097144956c51afdaa28c99c74c903281c968360209c3fb,True
phase-a-v1/GEOMETRY_RICH_ROOM/2/1/4,source_points.npy,37e322a9257eb60ee390f4705dd428f47cefb8a78c7e3607512d32371f6d568f,37e322a9257eb60ee390f4705dd428f47cefb8a78c7e3607512d32371f6d568f,True
phase-a-v1/GEOMETRY_RICH_ROOM/2/1/4,target_points.npy,87ceb492f0c6975c75f46e0f8ff70c204f5f38df571d3acfe03cfea0e7c632d9,87ceb492f0c6975c75f46e0f8ff70c204f5f38df571d3acfe03cfea0e7c632d9,True
phase-a-v1/GEOMETRY_RICH_ROOM/2/1/4,reference_pose.npy,718399090a1166aeae27e2373ccdb6ac74c3d73fae4339d78a9237e1f04d4bdf,718399090a1166aeae27e2373ccdb6ac74c3d73fae4339d78a9237e1f04d4bdf,True
phase-a-v1/GEOMETRY_RICH_ROOM/2/1/4,source_parent_target_indices.npy,011e2af3ccb6d4d579ccdf6b608f0b4aa6ff355af3043b02ceae4ed0dd6531f2,011e2af3ccb6d4d579ccdf6b608f0b4aa6ff355af3043b02ceae4ed0dd6531f2,True
phase-a-v1/LONG_CORRIDOR/0/0/0,source_points.npy,14f4df78ce694113a8f99e6472f2c595ac1a9c245441b3019b3e23af29c6bc17,14f4df78ce694113a8f99e6472f2c595ac1a9c245441b3019b3e23af29c6bc17,True
phase-a-v1/LONG_CORRIDOR/0/0/0,target_points.npy,9e9552e2973d612a6e789bb53ed7eb65865f6024d8e39aa9841fe823c1813336,9e9552e2973d612a6e789bb53ed7eb65865f6024d8e39aa9841fe823c1813336,True
phase-a-v1/LONG_CORRIDOR/0/0/0,reference_pose.npy,718399090a1166aeae27e2373ccdb6ac74c3d73fae4339d78a9237e1f04d4bdf,718399090a1166aeae27e2373ccdb6ac74c3d73fae4339d78a9237e1f04d4bdf,True
phase-a-v1/LONG_CORRIDOR/0/0/0,source_parent_target_indices.npy,0e030cdc90cdc7c038c08749bc074de5157e589695f3a429ee71152f52779453,0e030cdc90cdc7c038c08749bc074de5157e589695f3a429ee71152f52779453,True
phase-a-v1/LONG_CORRIDOR/0/0/1,source_points.npy,bccf01add43ed983f2305cc6979c41c05b313920f052e9be87d9c362d7a1699e,bccf01add43ed983f2305cc6979c41c05b313920f052e9be87d9c362d7a1699e,True
phase-a-v1/LONG_CORRIDOR/0/0/1,target_points.npy,9e9552e2973d612a6e789bb53ed7eb65865f6024d8e39aa9841fe823c1813336,9e9552e2973d612a6e789bb53ed7eb65865f6024d8e39aa9841fe823c1813336,True
phase-a-v1/LONG_CORRIDOR/0/0/1,reference_pose.npy,718399090a1166aeae27e2373ccdb6ac74c3d73fae4339d78a9237e1f04d4bdf,718399090a1166aeae27e2373ccdb6ac74c3d73fae4339d78a9237e1f04d4bdf,True
phase-a-v1/LONG_CORRIDOR/0/0/1,source_parent_target_indices.npy,b3c1d5975f999fdd89216244603fd990db91115ef2439ee41ebb856ac6b12cb9,b3c1d5975f999fdd89216244603fd990db91115ef2439ee41ebb856ac6b12cb9,True
phase-a-v1/LONG_CORRIDOR/0/0/2,source_points.npy,9801b77eeb863d8ff0a08bf1a9796796a18f57d452dfa32835ba8aa0b331269c,9801b77eeb863d8ff0a08bf1a9796796a18f57d452dfa32835ba8aa0b331269c,True
phase-a-v1/LONG_CORRIDOR/0/0/2,target_points.npy,9e9552e2973d612a6e789bb53ed7eb65865f6024d8e39aa9841fe823c1813336,9e9552e2973d612a6e789bb53ed7eb65865f6024d8e39aa9841fe823c1813336,True
phase-a-v1/LONG_CORRIDOR/0/0/2,reference_pose.npy,718399090a1166aeae27e2373ccdb6ac74c3d73fae4339d78a9237e1f04d4bdf,718399090a1166aeae27e2373ccdb6ac74c3d73fae4339d78a9237e1f04d4bdf,True
phase-a-v1/LONG_CORRIDOR/0/0/2,source_parent_target_indices.npy,564075e4e5ea57b8388f1e5e9720943e2f9e12fc4c0bdde820149597b362a14d,564075e4e5ea57b8388f1e5e9720943e2f9e12fc4c0bdde820149597b362a14d,True
phase-a-v1/LONG_CORRIDOR/0/0/3,source_points.npy,ed4aae71160356062eaf9b8b4a1b2404b89ef51357a0642ad0e18e61155fd605,ed4aae71160356062eaf9b8b4a1b2404b89ef51357a0642ad0e18e61155fd605,True
phase-a-v1/LONG_CORRIDOR/0/0/3,target_points.npy,9e9552e2973d612a6e789bb53ed7eb65865f6024d8e39aa9841fe823c1813336,9e9552e2973d612a6e789bb53ed7eb65865f6024d8e39aa9841fe823c1813336,True
phase-a-v1/LONG_CORRIDOR/0/0/3,reference_pose.npy,718399090a1166aeae27e2373ccdb6ac74c3d73fae4339d78a9237e1f04d4bdf,718399090a1166aeae27e2373ccdb6ac74c3d73fae4339d78a9237e1f04d4bdf,True
phase-a-v1/LONG_CORRIDOR/0/0/3,source_parent_target_indices.npy,aa89ba661a12c63a6b4371fa39063d15488d4940ffa8c7791cd8d21ca2624270,aa89ba661a12c63a6b4371fa39063d15488d4940ffa8c7791cd8d21ca2624270,True
phase-a-v1/LONG_CORRIDOR/0/0/4,source_points.npy,01587d944703cedc6a91d46dee2e1866fd213144abd45305b871217d44589857,01587d944703cedc6a91d46dee2e1866fd213144abd45305b871217d44589857,True
phase-a-v1/LONG_CORRIDOR/0/0/4,target_points.npy,9e9552e2973d612a6e789bb53ed7eb65865f6024d8e39aa9841fe823c1813336,9e9552e2973d612a6e789bb53ed7eb65865f6024d8e39aa9841fe823c1813336,True
phase-a-v1/LONG_CORRIDOR/0/0/4,reference_pose.npy,718399090a1166aeae27e2373ccdb6ac74c3d73fae4339d78a9237e1f04d4bdf,718399090a1166aeae27e2373ccdb6ac74c3d73fae4339d78a9237e1f04d4bdf,True
phase-a-v1/LONG_CORRIDOR/0/0/4,source_parent_target_indices.npy,05a6cb466bd910f4dd47bc271fd566cbf27b4c46cd165f55479764d7d5ad16bb,05a6cb466bd910f4dd47bc271fd566cbf27b4c46cd165f55479764d7d5ad16bb,True
phase-a-v1/LONG_CORRIDOR/0/1/0,source_points.npy,41397515736998e06b3e0ee792e269e040a72a1435bf2c5b14aed2f3fc57bbf3,41397515736998e06b3e0ee792e269e040a72a1435bf2c5b14aed2f3fc57bbf3,True
phase-a-v1/LONG_CORRIDOR/0/1/0,target_points.npy,9e9552e2973d612a6e789bb53ed7eb65865f6024d8e39aa9841fe823c1813336,9e9552e2973d612a6e789bb53ed7eb65865f6024d8e39aa9841fe823c1813336,True
phase-a-v1/LONG_CORRIDOR/0/1/0,reference_pose.npy,718399090a1166aeae27e2373ccdb6ac74c3d73fae4339d78a9237e1f04d4bdf,718399090a1166aeae27e2373ccdb6ac74c3d73fae4339d78a9237e1f04d4bdf,True
phase-a-v1/LONG_CORRIDOR/0/1/0,source_parent_target_indices.npy,9feb4943189309faf02ee86839e2d8b808b7f128743041cd43511b86094e501d,9feb4943189309faf02ee86839e2d8b808b7f128743041cd43511b86094e501d,True
phase-a-v1/LONG_CORRIDOR/0/1/1,source_points.npy,73e94eca812a9279828035baf20926c9dbe617a59b5f246c6801f44495f5984d,73e94eca812a9279828035baf20926c9dbe617a59b5f246c6801f44495f5984d,True
phase-a-v1/LONG_CORRIDOR/0/1/1,target_points.npy,9e9552e2973d612a6e789bb53ed7eb65865f6024d8e39aa9841fe823c1813336,9e9552e2973d612a6e789bb53ed7eb65865f6024d8e39aa9841fe823c1813336,True
phase-a-v1/LONG_CORRIDOR/0/1/1,reference_pose.npy,718399090a1166aeae27e2373ccdb6ac74c3d73fae4339d78a9237e1f04d4bdf,718399090a1166aeae27e2373ccdb6ac74c3d73fae4339d78a9237e1f04d4bdf,True
phase-a-v1/LONG_CORRIDOR/0/1/1,source_parent_target_indices.npy,f218d8437e2b9ff57b6109f88fc3fc6dde88102e492423b59157235a332634d6,f218d8437e2b9ff57b6109f88fc3fc6dde88102e492423b59157235a332634d6,True
phase-a-v1/LONG_CORRIDOR/0/1/2,source_points.npy,a6e165d399a5a827676fded6f52b31dcaced0ec71ddf5a920b576d9f2ec1cd71,a6e165d399a5a827676fded6f52b31dcaced0ec71ddf5a920b576d9f2ec1cd71,True
phase-a-v1/LONG_CORRIDOR/0/1/2,target_points.npy,9e9552e2973d612a6e789bb53ed7eb65865f6024d8e39aa9841fe823c1813336,9e9552e2973d612a6e789bb53ed7eb65865f6024d8e39aa9841fe823c1813336,True
phase-a-v1/LONG_CORRIDOR/0/1/2,reference_pose.npy,718399090a1166aeae27e2373ccdb6ac74c3d73fae4339d78a9237e1f04d4bdf,718399090a1166aeae27e2373ccdb6ac74c3d73fae4339d78a9237e1f04d4bdf,True
phase-a-v1/LONG_CORRIDOR/0/1/2,source_parent_target_indices.npy,387bfb2ea9308a7eefaf6073b786a00c77fd623eef8072c04d246d96b7881d0e,387bfb2ea9308a7eefaf6073b786a00c77fd623eef8072c04d246d96b7881d0e,True
phase-a-v1/LONG_CORRIDOR/0/1/3,source_points.npy,0e0d27ad76a39692a7e0d2fe065e198672c456211690b6acd80f83119789a74d,0e0d27ad76a39692a7e0d2fe065e198672c456211690b6acd80f83119789a74d,True
phase-a-v1/LONG_CORRIDOR/0/1/3,target_points.npy,9e9552e2973d612a6e789bb53ed7eb65865f6024d8e39aa9841fe823c1813336,9e9552e2973d612a6e789bb53ed7eb65865f6024d8e39aa9841fe823c1813336,True
phase-a-v1/LONG_CORRIDOR/0/1/3,reference_pose.npy,718399090a1166aeae27e2373ccdb6ac74c3d73fae4339d78a9237e1f04d4bdf,718399090a1166aeae27e2373ccdb6ac74c3d73fae4339d78a9237e1f04d4bdf,True
phase-a-v1/LONG_CORRIDOR/0/1/3,source_parent_target_indices.npy,4b511dd4d47ee617f2385bdfbc6ff52bb244433c2585a2b54a25f469ab30c0ce,4b511dd4d47ee617f2385bdfbc6ff52bb244433c2585a2b54a25f469ab30c0ce,True
phase-a-v1/LONG_CORRIDOR/0/1/4,source_points.npy,d9a03de857b0f2abcdcc5006ec4c437ad0982966f6b71541f32fc65286a4e476,d9a03de857b0f2abcdcc5006ec4c437ad0982966f6b71541f32fc65286a4e476,True
phase-a-v1/LONG_CORRIDOR/0/1/4,target_points.npy,9e9552e2973d612a6e789bb53ed7eb65865f6024d8e39aa9841fe823c1813336,9e9552e2973d612a6e789bb53ed7eb65865f6024d8e39aa9841fe823c1813336,True
phase-a-v1/LONG_CORRIDOR/0/1/4,reference_pose.npy,718399090a1166aeae27e2373ccdb6ac74c3d73fae4339d78a9237e1f04d4bdf,718399090a1166aeae27e2373ccdb6ac74c3d73fae4339d78a9237e1f04d4bdf,True
phase-a-v1/LONG_CORRIDOR/0/1/4,source_parent_target_indices.npy,e1a2834f9a4f726e58e0878b1cbd11c66a9b862933e0d820621d42a641d50b64,e1a2834f9a4f726e58e0878b1cbd11c66a9b862933e0d820621d42a641d50b64,True
phase-a-v1/LONG_CORRIDOR/1/0/0,source_points.npy,c5938badb697b5fd5951c66e4d8feac1da8c1308161fff4770b02f353a8f8c8b,c5938badb697b5fd5951c66e4d8feac1da8c1308161fff4770b02f353a8f8c8b,True
phase-a-v1/LONG_CORRIDOR/1/0/0,target_points.npy,96414b7d4db108ace295aa8850492c3e84cae26cc4c49ab33d6a2cfcde040d88,96414b7d4db108ace295aa8850492c3e84cae26cc4c49ab33d6a2cfcde040d88,True
phase-a-v1/LONG_CORRIDOR/1/0/0,reference_pose.npy,718399090a1166aeae27e2373ccdb6ac74c3d73fae4339d78a9237e1f04d4bdf,718399090a1166aeae27e2373ccdb6ac74c3d73fae4339d78a9237e1f04d4bdf,True
phase-a-v1/LONG_CORRIDOR/1/0/0,source_parent_target_indices.npy,8d0df75ebc291d7acde658361ba1f0ff491dbc0ff4a310c4b3fde19db0d70453,8d0df75ebc291d7acde658361ba1f0ff491dbc0ff4a310c4b3fde19db0d70453,True
phase-a-v1/LONG_CORRIDOR/1/0/1,source_points.npy,781175d125d94b3633c672ee2befbf85dd16885965bd85950d8d9b2d3f405707,781175d125d94b3633c672ee2befbf85dd16885965bd85950d8d9b2d3f405707,True
phase-a-v1/LONG_CORRIDOR/1/0/1,target_points.npy,96414b7d4db108ace295aa8850492c3e84cae26cc4c49ab33d6a2cfcde040d88,96414b7d4db108ace295aa8850492c3e84cae26cc4c49ab33d6a2cfcde040d88,True
phase-a-v1/LONG_CORRIDOR/1/0/1,reference_pose.npy,718399090a1166aeae27e2373ccdb6ac74c3d73fae4339d78a9237e1f04d4bdf,718399090a1166aeae27e2373ccdb6ac74c3d73fae4339d78a9237e1f04d4bdf,True
phase-a-v1/LONG_CORRIDOR/1/0/1,source_parent_target_indices.npy,c6863bdee813cbb94e3d95d11d24ca36a988dedadfc3f3b8de202da703ef8cce,c6863bdee813cbb94e3d95d11d24ca36a988dedadfc3f3b8de202da703ef8cce,True
phase-a-v1/LONG_CORRIDOR/1/0/2,source_points.npy,ff81f9159a1ed450107ce098bca4cf01ffd83fff602f311b112e547d7b29dac0,ff81f9159a1ed450107ce098bca4cf01ffd83fff602f311b112e547d7b29dac0,True
phase-a-v1/LONG_CORRIDOR/1/0/2,target_points.npy,96414b7d4db108ace295aa8850492c3e84cae26cc4c49ab33d6a2cfcde040d88,96414b7d4db108ace295aa8850492c3e84cae26cc4c49ab33d6a2cfcde040d88,True
phase-a-v1/LONG_CORRIDOR/1/0/2,reference_pose.npy,718399090a1166aeae27e2373ccdb6ac74c3d73fae4339d78a9237e1f04d4bdf,718399090a1166aeae27e2373ccdb6ac74c3d73fae4339d78a9237e1f04d4bdf,True
phase-a-v1/LONG_CORRIDOR/1/0/2,source_parent_target_indices.npy,eef898d7a9b684d8fc0fe4d7ffa7f1a5152ac2dabaf597c0d8e2b10cc1d88c43,eef898d7a9b684d8fc0fe4d7ffa7f1a5152ac2dabaf597c0d8e2b10cc1d88c43,True
phase-a-v1/LONG_CORRIDOR/1/0/3,source_points.npy,72a92575acac276a19659c6a06fc0ac5e276d14eb4fc97604fd41a4a87a9da80,72a92575acac276a19659c6a06fc0ac5e276d14eb4fc97604fd41a4a87a9da80,True
phase-a-v1/LONG_CORRIDOR/1/0/3,target_points.npy,96414b7d4db108ace295aa8850492c3e84cae26cc4c49ab33d6a2cfcde040d88,96414b7d4db108ace295aa8850492c3e84cae26cc4c49ab33d6a2cfcde040d88,True
phase-a-v1/LONG_CORRIDOR/1/0/3,reference_pose.npy,718399090a1166aeae27e2373ccdb6ac74c3d73fae4339d78a9237e1f04d4bdf,718399090a1166aeae27e2373ccdb6ac74c3d73fae4339d78a9237e1f04d4bdf,True
phase-a-v1/LONG_CORRIDOR/1/0/3,source_parent_target_indices.npy,38287472e5680bb10ab0c88d52290e76796eddeb35f520934796f48c70ab86ca,38287472e5680bb10ab0c88d52290e76796eddeb35f520934796f48c70ab86ca,True
phase-a-v1/LONG_CORRIDOR/1/0/4,source_points.npy,c2bb54e4a1e2f9a4c2ab954a16d762ca92cbdb3d66f73def76c318f568871b7b,c2bb54e4a1e2f9a4c2ab954a16d762ca92cbdb3d66f73def76c318f568871b7b,True
phase-a-v1/LONG_CORRIDOR/1/0/4,target_points.npy,96414b7d4db108ace295aa8850492c3e84cae26cc4c49ab33d6a2cfcde040d88,96414b7d4db108ace295aa8850492c3e84cae26cc4c49ab33d6a2cfcde040d88,True
phase-a-v1/LONG_CORRIDOR/1/0/4,reference_pose.npy,718399090a1166aeae27e2373ccdb6ac74c3d73fae4339d78a9237e1f04d4bdf,718399090a1166aeae27e2373ccdb6ac74c3d73fae4339d78a9237e1f04d4bdf,True
phase-a-v1/LONG_CORRIDOR/1/0/4,source_parent_target_indices.npy,fa31ddc08ef5b36c5634f29da48875f65bfc595d49c00921814d8d61c9a40c3a,fa31ddc08ef5b36c5634f29da48875f65bfc595d49c00921814d8d61c9a40c3a,True
phase-a-v1/LONG_CORRIDOR/1/1/0,source_points.npy,6f8c3318f785732a2cfb9cd2b3cc516925302489b5b9dadbfbb1341bd4d06852,6f8c3318f785732a2cfb9cd2b3cc516925302489b5b9dadbfbb1341bd4d06852,True
phase-a-v1/LONG_CORRIDOR/1/1/0,target_points.npy,96414b7d4db108ace295aa8850492c3e84cae26cc4c49ab33d6a2cfcde040d88,96414b7d4db108ace295aa8850492c3e84cae26cc4c49ab33d6a2cfcde040d88,True
phase-a-v1/LONG_CORRIDOR/1/1/0,reference_pose.npy,718399090a1166aeae27e2373ccdb6ac74c3d73fae4339d78a9237e1f04d4bdf,718399090a1166aeae27e2373ccdb6ac74c3d73fae4339d78a9237e1f04d4bdf,True
phase-a-v1/LONG_CORRIDOR/1/1/0,source_parent_target_indices.npy,125d5286127bd726d0e680f8ecf8f14c267dee117831151992098b8f433c474f,125d5286127bd726d0e680f8ecf8f14c267dee117831151992098b8f433c474f,True
phase-a-v1/LONG_CORRIDOR/1/1/1,source_points.npy,8627940c7d211abe0f24eb4d3f124bf3c86aeffb6b3d8fa8e6b4722f205d438a,8627940c7d211abe0f24eb4d3f124bf3c86aeffb6b3d8fa8e6b4722f205d438a,True
phase-a-v1/LONG_CORRIDOR/1/1/1,target_points.npy,96414b7d4db108ace295aa8850492c3e84cae26cc4c49ab33d6a2cfcde040d88,96414b7d4db108ace295aa8850492c3e84cae26cc4c49ab33d6a2cfcde040d88,True
phase-a-v1/LONG_CORRIDOR/1/1/1,reference_pose.npy,718399090a1166aeae27e2373ccdb6ac74c3d73fae4339d78a9237e1f04d4bdf,718399090a1166aeae27e2373ccdb6ac74c3d73fae4339d78a9237e1f04d4bdf,True
phase-a-v1/LONG_CORRIDOR/1/1/1,source_parent_target_indices.npy,3ed70a689a90f64b4a6fc3d945d5ddabc14fab02ee6962f777cb782fddd665a7,3ed70a689a90f64b4a6fc3d945d5ddabc14fab02ee6962f777cb782fddd665a7,True
phase-a-v1/LONG_CORRIDOR/1/1/2,source_points.npy,f3d38a463e4d8cf84a02883ef4f04525a9bf8790af647209e8675f04e751bdeb,f3d38a463e4d8cf84a02883ef4f04525a9bf8790af647209e8675f04e751bdeb,True
phase-a-v1/LONG_CORRIDOR/1/1/2,target_points.npy,96414b7d4db108ace295aa8850492c3e84cae26cc4c49ab33d6a2cfcde040d88,96414b7d4db108ace295aa8850492c3e84cae26cc4c49ab33d6a2cfcde040d88,True
phase-a-v1/LONG_CORRIDOR/1/1/2,reference_pose.npy,718399090a1166aeae27e2373ccdb6ac74c3d73fae4339d78a9237e1f04d4bdf,718399090a1166aeae27e2373ccdb6ac74c3d73fae4339d78a9237e1f04d4bdf,True
phase-a-v1/LONG_CORRIDOR/1/1/2,source_parent_target_indices.npy,b35a22a1ef9ec341f43146bada0129feb345e3c2493b32587cf01889948b1f01,b35a22a1ef9ec341f43146bada0129feb345e3c2493b32587cf01889948b1f01,True
phase-a-v1/LONG_CORRIDOR/1/1/3,source_points.npy,0850367ea3c188a1213ec20c71d4c3a703c6f459b4278f8748caa8910b2c73ad,0850367ea3c188a1213ec20c71d4c3a703c6f459b4278f8748caa8910b2c73ad,True
phase-a-v1/LONG_CORRIDOR/1/1/3,target_points.npy,96414b7d4db108ace295aa8850492c3e84cae26cc4c49ab33d6a2cfcde040d88,96414b7d4db108ace295aa8850492c3e84cae26cc4c49ab33d6a2cfcde040d88,True
phase-a-v1/LONG_CORRIDOR/1/1/3,reference_pose.npy,718399090a1166aeae27e2373ccdb6ac74c3d73fae4339d78a9237e1f04d4bdf,718399090a1166aeae27e2373ccdb6ac74c3d73fae4339d78a9237e1f04d4bdf,True
phase-a-v1/LONG_CORRIDOR/1/1/3,source_parent_target_indices.npy,5303413d9ff6bfc9dc85ee6edb6a754712d32392ad31fa388ab2011f47c84d7e,5303413d9ff6bfc9dc85ee6edb6a754712d32392ad31fa388ab2011f47c84d7e,True
phase-a-v1/LONG_CORRIDOR/1/1/4,source_points.npy,8c951cdb353e7421aac3c11268db3095c80e2f3bba4e3a2cf8f6ea9eae1d0b2e,8c951cdb353e7421aac3c11268db3095c80e2f3bba4e3a2cf8f6ea9eae1d0b2e,True
phase-a-v1/LONG_CORRIDOR/1/1/4,target_points.npy,96414b7d4db108ace295aa8850492c3e84cae26cc4c49ab33d6a2cfcde040d88,96414b7d4db108ace295aa8850492c3e84cae26cc4c49ab33d6a2cfcde040d88,True
phase-a-v1/LONG_CORRIDOR/1/1/4,reference_pose.npy,718399090a1166aeae27e2373ccdb6ac74c3d73fae4339d78a9237e1f04d4bdf,718399090a1166aeae27e2373ccdb6ac74c3d73fae4339d78a9237e1f04d4bdf,True
phase-a-v1/LONG_CORRIDOR/1/1/4,source_parent_target_indices.npy,7f4d8b8a228bebd1ac0f0f383cc3d6836962bc9dc69878c2aa9a438c39ee6b4d,7f4d8b8a228bebd1ac0f0f383cc3d6836962bc9dc69878c2aa9a438c39ee6b4d,True
phase-a-v1/LONG_CORRIDOR/2/0/0,source_points.npy,b5bf125c4fbcc96802357a4bc26cd6ad0e604393cb3a1cbf4968bbb650b92b1a,b5bf125c4fbcc96802357a4bc26cd6ad0e604393cb3a1cbf4968bbb650b92b1a,True
phase-a-v1/LONG_CORRIDOR/2/0/0,target_points.npy,a8bab67fda3742fe82f6001ebeeaa1ec29bb1112ad51846efc77d6467873a0ab,a8bab67fda3742fe82f6001ebeeaa1ec29bb1112ad51846efc77d6467873a0ab,True
phase-a-v1/LONG_CORRIDOR/2/0/0,reference_pose.npy,718399090a1166aeae27e2373ccdb6ac74c3d73fae4339d78a9237e1f04d4bdf,718399090a1166aeae27e2373ccdb6ac74c3d73fae4339d78a9237e1f04d4bdf,True
phase-a-v1/LONG_CORRIDOR/2/0/0,source_parent_target_indices.npy,e3a28b7e3304e3f297ff71fa7fb418fc6de3fcaf076d1a07da5ea66c3f04daa0,e3a28b7e3304e3f297ff71fa7fb418fc6de3fcaf076d1a07da5ea66c3f04daa0,True
phase-a-v1/LONG_CORRIDOR/2/0/1,source_points.npy,c40b38aab37d2bb0dbb753a14f0a8278c795c7fea4fa07eaa369ba03fd434f58,c40b38aab37d2bb0dbb753a14f0a8278c795c7fea4fa07eaa369ba03fd434f58,True
phase-a-v1/LONG_CORRIDOR/2/0/1,target_points.npy,a8bab67fda3742fe82f6001ebeeaa1ec29bb1112ad51846efc77d6467873a0ab,a8bab67fda3742fe82f6001ebeeaa1ec29bb1112ad51846efc77d6467873a0ab,True
phase-a-v1/LONG_CORRIDOR/2/0/1,reference_pose.npy,718399090a1166aeae27e2373ccdb6ac74c3d73fae4339d78a9237e1f04d4bdf,718399090a1166aeae27e2373ccdb6ac74c3d73fae4339d78a9237e1f04d4bdf,True
phase-a-v1/LONG_CORRIDOR/2/0/1,source_parent_target_indices.npy,6826499e614494e6923e5e160c38551da05012dfd12ed1454b4f791f54e76000,6826499e614494e6923e5e160c38551da05012dfd12ed1454b4f791f54e76000,True
phase-a-v1/LONG_CORRIDOR/2/0/2,source_points.npy,35725875c644ea8c784da810a87d076b3b136bffd991f405a7a82f451db7b0b8,35725875c644ea8c784da810a87d076b3b136bffd991f405a7a82f451db7b0b8,True
phase-a-v1/LONG_CORRIDOR/2/0/2,target_points.npy,a8bab67fda3742fe82f6001ebeeaa1ec29bb1112ad51846efc77d6467873a0ab,a8bab67fda3742fe82f6001ebeeaa1ec29bb1112ad51846efc77d6467873a0ab,True
phase-a-v1/LONG_CORRIDOR/2/0/2,reference_pose.npy,718399090a1166aeae27e2373ccdb6ac74c3d73fae4339d78a9237e1f04d4bdf,718399090a1166aeae27e2373ccdb6ac74c3d73fae4339d78a9237e1f04d4bdf,True
phase-a-v1/LONG_CORRIDOR/2/0/2,source_parent_target_indices.npy,564c8aaade8d7a8a7cc0759d397dc65e884a31fca0285f9d7e019c64faa3917d,564c8aaade8d7a8a7cc0759d397dc65e884a31fca0285f9d7e019c64faa3917d,True
phase-a-v1/LONG_CORRIDOR/2/0/3,source_points.npy,8b7e2e64a9e5b682b38ca8de4ff5a79a1dd25b6ffc0574c4da0d0837e3ab03f5,8b7e2e64a9e5b682b38ca8de4ff5a79a1dd25b6ffc0574c4da0d0837e3ab03f5,True
phase-a-v1/LONG_CORRIDOR/2/0/3,target_points.npy,a8bab67fda3742fe82f6001ebeeaa1ec29bb1112ad51846efc77d6467873a0ab,a8bab67fda3742fe82f6001ebeeaa1ec29bb1112ad51846efc77d6467873a0ab,True
phase-a-v1/LONG_CORRIDOR/2/0/3,reference_pose.npy,718399090a1166aeae27e2373ccdb6ac74c3d73fae4339d78a9237e1f04d4bdf,718399090a1166aeae27e2373ccdb6ac74c3d73fae4339d78a9237e1f04d4bdf,True
phase-a-v1/LONG_CORRIDOR/2/0/3,source_parent_target_indices.npy,faa27961cb718ed106a8bf72e115cd2fc3b604dede218eefdbf84220e8f11d4c,faa27961cb718ed106a8bf72e115cd2fc3b604dede218eefdbf84220e8f11d4c,True
phase-a-v1/LONG_CORRIDOR/2/0/4,source_points.npy,225c497d851771e2d8212d298771258ec613534710ea48d83a505bd3dd07d57d,225c497d851771e2d8212d298771258ec613534710ea48d83a505bd3dd07d57d,True
phase-a-v1/LONG_CORRIDOR/2/0/4,target_points.npy,a8bab67fda3742fe82f6001ebeeaa1ec29bb1112ad51846efc77d6467873a0ab,a8bab67fda3742fe82f6001ebeeaa1ec29bb1112ad51846efc77d6467873a0ab,True
phase-a-v1/LONG_CORRIDOR/2/0/4,reference_pose.npy,718399090a1166aeae27e2373ccdb6ac74c3d73fae4339d78a9237e1f04d4bdf,718399090a1166aeae27e2373ccdb6ac74c3d73fae4339d78a9237e1f04d4bdf,True
phase-a-v1/LONG_CORRIDOR/2/0/4,source_parent_target_indices.npy,bcf9d4ad662cd3723c81e11f51e4e5ec596e7e639dc1546deb38bc1d1f2fd5bb,bcf9d4ad662cd3723c81e11f51e4e5ec596e7e639dc1546deb38bc1d1f2fd5bb,True
phase-a-v1/LONG_CORRIDOR/2/1/0,source_points.npy,fe8778c5f9f96e473470cb55d14c3ca4a38c83be5a05e0b417a7511d2d5d6665,fe8778c5f9f96e473470cb55d14c3ca4a38c83be5a05e0b417a7511d2d5d6665,True
phase-a-v1/LONG_CORRIDOR/2/1/0,target_points.npy,a8bab67fda3742fe82f6001ebeeaa1ec29bb1112ad51846efc77d6467873a0ab,a8bab67fda3742fe82f6001ebeeaa1ec29bb1112ad51846efc77d6467873a0ab,True
phase-a-v1/LONG_CORRIDOR/2/1/0,reference_pose.npy,718399090a1166aeae27e2373ccdb6ac74c3d73fae4339d78a9237e1f04d4bdf,718399090a1166aeae27e2373ccdb6ac74c3d73fae4339d78a9237e1f04d4bdf,True
phase-a-v1/LONG_CORRIDOR/2/1/0,source_parent_target_indices.npy,3f73e60b20636e55dde0576ffcb99c8ad026751a576a5d754cbd939f90265caf,3f73e60b20636e55dde0576ffcb99c8ad026751a576a5d754cbd939f90265caf,True
phase-a-v1/LONG_CORRIDOR/2/1/1,source_points.npy,3d46a71fc1b055b6d4fa9214fa8ad53bf006f5e74a0303a3430b38ecc050948a,3d46a71fc1b055b6d4fa9214fa8ad53bf006f5e74a0303a3430b38ecc050948a,True
phase-a-v1/LONG_CORRIDOR/2/1/1,target_points.npy,a8bab67fda3742fe82f6001ebeeaa1ec29bb1112ad51846efc77d6467873a0ab,a8bab67fda3742fe82f6001ebeeaa1ec29bb1112ad51846efc77d6467873a0ab,True
phase-a-v1/LONG_CORRIDOR/2/1/1,reference_pose.npy,718399090a1166aeae27e2373ccdb6ac74c3d73fae4339d78a9237e1f04d4bdf,718399090a1166aeae27e2373ccdb6ac74c3d73fae4339d78a9237e1f04d4bdf,True
phase-a-v1/LONG_CORRIDOR/2/1/1,source_parent_target_indices.npy,e6cf668ae2fac1d69382b655f575ce6d055ce92c2effe9f77e64d8c27ba55908,e6cf668ae2fac1d69382b655f575ce6d055ce92c2effe9f77e64d8c27ba55908,True
phase-a-v1/LONG_CORRIDOR/2/1/2,source_points.npy,ef3aa582bece908ca655698cb0d6bd34f73de227b0e5fc5d17c7d7f7d7476dd4,ef3aa582bece908ca655698cb0d6bd34f73de227b0e5fc5d17c7d7f7d7476dd4,True
phase-a-v1/LONG_CORRIDOR/2/1/2,target_points.npy,a8bab67fda3742fe82f6001ebeeaa1ec29bb1112ad51846efc77d6467873a0ab,a8bab67fda3742fe82f6001ebeeaa1ec29bb1112ad51846efc77d6467873a0ab,True
phase-a-v1/LONG_CORRIDOR/2/1/2,reference_pose.npy,718399090a1166aeae27e2373ccdb6ac74c3d73fae4339d78a9237e1f04d4bdf,718399090a1166aeae27e2373ccdb6ac74c3d73fae4339d78a9237e1f04d4bdf,True
phase-a-v1/LONG_CORRIDOR/2/1/2,source_parent_target_indices.npy,b8cc6c3436737a2fc715d3516d71ecb2dc52e1f46f4d726a73526b76e8496ced,b8cc6c3436737a2fc715d3516d71ecb2dc52e1f46f4d726a73526b76e8496ced,True
phase-a-v1/LONG_CORRIDOR/2/1/3,source_points.npy,f84d1f5b26cc60e0989d8af62aee5f1fd34838af5b9bc7493b2b7c89c67ff479,f84d1f5b26cc60e0989d8af62aee5f1fd34838af5b9bc7493b2b7c89c67ff479,True
phase-a-v1/LONG_CORRIDOR/2/1/3,target_points.npy,a8bab67fda3742fe82f6001ebeeaa1ec29bb1112ad51846efc77d6467873a0ab,a8bab67fda3742fe82f6001ebeeaa1ec29bb1112ad51846efc77d6467873a0ab,True
phase-a-v1/LONG_CORRIDOR/2/1/3,reference_pose.npy,718399090a1166aeae27e2373ccdb6ac74c3d73fae4339d78a9237e1f04d4bdf,718399090a1166aeae27e2373ccdb6ac74c3d73fae4339d78a9237e1f04d4bdf,True
phase-a-v1/LONG_CORRIDOR/2/1/3,source_parent_target_indices.npy,17b2ff4b8e0bdc70a5fd8322e1fa6b7bd1b5ca4fc5f3704fe95c35a354ddb0be,17b2ff4b8e0bdc70a5fd8322e1fa6b7bd1b5ca4fc5f3704fe95c35a354ddb0be,True
phase-a-v1/LONG_CORRIDOR/2/1/4,source_points.npy,897f5d9e09b98f7be10dd5f8c0839f560a001ce689fb543103da32f30aa177b5,897f5d9e09b98f7be10dd5f8c0839f560a001ce689fb543103da32f30aa177b5,True
phase-a-v1/LONG_CORRIDOR/2/1/4,target_points.npy,a8bab67fda3742fe82f6001ebeeaa1ec29bb1112ad51846efc77d6467873a0ab,a8bab67fda3742fe82f6001ebeeaa1ec29bb1112ad51846efc77d6467873a0ab,True
phase-a-v1/LONG_CORRIDOR/2/1/4,reference_pose.npy,718399090a1166aeae27e2373ccdb6ac74c3d73fae4339d78a9237e1f04d4bdf,718399090a1166aeae27e2373ccdb6ac74c3d73fae4339d78a9237e1f04d4bdf,True
phase-a-v1/LONG_CORRIDOR/2/1/4,source_parent_target_indices.npy,a8d7694a66803964719239af6fe682c1d886aa3119df752e45975d2c0e1b2935,a8d7694a66803964719239af6fe682c1d886aa3119df752e45975d2c0e1b2935,True
phase-a-v1/PARALLEL_WALLS/0/0/0,source_points.npy,f436dfd4fd69bd24b411f1d21011ad2a3879f3d040c3816999245f370663dc55,f436dfd4fd69bd24b411f1d21011ad2a3879f3d040c3816999245f370663dc55,True
phase-a-v1/PARALLEL_WALLS/0/0/0,target_points.npy,603860e5913beab7d9519ab56dd0da6879d7b18656791f0f436b66bb1fb73217,603860e5913beab7d9519ab56dd0da6879d7b18656791f0f436b66bb1fb73217,True
phase-a-v1/PARALLEL_WALLS/0/0/0,reference_pose.npy,718399090a1166aeae27e2373ccdb6ac74c3d73fae4339d78a9237e1f04d4bdf,718399090a1166aeae27e2373ccdb6ac74c3d73fae4339d78a9237e1f04d4bdf,True
phase-a-v1/PARALLEL_WALLS/0/0/0,source_parent_target_indices.npy,08de13a70cf47727ed674b8adcff46bee042c9f9e645f666c8d9552b52a47d3a,08de13a70cf47727ed674b8adcff46bee042c9f9e645f666c8d9552b52a47d3a,True
phase-a-v1/PARALLEL_WALLS/0/0/1,source_points.npy,7937d7f37214e5f48a523d8cae77f41531dc308333ab73d1bb9cfb80baf95aa9,7937d7f37214e5f48a523d8cae77f41531dc308333ab73d1bb9cfb80baf95aa9,True
phase-a-v1/PARALLEL_WALLS/0/0/1,target_points.npy,603860e5913beab7d9519ab56dd0da6879d7b18656791f0f436b66bb1fb73217,603860e5913beab7d9519ab56dd0da6879d7b18656791f0f436b66bb1fb73217,True
phase-a-v1/PARALLEL_WALLS/0/0/1,reference_pose.npy,718399090a1166aeae27e2373ccdb6ac74c3d73fae4339d78a9237e1f04d4bdf,718399090a1166aeae27e2373ccdb6ac74c3d73fae4339d78a9237e1f04d4bdf,True
phase-a-v1/PARALLEL_WALLS/0/0/1,source_parent_target_indices.npy,4fe37de2c805c42685e30044964c726ebdf1c4a512e91a0c4696683120a28675,4fe37de2c805c42685e30044964c726ebdf1c4a512e91a0c4696683120a28675,True
phase-a-v1/PARALLEL_WALLS/0/0/2,source_points.npy,a44c4aa0d0eeea48ceece80d57e7237e1e9694da378b54feb67b9618f31aa2cd,a44c4aa0d0eeea48ceece80d57e7237e1e9694da378b54feb67b9618f31aa2cd,True
phase-a-v1/PARALLEL_WALLS/0/0/2,target_points.npy,603860e5913beab7d9519ab56dd0da6879d7b18656791f0f436b66bb1fb73217,603860e5913beab7d9519ab56dd0da6879d7b18656791f0f436b66bb1fb73217,True
phase-a-v1/PARALLEL_WALLS/0/0/2,reference_pose.npy,718399090a1166aeae27e2373ccdb6ac74c3d73fae4339d78a9237e1f04d4bdf,718399090a1166aeae27e2373ccdb6ac74c3d73fae4339d78a9237e1f04d4bdf,True
phase-a-v1/PARALLEL_WALLS/0/0/2,source_parent_target_indices.npy,69c1d9110e40ecaddcee1694c97c1a049f739c0737659c5eb32fb8bb05ff4ac5,69c1d9110e40ecaddcee1694c97c1a049f739c0737659c5eb32fb8bb05ff4ac5,True
phase-a-v1/PARALLEL_WALLS/0/0/3,source_points.npy,4ee97bcb09377888821ccba5c809a6e110a82b8691da6505df890cf5cd502b4e,4ee97bcb09377888821ccba5c809a6e110a82b8691da6505df890cf5cd502b4e,True
phase-a-v1/PARALLEL_WALLS/0/0/3,target_points.npy,603860e5913beab7d9519ab56dd0da6879d7b18656791f0f436b66bb1fb73217,603860e5913beab7d9519ab56dd0da6879d7b18656791f0f436b66bb1fb73217,True
phase-a-v1/PARALLEL_WALLS/0/0/3,reference_pose.npy,718399090a1166aeae27e2373ccdb6ac74c3d73fae4339d78a9237e1f04d4bdf,718399090a1166aeae27e2373ccdb6ac74c3d73fae4339d78a9237e1f04d4bdf,True
phase-a-v1/PARALLEL_WALLS/0/0/3,source_parent_target_indices.npy,b2050f004b601651b1e0b1eb7b13c1cc26dda67beb212b8fc8172831b0a837f4,b2050f004b601651b1e0b1eb7b13c1cc26dda67beb212b8fc8172831b0a837f4,True
phase-a-v1/PARALLEL_WALLS/0/0/4,source_points.npy,2b411fffbd2ab862fd2057d246b98b47f2208553984114688a4afa213ec2d80b,2b411fffbd2ab862fd2057d246b98b47f2208553984114688a4afa213ec2d80b,True
phase-a-v1/PARALLEL_WALLS/0/0/4,target_points.npy,603860e5913beab7d9519ab56dd0da6879d7b18656791f0f436b66bb1fb73217,603860e5913beab7d9519ab56dd0da6879d7b18656791f0f436b66bb1fb73217,True
phase-a-v1/PARALLEL_WALLS/0/0/4,reference_pose.npy,718399090a1166aeae27e2373ccdb6ac74c3d73fae4339d78a9237e1f04d4bdf,718399090a1166aeae27e2373ccdb6ac74c3d73fae4339d78a9237e1f04d4bdf,True
phase-a-v1/PARALLEL_WALLS/0/0/4,source_parent_target_indices.npy,ad32564ceacc6b9e0f74914b7e87c13e4c95fd77f6d2854485f40629700ff080,ad32564ceacc6b9e0f74914b7e87c13e4c95fd77f6d2854485f40629700ff080,True
phase-a-v1/PARALLEL_WALLS/0/1/0,source_points.npy,8fb869ec8ccda9b2d62852f26afaa826cda7e9e1958b389b25f7808decb97265,8fb869ec8ccda9b2d62852f26afaa826cda7e9e1958b389b25f7808decb97265,True
phase-a-v1/PARALLEL_WALLS/0/1/0,target_points.npy,603860e5913beab7d9519ab56dd0da6879d7b18656791f0f436b66bb1fb73217,603860e5913beab7d9519ab56dd0da6879d7b18656791f0f436b66bb1fb73217,True
phase-a-v1/PARALLEL_WALLS/0/1/0,reference_pose.npy,718399090a1166aeae27e2373ccdb6ac74c3d73fae4339d78a9237e1f04d4bdf,718399090a1166aeae27e2373ccdb6ac74c3d73fae4339d78a9237e1f04d4bdf,True
phase-a-v1/PARALLEL_WALLS/0/1/0,source_parent_target_indices.npy,b429f05201f4861d86f014a5732b11c72cdb4e0620fe331618e2ef96c2b25fa4,b429f05201f4861d86f014a5732b11c72cdb4e0620fe331618e2ef96c2b25fa4,True
phase-a-v1/PARALLEL_WALLS/0/1/1,source_points.npy,d7394ea06983e3f3b464eb9800b8511535ae84b6586ef1182665a6f67a331186,d7394ea06983e3f3b464eb9800b8511535ae84b6586ef1182665a6f67a331186,True
phase-a-v1/PARALLEL_WALLS/0/1/1,target_points.npy,603860e5913beab7d9519ab56dd0da6879d7b18656791f0f436b66bb1fb73217,603860e5913beab7d9519ab56dd0da6879d7b18656791f0f436b66bb1fb73217,True
phase-a-v1/PARALLEL_WALLS/0/1/1,reference_pose.npy,718399090a1166aeae27e2373ccdb6ac74c3d73fae4339d78a9237e1f04d4bdf,718399090a1166aeae27e2373ccdb6ac74c3d73fae4339d78a9237e1f04d4bdf,True
phase-a-v1/PARALLEL_WALLS/0/1/1,source_parent_target_indices.npy,3db3d1091ca8c09155d54f5f842e8022b4c53446aab78f3e68b5112bc71e40b4,3db3d1091ca8c09155d54f5f842e8022b4c53446aab78f3e68b5112bc71e40b4,True
phase-a-v1/PARALLEL_WALLS/0/1/2,source_points.npy,615fea6d45eb4b0246480823463d515186181a55d119a71bd92222803af99043,615fea6d45eb4b0246480823463d515186181a55d119a71bd92222803af99043,True
phase-a-v1/PARALLEL_WALLS/0/1/2,target_points.npy,603860e5913beab7d9519ab56dd0da6879d7b18656791f0f436b66bb1fb73217,603860e5913beab7d9519ab56dd0da6879d7b18656791f0f436b66bb1fb73217,True
phase-a-v1/PARALLEL_WALLS/0/1/2,reference_pose.npy,718399090a1166aeae27e2373ccdb6ac74c3d73fae4339d78a9237e1f04d4bdf,718399090a1166aeae27e2373ccdb6ac74c3d73fae4339d78a9237e1f04d4bdf,True
phase-a-v1/PARALLEL_WALLS/0/1/2,source_parent_target_indices.npy,591cf3b6c6f8907549ca0a00ee726015667db66cd33d000fc7f2967dd3670118,591cf3b6c6f8907549ca0a00ee726015667db66cd33d000fc7f2967dd3670118,True
phase-a-v1/PARALLEL_WALLS/0/1/3,source_points.npy,04add437c65a4b40d1c25a7d536f30242c7379be71910e17845d3dcda76866e0,04add437c65a4b40d1c25a7d536f30242c7379be71910e17845d3dcda76866e0,True
phase-a-v1/PARALLEL_WALLS/0/1/3,target_points.npy,603860e5913beab7d9519ab56dd0da6879d7b18656791f0f436b66bb1fb73217,603860e5913beab7d9519ab56dd0da6879d7b18656791f0f436b66bb1fb73217,True
phase-a-v1/PARALLEL_WALLS/0/1/3,reference_pose.npy,718399090a1166aeae27e2373ccdb6ac74c3d73fae4339d78a9237e1f04d4bdf,718399090a1166aeae27e2373ccdb6ac74c3d73fae4339d78a9237e1f04d4bdf,True
phase-a-v1/PARALLEL_WALLS/0/1/3,source_parent_target_indices.npy,ff7adc5ff0bf26e4480f85ca59ea2d9e8071a7a81f52f5726679e7e047b24d10,ff7adc5ff0bf26e4480f85ca59ea2d9e8071a7a81f52f5726679e7e047b24d10,True
phase-a-v1/PARALLEL_WALLS/0/1/4,source_points.npy,065b2772aa0f7218a15b0eeaf0a025238c163fa97e6cf517d31bd5ac6ad3c480,065b2772aa0f7218a15b0eeaf0a025238c163fa97e6cf517d31bd5ac6ad3c480,True
phase-a-v1/PARALLEL_WALLS/0/1/4,target_points.npy,603860e5913beab7d9519ab56dd0da6879d7b18656791f0f436b66bb1fb73217,603860e5913beab7d9519ab56dd0da6879d7b18656791f0f436b66bb1fb73217,True
phase-a-v1/PARALLEL_WALLS/0/1/4,reference_pose.npy,718399090a1166aeae27e2373ccdb6ac74c3d73fae4339d78a9237e1f04d4bdf,718399090a1166aeae27e2373ccdb6ac74c3d73fae4339d78a9237e1f04d4bdf,True
phase-a-v1/PARALLEL_WALLS/0/1/4,source_parent_target_indices.npy,5b7d9da6611d370bd22695675bdf8ce34855d7fb273d97ae306b8320a9d7fb55,5b7d9da6611d370bd22695675bdf8ce34855d7fb273d97ae306b8320a9d7fb55,True
phase-a-v1/PARALLEL_WALLS/1/0/0,source_points.npy,8844a532a22f547622504920abe65d82c88946b1baf660b154197a06a8e673bc,8844a532a22f547622504920abe65d82c88946b1baf660b154197a06a8e673bc,True
phase-a-v1/PARALLEL_WALLS/1/0/0,target_points.npy,6a3be582a1a0a9865c6c1c33ccbc994a91952f369703ea5e400a19dee0fd4c89,6a3be582a1a0a9865c6c1c33ccbc994a91952f369703ea5e400a19dee0fd4c89,True
phase-a-v1/PARALLEL_WALLS/1/0/0,reference_pose.npy,718399090a1166aeae27e2373ccdb6ac74c3d73fae4339d78a9237e1f04d4bdf,718399090a1166aeae27e2373ccdb6ac74c3d73fae4339d78a9237e1f04d4bdf,True
phase-a-v1/PARALLEL_WALLS/1/0/0,source_parent_target_indices.npy,5694244d29cdca2469f7fbc555761b301e79b0b7b79e3a904c7b1d5b38b8d10c,5694244d29cdca2469f7fbc555761b301e79b0b7b79e3a904c7b1d5b38b8d10c,True
phase-a-v1/PARALLEL_WALLS/1/0/1,source_points.npy,48b80c5fda63d6503aa07a88b932aa3bac02b2b0fa9339d7376719e5f867c286,48b80c5fda63d6503aa07a88b932aa3bac02b2b0fa9339d7376719e5f867c286,True
phase-a-v1/PARALLEL_WALLS/1/0/1,target_points.npy,6a3be582a1a0a9865c6c1c33ccbc994a91952f369703ea5e400a19dee0fd4c89,6a3be582a1a0a9865c6c1c33ccbc994a91952f369703ea5e400a19dee0fd4c89,True
phase-a-v1/PARALLEL_WALLS/1/0/1,reference_pose.npy,718399090a1166aeae27e2373ccdb6ac74c3d73fae4339d78a9237e1f04d4bdf,718399090a1166aeae27e2373ccdb6ac74c3d73fae4339d78a9237e1f04d4bdf,True
phase-a-v1/PARALLEL_WALLS/1/0/1,source_parent_target_indices.npy,2beb11c66acdd287da138ee3f77267662e9cd0db3531d42d3702743dea0f0deb,2beb11c66acdd287da138ee3f77267662e9cd0db3531d42d3702743dea0f0deb,True
phase-a-v1/PARALLEL_WALLS/1/0/2,source_points.npy,e936e941e9fce33289005524dea817e963c803cc49f5b89e45ba16c3bb5de212,e936e941e9fce33289005524dea817e963c803cc49f5b89e45ba16c3bb5de212,True
phase-a-v1/PARALLEL_WALLS/1/0/2,target_points.npy,6a3be582a1a0a9865c6c1c33ccbc994a91952f369703ea5e400a19dee0fd4c89,6a3be582a1a0a9865c6c1c33ccbc994a91952f369703ea5e400a19dee0fd4c89,True
phase-a-v1/PARALLEL_WALLS/1/0/2,reference_pose.npy,718399090a1166aeae27e2373ccdb6ac74c3d73fae4339d78a9237e1f04d4bdf,718399090a1166aeae27e2373ccdb6ac74c3d73fae4339d78a9237e1f04d4bdf,True
phase-a-v1/PARALLEL_WALLS/1/0/2,source_parent_target_indices.npy,27506e17992029df50197be1a9d9a0a2705b50fc2987a7f6eca840536d10bd62,27506e17992029df50197be1a9d9a0a2705b50fc2987a7f6eca840536d10bd62,True
phase-a-v1/PARALLEL_WALLS/1/0/3,source_points.npy,fb71ffe852b99d71c9d7826499faaef2fb3ca602286db999e8dd3e72662de240,fb71ffe852b99d71c9d7826499faaef2fb3ca602286db999e8dd3e72662de240,True
phase-a-v1/PARALLEL_WALLS/1/0/3,target_points.npy,6a3be582a1a0a9865c6c1c33ccbc994a91952f369703ea5e400a19dee0fd4c89,6a3be582a1a0a9865c6c1c33ccbc994a91952f369703ea5e400a19dee0fd4c89,True
phase-a-v1/PARALLEL_WALLS/1/0/3,reference_pose.npy,718399090a1166aeae27e2373ccdb6ac74c3d73fae4339d78a9237e1f04d4bdf,718399090a1166aeae27e2373ccdb6ac74c3d73fae4339d78a9237e1f04d4bdf,True
phase-a-v1/PARALLEL_WALLS/1/0/3,source_parent_target_indices.npy,599fff97de5729541b8d477a61e8bf971047a1b873313d9a720b92c708832b47,599fff97de5729541b8d477a61e8bf971047a1b873313d9a720b92c708832b47,True
phase-a-v1/PARALLEL_WALLS/1/0/4,source_points.npy,a5f25986f06969a48f61ebac10ca841817232d07ac3e794b06ac8d16171d7d68,a5f25986f06969a48f61ebac10ca841817232d07ac3e794b06ac8d16171d7d68,True
phase-a-v1/PARALLEL_WALLS/1/0/4,target_points.npy,6a3be582a1a0a9865c6c1c33ccbc994a91952f369703ea5e400a19dee0fd4c89,6a3be582a1a0a9865c6c1c33ccbc994a91952f369703ea5e400a19dee0fd4c89,True
phase-a-v1/PARALLEL_WALLS/1/0/4,reference_pose.npy,718399090a1166aeae27e2373ccdb6ac74c3d73fae4339d78a9237e1f04d4bdf,718399090a1166aeae27e2373ccdb6ac74c3d73fae4339d78a9237e1f04d4bdf,True
phase-a-v1/PARALLEL_WALLS/1/0/4,source_parent_target_indices.npy,a433015fd71cb697761f7dedc714c71e020062b04a4527578d5ec479a8e3ff02,a433015fd71cb697761f7dedc714c71e020062b04a4527578d5ec479a8e3ff02,True
phase-a-v1/PARALLEL_WALLS/1/1/0,source_points.npy,4a7239bed431ab3ce0714e9045ba18ac31f3e7f8c5344c4266b2d1ed586e5579,4a7239bed431ab3ce0714e9045ba18ac31f3e7f8c5344c4266b2d1ed586e5579,True
phase-a-v1/PARALLEL_WALLS/1/1/0,target_points.npy,6a3be582a1a0a9865c6c1c33ccbc994a91952f369703ea5e400a19dee0fd4c89,6a3be582a1a0a9865c6c1c33ccbc994a91952f369703ea5e400a19dee0fd4c89,True
phase-a-v1/PARALLEL_WALLS/1/1/0,reference_pose.npy,718399090a1166aeae27e2373ccdb6ac74c3d73fae4339d78a9237e1f04d4bdf,718399090a1166aeae27e2373ccdb6ac74c3d73fae4339d78a9237e1f04d4bdf,True
phase-a-v1/PARALLEL_WALLS/1/1/0,source_parent_target_indices.npy,3024e69393486b192857aafb2122ee39d1b47f84e4e60b067f3f848df2816196,3024e69393486b192857aafb2122ee39d1b47f84e4e60b067f3f848df2816196,True
phase-a-v1/PARALLEL_WALLS/1/1/1,source_points.npy,9c8b59554d582c0a3d287d0d06aefb8ce7f50df2361f7935010eddfafb904715,9c8b59554d582c0a3d287d0d06aefb8ce7f50df2361f7935010eddfafb904715,True
phase-a-v1/PARALLEL_WALLS/1/1/1,target_points.npy,6a3be582a1a0a9865c6c1c33ccbc994a91952f369703ea5e400a19dee0fd4c89,6a3be582a1a0a9865c6c1c33ccbc994a91952f369703ea5e400a19dee0fd4c89,True
phase-a-v1/PARALLEL_WALLS/1/1/1,reference_pose.npy,718399090a1166aeae27e2373ccdb6ac74c3d73fae4339d78a9237e1f04d4bdf,718399090a1166aeae27e2373ccdb6ac74c3d73fae4339d78a9237e1f04d4bdf,True
phase-a-v1/PARALLEL_WALLS/1/1/1,source_parent_target_indices.npy,626d531469b78cb6bfdb568aed11d640297b46bc149996c93f88fe761174a16f,626d531469b78cb6bfdb568aed11d640297b46bc149996c93f88fe761174a16f,True
phase-a-v1/PARALLEL_WALLS/1/1/2,source_points.npy,e854d7ac18c20283ce66a94ce35b6f0aef14e0d92bd9dcb27316aed9ec7973ef,e854d7ac18c20283ce66a94ce35b6f0aef14e0d92bd9dcb27316aed9ec7973ef,True
phase-a-v1/PARALLEL_WALLS/1/1/2,target_points.npy,6a3be582a1a0a9865c6c1c33ccbc994a91952f369703ea5e400a19dee0fd4c89,6a3be582a1a0a9865c6c1c33ccbc994a91952f369703ea5e400a19dee0fd4c89,True
phase-a-v1/PARALLEL_WALLS/1/1/2,reference_pose.npy,718399090a1166aeae27e2373ccdb6ac74c3d73fae4339d78a9237e1f04d4bdf,718399090a1166aeae27e2373ccdb6ac74c3d73fae4339d78a9237e1f04d4bdf,True
phase-a-v1/PARALLEL_WALLS/1/1/2,source_parent_target_indices.npy,2ee1cd7e2eedf541babc54b72b8439eca8d192e7ac527c269489f928b7566676,2ee1cd7e2eedf541babc54b72b8439eca8d192e7ac527c269489f928b7566676,True
phase-a-v1/PARALLEL_WALLS/1/1/3,source_points.npy,610070a62584e345aa93b48fe21530b1f875308ceecfa9eb09964aab861dd257,610070a62584e345aa93b48fe21530b1f875308ceecfa9eb09964aab861dd257,True
phase-a-v1/PARALLEL_WALLS/1/1/3,target_points.npy,6a3be582a1a0a9865c6c1c33ccbc994a91952f369703ea5e400a19dee0fd4c89,6a3be582a1a0a9865c6c1c33ccbc994a91952f369703ea5e400a19dee0fd4c89,True
phase-a-v1/PARALLEL_WALLS/1/1/3,reference_pose.npy,718399090a1166aeae27e2373ccdb6ac74c3d73fae4339d78a9237e1f04d4bdf,718399090a1166aeae27e2373ccdb6ac74c3d73fae4339d78a9237e1f04d4bdf,True
phase-a-v1/PARALLEL_WALLS/1/1/3,source_parent_target_indices.npy,2d2179f160d6dd56340c06aaa5333d6f78c10b04c08f3309ce012eee2b39ed3b,2d2179f160d6dd56340c06aaa5333d6f78c10b04c08f3309ce012eee2b39ed3b,True
phase-a-v1/PARALLEL_WALLS/1/1/4,source_points.npy,331ebe0d3910db45f267e686010a859f5976b21df38a3399a5e8ef7d12b11334,331ebe0d3910db45f267e686010a859f5976b21df38a3399a5e8ef7d12b11334,True
phase-a-v1/PARALLEL_WALLS/1/1/4,target_points.npy,6a3be582a1a0a9865c6c1c33ccbc994a91952f369703ea5e400a19dee0fd4c89,6a3be582a1a0a9865c6c1c33ccbc994a91952f369703ea5e400a19dee0fd4c89,True
phase-a-v1/PARALLEL_WALLS/1/1/4,reference_pose.npy,718399090a1166aeae27e2373ccdb6ac74c3d73fae4339d78a9237e1f04d4bdf,718399090a1166aeae27e2373ccdb6ac74c3d73fae4339d78a9237e1f04d4bdf,True
phase-a-v1/PARALLEL_WALLS/1/1/4,source_parent_target_indices.npy,dfcce81eb65fa0a954c501f75f7d68b31c57176cd7741ec8780f471956585268,dfcce81eb65fa0a954c501f75f7d68b31c57176cd7741ec8780f471956585268,True
phase-a-v1/PARALLEL_WALLS/2/0/0,source_points.npy,df03e2ba0576f3f37c48e3de77a0b321d76ed004b47e3115a1860bb269f23c26,df03e2ba0576f3f37c48e3de77a0b321d76ed004b47e3115a1860bb269f23c26,True
phase-a-v1/PARALLEL_WALLS/2/0/0,target_points.npy,956be0352c1d48169d6c6993e4621ee203274cb083483b2966990522adedba75,956be0352c1d48169d6c6993e4621ee203274cb083483b2966990522adedba75,True
phase-a-v1/PARALLEL_WALLS/2/0/0,reference_pose.npy,718399090a1166aeae27e2373ccdb6ac74c3d73fae4339d78a9237e1f04d4bdf,718399090a1166aeae27e2373ccdb6ac74c3d73fae4339d78a9237e1f04d4bdf,True
phase-a-v1/PARALLEL_WALLS/2/0/0,source_parent_target_indices.npy,5eaf7f4d30e005ff2612eea69ae73bd46bc3699c629ff2db2830cb2f1ab74dd4,5eaf7f4d30e005ff2612eea69ae73bd46bc3699c629ff2db2830cb2f1ab74dd4,True
phase-a-v1/PARALLEL_WALLS/2/0/1,source_points.npy,a31e58f9769449764bd9b09dd702e04534a75e28c05da68c1695953100c67011,a31e58f9769449764bd9b09dd702e04534a75e28c05da68c1695953100c67011,True
phase-a-v1/PARALLEL_WALLS/2/0/1,target_points.npy,956be0352c1d48169d6c6993e4621ee203274cb083483b2966990522adedba75,956be0352c1d48169d6c6993e4621ee203274cb083483b2966990522adedba75,True
phase-a-v1/PARALLEL_WALLS/2/0/1,reference_pose.npy,718399090a1166aeae27e2373ccdb6ac74c3d73fae4339d78a9237e1f04d4bdf,718399090a1166aeae27e2373ccdb6ac74c3d73fae4339d78a9237e1f04d4bdf,True
phase-a-v1/PARALLEL_WALLS/2/0/1,source_parent_target_indices.npy,8123a2125f59b1ef9e80c5edefbbb5943f11fbf3a3f8bb95ccab2d93d63de9d9,8123a2125f59b1ef9e80c5edefbbb5943f11fbf3a3f8bb95ccab2d93d63de9d9,True
phase-a-v1/PARALLEL_WALLS/2/0/2,source_points.npy,2f4415a36cf51c868a1c5191514727deed0d4d59bac33225973310c8d240eb79,2f4415a36cf51c868a1c5191514727deed0d4d59bac33225973310c8d240eb79,True
phase-a-v1/PARALLEL_WALLS/2/0/2,target_points.npy,956be0352c1d48169d6c6993e4621ee203274cb083483b2966990522adedba75,956be0352c1d48169d6c6993e4621ee203274cb083483b2966990522adedba75,True
phase-a-v1/PARALLEL_WALLS/2/0/2,reference_pose.npy,718399090a1166aeae27e2373ccdb6ac74c3d73fae4339d78a9237e1f04d4bdf,718399090a1166aeae27e2373ccdb6ac74c3d73fae4339d78a9237e1f04d4bdf,True
phase-a-v1/PARALLEL_WALLS/2/0/2,source_parent_target_indices.npy,cc371a84a431e4508281649e95d3afec0048131674b380fc89031431079a53d5,cc371a84a431e4508281649e95d3afec0048131674b380fc89031431079a53d5,True
phase-a-v1/PARALLEL_WALLS/2/0/3,source_points.npy,3bc9ee8ca6b6dcea6ecd53406ff93d83f9d61a7ef8af677d013e984933cb1b9d,3bc9ee8ca6b6dcea6ecd53406ff93d83f9d61a7ef8af677d013e984933cb1b9d,True
phase-a-v1/PARALLEL_WALLS/2/0/3,target_points.npy,956be0352c1d48169d6c6993e4621ee203274cb083483b2966990522adedba75,956be0352c1d48169d6c6993e4621ee203274cb083483b2966990522adedba75,True
phase-a-v1/PARALLEL_WALLS/2/0/3,reference_pose.npy,718399090a1166aeae27e2373ccdb6ac74c3d73fae4339d78a9237e1f04d4bdf,718399090a1166aeae27e2373ccdb6ac74c3d73fae4339d78a9237e1f04d4bdf,True
phase-a-v1/PARALLEL_WALLS/2/0/3,source_parent_target_indices.npy,d405457539076b5fb1dcf0947a48d4cc20a82e339b3ba2f1bffdc7a1a5ea2133,d405457539076b5fb1dcf0947a48d4cc20a82e339b3ba2f1bffdc7a1a5ea2133,True
phase-a-v1/PARALLEL_WALLS/2/0/4,source_points.npy,eead66597a9fd567a3a31e5c0e62a262c69ae962aac280dd394b79681d3d94c4,eead66597a9fd567a3a31e5c0e62a262c69ae962aac280dd394b79681d3d94c4,True
phase-a-v1/PARALLEL_WALLS/2/0/4,target_points.npy,956be0352c1d48169d6c6993e4621ee203274cb083483b2966990522adedba75,956be0352c1d48169d6c6993e4621ee203274cb083483b2966990522adedba75,True
phase-a-v1/PARALLEL_WALLS/2/0/4,reference_pose.npy,718399090a1166aeae27e2373ccdb6ac74c3d73fae4339d78a9237e1f04d4bdf,718399090a1166aeae27e2373ccdb6ac74c3d73fae4339d78a9237e1f04d4bdf,True
phase-a-v1/PARALLEL_WALLS/2/0/4,source_parent_target_indices.npy,bb18a82d552992e55187d80e2b716a2662aa3269318005e56db35b60d2651cca,bb18a82d552992e55187d80e2b716a2662aa3269318005e56db35b60d2651cca,True
phase-a-v1/PARALLEL_WALLS/2/1/0,source_points.npy,f389a0c43921e6edbf23694d3ddd260e22adf01e6a60886808dce74ab3e3e0a7,f389a0c43921e6edbf23694d3ddd260e22adf01e6a60886808dce74ab3e3e0a7,True
phase-a-v1/PARALLEL_WALLS/2/1/0,target_points.npy,956be0352c1d48169d6c6993e4621ee203274cb083483b2966990522adedba75,956be0352c1d48169d6c6993e4621ee203274cb083483b2966990522adedba75,True
phase-a-v1/PARALLEL_WALLS/2/1/0,reference_pose.npy,718399090a1166aeae27e2373ccdb6ac74c3d73fae4339d78a9237e1f04d4bdf,718399090a1166aeae27e2373ccdb6ac74c3d73fae4339d78a9237e1f04d4bdf,True
phase-a-v1/PARALLEL_WALLS/2/1/0,source_parent_target_indices.npy,eaa85d69aeb3cfc577744ff6d62a6f4f032049174cc6d6a971827282d203d84a,eaa85d69aeb3cfc577744ff6d62a6f4f032049174cc6d6a971827282d203d84a,True
phase-a-v1/PARALLEL_WALLS/2/1/1,source_points.npy,182e5d98a6860675fb58265e69a72674fde6da01e0b7ab429a4fb50897fc8187,182e5d98a6860675fb58265e69a72674fde6da01e0b7ab429a4fb50897fc8187,True
phase-a-v1/PARALLEL_WALLS/2/1/1,target_points.npy,956be0352c1d48169d6c6993e4621ee203274cb083483b2966990522adedba75,956be0352c1d48169d6c6993e4621ee203274cb083483b2966990522adedba75,True
phase-a-v1/PARALLEL_WALLS/2/1/1,reference_pose.npy,718399090a1166aeae27e2373ccdb6ac74c3d73fae4339d78a9237e1f04d4bdf,718399090a1166aeae27e2373ccdb6ac74c3d73fae4339d78a9237e1f04d4bdf,True
phase-a-v1/PARALLEL_WALLS/2/1/1,source_parent_target_indices.npy,e78f71b4af3adc491b2e14e6b0aefc73baf73569bf7bf88a5a827ee9b0f6ea8b,e78f71b4af3adc491b2e14e6b0aefc73baf73569bf7bf88a5a827ee9b0f6ea8b,True
phase-a-v1/PARALLEL_WALLS/2/1/2,source_points.npy,4f83e98866f7075100232a0e6d85cf6ed10851e1acbc6cac544f2d4f83d2e8ae,4f83e98866f7075100232a0e6d85cf6ed10851e1acbc6cac544f2d4f83d2e8ae,True
phase-a-v1/PARALLEL_WALLS/2/1/2,target_points.npy,956be0352c1d48169d6c6993e4621ee203274cb083483b2966990522adedba75,956be0352c1d48169d6c6993e4621ee203274cb083483b2966990522adedba75,True
phase-a-v1/PARALLEL_WALLS/2/1/2,reference_pose.npy,718399090a1166aeae27e2373ccdb6ac74c3d73fae4339d78a9237e1f04d4bdf,718399090a1166aeae27e2373ccdb6ac74c3d73fae4339d78a9237e1f04d4bdf,True
phase-a-v1/PARALLEL_WALLS/2/1/2,source_parent_target_indices.npy,6ded45f8aad79e3715ad251a3131b01adb1e750da34f7c91df627dece30f9fc3,6ded45f8aad79e3715ad251a3131b01adb1e750da34f7c91df627dece30f9fc3,True
phase-a-v1/PARALLEL_WALLS/2/1/3,source_points.npy,ad93ad8829a63bed10d26b6adcc7032a1798e92214324885123994728eba7ef5,ad93ad8829a63bed10d26b6adcc7032a1798e92214324885123994728eba7ef5,True
phase-a-v1/PARALLEL_WALLS/2/1/3,target_points.npy,956be0352c1d48169d6c6993e4621ee203274cb083483b2966990522adedba75,956be0352c1d48169d6c6993e4621ee203274cb083483b2966990522adedba75,True
phase-a-v1/PARALLEL_WALLS/2/1/3,reference_pose.npy,718399090a1166aeae27e2373ccdb6ac74c3d73fae4339d78a9237e1f04d4bdf,718399090a1166aeae27e2373ccdb6ac74c3d73fae4339d78a9237e1f04d4bdf,True
phase-a-v1/PARALLEL_WALLS/2/1/3,source_parent_target_indices.npy,1bb2a21de0522403894ac17450f5eb84a8843f11781b04610ba22775b24498b8,1bb2a21de0522403894ac17450f5eb84a8843f11781b04610ba22775b24498b8,True
phase-a-v1/PARALLEL_WALLS/2/1/4,source_points.npy,02d9313b96d27887bc11ae8ec96dea90dde2b398ba6d3a18e390c1e0bb4262b4,02d9313b96d27887bc11ae8ec96dea90dde2b398ba6d3a18e390c1e0bb4262b4,True
phase-a-v1/PARALLEL_WALLS/2/1/4,target_points.npy,956be0352c1d48169d6c6993e4621ee203274cb083483b2966990522adedba75,956be0352c1d48169d6c6993e4621ee203274cb083483b2966990522adedba75,True
phase-a-v1/PARALLEL_WALLS/2/1/4,reference_pose.npy,718399090a1166aeae27e2373ccdb6ac74c3d73fae4339d78a9237e1f04d4bdf,718399090a1166aeae27e2373ccdb6ac74c3d73fae4339d78a9237e1f04d4bdf,True
phase-a-v1/PARALLEL_WALLS/2/1/4,source_parent_target_indices.npy,ff7d11b9e5f17cef8d7f88379c99c666b224bfbd6ebb9435dc3c7a5cb2edf41e,ff7d11b9e5f17cef8d7f88379c99c666b224bfbd6ebb9435dc3c7a5cb2edf41e,True
phase-a-v1/END_FACE_TRANSITION_PRESENT/0/0/0,source_points.npy,2fe7d0ee8ed1839c87115e9ddb72526d139cf5934778438ad4a8bb943b4f6562,2fe7d0ee8ed1839c87115e9ddb72526d139cf5934778438ad4a8bb943b4f6562,True
phase-a-v1/END_FACE_TRANSITION_PRESENT/0/0/0,target_points.npy,ccb0645a048cdfaa3cf87869395477951aeabd296aff0d16fe3cbb2c5caa661d,ccb0645a048cdfaa3cf87869395477951aeabd296aff0d16fe3cbb2c5caa661d,True
phase-a-v1/END_FACE_TRANSITION_PRESENT/0/0/0,reference_pose.npy,718399090a1166aeae27e2373ccdb6ac74c3d73fae4339d78a9237e1f04d4bdf,718399090a1166aeae27e2373ccdb6ac74c3d73fae4339d78a9237e1f04d4bdf,True
phase-a-v1/END_FACE_TRANSITION_PRESENT/0/0/0,source_parent_target_indices.npy,77b51944774ccd656f46c44d176cca8d2f31497f0a11de3a960f8920d84a2489,77b51944774ccd656f46c44d176cca8d2f31497f0a11de3a960f8920d84a2489,True
phase-a-v1/END_FACE_TRANSITION_PRESENT/0/0/1,source_points.npy,2c8f79b97eaa0c036f24a88d2b548925db3c32d0e605917db43002e4717cbd2b,2c8f79b97eaa0c036f24a88d2b548925db3c32d0e605917db43002e4717cbd2b,True
phase-a-v1/END_FACE_TRANSITION_PRESENT/0/0/1,target_points.npy,ccb0645a048cdfaa3cf87869395477951aeabd296aff0d16fe3cbb2c5caa661d,ccb0645a048cdfaa3cf87869395477951aeabd296aff0d16fe3cbb2c5caa661d,True
phase-a-v1/END_FACE_TRANSITION_PRESENT/0/0/1,reference_pose.npy,718399090a1166aeae27e2373ccdb6ac74c3d73fae4339d78a9237e1f04d4bdf,718399090a1166aeae27e2373ccdb6ac74c3d73fae4339d78a9237e1f04d4bdf,True
phase-a-v1/END_FACE_TRANSITION_PRESENT/0/0/1,source_parent_target_indices.npy,de0124804a10c0893294e5d33366479145d15db52277198637c8a035855e9c5d,de0124804a10c0893294e5d33366479145d15db52277198637c8a035855e9c5d,True
phase-a-v1/END_FACE_TRANSITION_PRESENT/0/0/2,source_points.npy,d91c68b6e07d7a7ea66e29ad220519122751d7b895448ad04be146143a7fde41,d91c68b6e07d7a7ea66e29ad220519122751d7b895448ad04be146143a7fde41,True
phase-a-v1/END_FACE_TRANSITION_PRESENT/0/0/2,target_points.npy,ccb0645a048cdfaa3cf87869395477951aeabd296aff0d16fe3cbb2c5caa661d,ccb0645a048cdfaa3cf87869395477951aeabd296aff0d16fe3cbb2c5caa661d,True
phase-a-v1/END_FACE_TRANSITION_PRESENT/0/0/2,reference_pose.npy,718399090a1166aeae27e2373ccdb6ac74c3d73fae4339d78a9237e1f04d4bdf,718399090a1166aeae27e2373ccdb6ac74c3d73fae4339d78a9237e1f04d4bdf,True
phase-a-v1/END_FACE_TRANSITION_PRESENT/0/0/2,source_parent_target_indices.npy,7ac12165397d812dababa546bde53c59c53c287e90351f51acf42f453dfd4678,7ac12165397d812dababa546bde53c59c53c287e90351f51acf42f453dfd4678,True
phase-a-v1/END_FACE_TRANSITION_PRESENT/0/0/3,source_points.npy,31f65a76838a50bbf918b8d24ab97a70655e4bb376c883f0c0ddbb063379c152,31f65a76838a50bbf918b8d24ab97a70655e4bb376c883f0c0ddbb063379c152,True
phase-a-v1/END_FACE_TRANSITION_PRESENT/0/0/3,target_points.npy,ccb0645a048cdfaa3cf87869395477951aeabd296aff0d16fe3cbb2c5caa661d,ccb0645a048cdfaa3cf87869395477951aeabd296aff0d16fe3cbb2c5caa661d,True
phase-a-v1/END_FACE_TRANSITION_PRESENT/0/0/3,reference_pose.npy,718399090a1166aeae27e2373ccdb6ac74c3d73fae4339d78a9237e1f04d4bdf,718399090a1166aeae27e2373ccdb6ac74c3d73fae4339d78a9237e1f04d4bdf,True
phase-a-v1/END_FACE_TRANSITION_PRESENT/0/0/3,source_parent_target_indices.npy,b62468520ec2a27911724b8e65e0d4738e8264ab76594da95d0bc1b10b185fb2,b62468520ec2a27911724b8e65e0d4738e8264ab76594da95d0bc1b10b185fb2,True
phase-a-v1/END_FACE_TRANSITION_PRESENT/0/0/4,source_points.npy,34dfc8096696bc3038f86ace0d47b19f2befd9bb0c434bff676b38758dfc6197,34dfc8096696bc3038f86ace0d47b19f2befd9bb0c434bff676b38758dfc6197,True
phase-a-v1/END_FACE_TRANSITION_PRESENT/0/0/4,target_points.npy,ccb0645a048cdfaa3cf87869395477951aeabd296aff0d16fe3cbb2c5caa661d,ccb0645a048cdfaa3cf87869395477951aeabd296aff0d16fe3cbb2c5caa661d,True
phase-a-v1/END_FACE_TRANSITION_PRESENT/0/0/4,reference_pose.npy,718399090a1166aeae27e2373ccdb6ac74c3d73fae4339d78a9237e1f04d4bdf,718399090a1166aeae27e2373ccdb6ac74c3d73fae4339d78a9237e1f04d4bdf,True
phase-a-v1/END_FACE_TRANSITION_PRESENT/0/0/4,source_parent_target_indices.npy,733bb31c1995bdfb0ff88093c1dcfd07a02991bdc8e8b5647ae53385be3fc1bc,733bb31c1995bdfb0ff88093c1dcfd07a02991bdc8e8b5647ae53385be3fc1bc,True
phase-a-v1/END_FACE_TRANSITION_PRESENT/0/1/0,source_points.npy,aaa8249fc25f88530059e5ad81645d669d248b5d2f53378d39d883542e7e471c,aaa8249fc25f88530059e5ad81645d669d248b5d2f53378d39d883542e7e471c,True
phase-a-v1/END_FACE_TRANSITION_PRESENT/0/1/0,target_points.npy,ccb0645a048cdfaa3cf87869395477951aeabd296aff0d16fe3cbb2c5caa661d,ccb0645a048cdfaa3cf87869395477951aeabd296aff0d16fe3cbb2c5caa661d,True
phase-a-v1/END_FACE_TRANSITION_PRESENT/0/1/0,reference_pose.npy,718399090a1166aeae27e2373ccdb6ac74c3d73fae4339d78a9237e1f04d4bdf,718399090a1166aeae27e2373ccdb6ac74c3d73fae4339d78a9237e1f04d4bdf,True
phase-a-v1/END_FACE_TRANSITION_PRESENT/0/1/0,source_parent_target_indices.npy,74837aaefebe82b5dd08d3044e484c45eaaae75e9da315c6423e8cfd2593bab3,74837aaefebe82b5dd08d3044e484c45eaaae75e9da315c6423e8cfd2593bab3,True
phase-a-v1/END_FACE_TRANSITION_PRESENT/0/1/1,source_points.npy,b03ad450234e1402376b379530660c9118185b483830f0b6e58363375ac7bc5b,b03ad450234e1402376b379530660c9118185b483830f0b6e58363375ac7bc5b,True
phase-a-v1/END_FACE_TRANSITION_PRESENT/0/1/1,target_points.npy,ccb0645a048cdfaa3cf87869395477951aeabd296aff0d16fe3cbb2c5caa661d,ccb0645a048cdfaa3cf87869395477951aeabd296aff0d16fe3cbb2c5caa661d,True
phase-a-v1/END_FACE_TRANSITION_PRESENT/0/1/1,reference_pose.npy,718399090a1166aeae27e2373ccdb6ac74c3d73fae4339d78a9237e1f04d4bdf,718399090a1166aeae27e2373ccdb6ac74c3d73fae4339d78a9237e1f04d4bdf,True
phase-a-v1/END_FACE_TRANSITION_PRESENT/0/1/1,source_parent_target_indices.npy,05f1e97c1ab8a9ae6dbe8b87f57e7015e93904bfe7ed9f4b7482f22f803d1053,05f1e97c1ab8a9ae6dbe8b87f57e7015e93904bfe7ed9f4b7482f22f803d1053,True
phase-a-v1/END_FACE_TRANSITION_PRESENT/0/1/2,source_points.npy,30368cba1fcd5cabe31f2e6f249337d934bca55d64cbe646e3baa4abd9a97531,30368cba1fcd5cabe31f2e6f249337d934bca55d64cbe646e3baa4abd9a97531,True
phase-a-v1/END_FACE_TRANSITION_PRESENT/0/1/2,target_points.npy,ccb0645a048cdfaa3cf87869395477951aeabd296aff0d16fe3cbb2c5caa661d,ccb0645a048cdfaa3cf87869395477951aeabd296aff0d16fe3cbb2c5caa661d,True
phase-a-v1/END_FACE_TRANSITION_PRESENT/0/1/2,reference_pose.npy,718399090a1166aeae27e2373ccdb6ac74c3d73fae4339d78a9237e1f04d4bdf,718399090a1166aeae27e2373ccdb6ac74c3d73fae4339d78a9237e1f04d4bdf,True
phase-a-v1/END_FACE_TRANSITION_PRESENT/0/1/2,source_parent_target_indices.npy,c0936438aa75f4b47635d7277d68c94b1adfba772a377e9c2f595a3e9f7e6cf8,c0936438aa75f4b47635d7277d68c94b1adfba772a377e9c2f595a3e9f7e6cf8,True
phase-a-v1/END_FACE_TRANSITION_PRESENT/0/1/3,source_points.npy,55d6720641ab28a8d6fc6b51b30278bd3ccc2c6379cb99c34bb3899849e72b29,55d6720641ab28a8d6fc6b51b30278bd3ccc2c6379cb99c34bb3899849e72b29,True
phase-a-v1/END_FACE_TRANSITION_PRESENT/0/1/3,target_points.npy,ccb0645a048cdfaa3cf87869395477951aeabd296aff0d16fe3cbb2c5caa661d,ccb0645a048cdfaa3cf87869395477951aeabd296aff0d16fe3cbb2c5caa661d,True
phase-a-v1/END_FACE_TRANSITION_PRESENT/0/1/3,reference_pose.npy,718399090a1166aeae27e2373ccdb6ac74c3d73fae4339d78a9237e1f04d4bdf,718399090a1166aeae27e2373ccdb6ac74c3d73fae4339d78a9237e1f04d4bdf,True
phase-a-v1/END_FACE_TRANSITION_PRESENT/0/1/3,source_parent_target_indices.npy,b95a0843836f61f6adf8d8391bef0c965a63277218fd7f0e4ebb5319a596afb2,b95a0843836f61f6adf8d8391bef0c965a63277218fd7f0e4ebb5319a596afb2,True
phase-a-v1/END_FACE_TRANSITION_PRESENT/0/1/4,source_points.npy,652ae779ab789ca2be4c28a9093c7b03251aed5fc7c0d8f383a5f46626789d1b,652ae779ab789ca2be4c28a9093c7b03251aed5fc7c0d8f383a5f46626789d1b,True
phase-a-v1/END_FACE_TRANSITION_PRESENT/0/1/4,target_points.npy,ccb0645a048cdfaa3cf87869395477951aeabd296aff0d16fe3cbb2c5caa661d,ccb0645a048cdfaa3cf87869395477951aeabd296aff0d16fe3cbb2c5caa661d,True
phase-a-v1/END_FACE_TRANSITION_PRESENT/0/1/4,reference_pose.npy,718399090a1166aeae27e2373ccdb6ac74c3d73fae4339d78a9237e1f04d4bdf,718399090a1166aeae27e2373ccdb6ac74c3d73fae4339d78a9237e1f04d4bdf,True
phase-a-v1/END_FACE_TRANSITION_PRESENT/0/1/4,source_parent_target_indices.npy,de64c2d5dce3ce76df5b9e156d5ecc0f1221ee91574e4787edba0709e7e8c10b,de64c2d5dce3ce76df5b9e156d5ecc0f1221ee91574e4787edba0709e7e8c10b,True
phase-a-v1/END_FACE_TRANSITION_PRESENT/1/0/0,source_points.npy,9226b6f9ea1f38bc2cf60b2fffacd589bea30acbcb9778e1d0bd13374c3fcacd,9226b6f9ea1f38bc2cf60b2fffacd589bea30acbcb9778e1d0bd13374c3fcacd,True
phase-a-v1/END_FACE_TRANSITION_PRESENT/1/0/0,target_points.npy,a1384987e719e93e9ebd80a23f792b4dad09e7238662cd5793cdc5ebd9e10acc,a1384987e719e93e9ebd80a23f792b4dad09e7238662cd5793cdc5ebd9e10acc,True
phase-a-v1/END_FACE_TRANSITION_PRESENT/1/0/0,reference_pose.npy,718399090a1166aeae27e2373ccdb6ac74c3d73fae4339d78a9237e1f04d4bdf,718399090a1166aeae27e2373ccdb6ac74c3d73fae4339d78a9237e1f04d4bdf,True
phase-a-v1/END_FACE_TRANSITION_PRESENT/1/0/0,source_parent_target_indices.npy,91603df87c15fd290873edaa364f9bc844f877d74c18143466b0315e84fddb6d,91603df87c15fd290873edaa364f9bc844f877d74c18143466b0315e84fddb6d,True
phase-a-v1/END_FACE_TRANSITION_PRESENT/1/0/1,source_points.npy,b0742d2afe8749156be71e15300a502f6cba61163b9476a7dc1d8dd68163f4d3,b0742d2afe8749156be71e15300a502f6cba61163b9476a7dc1d8dd68163f4d3,True
phase-a-v1/END_FACE_TRANSITION_PRESENT/1/0/1,target_points.npy,a1384987e719e93e9ebd80a23f792b4dad09e7238662cd5793cdc5ebd9e10acc,a1384987e719e93e9ebd80a23f792b4dad09e7238662cd5793cdc5ebd9e10acc,True
phase-a-v1/END_FACE_TRANSITION_PRESENT/1/0/1,reference_pose.npy,718399090a1166aeae27e2373ccdb6ac74c3d73fae4339d78a9237e1f04d4bdf,718399090a1166aeae27e2373ccdb6ac74c3d73fae4339d78a9237e1f04d4bdf,True
phase-a-v1/END_FACE_TRANSITION_PRESENT/1/0/1,source_parent_target_indices.npy,9f2c551f46c3856bc595930fe8927510c2fcf6a330ef134d21e7e2753e19f5da,9f2c551f46c3856bc595930fe8927510c2fcf6a330ef134d21e7e2753e19f5da,True
phase-a-v1/END_FACE_TRANSITION_PRESENT/1/0/2,source_points.npy,20a2043ef84959ad95a079a3d9f6f67227e2bb501d57275e4acb865daba92212,20a2043ef84959ad95a079a3d9f6f67227e2bb501d57275e4acb865daba92212,True
phase-a-v1/END_FACE_TRANSITION_PRESENT/1/0/2,target_points.npy,a1384987e719e93e9ebd80a23f792b4dad09e7238662cd5793cdc5ebd9e10acc,a1384987e719e93e9ebd80a23f792b4dad09e7238662cd5793cdc5ebd9e10acc,True
phase-a-v1/END_FACE_TRANSITION_PRESENT/1/0/2,reference_pose.npy,718399090a1166aeae27e2373ccdb6ac74c3d73fae4339d78a9237e1f04d4bdf,718399090a1166aeae27e2373ccdb6ac74c3d73fae4339d78a9237e1f04d4bdf,True
phase-a-v1/END_FACE_TRANSITION_PRESENT/1/0/2,source_parent_target_indices.npy,9aa5c6f3a04a68ffd8a23fc21139736a32379f55c59f1248755da6f97e561c44,9aa5c6f3a04a68ffd8a23fc21139736a32379f55c59f1248755da6f97e561c44,True
phase-a-v1/END_FACE_TRANSITION_PRESENT/1/0/3,source_points.npy,d1fcc6f92e111ff3132d5b4f15f122d34e12557b88d614bf623d9acd76312e03,d1fcc6f92e111ff3132d5b4f15f122d34e12557b88d614bf623d9acd76312e03,True
phase-a-v1/END_FACE_TRANSITION_PRESENT/1/0/3,target_points.npy,a1384987e719e93e9ebd80a23f792b4dad09e7238662cd5793cdc5ebd9e10acc,a1384987e719e93e9ebd80a23f792b4dad09e7238662cd5793cdc5ebd9e10acc,True
phase-a-v1/END_FACE_TRANSITION_PRESENT/1/0/3,reference_pose.npy,718399090a1166aeae27e2373ccdb6ac74c3d73fae4339d78a9237e1f04d4bdf,718399090a1166aeae27e2373ccdb6ac74c3d73fae4339d78a9237e1f04d4bdf,True
phase-a-v1/END_FACE_TRANSITION_PRESENT/1/0/3,source_parent_target_indices.npy,16cf72a2dccc09f2a84985bc94d965d380d391414e1a38a6e8111d4bca813876,16cf72a2dccc09f2a84985bc94d965d380d391414e1a38a6e8111d4bca813876,True
phase-a-v1/END_FACE_TRANSITION_PRESENT/1/0/4,source_points.npy,6b5ca98dbd076e64075f9fa4bec4d32b002fab316b99943872c456b8b889902d,6b5ca98dbd076e64075f9fa4bec4d32b002fab316b99943872c456b8b889902d,True
phase-a-v1/END_FACE_TRANSITION_PRESENT/1/0/4,target_points.npy,a1384987e719e93e9ebd80a23f792b4dad09e7238662cd5793cdc5ebd9e10acc,a1384987e719e93e9ebd80a23f792b4dad09e7238662cd5793cdc5ebd9e10acc,True
phase-a-v1/END_FACE_TRANSITION_PRESENT/1/0/4,reference_pose.npy,718399090a1166aeae27e2373ccdb6ac74c3d73fae4339d78a9237e1f04d4bdf,718399090a1166aeae27e2373ccdb6ac74c3d73fae4339d78a9237e1f04d4bdf,True
phase-a-v1/END_FACE_TRANSITION_PRESENT/1/0/4,source_parent_target_indices.npy,935a1b21af85e3e05d7e4c9195b8e44bd139fe93a5c0ad0c063991e1fb9e2aec,935a1b21af85e3e05d7e4c9195b8e44bd139fe93a5c0ad0c063991e1fb9e2aec,True
phase-a-v1/END_FACE_TRANSITION_PRESENT/1/1/0,source_points.npy,793e9e866defdeb6aa0493b150ce660b7322acfd91b17cb75a0210ab217a7d9e,793e9e866defdeb6aa0493b150ce660b7322acfd91b17cb75a0210ab217a7d9e,True
phase-a-v1/END_FACE_TRANSITION_PRESENT/1/1/0,target_points.npy,a1384987e719e93e9ebd80a23f792b4dad09e7238662cd5793cdc5ebd9e10acc,a1384987e719e93e9ebd80a23f792b4dad09e7238662cd5793cdc5ebd9e10acc,True
phase-a-v1/END_FACE_TRANSITION_PRESENT/1/1/0,reference_pose.npy,718399090a1166aeae27e2373ccdb6ac74c3d73fae4339d78a9237e1f04d4bdf,718399090a1166aeae27e2373ccdb6ac74c3d73fae4339d78a9237e1f04d4bdf,True
phase-a-v1/END_FACE_TRANSITION_PRESENT/1/1/0,source_parent_target_indices.npy,85924fccd5fc91ed4056713b0a669d659bb5cf4d912fb375ad607498e78a0c70,85924fccd5fc91ed4056713b0a669d659bb5cf4d912fb375ad607498e78a0c70,True
phase-a-v1/END_FACE_TRANSITION_PRESENT/1/1/1,source_points.npy,79d8ccfbeda38195bbaf12f3585a17925f421ac4831d847d51cea5bbb073479b,79d8ccfbeda38195bbaf12f3585a17925f421ac4831d847d51cea5bbb073479b,True
phase-a-v1/END_FACE_TRANSITION_PRESENT/1/1/1,target_points.npy,a1384987e719e93e9ebd80a23f792b4dad09e7238662cd5793cdc5ebd9e10acc,a1384987e719e93e9ebd80a23f792b4dad09e7238662cd5793cdc5ebd9e10acc,True
phase-a-v1/END_FACE_TRANSITION_PRESENT/1/1/1,reference_pose.npy,718399090a1166aeae27e2373ccdb6ac74c3d73fae4339d78a9237e1f04d4bdf,718399090a1166aeae27e2373ccdb6ac74c3d73fae4339d78a9237e1f04d4bdf,True
phase-a-v1/END_FACE_TRANSITION_PRESENT/1/1/1,source_parent_target_indices.npy,fa2835f8dc860051ba1944999f06189420eb3a77ad9edde9d58bfea12d423b12,fa2835f8dc860051ba1944999f06189420eb3a77ad9edde9d58bfea12d423b12,True
phase-a-v1/END_FACE_TRANSITION_PRESENT/1/1/2,source_points.npy,8d559ae1c82a551273a5b2fe68687d1123a13e71bff561ee24d58d1e122791b6,8d559ae1c82a551273a5b2fe68687d1123a13e71bff561ee24d58d1e122791b6,True
phase-a-v1/END_FACE_TRANSITION_PRESENT/1/1/2,target_points.npy,a1384987e719e93e9ebd80a23f792b4dad09e7238662cd5793cdc5ebd9e10acc,a1384987e719e93e9ebd80a23f792b4dad09e7238662cd5793cdc5ebd9e10acc,True
phase-a-v1/END_FACE_TRANSITION_PRESENT/1/1/2,reference_pose.npy,718399090a1166aeae27e2373ccdb6ac74c3d73fae4339d78a9237e1f04d4bdf,718399090a1166aeae27e2373ccdb6ac74c3d73fae4339d78a9237e1f04d4bdf,True
phase-a-v1/END_FACE_TRANSITION_PRESENT/1/1/2,source_parent_target_indices.npy,4cc27d242a1b6faa4ca8a81ffd6c6d73dad5c7ca762e24bae41d4403c8a94fba,4cc27d242a1b6faa4ca8a81ffd6c6d73dad5c7ca762e24bae41d4403c8a94fba,True
phase-a-v1/END_FACE_TRANSITION_PRESENT/1/1/3,source_points.npy,30bab4d763da3cb015ec9fb9fc55dc8d3448797ed39869f9dae713c5076f93ca,30bab4d763da3cb015ec9fb9fc55dc8d3448797ed39869f9dae713c5076f93ca,True
phase-a-v1/END_FACE_TRANSITION_PRESENT/1/1/3,target_points.npy,a1384987e719e93e9ebd80a23f792b4dad09e7238662cd5793cdc5ebd9e10acc,a1384987e719e93e9ebd80a23f792b4dad09e7238662cd5793cdc5ebd9e10acc,True
phase-a-v1/END_FACE_TRANSITION_PRESENT/1/1/3,reference_pose.npy,718399090a1166aeae27e2373ccdb6ac74c3d73fae4339d78a9237e1f04d4bdf,718399090a1166aeae27e2373ccdb6ac74c3d73fae4339d78a9237e1f04d4bdf,True
phase-a-v1/END_FACE_TRANSITION_PRESENT/1/1/3,source_parent_target_indices.npy,3456c6feac1ce85d73041aa7c8f3b92854cd97e1ca3412319160d73ad76968ca,3456c6feac1ce85d73041aa7c8f3b92854cd97e1ca3412319160d73ad76968ca,True
phase-a-v1/END_FACE_TRANSITION_PRESENT/1/1/4,source_points.npy,08ca9420f398c2d7bc6226d2e62a41563cbde2f3912ccc28e9e7d07346a661be,08ca9420f398c2d7bc6226d2e62a41563cbde2f3912ccc28e9e7d07346a661be,True
phase-a-v1/END_FACE_TRANSITION_PRESENT/1/1/4,target_points.npy,a1384987e719e93e9ebd80a23f792b4dad09e7238662cd5793cdc5ebd9e10acc,a1384987e719e93e9ebd80a23f792b4dad09e7238662cd5793cdc5ebd9e10acc,True
phase-a-v1/END_FACE_TRANSITION_PRESENT/1/1/4,reference_pose.npy,718399090a1166aeae27e2373ccdb6ac74c3d73fae4339d78a9237e1f04d4bdf,718399090a1166aeae27e2373ccdb6ac74c3d73fae4339d78a9237e1f04d4bdf,True
phase-a-v1/END_FACE_TRANSITION_PRESENT/1/1/4,source_parent_target_indices.npy,fddfde65a8905c6b9a0c463fc1345042f8f04da30deceefb318690c0bf7b506c,fddfde65a8905c6b9a0c463fc1345042f8f04da30deceefb318690c0bf7b506c,True
phase-a-v1/END_FACE_TRANSITION_PRESENT/2/0/0,source_points.npy,d928e4b9f1adf81238fd5612b5f7e5749d4e5ec9df0caea65ba3a15ed130b7b7,d928e4b9f1adf81238fd5612b5f7e5749d4e5ec9df0caea65ba3a15ed130b7b7,True
phase-a-v1/END_FACE_TRANSITION_PRESENT/2/0/0,target_points.npy,e67d6d4b525149624c1ca83ef0052490c458678cf3f55afa98f70f53ab4ac247,e67d6d4b525149624c1ca83ef0052490c458678cf3f55afa98f70f53ab4ac247,True
phase-a-v1/END_FACE_TRANSITION_PRESENT/2/0/0,reference_pose.npy,718399090a1166aeae27e2373ccdb6ac74c3d73fae4339d78a9237e1f04d4bdf,718399090a1166aeae27e2373ccdb6ac74c3d73fae4339d78a9237e1f04d4bdf,True
phase-a-v1/END_FACE_TRANSITION_PRESENT/2/0/0,source_parent_target_indices.npy,1e2980754d3e17c6b5f37ae079834fed045152fe65057c3e73bccb7d6edb5c94,1e2980754d3e17c6b5f37ae079834fed045152fe65057c3e73bccb7d6edb5c94,True
phase-a-v1/END_FACE_TRANSITION_PRESENT/2/0/1,source_points.npy,97b03e19329bd0a72b61f7345187339c10e860bc8b439f49daef2a314be12528,97b03e19329bd0a72b61f7345187339c10e860bc8b439f49daef2a314be12528,True
phase-a-v1/END_FACE_TRANSITION_PRESENT/2/0/1,target_points.npy,e67d6d4b525149624c1ca83ef0052490c458678cf3f55afa98f70f53ab4ac247,e67d6d4b525149624c1ca83ef0052490c458678cf3f55afa98f70f53ab4ac247,True
phase-a-v1/END_FACE_TRANSITION_PRESENT/2/0/1,reference_pose.npy,718399090a1166aeae27e2373ccdb6ac74c3d73fae4339d78a9237e1f04d4bdf,718399090a1166aeae27e2373ccdb6ac74c3d73fae4339d78a9237e1f04d4bdf,True
phase-a-v1/END_FACE_TRANSITION_PRESENT/2/0/1,source_parent_target_indices.npy,f332bda1d5f22b420990a8c6b0c455f2078e1c2a3bae1683e318935e39916429,f332bda1d5f22b420990a8c6b0c455f2078e1c2a3bae1683e318935e39916429,True
phase-a-v1/END_FACE_TRANSITION_PRESENT/2/0/2,source_points.npy,54c1f36fcd47a1115d2facf59e86dffa9b0db84b219e98067cbb76ba02e1968c,54c1f36fcd47a1115d2facf59e86dffa9b0db84b219e98067cbb76ba02e1968c,True
phase-a-v1/END_FACE_TRANSITION_PRESENT/2/0/2,target_points.npy,e67d6d4b525149624c1ca83ef0052490c458678cf3f55afa98f70f53ab4ac247,e67d6d4b525149624c1ca83ef0052490c458678cf3f55afa98f70f53ab4ac247,True
phase-a-v1/END_FACE_TRANSITION_PRESENT/2/0/2,reference_pose.npy,718399090a1166aeae27e2373ccdb6ac74c3d73fae4339d78a9237e1f04d4bdf,718399090a1166aeae27e2373ccdb6ac74c3d73fae4339d78a9237e1f04d4bdf,True
phase-a-v1/END_FACE_TRANSITION_PRESENT/2/0/2,source_parent_target_indices.npy,e32da416a955ba8fe3a275bf7ce911c2ee5c7ab60287ec96b074499364161e83,e32da416a955ba8fe3a275bf7ce911c2ee5c7ab60287ec96b074499364161e83,True
phase-a-v1/END_FACE_TRANSITION_PRESENT/2/0/3,source_points.npy,8db387ecd8967a9ac2d0a9d841096b4bb006ba78b9b2b4b076c96904313f9747,8db387ecd8967a9ac2d0a9d841096b4bb006ba78b9b2b4b076c96904313f9747,True
phase-a-v1/END_FACE_TRANSITION_PRESENT/2/0/3,target_points.npy,e67d6d4b525149624c1ca83ef0052490c458678cf3f55afa98f70f53ab4ac247,e67d6d4b525149624c1ca83ef0052490c458678cf3f55afa98f70f53ab4ac247,True
phase-a-v1/END_FACE_TRANSITION_PRESENT/2/0/3,reference_pose.npy,718399090a1166aeae27e2373ccdb6ac74c3d73fae4339d78a9237e1f04d4bdf,718399090a1166aeae27e2373ccdb6ac74c3d73fae4339d78a9237e1f04d4bdf,True
phase-a-v1/END_FACE_TRANSITION_PRESENT/2/0/3,source_parent_target_indices.npy,87d42e8752bd338e4babb16d542c01e60defcb96eb0fa0be0cb69b3425c847ee,87d42e8752bd338e4babb16d542c01e60defcb96eb0fa0be0cb69b3425c847ee,True
phase-a-v1/END_FACE_TRANSITION_PRESENT/2/0/4,source_points.npy,ec5a2af270729e57b6b957ea64f5f1f8ab9a8789630728f5df8750491969f9dc,ec5a2af270729e57b6b957ea64f5f1f8ab9a8789630728f5df8750491969f9dc,True
phase-a-v1/END_FACE_TRANSITION_PRESENT/2/0/4,target_points.npy,e67d6d4b525149624c1ca83ef0052490c458678cf3f55afa98f70f53ab4ac247,e67d6d4b525149624c1ca83ef0052490c458678cf3f55afa98f70f53ab4ac247,True
phase-a-v1/END_FACE_TRANSITION_PRESENT/2/0/4,reference_pose.npy,718399090a1166aeae27e2373ccdb6ac74c3d73fae4339d78a9237e1f04d4bdf,718399090a1166aeae27e2373ccdb6ac74c3d73fae4339d78a9237e1f04d4bdf,True
phase-a-v1/END_FACE_TRANSITION_PRESENT/2/0/4,source_parent_target_indices.npy,8a19bcffeab9f21aaff11888915a4767ab9f0d1f7a71c9e0a370dd20253c2103,8a19bcffeab9f21aaff11888915a4767ab9f0d1f7a71c9e0a370dd20253c2103,True
phase-a-v1/END_FACE_TRANSITION_PRESENT/2/1/0,source_points.npy,0a75e9638b994d7fda994d09995577fdaa50d9db447b9dd1047fbc5ada416b6a,0a75e9638b994d7fda994d09995577fdaa50d9db447b9dd1047fbc5ada416b6a,True
phase-a-v1/END_FACE_TRANSITION_PRESENT/2/1/0,target_points.npy,e67d6d4b525149624c1ca83ef0052490c458678cf3f55afa98f70f53ab4ac247,e67d6d4b525149624c1ca83ef0052490c458678cf3f55afa98f70f53ab4ac247,True
phase-a-v1/END_FACE_TRANSITION_PRESENT/2/1/0,reference_pose.npy,718399090a1166aeae27e2373ccdb6ac74c3d73fae4339d78a9237e1f04d4bdf,718399090a1166aeae27e2373ccdb6ac74c3d73fae4339d78a9237e1f04d4bdf,True
phase-a-v1/END_FACE_TRANSITION_PRESENT/2/1/0,source_parent_target_indices.npy,f527b5f3bb2b51cf01c2425c41000dd34e080c26908058f9852fd5fc1742a039,f527b5f3bb2b51cf01c2425c41000dd34e080c26908058f9852fd5fc1742a039,True
phase-a-v1/END_FACE_TRANSITION_PRESENT/2/1/1,source_points.npy,373e39ebfec1074b2d7b589591fbcbad9024be594e040a5ee00b038d4de21ca2,373e39ebfec1074b2d7b589591fbcbad9024be594e040a5ee00b038d4de21ca2,True
phase-a-v1/END_FACE_TRANSITION_PRESENT/2/1/1,target_points.npy,e67d6d4b525149624c1ca83ef0052490c458678cf3f55afa98f70f53ab4ac247,e67d6d4b525149624c1ca83ef0052490c458678cf3f55afa98f70f53ab4ac247,True
phase-a-v1/END_FACE_TRANSITION_PRESENT/2/1/1,reference_pose.npy,718399090a1166aeae27e2373ccdb6ac74c3d73fae4339d78a9237e1f04d4bdf,718399090a1166aeae27e2373ccdb6ac74c3d73fae4339d78a9237e1f04d4bdf,True
phase-a-v1/END_FACE_TRANSITION_PRESENT/2/1/1,source_parent_target_indices.npy,81126dc8f1296c18fa3743eeba51ddfba9e90e91a0ca92f9db41b7652ce036e5,81126dc8f1296c18fa3743eeba51ddfba9e90e91a0ca92f9db41b7652ce036e5,True
phase-a-v1/END_FACE_TRANSITION_PRESENT/2/1/2,source_points.npy,af040b53c36c1ff53eb8bdd97db76636c1cbb076b517777743e93a3dc5787b1a,af040b53c36c1ff53eb8bdd97db76636c1cbb076b517777743e93a3dc5787b1a,True
phase-a-v1/END_FACE_TRANSITION_PRESENT/2/1/2,target_points.npy,e67d6d4b525149624c1ca83ef0052490c458678cf3f55afa98f70f53ab4ac247,e67d6d4b525149624c1ca83ef0052490c458678cf3f55afa98f70f53ab4ac247,True
phase-a-v1/END_FACE_TRANSITION_PRESENT/2/1/2,reference_pose.npy,718399090a1166aeae27e2373ccdb6ac74c3d73fae4339d78a9237e1f04d4bdf,718399090a1166aeae27e2373ccdb6ac74c3d73fae4339d78a9237e1f04d4bdf,True
phase-a-v1/END_FACE_TRANSITION_PRESENT/2/1/2,source_parent_target_indices.npy,7d629d3bd5faf1a19a4efaa2c1c835a94eca9f6c493bbf822f60585196223c9e,7d629d3bd5faf1a19a4efaa2c1c835a94eca9f6c493bbf822f60585196223c9e,True
phase-a-v1/END_FACE_TRANSITION_PRESENT/2/1/3,source_points.npy,7da9c68c84b1d429d72889f080a2fb2de123fa009a38f895b3eebf1468e6fab7,7da9c68c84b1d429d72889f080a2fb2de123fa009a38f895b3eebf1468e6fab7,True
phase-a-v1/END_FACE_TRANSITION_PRESENT/2/1/3,target_points.npy,e67d6d4b525149624c1ca83ef0052490c458678cf3f55afa98f70f53ab4ac247,e67d6d4b525149624c1ca83ef0052490c458678cf3f55afa98f70f53ab4ac247,True
phase-a-v1/END_FACE_TRANSITION_PRESENT/2/1/3,reference_pose.npy,718399090a1166aeae27e2373ccdb6ac74c3d73fae4339d78a9237e1f04d4bdf,718399090a1166aeae27e2373ccdb6ac74c3d73fae4339d78a9237e1f04d4bdf,True
phase-a-v1/END_FACE_TRANSITION_PRESENT/2/1/3,source_parent_target_indices.npy,73bfa641ae0aaa578ab5f10f399c3e114f3f07880f5d8c479d5a3d6859696933,73bfa641ae0aaa578ab5f10f399c3e114f3f07880f5d8c479d5a3d6859696933,True
phase-a-v1/END_FACE_TRANSITION_PRESENT/2/1/4,source_points.npy,93eddc9ccfe67ec29e465c4d79a59b62588e38ae066fca50b035e9cfe12fe2c5,93eddc9ccfe67ec29e465c4d79a59b62588e38ae066fca50b035e9cfe12fe2c5,True
phase-a-v1/END_FACE_TRANSITION_PRESENT/2/1/4,target_points.npy,e67d6d4b525149624c1ca83ef0052490c458678cf3f55afa98f70f53ab4ac247,e67d6d4b525149624c1ca83ef0052490c458678cf3f55afa98f70f53ab4ac247,True
phase-a-v1/END_FACE_TRANSITION_PRESENT/2/1/4,reference_pose.npy,718399090a1166aeae27e2373ccdb6ac74c3d73fae4339d78a9237e1f04d4bdf,718399090a1166aeae27e2373ccdb6ac74c3d73fae4339d78a9237e1f04d4bdf,True
phase-a-v1/END_FACE_TRANSITION_PRESENT/2/1/4,source_parent_target_indices.npy,9e9bc26bf066e1b76bf8d4f0e95ceea60c5ed9f60cdc5a0813ce02b2a127334d,9e9bc26bf066e1b76bf8d4f0e95ceea60c5ed9f60cdc5a0813ce02b2a127334d,True
phase-a-v1/END_FACE_TRANSITION_WEAK/0/0/0,source_points.npy,fc2c937459e276179fcf7f5f14b68b6d893e389b6818b820cffff4c32f2fe7d3,fc2c937459e276179fcf7f5f14b68b6d893e389b6818b820cffff4c32f2fe7d3,True
phase-a-v1/END_FACE_TRANSITION_WEAK/0/0/0,target_points.npy,9ac089ceb7c430d4863dfc663f789df0112f9eddd810650c2a99e58c52733829,9ac089ceb7c430d4863dfc663f789df0112f9eddd810650c2a99e58c52733829,True
phase-a-v1/END_FACE_TRANSITION_WEAK/0/0/0,reference_pose.npy,718399090a1166aeae27e2373ccdb6ac74c3d73fae4339d78a9237e1f04d4bdf,718399090a1166aeae27e2373ccdb6ac74c3d73fae4339d78a9237e1f04d4bdf,True
phase-a-v1/END_FACE_TRANSITION_WEAK/0/0/0,source_parent_target_indices.npy,a492828a7d3bee4e562c83e511f0eb5eafa83b6b7bf59d82279a52e8318d579e,a492828a7d3bee4e562c83e511f0eb5eafa83b6b7bf59d82279a52e8318d579e,True
phase-a-v1/END_FACE_TRANSITION_WEAK/0/0/1,source_points.npy,5c36f7f490695e4c387495b4e5945bfbc65b432113bc294f59b6ed653e81418b,5c36f7f490695e4c387495b4e5945bfbc65b432113bc294f59b6ed653e81418b,True
phase-a-v1/END_FACE_TRANSITION_WEAK/0/0/1,target_points.npy,9ac089ceb7c430d4863dfc663f789df0112f9eddd810650c2a99e58c52733829,9ac089ceb7c430d4863dfc663f789df0112f9eddd810650c2a99e58c52733829,True
phase-a-v1/END_FACE_TRANSITION_WEAK/0/0/1,reference_pose.npy,718399090a1166aeae27e2373ccdb6ac74c3d73fae4339d78a9237e1f04d4bdf,718399090a1166aeae27e2373ccdb6ac74c3d73fae4339d78a9237e1f04d4bdf,True
phase-a-v1/END_FACE_TRANSITION_WEAK/0/0/1,source_parent_target_indices.npy,00bf6665aba8e0b06bdd4f06948df9e19461ae5ae13ca964bb1a35725de22095,00bf6665aba8e0b06bdd4f06948df9e19461ae5ae13ca964bb1a35725de22095,True
phase-a-v1/END_FACE_TRANSITION_WEAK/0/0/2,source_points.npy,196aa59f5b0081afe44162f89fe3a26e48c7092a46f578e2e158d8e25b5f7595,196aa59f5b0081afe44162f89fe3a26e48c7092a46f578e2e158d8e25b5f7595,True
phase-a-v1/END_FACE_TRANSITION_WEAK/0/0/2,target_points.npy,9ac089ceb7c430d4863dfc663f789df0112f9eddd810650c2a99e58c52733829,9ac089ceb7c430d4863dfc663f789df0112f9eddd810650c2a99e58c52733829,True
phase-a-v1/END_FACE_TRANSITION_WEAK/0/0/2,reference_pose.npy,718399090a1166aeae27e2373ccdb6ac74c3d73fae4339d78a9237e1f04d4bdf,718399090a1166aeae27e2373ccdb6ac74c3d73fae4339d78a9237e1f04d4bdf,True
phase-a-v1/END_FACE_TRANSITION_WEAK/0/0/2,source_parent_target_indices.npy,ec332c7495bcf69f83d97ba72e09a2b9fde153bd3935f397894728b23ca9151c,ec332c7495bcf69f83d97ba72e09a2b9fde153bd3935f397894728b23ca9151c,True
phase-a-v1/END_FACE_TRANSITION_WEAK/0/0/3,source_points.npy,58614fb45f0ba0a3ec3c2842ff59867eb8e42627434611311b5bc26535f17054,58614fb45f0ba0a3ec3c2842ff59867eb8e42627434611311b5bc26535f17054,True
phase-a-v1/END_FACE_TRANSITION_WEAK/0/0/3,target_points.npy,9ac089ceb7c430d4863dfc663f789df0112f9eddd810650c2a99e58c52733829,9ac089ceb7c430d4863dfc663f789df0112f9eddd810650c2a99e58c52733829,True
phase-a-v1/END_FACE_TRANSITION_WEAK/0/0/3,reference_pose.npy,718399090a1166aeae27e2373ccdb6ac74c3d73fae4339d78a9237e1f04d4bdf,718399090a1166aeae27e2373ccdb6ac74c3d73fae4339d78a9237e1f04d4bdf,True
phase-a-v1/END_FACE_TRANSITION_WEAK/0/0/3,source_parent_target_indices.npy,3171993c5e2d5b23d6768fe5965de1f7c2e78e8ea2ef9c4270bedc5d9c1a8327,3171993c5e2d5b23d6768fe5965de1f7c2e78e8ea2ef9c4270bedc5d9c1a8327,True
phase-a-v1/END_FACE_TRANSITION_WEAK/0/0/4,source_points.npy,0ffb152dbdfed5d511353964ea72db99f1f942f22f418e7707c918e56913e625,0ffb152dbdfed5d511353964ea72db99f1f942f22f418e7707c918e56913e625,True
phase-a-v1/END_FACE_TRANSITION_WEAK/0/0/4,target_points.npy,9ac089ceb7c430d4863dfc663f789df0112f9eddd810650c2a99e58c52733829,9ac089ceb7c430d4863dfc663f789df0112f9eddd810650c2a99e58c52733829,True
phase-a-v1/END_FACE_TRANSITION_WEAK/0/0/4,reference_pose.npy,718399090a1166aeae27e2373ccdb6ac74c3d73fae4339d78a9237e1f04d4bdf,718399090a1166aeae27e2373ccdb6ac74c3d73fae4339d78a9237e1f04d4bdf,True
phase-a-v1/END_FACE_TRANSITION_WEAK/0/0/4,source_parent_target_indices.npy,01236069590896da538e5bc76f0c0c0aeb48de19e6158507d1a7e6b2ad6c5579,01236069590896da538e5bc76f0c0c0aeb48de19e6158507d1a7e6b2ad6c5579,True
phase-a-v1/END_FACE_TRANSITION_WEAK/0/1/0,source_points.npy,f095b3c93cf70f49c61dccbdb9be93c03c35c3ada8cfb87f3ce64462912cb9cb,f095b3c93cf70f49c61dccbdb9be93c03c35c3ada8cfb87f3ce64462912cb9cb,True
phase-a-v1/END_FACE_TRANSITION_WEAK/0/1/0,target_points.npy,9ac089ceb7c430d4863dfc663f789df0112f9eddd810650c2a99e58c52733829,9ac089ceb7c430d4863dfc663f789df0112f9eddd810650c2a99e58c52733829,True
phase-a-v1/END_FACE_TRANSITION_WEAK/0/1/0,reference_pose.npy,718399090a1166aeae27e2373ccdb6ac74c3d73fae4339d78a9237e1f04d4bdf,718399090a1166aeae27e2373ccdb6ac74c3d73fae4339d78a9237e1f04d4bdf,True
phase-a-v1/END_FACE_TRANSITION_WEAK/0/1/0,source_parent_target_indices.npy,aaeefa24b842f93a3d3093fe9ef21e40a8d244a8a692fee702413968a2fc0555,aaeefa24b842f93a3d3093fe9ef21e40a8d244a8a692fee702413968a2fc0555,True
phase-a-v1/END_FACE_TRANSITION_WEAK/0/1/1,source_points.npy,9f671efdc48203304a753f093a22ddd45552d35e7e9539999e2c0e16c0c0e179,9f671efdc48203304a753f093a22ddd45552d35e7e9539999e2c0e16c0c0e179,True
phase-a-v1/END_FACE_TRANSITION_WEAK/0/1/1,target_points.npy,9ac089ceb7c430d4863dfc663f789df0112f9eddd810650c2a99e58c52733829,9ac089ceb7c430d4863dfc663f789df0112f9eddd810650c2a99e58c52733829,True
phase-a-v1/END_FACE_TRANSITION_WEAK/0/1/1,reference_pose.npy,718399090a1166aeae27e2373ccdb6ac74c3d73fae4339d78a9237e1f04d4bdf,718399090a1166aeae27e2373ccdb6ac74c3d73fae4339d78a9237e1f04d4bdf,True
phase-a-v1/END_FACE_TRANSITION_WEAK/0/1/1,source_parent_target_indices.npy,93eef0eb9ae42d3d2ddadec922cf7ed6145f7d433f216b5deeaaf9ca08ec04c6,93eef0eb9ae42d3d2ddadec922cf7ed6145f7d433f216b5deeaaf9ca08ec04c6,True
phase-a-v1/END_FACE_TRANSITION_WEAK/0/1/2,source_points.npy,538a776c7e5d6bb12038350b219510f4c323c24e31b33d42d7e2c0fde657d0d3,538a776c7e5d6bb12038350b219510f4c323c24e31b33d42d7e2c0fde657d0d3,True
phase-a-v1/END_FACE_TRANSITION_WEAK/0/1/2,target_points.npy,9ac089ceb7c430d4863dfc663f789df0112f9eddd810650c2a99e58c52733829,9ac089ceb7c430d4863dfc663f789df0112f9eddd810650c2a99e58c52733829,True
phase-a-v1/END_FACE_TRANSITION_WEAK/0/1/2,reference_pose.npy,718399090a1166aeae27e2373ccdb6ac74c3d73fae4339d78a9237e1f04d4bdf,718399090a1166aeae27e2373ccdb6ac74c3d73fae4339d78a9237e1f04d4bdf,True
phase-a-v1/END_FACE_TRANSITION_WEAK/0/1/2,source_parent_target_indices.npy,d18a9e14257104a24f93b8460092a0b6c785b4f21e7ac68d319d009165433e94,d18a9e14257104a24f93b8460092a0b6c785b4f21e7ac68d319d009165433e94,True
phase-a-v1/END_FACE_TRANSITION_WEAK/0/1/3,source_points.npy,84780070bdb7be6ff21c9258a84bf92debb4129d9fd508dc084e48537e4005d8,84780070bdb7be6ff21c9258a84bf92debb4129d9fd508dc084e48537e4005d8,True
phase-a-v1/END_FACE_TRANSITION_WEAK/0/1/3,target_points.npy,9ac089ceb7c430d4863dfc663f789df0112f9eddd810650c2a99e58c52733829,9ac089ceb7c430d4863dfc663f789df0112f9eddd810650c2a99e58c52733829,True
phase-a-v1/END_FACE_TRANSITION_WEAK/0/1/3,reference_pose.npy,718399090a1166aeae27e2373ccdb6ac74c3d73fae4339d78a9237e1f04d4bdf,718399090a1166aeae27e2373ccdb6ac74c3d73fae4339d78a9237e1f04d4bdf,True
phase-a-v1/END_FACE_TRANSITION_WEAK/0/1/3,source_parent_target_indices.npy,8a4b5c046436b6e2c0133829590628ec92fb3b73cc317cc819ad2b32fdcf0c42,8a4b5c046436b6e2c0133829590628ec92fb3b73cc317cc819ad2b32fdcf0c42,True
phase-a-v1/END_FACE_TRANSITION_WEAK/0/1/4,source_points.npy,4f872ba570cc225a6a7c727ef87aa56a4664d7f0fca635323752be59f639215f,4f872ba570cc225a6a7c727ef87aa56a4664d7f0fca635323752be59f639215f,True
phase-a-v1/END_FACE_TRANSITION_WEAK/0/1/4,target_points.npy,9ac089ceb7c430d4863dfc663f789df0112f9eddd810650c2a99e58c52733829,9ac089ceb7c430d4863dfc663f789df0112f9eddd810650c2a99e58c52733829,True
phase-a-v1/END_FACE_TRANSITION_WEAK/0/1/4,reference_pose.npy,718399090a1166aeae27e2373ccdb6ac74c3d73fae4339d78a9237e1f04d4bdf,718399090a1166aeae27e2373ccdb6ac74c3d73fae4339d78a9237e1f04d4bdf,True
phase-a-v1/END_FACE_TRANSITION_WEAK/0/1/4,source_parent_target_indices.npy,820f92718d239b9c5ec9cd57e1233495c49eb983e631599e637f8b3d13098d25,820f92718d239b9c5ec9cd57e1233495c49eb983e631599e637f8b3d13098d25,True
phase-a-v1/END_FACE_TRANSITION_WEAK/1/0/0,source_points.npy,295e612510ae260004b4778ed57c780bb0dc8d2b8c30ffb497f62ddc19fdb464,295e612510ae260004b4778ed57c780bb0dc8d2b8c30ffb497f62ddc19fdb464,True
phase-a-v1/END_FACE_TRANSITION_WEAK/1/0/0,target_points.npy,0b56c61c3388281b86fce1bde687b83f7d42dd1cbcab553e3c4c41cdf14039f2,0b56c61c3388281b86fce1bde687b83f7d42dd1cbcab553e3c4c41cdf14039f2,True
phase-a-v1/END_FACE_TRANSITION_WEAK/1/0/0,reference_pose.npy,718399090a1166aeae27e2373ccdb6ac74c3d73fae4339d78a9237e1f04d4bdf,718399090a1166aeae27e2373ccdb6ac74c3d73fae4339d78a9237e1f04d4bdf,True
phase-a-v1/END_FACE_TRANSITION_WEAK/1/0/0,source_parent_target_indices.npy,151c086ed0671de6ed6f47fcb282066a1755d03c62bb0aad5874e07a156a690f,151c086ed0671de6ed6f47fcb282066a1755d03c62bb0aad5874e07a156a690f,True
phase-a-v1/END_FACE_TRANSITION_WEAK/1/0/1,source_points.npy,ad878a2b440ce185af96235be4a48bf06b5f0f7792de9c0bc9702f5a69fb4078,ad878a2b440ce185af96235be4a48bf06b5f0f7792de9c0bc9702f5a69fb4078,True
phase-a-v1/END_FACE_TRANSITION_WEAK/1/0/1,target_points.npy,0b56c61c3388281b86fce1bde687b83f7d42dd1cbcab553e3c4c41cdf14039f2,0b56c61c3388281b86fce1bde687b83f7d42dd1cbcab553e3c4c41cdf14039f2,True
phase-a-v1/END_FACE_TRANSITION_WEAK/1/0/1,reference_pose.npy,718399090a1166aeae27e2373ccdb6ac74c3d73fae4339d78a9237e1f04d4bdf,718399090a1166aeae27e2373ccdb6ac74c3d73fae4339d78a9237e1f04d4bdf,True
phase-a-v1/END_FACE_TRANSITION_WEAK/1/0/1,source_parent_target_indices.npy,5c4da473c3d28287c7d32abf8789040c07ae8990c770146aa692e28bd34b39b0,5c4da473c3d28287c7d32abf8789040c07ae8990c770146aa692e28bd34b39b0,True
phase-a-v1/END_FACE_TRANSITION_WEAK/1/0/2,source_points.npy,ccebbe514d7fb8c0d1dfa812add99fc2c834692c382aebb99baed08cb006b19d,ccebbe514d7fb8c0d1dfa812add99fc2c834692c382aebb99baed08cb006b19d,True
phase-a-v1/END_FACE_TRANSITION_WEAK/1/0/2,target_points.npy,0b56c61c3388281b86fce1bde687b83f7d42dd1cbcab553e3c4c41cdf14039f2,0b56c61c3388281b86fce1bde687b83f7d42dd1cbcab553e3c4c41cdf14039f2,True
phase-a-v1/END_FACE_TRANSITION_WEAK/1/0/2,reference_pose.npy,718399090a1166aeae27e2373ccdb6ac74c3d73fae4339d78a9237e1f04d4bdf,718399090a1166aeae27e2373ccdb6ac74c3d73fae4339d78a9237e1f04d4bdf,True
phase-a-v1/END_FACE_TRANSITION_WEAK/1/0/2,source_parent_target_indices.npy,b3576f4c0358cdcb125b8c1ee70771e22d5af445dccb28d3d0272aba4188132e,b3576f4c0358cdcb125b8c1ee70771e22d5af445dccb28d3d0272aba4188132e,True
phase-a-v1/END_FACE_TRANSITION_WEAK/1/0/3,source_points.npy,365dd2c1bb2cea0611151c7dd94a65f3e864dfd3ecb26da47188d3546085ddd9,365dd2c1bb2cea0611151c7dd94a65f3e864dfd3ecb26da47188d3546085ddd9,True
phase-a-v1/END_FACE_TRANSITION_WEAK/1/0/3,target_points.npy,0b56c61c3388281b86fce1bde687b83f7d42dd1cbcab553e3c4c41cdf14039f2,0b56c61c3388281b86fce1bde687b83f7d42dd1cbcab553e3c4c41cdf14039f2,True
phase-a-v1/END_FACE_TRANSITION_WEAK/1/0/3,reference_pose.npy,718399090a1166aeae27e2373ccdb6ac74c3d73fae4339d78a9237e1f04d4bdf,718399090a1166aeae27e2373ccdb6ac74c3d73fae4339d78a9237e1f04d4bdf,True
phase-a-v1/END_FACE_TRANSITION_WEAK/1/0/3,source_parent_target_indices.npy,773affe356af9e1c410c4309c8e803a1ed057391443893f652cf3d16fde103f2,773affe356af9e1c410c4309c8e803a1ed057391443893f652cf3d16fde103f2,True
phase-a-v1/END_FACE_TRANSITION_WEAK/1/0/4,source_points.npy,ae8b5cb296f0479ca5e195f9614bb70d6cb620a7706a1d5c144e4b06f532b9b9,ae8b5cb296f0479ca5e195f9614bb70d6cb620a7706a1d5c144e4b06f532b9b9,True
phase-a-v1/END_FACE_TRANSITION_WEAK/1/0/4,target_points.npy,0b56c61c3388281b86fce1bde687b83f7d42dd1cbcab553e3c4c41cdf14039f2,0b56c61c3388281b86fce1bde687b83f7d42dd1cbcab553e3c4c41cdf14039f2,True
phase-a-v1/END_FACE_TRANSITION_WEAK/1/0/4,reference_pose.npy,718399090a1166aeae27e2373ccdb6ac74c3d73fae4339d78a9237e1f04d4bdf,718399090a1166aeae27e2373ccdb6ac74c3d73fae4339d78a9237e1f04d4bdf,True
phase-a-v1/END_FACE_TRANSITION_WEAK/1/0/4,source_parent_target_indices.npy,1ab022cc01fd5e38c03d3c05ce741ba8fc494065db509d11c7b93bf39f8dc812,1ab022cc01fd5e38c03d3c05ce741ba8fc494065db509d11c7b93bf39f8dc812,True
phase-a-v1/END_FACE_TRANSITION_WEAK/1/1/0,source_points.npy,590f14ae0494d52b03d533dab8599b88e6ad8bdcf44f6b4e571688c4dbe96815,590f14ae0494d52b03d533dab8599b88e6ad8bdcf44f6b4e571688c4dbe96815,True
phase-a-v1/END_FACE_TRANSITION_WEAK/1/1/0,target_points.npy,0b56c61c3388281b86fce1bde687b83f7d42dd1cbcab553e3c4c41cdf14039f2,0b56c61c3388281b86fce1bde687b83f7d42dd1cbcab553e3c4c41cdf14039f2,True
phase-a-v1/END_FACE_TRANSITION_WEAK/1/1/0,reference_pose.npy,718399090a1166aeae27e2373ccdb6ac74c3d73fae4339d78a9237e1f04d4bdf,718399090a1166aeae27e2373ccdb6ac74c3d73fae4339d78a9237e1f04d4bdf,True
phase-a-v1/END_FACE_TRANSITION_WEAK/1/1/0,source_parent_target_indices.npy,c379212c755c9b7ed75ce4f3b08e8e5f7860bb0baad660e096d94430509a6fa2,c379212c755c9b7ed75ce4f3b08e8e5f7860bb0baad660e096d94430509a6fa2,True
phase-a-v1/END_FACE_TRANSITION_WEAK/1/1/1,source_points.npy,83031b7925067df058c45b451201c01d3fe79e9a5d6f4f096358ebfbb90d7437,83031b7925067df058c45b451201c01d3fe79e9a5d6f4f096358ebfbb90d7437,True
phase-a-v1/END_FACE_TRANSITION_WEAK/1/1/1,target_points.npy,0b56c61c3388281b86fce1bde687b83f7d42dd1cbcab553e3c4c41cdf14039f2,0b56c61c3388281b86fce1bde687b83f7d42dd1cbcab553e3c4c41cdf14039f2,True
phase-a-v1/END_FACE_TRANSITION_WEAK/1/1/1,reference_pose.npy,718399090a1166aeae27e2373ccdb6ac74c3d73fae4339d78a9237e1f04d4bdf,718399090a1166aeae27e2373ccdb6ac74c3d73fae4339d78a9237e1f04d4bdf,True
phase-a-v1/END_FACE_TRANSITION_WEAK/1/1/1,source_parent_target_indices.npy,e26082d84a8adca177afa0d0cf9a4a126a4b9e08cff42bfe2ace7effff9df1ee,e26082d84a8adca177afa0d0cf9a4a126a4b9e08cff42bfe2ace7effff9df1ee,True
phase-a-v1/END_FACE_TRANSITION_WEAK/1/1/2,source_points.npy,5dd6fd606c9b1e328d6493089889456b6f7a0072023c27266e97fc20851ac9da,5dd6fd606c9b1e328d6493089889456b6f7a0072023c27266e97fc20851ac9da,True
phase-a-v1/END_FACE_TRANSITION_WEAK/1/1/2,target_points.npy,0b56c61c3388281b86fce1bde687b83f7d42dd1cbcab553e3c4c41cdf14039f2,0b56c61c3388281b86fce1bde687b83f7d42dd1cbcab553e3c4c41cdf14039f2,True
phase-a-v1/END_FACE_TRANSITION_WEAK/1/1/2,reference_pose.npy,718399090a1166aeae27e2373ccdb6ac74c3d73fae4339d78a9237e1f04d4bdf,718399090a1166aeae27e2373ccdb6ac74c3d73fae4339d78a9237e1f04d4bdf,True
phase-a-v1/END_FACE_TRANSITION_WEAK/1/1/2,source_parent_target_indices.npy,c9c17fe44ed099d26db030e46b33df0b18fada4221b34e0b20861f198102b0e8,c9c17fe44ed099d26db030e46b33df0b18fada4221b34e0b20861f198102b0e8,True
phase-a-v1/END_FACE_TRANSITION_WEAK/1/1/3,source_points.npy,66b3274b6e02387ae5ce7f97193dd1633899d0996b4162cce335173b014b693b,66b3274b6e02387ae5ce7f97193dd1633899d0996b4162cce335173b014b693b,True
phase-a-v1/END_FACE_TRANSITION_WEAK/1/1/3,target_points.npy,0b56c61c3388281b86fce1bde687b83f7d42dd1cbcab553e3c4c41cdf14039f2,0b56c61c3388281b86fce1bde687b83f7d42dd1cbcab553e3c4c41cdf14039f2,True
phase-a-v1/END_FACE_TRANSITION_WEAK/1/1/3,reference_pose.npy,718399090a1166aeae27e2373ccdb6ac74c3d73fae4339d78a9237e1f04d4bdf,718399090a1166aeae27e2373ccdb6ac74c3d73fae4339d78a9237e1f04d4bdf,True
phase-a-v1/END_FACE_TRANSITION_WEAK/1/1/3,source_parent_target_indices.npy,dae2217c1af8ac4f2ad2b2d6afe374501201b458d1a97f073b3bd3766e84c4c6,dae2217c1af8ac4f2ad2b2d6afe374501201b458d1a97f073b3bd3766e84c4c6,True
phase-a-v1/END_FACE_TRANSITION_WEAK/1/1/4,source_points.npy,e8589863cdc1d24eedaa9ef0dc7b7f97d3a78e6c5d8330653ab51c182cc090d7,e8589863cdc1d24eedaa9ef0dc7b7f97d3a78e6c5d8330653ab51c182cc090d7,True
phase-a-v1/END_FACE_TRANSITION_WEAK/1/1/4,target_points.npy,0b56c61c3388281b86fce1bde687b83f7d42dd1cbcab553e3c4c41cdf14039f2,0b56c61c3388281b86fce1bde687b83f7d42dd1cbcab553e3c4c41cdf14039f2,True
phase-a-v1/END_FACE_TRANSITION_WEAK/1/1/4,reference_pose.npy,718399090a1166aeae27e2373ccdb6ac74c3d73fae4339d78a9237e1f04d4bdf,718399090a1166aeae27e2373ccdb6ac74c3d73fae4339d78a9237e1f04d4bdf,True
phase-a-v1/END_FACE_TRANSITION_WEAK/1/1/4,source_parent_target_indices.npy,c8672faedab00a2ba9e3f780a0774505d30d03eb1eec4786d37e93543b5b33a6,c8672faedab00a2ba9e3f780a0774505d30d03eb1eec4786d37e93543b5b33a6,True
phase-a-v1/END_FACE_TRANSITION_WEAK/2/0/0,source_points.npy,e88b5113b38449d1e102de29f2957672b88b18c0a92b74a954db25ba22593d4d,e88b5113b38449d1e102de29f2957672b88b18c0a92b74a954db25ba22593d4d,True
phase-a-v1/END_FACE_TRANSITION_WEAK/2/0/0,target_points.npy,8dc064960bac759cb9083f16203bdb004515051d42f3a853455fd9b4995ce9ee,8dc064960bac759cb9083f16203bdb004515051d42f3a853455fd9b4995ce9ee,True
phase-a-v1/END_FACE_TRANSITION_WEAK/2/0/0,reference_pose.npy,718399090a1166aeae27e2373ccdb6ac74c3d73fae4339d78a9237e1f04d4bdf,718399090a1166aeae27e2373ccdb6ac74c3d73fae4339d78a9237e1f04d4bdf,True
phase-a-v1/END_FACE_TRANSITION_WEAK/2/0/0,source_parent_target_indices.npy,53e6c03291abfde23c2f3f8d1050e6b489dcb34f238a692ab4b6594c55f31b66,53e6c03291abfde23c2f3f8d1050e6b489dcb34f238a692ab4b6594c55f31b66,True
phase-a-v1/END_FACE_TRANSITION_WEAK/2/0/1,source_points.npy,b4707b1b32110f302f47355fa4fee420adb008b346d3e6cb1dfff37ad20998a6,b4707b1b32110f302f47355fa4fee420adb008b346d3e6cb1dfff37ad20998a6,True
phase-a-v1/END_FACE_TRANSITION_WEAK/2/0/1,target_points.npy,8dc064960bac759cb9083f16203bdb004515051d42f3a853455fd9b4995ce9ee,8dc064960bac759cb9083f16203bdb004515051d42f3a853455fd9b4995ce9ee,True
phase-a-v1/END_FACE_TRANSITION_WEAK/2/0/1,reference_pose.npy,718399090a1166aeae27e2373ccdb6ac74c3d73fae4339d78a9237e1f04d4bdf,718399090a1166aeae27e2373ccdb6ac74c3d73fae4339d78a9237e1f04d4bdf,True
phase-a-v1/END_FACE_TRANSITION_WEAK/2/0/1,source_parent_target_indices.npy,d00c593287aa025399b621f83a73d47ca7845fd254e4bc33a70571c2ac94a658,d00c593287aa025399b621f83a73d47ca7845fd254e4bc33a70571c2ac94a658,True
phase-a-v1/END_FACE_TRANSITION_WEAK/2/0/2,source_points.npy,0b285bf450c37d9b8224e821d2fcdf825028a6d72c197f0b9529b9e748e10a72,0b285bf450c37d9b8224e821d2fcdf825028a6d72c197f0b9529b9e748e10a72,True
phase-a-v1/END_FACE_TRANSITION_WEAK/2/0/2,target_points.npy,8dc064960bac759cb9083f16203bdb004515051d42f3a853455fd9b4995ce9ee,8dc064960bac759cb9083f16203bdb004515051d42f3a853455fd9b4995ce9ee,True
phase-a-v1/END_FACE_TRANSITION_WEAK/2/0/2,reference_pose.npy,718399090a1166aeae27e2373ccdb6ac74c3d73fae4339d78a9237e1f04d4bdf,718399090a1166aeae27e2373ccdb6ac74c3d73fae4339d78a9237e1f04d4bdf,True
phase-a-v1/END_FACE_TRANSITION_WEAK/2/0/2,source_parent_target_indices.npy,d3fab2facb129d7646ccc1fdd13b9e7088855cab10de4bfb2832babfd00734cb,d3fab2facb129d7646ccc1fdd13b9e7088855cab10de4bfb2832babfd00734cb,True
phase-a-v1/END_FACE_TRANSITION_WEAK/2/0/3,source_points.npy,845a18a8e3cbf4706fa0b8252c966b00bd2b31854742eded6b4f3a86e3ab8d68,845a18a8e3cbf4706fa0b8252c966b00bd2b31854742eded6b4f3a86e3ab8d68,True
phase-a-v1/END_FACE_TRANSITION_WEAK/2/0/3,target_points.npy,8dc064960bac759cb9083f16203bdb004515051d42f3a853455fd9b4995ce9ee,8dc064960bac759cb9083f16203bdb004515051d42f3a853455fd9b4995ce9ee,True
phase-a-v1/END_FACE_TRANSITION_WEAK/2/0/3,reference_pose.npy,718399090a1166aeae27e2373ccdb6ac74c3d73fae4339d78a9237e1f04d4bdf,718399090a1166aeae27e2373ccdb6ac74c3d73fae4339d78a9237e1f04d4bdf,True
phase-a-v1/END_FACE_TRANSITION_WEAK/2/0/3,source_parent_target_indices.npy,52205c6dbadaf2bdf6ba32c4099bd6a5a5a18fab9295652fbd2759bf72d9eec6,52205c6dbadaf2bdf6ba32c4099bd6a5a5a18fab9295652fbd2759bf72d9eec6,True
phase-a-v1/END_FACE_TRANSITION_WEAK/2/0/4,source_points.npy,9a519d9ada3dc0dc34c42e04918e91a9fdb4dddee7970cfa919217550d3e325d,9a519d9ada3dc0dc34c42e04918e91a9fdb4dddee7970cfa919217550d3e325d,True
phase-a-v1/END_FACE_TRANSITION_WEAK/2/0/4,target_points.npy,8dc064960bac759cb9083f16203bdb004515051d42f3a853455fd9b4995ce9ee,8dc064960bac759cb9083f16203bdb004515051d42f3a853455fd9b4995ce9ee,True
phase-a-v1/END_FACE_TRANSITION_WEAK/2/0/4,reference_pose.npy,718399090a1166aeae27e2373ccdb6ac74c3d73fae4339d78a9237e1f04d4bdf,718399090a1166aeae27e2373ccdb6ac74c3d73fae4339d78a9237e1f04d4bdf,True
phase-a-v1/END_FACE_TRANSITION_WEAK/2/0/4,source_parent_target_indices.npy,fc38dc94ced268469c24dad28ba5b92cf189221d733681b17d801b876d72ca77,fc38dc94ced268469c24dad28ba5b92cf189221d733681b17d801b876d72ca77,True
phase-a-v1/END_FACE_TRANSITION_WEAK/2/1/0,source_points.npy,c3156abfa5843412687b2da55325841b34cd40e4f17b5a79e16eee1648e0c0b1,c3156abfa5843412687b2da55325841b34cd40e4f17b5a79e16eee1648e0c0b1,True
phase-a-v1/END_FACE_TRANSITION_WEAK/2/1/0,target_points.npy,8dc064960bac759cb9083f16203bdb004515051d42f3a853455fd9b4995ce9ee,8dc064960bac759cb9083f16203bdb004515051d42f3a853455fd9b4995ce9ee,True
phase-a-v1/END_FACE_TRANSITION_WEAK/2/1/0,reference_pose.npy,718399090a1166aeae27e2373ccdb6ac74c3d73fae4339d78a9237e1f04d4bdf,718399090a1166aeae27e2373ccdb6ac74c3d73fae4339d78a9237e1f04d4bdf,True
phase-a-v1/END_FACE_TRANSITION_WEAK/2/1/0,source_parent_target_indices.npy,3d74674b0a7e8e8babb60fe628194faf4129abad598cd6ab62a33863027a2492,3d74674b0a7e8e8babb60fe628194faf4129abad598cd6ab62a33863027a2492,True
phase-a-v1/END_FACE_TRANSITION_WEAK/2/1/1,source_points.npy,a6cacbd158fd9635efdfd089b9c9ef9017361461862f4c76c5e242c1880a88a5,a6cacbd158fd9635efdfd089b9c9ef9017361461862f4c76c5e242c1880a88a5,True
phase-a-v1/END_FACE_TRANSITION_WEAK/2/1/1,target_points.npy,8dc064960bac759cb9083f16203bdb004515051d42f3a853455fd9b4995ce9ee,8dc064960bac759cb9083f16203bdb004515051d42f3a853455fd9b4995ce9ee,True
phase-a-v1/END_FACE_TRANSITION_WEAK/2/1/1,reference_pose.npy,718399090a1166aeae27e2373ccdb6ac74c3d73fae4339d78a9237e1f04d4bdf,718399090a1166aeae27e2373ccdb6ac74c3d73fae4339d78a9237e1f04d4bdf,True
phase-a-v1/END_FACE_TRANSITION_WEAK/2/1/1,source_parent_target_indices.npy,574151a93d31500cd40861c0219afb1d7d29432f4065e843fe6a2461b76ca2c3,574151a93d31500cd40861c0219afb1d7d29432f4065e843fe6a2461b76ca2c3,True
phase-a-v1/END_FACE_TRANSITION_WEAK/2/1/2,source_points.npy,66459bf2432ef9bfbb7e77006f54d6e3a1fad92ea98916c0c424d1f87511d4d1,66459bf2432ef9bfbb7e77006f54d6e3a1fad92ea98916c0c424d1f87511d4d1,True
phase-a-v1/END_FACE_TRANSITION_WEAK/2/1/2,target_points.npy,8dc064960bac759cb9083f16203bdb004515051d42f3a853455fd9b4995ce9ee,8dc064960bac759cb9083f16203bdb004515051d42f3a853455fd9b4995ce9ee,True
phase-a-v1/END_FACE_TRANSITION_WEAK/2/1/2,reference_pose.npy,718399090a1166aeae27e2373ccdb6ac74c3d73fae4339d78a9237e1f04d4bdf,718399090a1166aeae27e2373ccdb6ac74c3d73fae4339d78a9237e1f04d4bdf,True
phase-a-v1/END_FACE_TRANSITION_WEAK/2/1/2,source_parent_target_indices.npy,35285f6e1d6d1a0c6329051d78755688c5e303e4b2e5f5753e0a5bb4463f934d,35285f6e1d6d1a0c6329051d78755688c5e303e4b2e5f5753e0a5bb4463f934d,True
phase-a-v1/END_FACE_TRANSITION_WEAK/2/1/3,source_points.npy,c834e674349d059b4c77fd167c987adf6a2eeeca24d961980f999d22706a3562,c834e674349d059b4c77fd167c987adf6a2eeeca24d961980f999d22706a3562,True
phase-a-v1/END_FACE_TRANSITION_WEAK/2/1/3,target_points.npy,8dc064960bac759cb9083f16203bdb004515051d42f3a853455fd9b4995ce9ee,8dc064960bac759cb9083f16203bdb004515051d42f3a853455fd9b4995ce9ee,True
phase-a-v1/END_FACE_TRANSITION_WEAK/2/1/3,reference_pose.npy,718399090a1166aeae27e2373ccdb6ac74c3d73fae4339d78a9237e1f04d4bdf,718399090a1166aeae27e2373ccdb6ac74c3d73fae4339d78a9237e1f04d4bdf,True
phase-a-v1/END_FACE_TRANSITION_WEAK/2/1/3,source_parent_target_indices.npy,5d158cfc547131c512e6bbab5b4a6a9c9d1225eb42a47c38be8d1922e8bffddf,5d158cfc547131c512e6bbab5b4a6a9c9d1225eb42a47c38be8d1922e8bffddf,True
phase-a-v1/END_FACE_TRANSITION_WEAK/2/1/4,source_points.npy,e1f8bfa33de2f7602d4194a24bdd4810514f49b9087b02aa0c1df5d5a3c1582d,e1f8bfa33de2f7602d4194a24bdd4810514f49b9087b02aa0c1df5d5a3c1582d,True
phase-a-v1/END_FACE_TRANSITION_WEAK/2/1/4,target_points.npy,8dc064960bac759cb9083f16203bdb004515051d42f3a853455fd9b4995ce9ee,8dc064960bac759cb9083f16203bdb004515051d42f3a853455fd9b4995ce9ee,True
phase-a-v1/END_FACE_TRANSITION_WEAK/2/1/4,reference_pose.npy,718399090a1166aeae27e2373ccdb6ac74c3d73fae4339d78a9237e1f04d4bdf,718399090a1166aeae27e2373ccdb6ac74c3d73fae4339d78a9237e1f04d4bdf,True
phase-a-v1/END_FACE_TRANSITION_WEAK/2/1/4,source_parent_target_indices.npy,382a8f093b8a23eaaa810b3e7d8541c82bcd846d22b215fac96b1c30e2ac4d12,382a8f093b8a23eaaa810b3e7d8541c82bcd846d22b215fac96b1c30e2ac4d12,True
phase-a-v1/END_FACE_TRANSITION_ABSENT/0/0/0,source_points.npy,6581d947734ca4f86ca14b55ca8fd247746b113f702527a0b65a9b0c8f3566b3,6581d947734ca4f86ca14b55ca8fd247746b113f702527a0b65a9b0c8f3566b3,True
phase-a-v1/END_FACE_TRANSITION_ABSENT/0/0/0,target_points.npy,317f0d02af4d8677fb2457e4c47c84eea7f02476339754106073f7fd797a4ac8,317f0d02af4d8677fb2457e4c47c84eea7f02476339754106073f7fd797a4ac8,True
phase-a-v1/END_FACE_TRANSITION_ABSENT/0/0/0,reference_pose.npy,718399090a1166aeae27e2373ccdb6ac74c3d73fae4339d78a9237e1f04d4bdf,718399090a1166aeae27e2373ccdb6ac74c3d73fae4339d78a9237e1f04d4bdf,True
phase-a-v1/END_FACE_TRANSITION_ABSENT/0/0/0,source_parent_target_indices.npy,fec219943491a20eb5a2691cd480622ace3b456ac18eb48d84e646222584cb9c,fec219943491a20eb5a2691cd480622ace3b456ac18eb48d84e646222584cb9c,True
phase-a-v1/END_FACE_TRANSITION_ABSENT/0/0/1,source_points.npy,db4e78126e0429a4f3290011ae17864e3077603a8048aa4709bb41e316162cfb,db4e78126e0429a4f3290011ae17864e3077603a8048aa4709bb41e316162cfb,True
phase-a-v1/END_FACE_TRANSITION_ABSENT/0/0/1,target_points.npy,317f0d02af4d8677fb2457e4c47c84eea7f02476339754106073f7fd797a4ac8,317f0d02af4d8677fb2457e4c47c84eea7f02476339754106073f7fd797a4ac8,True
phase-a-v1/END_FACE_TRANSITION_ABSENT/0/0/1,reference_pose.npy,718399090a1166aeae27e2373ccdb6ac74c3d73fae4339d78a9237e1f04d4bdf,718399090a1166aeae27e2373ccdb6ac74c3d73fae4339d78a9237e1f04d4bdf,True
phase-a-v1/END_FACE_TRANSITION_ABSENT/0/0/1,source_parent_target_indices.npy,a476d71a982b0397f27a1afe3675ed314351b1904139a5e8499cc1e8d83fac95,a476d71a982b0397f27a1afe3675ed314351b1904139a5e8499cc1e8d83fac95,True
phase-a-v1/END_FACE_TRANSITION_ABSENT/0/0/2,source_points.npy,046ee2453e6d474e9a379b031dd62db0941e801964ef5cdbe5d03ce4ecddee7f,046ee2453e6d474e9a379b031dd62db0941e801964ef5cdbe5d03ce4ecddee7f,True
phase-a-v1/END_FACE_TRANSITION_ABSENT/0/0/2,target_points.npy,317f0d02af4d8677fb2457e4c47c84eea7f02476339754106073f7fd797a4ac8,317f0d02af4d8677fb2457e4c47c84eea7f02476339754106073f7fd797a4ac8,True
phase-a-v1/END_FACE_TRANSITION_ABSENT/0/0/2,reference_pose.npy,718399090a1166aeae27e2373ccdb6ac74c3d73fae4339d78a9237e1f04d4bdf,718399090a1166aeae27e2373ccdb6ac74c3d73fae4339d78a9237e1f04d4bdf,True
phase-a-v1/END_FACE_TRANSITION_ABSENT/0/0/2,source_parent_target_indices.npy,08bbff15d9982bc1ad614a57995983a2967a2cebe05d386a1e76abd3e2fac112,08bbff15d9982bc1ad614a57995983a2967a2cebe05d386a1e76abd3e2fac112,True
phase-a-v1/END_FACE_TRANSITION_ABSENT/0/0/3,source_points.npy,33efae8e9a6c74fed2b74146583db8b32938b55b0e964a4a8a6d70fd47748535,33efae8e9a6c74fed2b74146583db8b32938b55b0e964a4a8a6d70fd47748535,True
phase-a-v1/END_FACE_TRANSITION_ABSENT/0/0/3,target_points.npy,317f0d02af4d8677fb2457e4c47c84eea7f02476339754106073f7fd797a4ac8,317f0d02af4d8677fb2457e4c47c84eea7f02476339754106073f7fd797a4ac8,True
phase-a-v1/END_FACE_TRANSITION_ABSENT/0/0/3,reference_pose.npy,718399090a1166aeae27e2373ccdb6ac74c3d73fae4339d78a9237e1f04d4bdf,718399090a1166aeae27e2373ccdb6ac74c3d73fae4339d78a9237e1f04d4bdf,True
phase-a-v1/END_FACE_TRANSITION_ABSENT/0/0/3,source_parent_target_indices.npy,4c6f3e84e9116bfc8b94bc6050a27c7b97b84062db37c78e92e309fe859fa5ff,4c6f3e84e9116bfc8b94bc6050a27c7b97b84062db37c78e92e309fe859fa5ff,True
phase-a-v1/END_FACE_TRANSITION_ABSENT/0/0/4,source_points.npy,44fee2fd3c42336c1db5e0b81e7b8e10c2629fd4090f155416cea53b42f3b020,44fee2fd3c42336c1db5e0b81e7b8e10c2629fd4090f155416cea53b42f3b020,True
phase-a-v1/END_FACE_TRANSITION_ABSENT/0/0/4,target_points.npy,317f0d02af4d8677fb2457e4c47c84eea7f02476339754106073f7fd797a4ac8,317f0d02af4d8677fb2457e4c47c84eea7f02476339754106073f7fd797a4ac8,True
phase-a-v1/END_FACE_TRANSITION_ABSENT/0/0/4,reference_pose.npy,718399090a1166aeae27e2373ccdb6ac74c3d73fae4339d78a9237e1f04d4bdf,718399090a1166aeae27e2373ccdb6ac74c3d73fae4339d78a9237e1f04d4bdf,True
phase-a-v1/END_FACE_TRANSITION_ABSENT/0/0/4,source_parent_target_indices.npy,6f5b0d41a9c69450781377a00b48c814753724cebcf4d5dc541b6bf21d12e802,6f5b0d41a9c69450781377a00b48c814753724cebcf4d5dc541b6bf21d12e802,True
phase-a-v1/END_FACE_TRANSITION_ABSENT/0/1/0,source_points.npy,f1321c52979e4e32eb10b4acc27076cfde0c0002273722bd92d9c8938a98aa84,f1321c52979e4e32eb10b4acc27076cfde0c0002273722bd92d9c8938a98aa84,True
phase-a-v1/END_FACE_TRANSITION_ABSENT/0/1/0,target_points.npy,317f0d02af4d8677fb2457e4c47c84eea7f02476339754106073f7fd797a4ac8,317f0d02af4d8677fb2457e4c47c84eea7f02476339754106073f7fd797a4ac8,True
phase-a-v1/END_FACE_TRANSITION_ABSENT/0/1/0,reference_pose.npy,718399090a1166aeae27e2373ccdb6ac74c3d73fae4339d78a9237e1f04d4bdf,718399090a1166aeae27e2373ccdb6ac74c3d73fae4339d78a9237e1f04d4bdf,True
phase-a-v1/END_FACE_TRANSITION_ABSENT/0/1/0,source_parent_target_indices.npy,ceca06a3f7588e8aca1b3fee9b6bc0c59f232fbded65d82bcf7349af229da790,ceca06a3f7588e8aca1b3fee9b6bc0c59f232fbded65d82bcf7349af229da790,True
phase-a-v1/END_FACE_TRANSITION_ABSENT/0/1/1,source_points.npy,969e8da654f883be8e9e4c468b55d08480aaae88a1270cd6d98a004ccf236e0a,969e8da654f883be8e9e4c468b55d08480aaae88a1270cd6d98a004ccf236e0a,True
phase-a-v1/END_FACE_TRANSITION_ABSENT/0/1/1,target_points.npy,317f0d02af4d8677fb2457e4c47c84eea7f02476339754106073f7fd797a4ac8,317f0d02af4d8677fb2457e4c47c84eea7f02476339754106073f7fd797a4ac8,True
phase-a-v1/END_FACE_TRANSITION_ABSENT/0/1/1,reference_pose.npy,718399090a1166aeae27e2373ccdb6ac74c3d73fae4339d78a9237e1f04d4bdf,718399090a1166aeae27e2373ccdb6ac74c3d73fae4339d78a9237e1f04d4bdf,True
phase-a-v1/END_FACE_TRANSITION_ABSENT/0/1/1,source_parent_target_indices.npy,ccc7353d831176f6baf3998d3747b7193f7ff40ac2bb0004018679bec7719791,ccc7353d831176f6baf3998d3747b7193f7ff40ac2bb0004018679bec7719791,True
phase-a-v1/END_FACE_TRANSITION_ABSENT/0/1/2,source_points.npy,9dec1c5b97bd7e9bccb72e8311e09f9fbbb3dcc97e6ead477bc5cf5600f79d0c,9dec1c5b97bd7e9bccb72e8311e09f9fbbb3dcc97e6ead477bc5cf5600f79d0c,True
phase-a-v1/END_FACE_TRANSITION_ABSENT/0/1/2,target_points.npy,317f0d02af4d8677fb2457e4c47c84eea7f02476339754106073f7fd797a4ac8,317f0d02af4d8677fb2457e4c47c84eea7f02476339754106073f7fd797a4ac8,True
phase-a-v1/END_FACE_TRANSITION_ABSENT/0/1/2,reference_pose.npy,718399090a1166aeae27e2373ccdb6ac74c3d73fae4339d78a9237e1f04d4bdf,718399090a1166aeae27e2373ccdb6ac74c3d73fae4339d78a9237e1f04d4bdf,True
phase-a-v1/END_FACE_TRANSITION_ABSENT/0/1/2,source_parent_target_indices.npy,d737ba285014f383c62b0a44323bdc621721ef924fb807bf1e7ec893cb950ceb,d737ba285014f383c62b0a44323bdc621721ef924fb807bf1e7ec893cb950ceb,True
phase-a-v1/END_FACE_TRANSITION_ABSENT/0/1/3,source_points.npy,2bcc1bbab7155ba06a666ee452201a11a3f0fb606fdfaaba026ac88d6f2327ae,2bcc1bbab7155ba06a666ee452201a11a3f0fb606fdfaaba026ac88d6f2327ae,True
phase-a-v1/END_FACE_TRANSITION_ABSENT/0/1/3,target_points.npy,317f0d02af4d8677fb2457e4c47c84eea7f02476339754106073f7fd797a4ac8,317f0d02af4d8677fb2457e4c47c84eea7f02476339754106073f7fd797a4ac8,True
phase-a-v1/END_FACE_TRANSITION_ABSENT/0/1/3,reference_pose.npy,718399090a1166aeae27e2373ccdb6ac74c3d73fae4339d78a9237e1f04d4bdf,718399090a1166aeae27e2373ccdb6ac74c3d73fae4339d78a9237e1f04d4bdf,True
phase-a-v1/END_FACE_TRANSITION_ABSENT/0/1/3,source_parent_target_indices.npy,8631c238b508096e98a861b604753c3dce6210501d3ad32d9e06b84291c63ead,8631c238b508096e98a861b604753c3dce6210501d3ad32d9e06b84291c63ead,True
phase-a-v1/END_FACE_TRANSITION_ABSENT/0/1/4,source_points.npy,5e1f69987035542f2232a54736762a2a65882207879383ad2d818871a6a76da3,5e1f69987035542f2232a54736762a2a65882207879383ad2d818871a6a76da3,True
phase-a-v1/END_FACE_TRANSITION_ABSENT/0/1/4,target_points.npy,317f0d02af4d8677fb2457e4c47c84eea7f02476339754106073f7fd797a4ac8,317f0d02af4d8677fb2457e4c47c84eea7f02476339754106073f7fd797a4ac8,True
phase-a-v1/END_FACE_TRANSITION_ABSENT/0/1/4,reference_pose.npy,718399090a1166aeae27e2373ccdb6ac74c3d73fae4339d78a9237e1f04d4bdf,718399090a1166aeae27e2373ccdb6ac74c3d73fae4339d78a9237e1f04d4bdf,True
phase-a-v1/END_FACE_TRANSITION_ABSENT/0/1/4,source_parent_target_indices.npy,085c3761f22c173a2acb06836dd5d80d65faefea6cd32b358ac24b4c1bcd9932,085c3761f22c173a2acb06836dd5d80d65faefea6cd32b358ac24b4c1bcd9932,True
phase-a-v1/END_FACE_TRANSITION_ABSENT/1/0/0,source_points.npy,7a644476a104362114396bc0148a5a5be851ad2dba667b98991fd886504eb15f,7a644476a104362114396bc0148a5a5be851ad2dba667b98991fd886504eb15f,True
phase-a-v1/END_FACE_TRANSITION_ABSENT/1/0/0,target_points.npy,e39364a48a7ae16386376019414b299ada8f5e9b5d5fad91119ba2247887ca44,e39364a48a7ae16386376019414b299ada8f5e9b5d5fad91119ba2247887ca44,True
phase-a-v1/END_FACE_TRANSITION_ABSENT/1/0/0,reference_pose.npy,718399090a1166aeae27e2373ccdb6ac74c3d73fae4339d78a9237e1f04d4bdf,718399090a1166aeae27e2373ccdb6ac74c3d73fae4339d78a9237e1f04d4bdf,True
phase-a-v1/END_FACE_TRANSITION_ABSENT/1/0/0,source_parent_target_indices.npy,6e069c50138d40c02eb75ee1ca3b639130787a3e034920bebcfc5230e8fb281d,6e069c50138d40c02eb75ee1ca3b639130787a3e034920bebcfc5230e8fb281d,True
phase-a-v1/END_FACE_TRANSITION_ABSENT/1/0/1,source_points.npy,beeaca28f22b7b9aabc81ddf075db8f409d9046a2f027c167520079131e6fb05,beeaca28f22b7b9aabc81ddf075db8f409d9046a2f027c167520079131e6fb05,True
phase-a-v1/END_FACE_TRANSITION_ABSENT/1/0/1,target_points.npy,e39364a48a7ae16386376019414b299ada8f5e9b5d5fad91119ba2247887ca44,e39364a48a7ae16386376019414b299ada8f5e9b5d5fad91119ba2247887ca44,True
phase-a-v1/END_FACE_TRANSITION_ABSENT/1/0/1,reference_pose.npy,718399090a1166aeae27e2373ccdb6ac74c3d73fae4339d78a9237e1f04d4bdf,718399090a1166aeae27e2373ccdb6ac74c3d73fae4339d78a9237e1f04d4bdf,True
phase-a-v1/END_FACE_TRANSITION_ABSENT/1/0/1,source_parent_target_indices.npy,c1b7b97b2a90eade258e67ffd825c09e8ebd0d6b2f31a1283d01665857819987,c1b7b97b2a90eade258e67ffd825c09e8ebd0d6b2f31a1283d01665857819987,True
phase-a-v1/END_FACE_TRANSITION_ABSENT/1/0/2,source_points.npy,85d67470559b5ed4e806807057a85965ad73a84ad598114af7a0a1f6b6073dc9,85d67470559b5ed4e806807057a85965ad73a84ad598114af7a0a1f6b6073dc9,True
phase-a-v1/END_FACE_TRANSITION_ABSENT/1/0/2,target_points.npy,e39364a48a7ae16386376019414b299ada8f5e9b5d5fad91119ba2247887ca44,e39364a48a7ae16386376019414b299ada8f5e9b5d5fad91119ba2247887ca44,True
phase-a-v1/END_FACE_TRANSITION_ABSENT/1/0/2,reference_pose.npy,718399090a1166aeae27e2373ccdb6ac74c3d73fae4339d78a9237e1f04d4bdf,718399090a1166aeae27e2373ccdb6ac74c3d73fae4339d78a9237e1f04d4bdf,True
phase-a-v1/END_FACE_TRANSITION_ABSENT/1/0/2,source_parent_target_indices.npy,d6fbe961af214f02abd88018d11c3b39a1cf02e09acddf96cc8c454cb4152d59,d6fbe961af214f02abd88018d11c3b39a1cf02e09acddf96cc8c454cb4152d59,True
phase-a-v1/END_FACE_TRANSITION_ABSENT/1/0/3,source_points.npy,fbb585b72fe1af3cca606248b5e5087036644f9fff39b1ea66f8f0b9c4646c06,fbb585b72fe1af3cca606248b5e5087036644f9fff39b1ea66f8f0b9c4646c06,True
phase-a-v1/END_FACE_TRANSITION_ABSENT/1/0/3,target_points.npy,e39364a48a7ae16386376019414b299ada8f5e9b5d5fad91119ba2247887ca44,e39364a48a7ae16386376019414b299ada8f5e9b5d5fad91119ba2247887ca44,True
phase-a-v1/END_FACE_TRANSITION_ABSENT/1/0/3,reference_pose.npy,718399090a1166aeae27e2373ccdb6ac74c3d73fae4339d78a9237e1f04d4bdf,718399090a1166aeae27e2373ccdb6ac74c3d73fae4339d78a9237e1f04d4bdf,True
phase-a-v1/END_FACE_TRANSITION_ABSENT/1/0/3,source_parent_target_indices.npy,07839830d774e82397d5fcc0c0d52b98eeea116eea86492faad6062edb3c10da,07839830d774e82397d5fcc0c0d52b98eeea116eea86492faad6062edb3c10da,True
phase-a-v1/END_FACE_TRANSITION_ABSENT/1/0/4,source_points.npy,e5991619576939624ce267376dfdf2ce7032c930bb6503470b42c2425c5abcfb,e5991619576939624ce267376dfdf2ce7032c930bb6503470b42c2425c5abcfb,True
phase-a-v1/END_FACE_TRANSITION_ABSENT/1/0/4,target_points.npy,e39364a48a7ae16386376019414b299ada8f5e9b5d5fad91119ba2247887ca44,e39364a48a7ae16386376019414b299ada8f5e9b5d5fad91119ba2247887ca44,True
phase-a-v1/END_FACE_TRANSITION_ABSENT/1/0/4,reference_pose.npy,718399090a1166aeae27e2373ccdb6ac74c3d73fae4339d78a9237e1f04d4bdf,718399090a1166aeae27e2373ccdb6ac74c3d73fae4339d78a9237e1f04d4bdf,True
phase-a-v1/END_FACE_TRANSITION_ABSENT/1/0/4,source_parent_target_indices.npy,2f7bbdd2df9fecab87e989a99ca70783d9e73b5de332280fe1c17559ba9b9727,2f7bbdd2df9fecab87e989a99ca70783d9e73b5de332280fe1c17559ba9b9727,True
phase-a-v1/END_FACE_TRANSITION_ABSENT/1/1/0,source_points.npy,c39890626e1a0206e23a450feb726f4681e306dab018e380239439749bf65fe1,c39890626e1a0206e23a450feb726f4681e306dab018e380239439749bf65fe1,True
phase-a-v1/END_FACE_TRANSITION_ABSENT/1/1/0,target_points.npy,e39364a48a7ae16386376019414b299ada8f5e9b5d5fad91119ba2247887ca44,e39364a48a7ae16386376019414b299ada8f5e9b5d5fad91119ba2247887ca44,True
phase-a-v1/END_FACE_TRANSITION_ABSENT/1/1/0,reference_pose.npy,718399090a1166aeae27e2373ccdb6ac74c3d73fae4339d78a9237e1f04d4bdf,718399090a1166aeae27e2373ccdb6ac74c3d73fae4339d78a9237e1f04d4bdf,True
phase-a-v1/END_FACE_TRANSITION_ABSENT/1/1/0,source_parent_target_indices.npy,0dcf8ffdfd9c8e5736b3af7356546b4f074015bb386302332d45f1bc573cb19b,0dcf8ffdfd9c8e5736b3af7356546b4f074015bb386302332d45f1bc573cb19b,True
phase-a-v1/END_FACE_TRANSITION_ABSENT/1/1/1,source_points.npy,61f315e5605f3f56a9cd63b2ce03d568d5d3401617fa4ebc6f79367ab48e209c,61f315e5605f3f56a9cd63b2ce03d568d5d3401617fa4ebc6f79367ab48e209c,True
phase-a-v1/END_FACE_TRANSITION_ABSENT/1/1/1,target_points.npy,e39364a48a7ae16386376019414b299ada8f5e9b5d5fad91119ba2247887ca44,e39364a48a7ae16386376019414b299ada8f5e9b5d5fad91119ba2247887ca44,True
phase-a-v1/END_FACE_TRANSITION_ABSENT/1/1/1,reference_pose.npy,718399090a1166aeae27e2373ccdb6ac74c3d73fae4339d78a9237e1f04d4bdf,718399090a1166aeae27e2373ccdb6ac74c3d73fae4339d78a9237e1f04d4bdf,True
phase-a-v1/END_FACE_TRANSITION_ABSENT/1/1/1,source_parent_target_indices.npy,015e594ae27796d1c388185eb79b2d608840cdb8945bda00a8ab2b730d93a695,015e594ae27796d1c388185eb79b2d608840cdb8945bda00a8ab2b730d93a695,True
phase-a-v1/END_FACE_TRANSITION_ABSENT/1/1/2,source_points.npy,2535065246b01d215c96b306967f470a3e5e6e86a5c1916d065b1a07e0376ae2,2535065246b01d215c96b306967f470a3e5e6e86a5c1916d065b1a07e0376ae2,True
phase-a-v1/END_FACE_TRANSITION_ABSENT/1/1/2,target_points.npy,e39364a48a7ae16386376019414b299ada8f5e9b5d5fad91119ba2247887ca44,e39364a48a7ae16386376019414b299ada8f5e9b5d5fad91119ba2247887ca44,True
phase-a-v1/END_FACE_TRANSITION_ABSENT/1/1/2,reference_pose.npy,718399090a1166aeae27e2373ccdb6ac74c3d73fae4339d78a9237e1f04d4bdf,718399090a1166aeae27e2373ccdb6ac74c3d73fae4339d78a9237e1f04d4bdf,True
phase-a-v1/END_FACE_TRANSITION_ABSENT/1/1/2,source_parent_target_indices.npy,1deaf2432b6887cbf3b004573a4d646a9a6a78b1301f901e1a8056c2560b5817,1deaf2432b6887cbf3b004573a4d646a9a6a78b1301f901e1a8056c2560b5817,True
phase-a-v1/END_FACE_TRANSITION_ABSENT/1/1/3,source_points.npy,201ac30c391ef25ed3f5115d38005d2a5095a05b956a0c7f125271335c37f422,201ac30c391ef25ed3f5115d38005d2a5095a05b956a0c7f125271335c37f422,True
phase-a-v1/END_FACE_TRANSITION_ABSENT/1/1/3,target_points.npy,e39364a48a7ae16386376019414b299ada8f5e9b5d5fad91119ba2247887ca44,e39364a48a7ae16386376019414b299ada8f5e9b5d5fad91119ba2247887ca44,True
phase-a-v1/END_FACE_TRANSITION_ABSENT/1/1/3,reference_pose.npy,718399090a1166aeae27e2373ccdb6ac74c3d73fae4339d78a9237e1f04d4bdf,718399090a1166aeae27e2373ccdb6ac74c3d73fae4339d78a9237e1f04d4bdf,True
phase-a-v1/END_FACE_TRANSITION_ABSENT/1/1/3,source_parent_target_indices.npy,27466f704386686519f378249b2425ece8822b5b9c92622c777f1cb15db3d0c8,27466f704386686519f378249b2425ece8822b5b9c92622c777f1cb15db3d0c8,True
phase-a-v1/END_FACE_TRANSITION_ABSENT/1/1/4,source_points.npy,d4fd1b32174b900012e88c79a071dbb36a432d4437cd1e2ddcad50aac5d0bc9b,d4fd1b32174b900012e88c79a071dbb36a432d4437cd1e2ddcad50aac5d0bc9b,True
phase-a-v1/END_FACE_TRANSITION_ABSENT/1/1/4,target_points.npy,e39364a48a7ae16386376019414b299ada8f5e9b5d5fad91119ba2247887ca44,e39364a48a7ae16386376019414b299ada8f5e9b5d5fad91119ba2247887ca44,True
phase-a-v1/END_FACE_TRANSITION_ABSENT/1/1/4,reference_pose.npy,718399090a1166aeae27e2373ccdb6ac74c3d73fae4339d78a9237e1f04d4bdf,718399090a1166aeae27e2373ccdb6ac74c3d73fae4339d78a9237e1f04d4bdf,True
phase-a-v1/END_FACE_TRANSITION_ABSENT/1/1/4,source_parent_target_indices.npy,e8c645e5af8f717b11c444854aa065be44dc3e82d6fe391376c0c1030af76de0,e8c645e5af8f717b11c444854aa065be44dc3e82d6fe391376c0c1030af76de0,True
phase-a-v1/END_FACE_TRANSITION_ABSENT/2/0/0,source_points.npy,d04d2c11052bb471dbaa66608b80f4d910f0ef495c4f5d8ef110721efcd40f9c,d04d2c11052bb471dbaa66608b80f4d910f0ef495c4f5d8ef110721efcd40f9c,True
phase-a-v1/END_FACE_TRANSITION_ABSENT/2/0/0,target_points.npy,459d84ca76730f4077880c8be388b52708286f252bb9910bc864c0c8baa167bc,459d84ca76730f4077880c8be388b52708286f252bb9910bc864c0c8baa167bc,True
phase-a-v1/END_FACE_TRANSITION_ABSENT/2/0/0,reference_pose.npy,718399090a1166aeae27e2373ccdb6ac74c3d73fae4339d78a9237e1f04d4bdf,718399090a1166aeae27e2373ccdb6ac74c3d73fae4339d78a9237e1f04d4bdf,True
phase-a-v1/END_FACE_TRANSITION_ABSENT/2/0/0,source_parent_target_indices.npy,414c4ace56418d49d09154b227d056ed61efbd6a6d483bbdd13e2e16a4ae187b,414c4ace56418d49d09154b227d056ed61efbd6a6d483bbdd13e2e16a4ae187b,True
phase-a-v1/END_FACE_TRANSITION_ABSENT/2/0/1,source_points.npy,67ffa6e9900743fd18db10a9cb714b6855570c6de51fba6db8d7a51e96bac936,67ffa6e9900743fd18db10a9cb714b6855570c6de51fba6db8d7a51e96bac936,True
phase-a-v1/END_FACE_TRANSITION_ABSENT/2/0/1,target_points.npy,459d84ca76730f4077880c8be388b52708286f252bb9910bc864c0c8baa167bc,459d84ca76730f4077880c8be388b52708286f252bb9910bc864c0c8baa167bc,True
phase-a-v1/END_FACE_TRANSITION_ABSENT/2/0/1,reference_pose.npy,718399090a1166aeae27e2373ccdb6ac74c3d73fae4339d78a9237e1f04d4bdf,718399090a1166aeae27e2373ccdb6ac74c3d73fae4339d78a9237e1f04d4bdf,True
phase-a-v1/END_FACE_TRANSITION_ABSENT/2/0/1,source_parent_target_indices.npy,6e1aab63c8e7ab99ec7f4573dfcbc4bd9ba8a70094c07b9b96cedc4c147c89cc,6e1aab63c8e7ab99ec7f4573dfcbc4bd9ba8a70094c07b9b96cedc4c147c89cc,True
phase-a-v1/END_FACE_TRANSITION_ABSENT/2/0/2,source_points.npy,47dc0649ecb749ff17fddcb34f2faeff9e6f2de85e008f5b0d3a3e3ada055a0f,47dc0649ecb749ff17fddcb34f2faeff9e6f2de85e008f5b0d3a3e3ada055a0f,True
phase-a-v1/END_FACE_TRANSITION_ABSENT/2/0/2,target_points.npy,459d84ca76730f4077880c8be388b52708286f252bb9910bc864c0c8baa167bc,459d84ca76730f4077880c8be388b52708286f252bb9910bc864c0c8baa167bc,True
phase-a-v1/END_FACE_TRANSITION_ABSENT/2/0/2,reference_pose.npy,718399090a1166aeae27e2373ccdb6ac74c3d73fae4339d78a9237e1f04d4bdf,718399090a1166aeae27e2373ccdb6ac74c3d73fae4339d78a9237e1f04d4bdf,True
phase-a-v1/END_FACE_TRANSITION_ABSENT/2/0/2,source_parent_target_indices.npy,699c834d42f9afbee6b9b151d7345dfe785e892a969186636b263ba1c6c8fc78,699c834d42f9afbee6b9b151d7345dfe785e892a969186636b263ba1c6c8fc78,True
phase-a-v1/END_FACE_TRANSITION_ABSENT/2/0/3,source_points.npy,fecbfd9a30a952ffea1fd17f961045434d96691de51151087263dbae2676e56e,fecbfd9a30a952ffea1fd17f961045434d96691de51151087263dbae2676e56e,True
phase-a-v1/END_FACE_TRANSITION_ABSENT/2/0/3,target_points.npy,459d84ca76730f4077880c8be388b52708286f252bb9910bc864c0c8baa167bc,459d84ca76730f4077880c8be388b52708286f252bb9910bc864c0c8baa167bc,True
phase-a-v1/END_FACE_TRANSITION_ABSENT/2/0/3,reference_pose.npy,718399090a1166aeae27e2373ccdb6ac74c3d73fae4339d78a9237e1f04d4bdf,718399090a1166aeae27e2373ccdb6ac74c3d73fae4339d78a9237e1f04d4bdf,True
phase-a-v1/END_FACE_TRANSITION_ABSENT/2/0/3,source_parent_target_indices.npy,f78c921656ea8cf5ade67232d009c86508a9a023437d8fd4414c3456c115262e,f78c921656ea8cf5ade67232d009c86508a9a023437d8fd4414c3456c115262e,True
phase-a-v1/END_FACE_TRANSITION_ABSENT/2/0/4,source_points.npy,66893d8d0ea1218e66423ebb134a5e04373572c8da8210fd1148c811144dd966,66893d8d0ea1218e66423ebb134a5e04373572c8da8210fd1148c811144dd966,True
phase-a-v1/END_FACE_TRANSITION_ABSENT/2/0/4,target_points.npy,459d84ca76730f4077880c8be388b52708286f252bb9910bc864c0c8baa167bc,459d84ca76730f4077880c8be388b52708286f252bb9910bc864c0c8baa167bc,True
phase-a-v1/END_FACE_TRANSITION_ABSENT/2/0/4,reference_pose.npy,718399090a1166aeae27e2373ccdb6ac74c3d73fae4339d78a9237e1f04d4bdf,718399090a1166aeae27e2373ccdb6ac74c3d73fae4339d78a9237e1f04d4bdf,True
phase-a-v1/END_FACE_TRANSITION_ABSENT/2/0/4,source_parent_target_indices.npy,4033bad34c567452b50f752187c5fb200e43b99f38b8ce4dccdb711baa7f40c1,4033bad34c567452b50f752187c5fb200e43b99f38b8ce4dccdb711baa7f40c1,True
phase-a-v1/END_FACE_TRANSITION_ABSENT/2/1/0,source_points.npy,50c3ba0e93c862cd78e145f2b84f171903435cdf5f13ce47d2755331426ee161,50c3ba0e93c862cd78e145f2b84f171903435cdf5f13ce47d2755331426ee161,True
phase-a-v1/END_FACE_TRANSITION_ABSENT/2/1/0,target_points.npy,459d84ca76730f4077880c8be388b52708286f252bb9910bc864c0c8baa167bc,459d84ca76730f4077880c8be388b52708286f252bb9910bc864c0c8baa167bc,True
phase-a-v1/END_FACE_TRANSITION_ABSENT/2/1/0,reference_pose.npy,718399090a1166aeae27e2373ccdb6ac74c3d73fae4339d78a9237e1f04d4bdf,718399090a1166aeae27e2373ccdb6ac74c3d73fae4339d78a9237e1f04d4bdf,True
phase-a-v1/END_FACE_TRANSITION_ABSENT/2/1/0,source_parent_target_indices.npy,5d418faf3b641103f40b82b99ec90e11979ce5f50fcf77cc861f82038ccf014a,5d418faf3b641103f40b82b99ec90e11979ce5f50fcf77cc861f82038ccf014a,True
phase-a-v1/END_FACE_TRANSITION_ABSENT/2/1/1,source_points.npy,756cb5d8438be6340392451c237048f0dc122855b5846b57d4d4f4f442ca5444,756cb5d8438be6340392451c237048f0dc122855b5846b57d4d4f4f442ca5444,True
phase-a-v1/END_FACE_TRANSITION_ABSENT/2/1/1,target_points.npy,459d84ca76730f4077880c8be388b52708286f252bb9910bc864c0c8baa167bc,459d84ca76730f4077880c8be388b52708286f252bb9910bc864c0c8baa167bc,True
phase-a-v1/END_FACE_TRANSITION_ABSENT/2/1/1,reference_pose.npy,718399090a1166aeae27e2373ccdb6ac74c3d73fae4339d78a9237e1f04d4bdf,718399090a1166aeae27e2373ccdb6ac74c3d73fae4339d78a9237e1f04d4bdf,True
phase-a-v1/END_FACE_TRANSITION_ABSENT/2/1/1,source_parent_target_indices.npy,621ff43621ea1fcf39c2849938d027bac002b55834b683fb2b56242b7013a73e,621ff43621ea1fcf39c2849938d027bac002b55834b683fb2b56242b7013a73e,True
phase-a-v1/END_FACE_TRANSITION_ABSENT/2/1/2,source_points.npy,8ca3c67e4e8248246d7e46aa8a8386595e333ec36368604685cc53de088c07be,8ca3c67e4e8248246d7e46aa8a8386595e333ec36368604685cc53de088c07be,True
phase-a-v1/END_FACE_TRANSITION_ABSENT/2/1/2,target_points.npy,459d84ca76730f4077880c8be388b52708286f252bb9910bc864c0c8baa167bc,459d84ca76730f4077880c8be388b52708286f252bb9910bc864c0c8baa167bc,True
phase-a-v1/END_FACE_TRANSITION_ABSENT/2/1/2,reference_pose.npy,718399090a1166aeae27e2373ccdb6ac74c3d73fae4339d78a9237e1f04d4bdf,718399090a1166aeae27e2373ccdb6ac74c3d73fae4339d78a9237e1f04d4bdf,True
phase-a-v1/END_FACE_TRANSITION_ABSENT/2/1/2,source_parent_target_indices.npy,d8526117e32cfe86f4e3c925cf63e160f67ad6e0e8cc5b7cbe67c27cbd06c078,d8526117e32cfe86f4e3c925cf63e160f67ad6e0e8cc5b7cbe67c27cbd06c078,True
phase-a-v1/END_FACE_TRANSITION_ABSENT/2/1/3,source_points.npy,dbc4bec1d5520d7e4e27297086990ca1ec44d2ea8b4648610db28b43243bd8e7,dbc4bec1d5520d7e4e27297086990ca1ec44d2ea8b4648610db28b43243bd8e7,True
phase-a-v1/END_FACE_TRANSITION_ABSENT/2/1/3,target_points.npy,459d84ca76730f4077880c8be388b52708286f252bb9910bc864c0c8baa167bc,459d84ca76730f4077880c8be388b52708286f252bb9910bc864c0c8baa167bc,True
phase-a-v1/END_FACE_TRANSITION_ABSENT/2/1/3,reference_pose.npy,718399090a1166aeae27e2373ccdb6ac74c3d73fae4339d78a9237e1f04d4bdf,718399090a1166aeae27e2373ccdb6ac74c3d73fae4339d78a9237e1f04d4bdf,True
phase-a-v1/END_FACE_TRANSITION_ABSENT/2/1/3,source_parent_target_indices.npy,e43a7ca948ff1467a9f8c6fc9ad9e30a67c20433a89917d235cf7d3264efaaee,e43a7ca948ff1467a9f8c6fc9ad9e30a67c20433a89917d235cf7d3264efaaee,True
phase-a-v1/END_FACE_TRANSITION_ABSENT/2/1/4,source_points.npy,6009b08e9e9a437489b92e23602d52ac5d570c6e808201993884bf676fe021a7,6009b08e9e9a437489b92e23602d52ac5d570c6e808201993884bf676fe021a7,True
phase-a-v1/END_FACE_TRANSITION_ABSENT/2/1/4,target_points.npy,459d84ca76730f4077880c8be388b52708286f252bb9910bc864c0c8baa167bc,459d84ca76730f4077880c8be388b52708286f252bb9910bc864c0c8baa167bc,True
phase-a-v1/END_FACE_TRANSITION_ABSENT/2/1/4,reference_pose.npy,718399090a1166aeae27e2373ccdb6ac74c3d73fae4339d78a9237e1f04d4bdf,718399090a1166aeae27e2373ccdb6ac74c3d73fae4339d78a9237e1f04d4bdf,True
phase-a-v1/END_FACE_TRANSITION_ABSENT/2/1/4,source_parent_target_indices.npy,9f8e87b988a12e9056a090adac45ccc125d8207f9b6d6adabdafecf2e6c9d8d2,9f8e87b988a12e9056a090adac45ccc125d8207f9b6d6adabdafecf2e6c9d8d2,True
phase-a-v1/REPEATED_STRUCTURE/0/0/0,source_points.npy,f80a52a8f2455101e8ab258381feb4d6495735c6b34e8a0a69fac8b867cb4089,f80a52a8f2455101e8ab258381feb4d6495735c6b34e8a0a69fac8b867cb4089,True
phase-a-v1/REPEATED_STRUCTURE/0/0/0,target_points.npy,3486ea18179cd81cf70f9a8fb19bd0bb1149c26ec8e6b541d1a1ec2e06cc3214,3486ea18179cd81cf70f9a8fb19bd0bb1149c26ec8e6b541d1a1ec2e06cc3214,True
phase-a-v1/REPEATED_STRUCTURE/0/0/0,reference_pose.npy,718399090a1166aeae27e2373ccdb6ac74c3d73fae4339d78a9237e1f04d4bdf,718399090a1166aeae27e2373ccdb6ac74c3d73fae4339d78a9237e1f04d4bdf,True
phase-a-v1/REPEATED_STRUCTURE/0/0/0,source_parent_target_indices.npy,deb5044be40900f73bce56a6c321898b17c17d6d5b4a0255cd1c8e1bed5524d5,deb5044be40900f73bce56a6c321898b17c17d6d5b4a0255cd1c8e1bed5524d5,True
phase-a-v1/REPEATED_STRUCTURE/0/0/1,source_points.npy,88c58b907aff472099e948351135fc80247e8c5938b79c7c78917b34caa7eb92,88c58b907aff472099e948351135fc80247e8c5938b79c7c78917b34caa7eb92,True
phase-a-v1/REPEATED_STRUCTURE/0/0/1,target_points.npy,3486ea18179cd81cf70f9a8fb19bd0bb1149c26ec8e6b541d1a1ec2e06cc3214,3486ea18179cd81cf70f9a8fb19bd0bb1149c26ec8e6b541d1a1ec2e06cc3214,True
phase-a-v1/REPEATED_STRUCTURE/0/0/1,reference_pose.npy,718399090a1166aeae27e2373ccdb6ac74c3d73fae4339d78a9237e1f04d4bdf,718399090a1166aeae27e2373ccdb6ac74c3d73fae4339d78a9237e1f04d4bdf,True
phase-a-v1/REPEATED_STRUCTURE/0/0/1,source_parent_target_indices.npy,4d5d8dcca7eace7c3c9b8d18ee73da3e95b7262fbb542a35f61c39a66c4821ec,4d5d8dcca7eace7c3c9b8d18ee73da3e95b7262fbb542a35f61c39a66c4821ec,True
phase-a-v1/REPEATED_STRUCTURE/0/0/2,source_points.npy,588c582b5bb9bb0c4eceff01aef8408c21a39e0e75bafdaf0c8c8c09a2210655,588c582b5bb9bb0c4eceff01aef8408c21a39e0e75bafdaf0c8c8c09a2210655,True
phase-a-v1/REPEATED_STRUCTURE/0/0/2,target_points.npy,3486ea18179cd81cf70f9a8fb19bd0bb1149c26ec8e6b541d1a1ec2e06cc3214,3486ea18179cd81cf70f9a8fb19bd0bb1149c26ec8e6b541d1a1ec2e06cc3214,True
phase-a-v1/REPEATED_STRUCTURE/0/0/2,reference_pose.npy,718399090a1166aeae27e2373ccdb6ac74c3d73fae4339d78a9237e1f04d4bdf,718399090a1166aeae27e2373ccdb6ac74c3d73fae4339d78a9237e1f04d4bdf,True
phase-a-v1/REPEATED_STRUCTURE/0/0/2,source_parent_target_indices.npy,c09bb9a4bc0fc58dca816840798fa9d84e39757b8f4d27e466d0e260aa555bc6,c09bb9a4bc0fc58dca816840798fa9d84e39757b8f4d27e466d0e260aa555bc6,True
phase-a-v1/REPEATED_STRUCTURE/0/0/3,source_points.npy,f54a571ba67ec30ee76ca2d604947fd56ff9cc0652438338152bcf090be00532,f54a571ba67ec30ee76ca2d604947fd56ff9cc0652438338152bcf090be00532,True
phase-a-v1/REPEATED_STRUCTURE/0/0/3,target_points.npy,3486ea18179cd81cf70f9a8fb19bd0bb1149c26ec8e6b541d1a1ec2e06cc3214,3486ea18179cd81cf70f9a8fb19bd0bb1149c26ec8e6b541d1a1ec2e06cc3214,True
phase-a-v1/REPEATED_STRUCTURE/0/0/3,reference_pose.npy,718399090a1166aeae27e2373ccdb6ac74c3d73fae4339d78a9237e1f04d4bdf,718399090a1166aeae27e2373ccdb6ac74c3d73fae4339d78a9237e1f04d4bdf,True
phase-a-v1/REPEATED_STRUCTURE/0/0/3,source_parent_target_indices.npy,2dc03b54454e324dfa856d694044d4054139f2bd488c2ec84958f2c4419c9364,2dc03b54454e324dfa856d694044d4054139f2bd488c2ec84958f2c4419c9364,True
phase-a-v1/REPEATED_STRUCTURE/0/0/4,source_points.npy,3576e5e719bfa05779aa1bfd8e5db8cda0dd8ddf140152b31524278d3c85f907,3576e5e719bfa05779aa1bfd8e5db8cda0dd8ddf140152b31524278d3c85f907,True
phase-a-v1/REPEATED_STRUCTURE/0/0/4,target_points.npy,3486ea18179cd81cf70f9a8fb19bd0bb1149c26ec8e6b541d1a1ec2e06cc3214,3486ea18179cd81cf70f9a8fb19bd0bb1149c26ec8e6b541d1a1ec2e06cc3214,True
phase-a-v1/REPEATED_STRUCTURE/0/0/4,reference_pose.npy,718399090a1166aeae27e2373ccdb6ac74c3d73fae4339d78a9237e1f04d4bdf,718399090a1166aeae27e2373ccdb6ac74c3d73fae4339d78a9237e1f04d4bdf,True
phase-a-v1/REPEATED_STRUCTURE/0/0/4,source_parent_target_indices.npy,ed550337a03fc069acd220b90d71fb2a10bc99915369d20dfd5f5bb18904090b,ed550337a03fc069acd220b90d71fb2a10bc99915369d20dfd5f5bb18904090b,True
phase-a-v1/REPEATED_STRUCTURE/0/1/0,source_points.npy,40143f93d65f8bb51d2ad73ec45ebf568cb63b475659905004d22709d361934d,40143f93d65f8bb51d2ad73ec45ebf568cb63b475659905004d22709d361934d,True
phase-a-v1/REPEATED_STRUCTURE/0/1/0,target_points.npy,3486ea18179cd81cf70f9a8fb19bd0bb1149c26ec8e6b541d1a1ec2e06cc3214,3486ea18179cd81cf70f9a8fb19bd0bb1149c26ec8e6b541d1a1ec2e06cc3214,True
phase-a-v1/REPEATED_STRUCTURE/0/1/0,reference_pose.npy,718399090a1166aeae27e2373ccdb6ac74c3d73fae4339d78a9237e1f04d4bdf,718399090a1166aeae27e2373ccdb6ac74c3d73fae4339d78a9237e1f04d4bdf,True
phase-a-v1/REPEATED_STRUCTURE/0/1/0,source_parent_target_indices.npy,6d3b5de2f8bb158f64b4cfc163e6bd849d313745647187c88a1e21f2d2bfb0a1,6d3b5de2f8bb158f64b4cfc163e6bd849d313745647187c88a1e21f2d2bfb0a1,True
phase-a-v1/REPEATED_STRUCTURE/0/1/1,source_points.npy,5c6b6c46b52b4cf6dfa31b3fbf5df4c70d8fd2fa9595dbf0e9c55d9e94b228ec,5c6b6c46b52b4cf6dfa31b3fbf5df4c70d8fd2fa9595dbf0e9c55d9e94b228ec,True
phase-a-v1/REPEATED_STRUCTURE/0/1/1,target_points.npy,3486ea18179cd81cf70f9a8fb19bd0bb1149c26ec8e6b541d1a1ec2e06cc3214,3486ea18179cd81cf70f9a8fb19bd0bb1149c26ec8e6b541d1a1ec2e06cc3214,True
phase-a-v1/REPEATED_STRUCTURE/0/1/1,reference_pose.npy,718399090a1166aeae27e2373ccdb6ac74c3d73fae4339d78a9237e1f04d4bdf,718399090a1166aeae27e2373ccdb6ac74c3d73fae4339d78a9237e1f04d4bdf,True
phase-a-v1/REPEATED_STRUCTURE/0/1/1,source_parent_target_indices.npy,af5bae7d2545f0c4b01e8e8d7f282b2ecc83ff69e3c1c866e96415248afac41e,af5bae7d2545f0c4b01e8e8d7f282b2ecc83ff69e3c1c866e96415248afac41e,True
phase-a-v1/REPEATED_STRUCTURE/0/1/2,source_points.npy,dc263ac4da7ad590549249cec11771cd833fbb4ff0a691a11508efd0ffc3d695,dc263ac4da7ad590549249cec11771cd833fbb4ff0a691a11508efd0ffc3d695,True
phase-a-v1/REPEATED_STRUCTURE/0/1/2,target_points.npy,3486ea18179cd81cf70f9a8fb19bd0bb1149c26ec8e6b541d1a1ec2e06cc3214,3486ea18179cd81cf70f9a8fb19bd0bb1149c26ec8e6b541d1a1ec2e06cc3214,True
phase-a-v1/REPEATED_STRUCTURE/0/1/2,reference_pose.npy,718399090a1166aeae27e2373ccdb6ac74c3d73fae4339d78a9237e1f04d4bdf,718399090a1166aeae27e2373ccdb6ac74c3d73fae4339d78a9237e1f04d4bdf,True
phase-a-v1/REPEATED_STRUCTURE/0/1/2,source_parent_target_indices.npy,d20d97f263e7d7876fe14cb757f90a511322519c7e25e461860bc825a69175bd,d20d97f263e7d7876fe14cb757f90a511322519c7e25e461860bc825a69175bd,True
phase-a-v1/REPEATED_STRUCTURE/0/1/3,source_points.npy,fbe58e6f7aa6384ce08e717626f641325f7f0ea5342269f6f6aa97468a4b449f,fbe58e6f7aa6384ce08e717626f641325f7f0ea5342269f6f6aa97468a4b449f,True
phase-a-v1/REPEATED_STRUCTURE/0/1/3,target_points.npy,3486ea18179cd81cf70f9a8fb19bd0bb1149c26ec8e6b541d1a1ec2e06cc3214,3486ea18179cd81cf70f9a8fb19bd0bb1149c26ec8e6b541d1a1ec2e06cc3214,True
phase-a-v1/REPEATED_STRUCTURE/0/1/3,reference_pose.npy,718399090a1166aeae27e2373ccdb6ac74c3d73fae4339d78a9237e1f04d4bdf,718399090a1166aeae27e2373ccdb6ac74c3d73fae4339d78a9237e1f04d4bdf,True
phase-a-v1/REPEATED_STRUCTURE/0/1/3,source_parent_target_indices.npy,0e7707718e8e9c8be5025396c0c6828a2d8eb94bd4ea91c9ae4621618bdff5d9,0e7707718e8e9c8be5025396c0c6828a2d8eb94bd4ea91c9ae4621618bdff5d9,True
phase-a-v1/REPEATED_STRUCTURE/0/1/4,source_points.npy,927c17c32005335e866d52a7a6426f507fe73d46b1e61ccc6904339816b15bf1,927c17c32005335e866d52a7a6426f507fe73d46b1e61ccc6904339816b15bf1,True
phase-a-v1/REPEATED_STRUCTURE/0/1/4,target_points.npy,3486ea18179cd81cf70f9a8fb19bd0bb1149c26ec8e6b541d1a1ec2e06cc3214,3486ea18179cd81cf70f9a8fb19bd0bb1149c26ec8e6b541d1a1ec2e06cc3214,True
phase-a-v1/REPEATED_STRUCTURE/0/1/4,reference_pose.npy,718399090a1166aeae27e2373ccdb6ac74c3d73fae4339d78a9237e1f04d4bdf,718399090a1166aeae27e2373ccdb6ac74c3d73fae4339d78a9237e1f04d4bdf,True
phase-a-v1/REPEATED_STRUCTURE/0/1/4,source_parent_target_indices.npy,591654939aee17738e6acd927e12fdfc93e75720e0e7553d9ef65490643346f6,591654939aee17738e6acd927e12fdfc93e75720e0e7553d9ef65490643346f6,True
phase-a-v1/REPEATED_STRUCTURE/1/0/0,source_points.npy,f00bde9aac886d291d3cafb0232931e0749cd02df06e5eb27c99aee645e7d05f,f00bde9aac886d291d3cafb0232931e0749cd02df06e5eb27c99aee645e7d05f,True
phase-a-v1/REPEATED_STRUCTURE/1/0/0,target_points.npy,8c5c1cf438b8c6c3e9cb6d653e7b4ad1883d58db65ef0eac695498c34d0f589a,8c5c1cf438b8c6c3e9cb6d653e7b4ad1883d58db65ef0eac695498c34d0f589a,True
phase-a-v1/REPEATED_STRUCTURE/1/0/0,reference_pose.npy,718399090a1166aeae27e2373ccdb6ac74c3d73fae4339d78a9237e1f04d4bdf,718399090a1166aeae27e2373ccdb6ac74c3d73fae4339d78a9237e1f04d4bdf,True
phase-a-v1/REPEATED_STRUCTURE/1/0/0,source_parent_target_indices.npy,5602ef0179e978b5131fad57c7116e14c9c406a523b3c1ac9fc5de0ed5fb7d73,5602ef0179e978b5131fad57c7116e14c9c406a523b3c1ac9fc5de0ed5fb7d73,True
phase-a-v1/REPEATED_STRUCTURE/1/0/1,source_points.npy,231897415822a1934b3f23170c3dc75ff2c0009bc2910f9cfa795419bf388f62,231897415822a1934b3f23170c3dc75ff2c0009bc2910f9cfa795419bf388f62,True
phase-a-v1/REPEATED_STRUCTURE/1/0/1,target_points.npy,8c5c1cf438b8c6c3e9cb6d653e7b4ad1883d58db65ef0eac695498c34d0f589a,8c5c1cf438b8c6c3e9cb6d653e7b4ad1883d58db65ef0eac695498c34d0f589a,True
phase-a-v1/REPEATED_STRUCTURE/1/0/1,reference_pose.npy,718399090a1166aeae27e2373ccdb6ac74c3d73fae4339d78a9237e1f04d4bdf,718399090a1166aeae27e2373ccdb6ac74c3d73fae4339d78a9237e1f04d4bdf,True
phase-a-v1/REPEATED_STRUCTURE/1/0/1,source_parent_target_indices.npy,289184e9fbf466a7f046d17f4f822f63323d3d0a3cbb917e12d9d1f380ba053b,289184e9fbf466a7f046d17f4f822f63323d3d0a3cbb917e12d9d1f380ba053b,True
phase-a-v1/REPEATED_STRUCTURE/1/0/2,source_points.npy,8614d28ca69bab0df13e4a9b7f8d03013a95da51cb36d7399eb0e5343d2ca8bf,8614d28ca69bab0df13e4a9b7f8d03013a95da51cb36d7399eb0e5343d2ca8bf,True
phase-a-v1/REPEATED_STRUCTURE/1/0/2,target_points.npy,8c5c1cf438b8c6c3e9cb6d653e7b4ad1883d58db65ef0eac695498c34d0f589a,8c5c1cf438b8c6c3e9cb6d653e7b4ad1883d58db65ef0eac695498c34d0f589a,True
phase-a-v1/REPEATED_STRUCTURE/1/0/2,reference_pose.npy,718399090a1166aeae27e2373ccdb6ac74c3d73fae4339d78a9237e1f04d4bdf,718399090a1166aeae27e2373ccdb6ac74c3d73fae4339d78a9237e1f04d4bdf,True
phase-a-v1/REPEATED_STRUCTURE/1/0/2,source_parent_target_indices.npy,4f1921347e25c9f8963fb280005dde0824b8e63c69b4724860f74f5908fcad09,4f1921347e25c9f8963fb280005dde0824b8e63c69b4724860f74f5908fcad09,True
phase-a-v1/REPEATED_STRUCTURE/1/0/3,source_points.npy,b8a3c65bd53b36caeabf09f28cb18bf2da15ce9fd84e703d96c3228931341781,b8a3c65bd53b36caeabf09f28cb18bf2da15ce9fd84e703d96c3228931341781,True
phase-a-v1/REPEATED_STRUCTURE/1/0/3,target_points.npy,8c5c1cf438b8c6c3e9cb6d653e7b4ad1883d58db65ef0eac695498c34d0f589a,8c5c1cf438b8c6c3e9cb6d653e7b4ad1883d58db65ef0eac695498c34d0f589a,True
phase-a-v1/REPEATED_STRUCTURE/1/0/3,reference_pose.npy,718399090a1166aeae27e2373ccdb6ac74c3d73fae4339d78a9237e1f04d4bdf,718399090a1166aeae27e2373ccdb6ac74c3d73fae4339d78a9237e1f04d4bdf,True
phase-a-v1/REPEATED_STRUCTURE/1/0/3,source_parent_target_indices.npy,c2384300c5d66af3f36dc289ab575fa7ed7e396bcb7fa672b75ae72e839f11f1,c2384300c5d66af3f36dc289ab575fa7ed7e396bcb7fa672b75ae72e839f11f1,True
phase-a-v1/REPEATED_STRUCTURE/1/0/4,source_points.npy,61b4a086d93752432c0a74bbca6450cbc89523318771e229dfa63520a7556f8e,61b4a086d93752432c0a74bbca6450cbc89523318771e229dfa63520a7556f8e,True
phase-a-v1/REPEATED_STRUCTURE/1/0/4,target_points.npy,8c5c1cf438b8c6c3e9cb6d653e7b4ad1883d58db65ef0eac695498c34d0f589a,8c5c1cf438b8c6c3e9cb6d653e7b4ad1883d58db65ef0eac695498c34d0f589a,True
phase-a-v1/REPEATED_STRUCTURE/1/0/4,reference_pose.npy,718399090a1166aeae27e2373ccdb6ac74c3d73fae4339d78a9237e1f04d4bdf,718399090a1166aeae27e2373ccdb6ac74c3d73fae4339d78a9237e1f04d4bdf,True
phase-a-v1/REPEATED_STRUCTURE/1/0/4,source_parent_target_indices.npy,b527e8a146a20e2bce0dde9902b757f03991b70e3c041542fed4fc9a3da5e7a6,b527e8a146a20e2bce0dde9902b757f03991b70e3c041542fed4fc9a3da5e7a6,True
phase-a-v1/REPEATED_STRUCTURE/1/1/0,source_points.npy,f5162c856d33fe40a5d64832da039d0b9febe5109f8a995fe74c2bb22a92678f,f5162c856d33fe40a5d64832da039d0b9febe5109f8a995fe74c2bb22a92678f,True
phase-a-v1/REPEATED_STRUCTURE/1/1/0,target_points.npy,8c5c1cf438b8c6c3e9cb6d653e7b4ad1883d58db65ef0eac695498c34d0f589a,8c5c1cf438b8c6c3e9cb6d653e7b4ad1883d58db65ef0eac695498c34d0f589a,True
phase-a-v1/REPEATED_STRUCTURE/1/1/0,reference_pose.npy,718399090a1166aeae27e2373ccdb6ac74c3d73fae4339d78a9237e1f04d4bdf,718399090a1166aeae27e2373ccdb6ac74c3d73fae4339d78a9237e1f04d4bdf,True
phase-a-v1/REPEATED_STRUCTURE/1/1/0,source_parent_target_indices.npy,0d2b9f4f08f29839ffb5612a66d7c7e0d3b3aacae1caa80969f78a8a991335be,0d2b9f4f08f29839ffb5612a66d7c7e0d3b3aacae1caa80969f78a8a991335be,True
phase-a-v1/REPEATED_STRUCTURE/1/1/1,source_points.npy,085519777c329a1d94dcc63b5dd56d5d1a40b117afcae19731df49900bf9e278,085519777c329a1d94dcc63b5dd56d5d1a40b117afcae19731df49900bf9e278,True
phase-a-v1/REPEATED_STRUCTURE/1/1/1,target_points.npy,8c5c1cf438b8c6c3e9cb6d653e7b4ad1883d58db65ef0eac695498c34d0f589a,8c5c1cf438b8c6c3e9cb6d653e7b4ad1883d58db65ef0eac695498c34d0f589a,True
phase-a-v1/REPEATED_STRUCTURE/1/1/1,reference_pose.npy,718399090a1166aeae27e2373ccdb6ac74c3d73fae4339d78a9237e1f04d4bdf,718399090a1166aeae27e2373ccdb6ac74c3d73fae4339d78a9237e1f04d4bdf,True
phase-a-v1/REPEATED_STRUCTURE/1/1/1,source_parent_target_indices.npy,5a771c564ce1384ee2d9cb945dbfc1c421a5d4a220f09c3661ae308fc137e553,5a771c564ce1384ee2d9cb945dbfc1c421a5d4a220f09c3661ae308fc137e553,True
phase-a-v1/REPEATED_STRUCTURE/1/1/2,source_points.npy,d9fd9526914979d45180c329cc4b1e826f079c2e8ecb47f1f32b4f1fa0732ebd,d9fd9526914979d45180c329cc4b1e826f079c2e8ecb47f1f32b4f1fa0732ebd,True
phase-a-v1/REPEATED_STRUCTURE/1/1/2,target_points.npy,8c5c1cf438b8c6c3e9cb6d653e7b4ad1883d58db65ef0eac695498c34d0f589a,8c5c1cf438b8c6c3e9cb6d653e7b4ad1883d58db65ef0eac695498c34d0f589a,True
phase-a-v1/REPEATED_STRUCTURE/1/1/2,reference_pose.npy,718399090a1166aeae27e2373ccdb6ac74c3d73fae4339d78a9237e1f04d4bdf,718399090a1166aeae27e2373ccdb6ac74c3d73fae4339d78a9237e1f04d4bdf,True
phase-a-v1/REPEATED_STRUCTURE/1/1/2,source_parent_target_indices.npy,7f78b55a3eb0978e6b31df80e465f4a184397e98cedb36c6d9690e8ed3b0dc73,7f78b55a3eb0978e6b31df80e465f4a184397e98cedb36c6d9690e8ed3b0dc73,True
phase-a-v1/REPEATED_STRUCTURE/1/1/3,source_points.npy,c0504cb2b46dbd3c185a6c1e1cdc9fbf8e9bd210714909fff22bd91b0a5eba38,c0504cb2b46dbd3c185a6c1e1cdc9fbf8e9bd210714909fff22bd91b0a5eba38,True
phase-a-v1/REPEATED_STRUCTURE/1/1/3,target_points.npy,8c5c1cf438b8c6c3e9cb6d653e7b4ad1883d58db65ef0eac695498c34d0f589a,8c5c1cf438b8c6c3e9cb6d653e7b4ad1883d58db65ef0eac695498c34d0f589a,True
phase-a-v1/REPEATED_STRUCTURE/1/1/3,reference_pose.npy,718399090a1166aeae27e2373ccdb6ac74c3d73fae4339d78a9237e1f04d4bdf,718399090a1166aeae27e2373ccdb6ac74c3d73fae4339d78a9237e1f04d4bdf,True
phase-a-v1/REPEATED_STRUCTURE/1/1/3,source_parent_target_indices.npy,bc6134ac1bbc801cd763491718d9629bdef5a6585d0d51047e861f0c2d997362,bc6134ac1bbc801cd763491718d9629bdef5a6585d0d51047e861f0c2d997362,True
phase-a-v1/REPEATED_STRUCTURE/1/1/4,source_points.npy,7213f218551eb7a8634de409566116fee93150ec40c121e676a056c8cd2452d9,7213f218551eb7a8634de409566116fee93150ec40c121e676a056c8cd2452d9,True
phase-a-v1/REPEATED_STRUCTURE/1/1/4,target_points.npy,8c5c1cf438b8c6c3e9cb6d653e7b4ad1883d58db65ef0eac695498c34d0f589a,8c5c1cf438b8c6c3e9cb6d653e7b4ad1883d58db65ef0eac695498c34d0f589a,True
phase-a-v1/REPEATED_STRUCTURE/1/1/4,reference_pose.npy,718399090a1166aeae27e2373ccdb6ac74c3d73fae4339d78a9237e1f04d4bdf,718399090a1166aeae27e2373ccdb6ac74c3d73fae4339d78a9237e1f04d4bdf,True
phase-a-v1/REPEATED_STRUCTURE/1/1/4,source_parent_target_indices.npy,6403bff940a62bf4a9d10c37c14d5edcdc445e15f1cfe3edfa70ff8780b282f6,6403bff940a62bf4a9d10c37c14d5edcdc445e15f1cfe3edfa70ff8780b282f6,True
phase-a-v1/REPEATED_STRUCTURE/2/0/0,source_points.npy,85799078cb6c2d787dab320f98523088d1434daeffa1118da49eba43c3b1c550,85799078cb6c2d787dab320f98523088d1434daeffa1118da49eba43c3b1c550,True
phase-a-v1/REPEATED_STRUCTURE/2/0/0,target_points.npy,5a2370828f962c6c4a315a81a530626ff3d9e658b87111c5e2d6c3932207596d,5a2370828f962c6c4a315a81a530626ff3d9e658b87111c5e2d6c3932207596d,True
phase-a-v1/REPEATED_STRUCTURE/2/0/0,reference_pose.npy,718399090a1166aeae27e2373ccdb6ac74c3d73fae4339d78a9237e1f04d4bdf,718399090a1166aeae27e2373ccdb6ac74c3d73fae4339d78a9237e1f04d4bdf,True
phase-a-v1/REPEATED_STRUCTURE/2/0/0,source_parent_target_indices.npy,1fe5d409586ab54a11aa03236817d1f41ebe974f97d24236fa2a1081c03f414e,1fe5d409586ab54a11aa03236817d1f41ebe974f97d24236fa2a1081c03f414e,True
phase-a-v1/REPEATED_STRUCTURE/2/0/1,source_points.npy,33da14a0b1de20b092f9be07adc571ce3bc69c3fc9fb7dac5fa52c04a604ce2f,33da14a0b1de20b092f9be07adc571ce3bc69c3fc9fb7dac5fa52c04a604ce2f,True
phase-a-v1/REPEATED_STRUCTURE/2/0/1,target_points.npy,5a2370828f962c6c4a315a81a530626ff3d9e658b87111c5e2d6c3932207596d,5a2370828f962c6c4a315a81a530626ff3d9e658b87111c5e2d6c3932207596d,True
phase-a-v1/REPEATED_STRUCTURE/2/0/1,reference_pose.npy,718399090a1166aeae27e2373ccdb6ac74c3d73fae4339d78a9237e1f04d4bdf,718399090a1166aeae27e2373ccdb6ac74c3d73fae4339d78a9237e1f04d4bdf,True
phase-a-v1/REPEATED_STRUCTURE/2/0/1,source_parent_target_indices.npy,fbdc5501b3b4e1de76c2ba18ced3ada8e29eef9569035a0975bbb13a0195962a,fbdc5501b3b4e1de76c2ba18ced3ada8e29eef9569035a0975bbb13a0195962a,True
phase-a-v1/REPEATED_STRUCTURE/2/0/2,source_points.npy,f89453ff100caff9772593491703d99ea364e3fab371f4bbd796dda937e71134,f89453ff100caff9772593491703d99ea364e3fab371f4bbd796dda937e71134,True
phase-a-v1/REPEATED_STRUCTURE/2/0/2,target_points.npy,5a2370828f962c6c4a315a81a530626ff3d9e658b87111c5e2d6c3932207596d,5a2370828f962c6c4a315a81a530626ff3d9e658b87111c5e2d6c3932207596d,True
phase-a-v1/REPEATED_STRUCTURE/2/0/2,reference_pose.npy,718399090a1166aeae27e2373ccdb6ac74c3d73fae4339d78a9237e1f04d4bdf,718399090a1166aeae27e2373ccdb6ac74c3d73fae4339d78a9237e1f04d4bdf,True
phase-a-v1/REPEATED_STRUCTURE/2/0/2,source_parent_target_indices.npy,53c81b1a60d885c6c3e561433674bc5a0b5d4cf311f5559e7ebc4ab012bb4bd3,53c81b1a60d885c6c3e561433674bc5a0b5d4cf311f5559e7ebc4ab012bb4bd3,True
phase-a-v1/REPEATED_STRUCTURE/2/0/3,source_points.npy,b51feb91485aeeb84775494df42d80e272cad1d1336bfbca79f2e633ba96d97e,b51feb91485aeeb84775494df42d80e272cad1d1336bfbca79f2e633ba96d97e,True
phase-a-v1/REPEATED_STRUCTURE/2/0/3,target_points.npy,5a2370828f962c6c4a315a81a530626ff3d9e658b87111c5e2d6c3932207596d,5a2370828f962c6c4a315a81a530626ff3d9e658b87111c5e2d6c3932207596d,True
phase-a-v1/REPEATED_STRUCTURE/2/0/3,reference_pose.npy,718399090a1166aeae27e2373ccdb6ac74c3d73fae4339d78a9237e1f04d4bdf,718399090a1166aeae27e2373ccdb6ac74c3d73fae4339d78a9237e1f04d4bdf,True
phase-a-v1/REPEATED_STRUCTURE/2/0/3,source_parent_target_indices.npy,ded4c727a2e65e436cdc989b1740b3ddbaa627c651f319c2805d81d86203fcf4,ded4c727a2e65e436cdc989b1740b3ddbaa627c651f319c2805d81d86203fcf4,True
phase-a-v1/REPEATED_STRUCTURE/2/0/4,source_points.npy,2f0bbb6a6a69ba4ae179646deb6b25f833dd28b39a268a56032fb1ab62fb4cbd,2f0bbb6a6a69ba4ae179646deb6b25f833dd28b39a268a56032fb1ab62fb4cbd,True
phase-a-v1/REPEATED_STRUCTURE/2/0/4,target_points.npy,5a2370828f962c6c4a315a81a530626ff3d9e658b87111c5e2d6c3932207596d,5a2370828f962c6c4a315a81a530626ff3d9e658b87111c5e2d6c3932207596d,True
phase-a-v1/REPEATED_STRUCTURE/2/0/4,reference_pose.npy,718399090a1166aeae27e2373ccdb6ac74c3d73fae4339d78a9237e1f04d4bdf,718399090a1166aeae27e2373ccdb6ac74c3d73fae4339d78a9237e1f04d4bdf,True
phase-a-v1/REPEATED_STRUCTURE/2/0/4,source_parent_target_indices.npy,767b6167970e7143f3f6d0300456d5d7cca274be26c15fcf2fe94c653b9864f7,767b6167970e7143f3f6d0300456d5d7cca274be26c15fcf2fe94c653b9864f7,True
phase-a-v1/REPEATED_STRUCTURE/2/1/0,source_points.npy,1442d3c157b5b9dc8c378a00aad13c74f3efbc8eb9165455b0c58e7f906df071,1442d3c157b5b9dc8c378a00aad13c74f3efbc8eb9165455b0c58e7f906df071,True
phase-a-v1/REPEATED_STRUCTURE/2/1/0,target_points.npy,5a2370828f962c6c4a315a81a530626ff3d9e658b87111c5e2d6c3932207596d,5a2370828f962c6c4a315a81a530626ff3d9e658b87111c5e2d6c3932207596d,True
phase-a-v1/REPEATED_STRUCTURE/2/1/0,reference_pose.npy,718399090a1166aeae27e2373ccdb6ac74c3d73fae4339d78a9237e1f04d4bdf,718399090a1166aeae27e2373ccdb6ac74c3d73fae4339d78a9237e1f04d4bdf,True
phase-a-v1/REPEATED_STRUCTURE/2/1/0,source_parent_target_indices.npy,de65076f1543892ddb99fe9549b67a709237342ee5f97751c00b478a1331cf30,de65076f1543892ddb99fe9549b67a709237342ee5f97751c00b478a1331cf30,True
phase-a-v1/REPEATED_STRUCTURE/2/1/1,source_points.npy,ff2c60a6c1a1f628177ccd367a0ea0674264f9677997c58ff07977b26c63a020,ff2c60a6c1a1f628177ccd367a0ea0674264f9677997c58ff07977b26c63a020,True
phase-a-v1/REPEATED_STRUCTURE/2/1/1,target_points.npy,5a2370828f962c6c4a315a81a530626ff3d9e658b87111c5e2d6c3932207596d,5a2370828f962c6c4a315a81a530626ff3d9e658b87111c5e2d6c3932207596d,True
phase-a-v1/REPEATED_STRUCTURE/2/1/1,reference_pose.npy,718399090a1166aeae27e2373ccdb6ac74c3d73fae4339d78a9237e1f04d4bdf,718399090a1166aeae27e2373ccdb6ac74c3d73fae4339d78a9237e1f04d4bdf,True
phase-a-v1/REPEATED_STRUCTURE/2/1/1,source_parent_target_indices.npy,92bb7dc8827d7112047456981a028ff3698d0287ea494b17df018bc78410ca86,92bb7dc8827d7112047456981a028ff3698d0287ea494b17df018bc78410ca86,True
phase-a-v1/REPEATED_STRUCTURE/2/1/2,source_points.npy,52b6cd2a7aadf5c4054571dd9115e9081ad89746541ac55433c6a130167f57f9,52b6cd2a7aadf5c4054571dd9115e9081ad89746541ac55433c6a130167f57f9,True
phase-a-v1/REPEATED_STRUCTURE/2/1/2,target_points.npy,5a2370828f962c6c4a315a81a530626ff3d9e658b87111c5e2d6c3932207596d,5a2370828f962c6c4a315a81a530626ff3d9e658b87111c5e2d6c3932207596d,True
phase-a-v1/REPEATED_STRUCTURE/2/1/2,reference_pose.npy,718399090a1166aeae27e2373ccdb6ac74c3d73fae4339d78a9237e1f04d4bdf,718399090a1166aeae27e2373ccdb6ac74c3d73fae4339d78a9237e1f04d4bdf,True
phase-a-v1/REPEATED_STRUCTURE/2/1/2,source_parent_target_indices.npy,cc3f2e8b621f1d828f4130d43853ea81d3c46172f53446d2c2181f83bea1a3db,cc3f2e8b621f1d828f4130d43853ea81d3c46172f53446d2c2181f83bea1a3db,True
phase-a-v1/REPEATED_STRUCTURE/2/1/3,source_points.npy,561f6aa9d4a8ff255fb7d7caa53d095df295059b05fc3d700954783936b420ef,561f6aa9d4a8ff255fb7d7caa53d095df295059b05fc3d700954783936b420ef,True
phase-a-v1/REPEATED_STRUCTURE/2/1/3,target_points.npy,5a2370828f962c6c4a315a81a530626ff3d9e658b87111c5e2d6c3932207596d,5a2370828f962c6c4a315a81a530626ff3d9e658b87111c5e2d6c3932207596d,True
phase-a-v1/REPEATED_STRUCTURE/2/1/3,reference_pose.npy,718399090a1166aeae27e2373ccdb6ac74c3d73fae4339d78a9237e1f04d4bdf,718399090a1166aeae27e2373ccdb6ac74c3d73fae4339d78a9237e1f04d4bdf,True
phase-a-v1/REPEATED_STRUCTURE/2/1/3,source_parent_target_indices.npy,a7caf78d4b57db9904c0b3869d094d2b4c4ebf2e3611c8f463daa09b762d70e6,a7caf78d4b57db9904c0b3869d094d2b4c4ebf2e3611c8f463daa09b762d70e6,True
phase-a-v1/REPEATED_STRUCTURE/2/1/4,source_points.npy,296344fbea12a7d1d80b1c6c6b68138ec195d69b6c1eb8e8b190b191e02a4099,296344fbea12a7d1d80b1c6c6b68138ec195d69b6c1eb8e8b190b191e02a4099,True
phase-a-v1/REPEATED_STRUCTURE/2/1/4,target_points.npy,5a2370828f962c6c4a315a81a530626ff3d9e658b87111c5e2d6c3932207596d,5a2370828f962c6c4a315a81a530626ff3d9e658b87111c5e2d6c3932207596d,True
phase-a-v1/REPEATED_STRUCTURE/2/1/4,reference_pose.npy,718399090a1166aeae27e2373ccdb6ac74c3d73fae4339d78a9237e1f04d4bdf,718399090a1166aeae27e2373ccdb6ac74c3d73fae4339d78a9237e1f04d4bdf,True
phase-a-v1/REPEATED_STRUCTURE/2/1/4,source_parent_target_indices.npy,93fcdd93a5e8937047c3798fb9690d7346d50dc09e110b9bd8e3f07c6a434663,93fcdd93a5e8937047c3798fb9690d7346d50dc09e110b9bd8e3f07c6a434663,True
