backend_input_checksum,correspondence_count,failure_reason,final_cost,final_transformation,finite_result,fitness,geometry_seed,initial_cost,initial_transformation,inlier_rmse,iteration_count,map_checksum,measurement_seed,noise_condition,reference_pose_checksum,registration_backend,repeat_index,rotation_error_deg,rotation_error_rad,rotation_x_rad,rotation_y_rad,rotation_z_rad,runtime_ms,scan_checksum,scene_variant,snapshot_id,solver_converged,solver_failure,termination_reason,translation_error_m,translation_x_m,translation_y_m,translation_z_m
23f7525a26ed44e4685ce2729f90498f55ee608a9ecd91f6238007c1fcb48218,44213,,0.3412902475282746,"[0.9999999994639445,-6.197775188702284e-06,-3.215118522277463e-05,-0.00025238663233286294,6.196933563773181e-06,0.9999999996381778,-2.617713787779866e-05,-0.00034299812548528006,3.2151347451157266e-05,2.617693862500744e-05,0.9999999991405294,1.4998853374774104,0.0,0.0,0.0,1.0]",True,,1850310744,0.3453033466091342,"[1.0,0.0,0.0,0.0,0.0,1.0,0.0,0.0,0.0,0.0,1.0,1.5,0.0,0.0,0.0,1.0]",,4,fb6a41a929c36a1f162248d610a2f4d0de4413447c8bb9c124e8000963841cfc,217775206,IDEAL_MATCHED,fbd9f078d7df255c76489939ee84731937c0239eec355c776e01b815b8445903,native_full,0,0.002401881488935,4.192074022461954e-05,2.617703825907008e-05,-3.215126634638277e-05,6.197354378052884e-06,662.0221829998627,c0bcee617e1009f4dc2a8810b8557cba014ff159c6b20f6906cdb428217ec8d9,GEOMETRY_RICH_ROOM,dev::GEOMETRY_RICH_ROOM::g1850310744::m217775206::r00::IDEAL_MATCHED,True,False,converged_step,0.000441014988808,-0.0002523866323328,-0.0003429981254852,-0.0001146625225896
23f7525a26ed44e4685ce2729f90498f55ee608a9ecd91f6238007c1fcb48218,44214,,0.3442233025686224,"[0.9999999997406177,-1.4290733466943864e-05,-1.7735265035993324e-05,-0.00026111641963167916,1.4290479175066009e-05,0.9999999997950983,-1.4338249574728443e-05,-0.00028065310858083195,1.7735469936462393e-05,1.4337996125573693e-05,0.9999999997399375,1.4998606251421316,0.0,0.0,0.0,1.0]",True,,1850310744,0.3453033466091342,"[1.0,0.0,0.0,0.0,0.0,1.0,0.0,0.0,0.0,0.0,1.0,1.5,0.0,0.0,0.0,1.0]",,2,fb6a41a929c36a1f162248d610a2f4d0de4413447c8bb9c124e8000963841cfc,217775206,IDEAL_MATCHED,fbd9f078d7df255c76489939ee84731937c0239eec355c776e01b815b8445903,native_frozen,0,0.0015420405783084,2.6913685290840636e-05,1.4338122851882032e-05,-1.773536748836895e-05,1.4290606322730164e-05,4.726647999632405,c0bcee617e1009f4dc2a8810b8557cba014ff159c6b20f6906cdb428217ec8d9,GEOMETRY_RICH_ROOM,dev::GEOMETRY_RICH_ROOM::g1850310744::m217775206::r00::IDEAL_MATCHED,True,False,converged_step,0.0004078888365268,-0.0002611164196316,-0.0002806531085808,-0.0001393748578684
23f7525a26ed44e4685ce2729f90498f55ee608a9ecd91f6238007c1fcb48218,44214,,1.573011805878439e-17,"[1.0,2.4558512801779566e-20,3.1331411858156e-20,3.202305317660959e-19,-2.4558512801779566e-20,1.0,6.286387743882803e-20,9.524789309306796e-20,-3.1331411858156e-20,-6.286387743882803e-20,1.0,1.5,0.0,0.0,0.0,1.0]",True,1.0,1850310744,,"[1.0,0.0,0.0,0.0,0.0,1.0,0.0,0.0,0.0,0.0,1.0,1.5,0.0,0.0,0.0,1.0]",1.573011805878439e-17,-1,fb6a41a929c36a1f162248d610a2f4d0de4413447c8bb9c124e8000963841cfc,217775206,IDEAL_MATCHED,fbd9f078d7df255c76489939ee84731937c0239eec355c776e01b815b8445903,open3d_full,0,4.26330076182417e-18,7.440863529661434e-20,-6.286387743882803e-20,3.1331411858156e-20,-2.4558512801779566e-20,37.41879600056564,c0bcee617e1009f4dc2a8810b8557cba014ff159c6b20f6906cdb428217ec8d9,GEOMETRY_RICH_ROOM,dev::GEOMETRY_RICH_ROOM::g1850310744::m217775206::r00::IDEAL_MATCHED,True,False,completed_finite_correspondences,3.340954274063999e-19,3.2023053176609593e-19,9.524789309306796e-20,0.0
c35a885446c786459f4828eaa74eea3c273064775494aca137446cd73b581931,44206,,0.7894715364690164,"[0.9999999996646812,1.5461366464533527e-05,-2.0774589829143113e-05,-0.0007028207836621265,-1.546197519598051e-05,0.9999999994511632,-2.9301890100803793e-05,-0.0003644695384487131,2.07741367704803e-05,2.9302211307170968e-05,0.9999999993549078,1.4997157074622092,0.0,0.0,0.0,1.0]",True,,1850310744,0.7937052109782118,"[1.0,0.0,0.0,0.0,0.0,1.0,0.0,0.0,0.0,0.0,1.0,1.5,0.0,0.0,0.0,1.0]",,2,fb6a41a929c36a1f162248d610a2f4d0de4413447c8bb9c124e8000963841cfc,217775206,INDEPENDENT_NOISE_FREE,fbd9f078d7df255c76489939ee84731937c0239eec355c776e01b815b8445903,native_full,0,0.0022405855864367,3.9105595656048566e-05,2.930205071145573e-05,-2.0774363305106564e-05,-1.5461670834197805e-05,511.0336970010394,ace67de1e4ff978cd29c56f96a66c4a4777292ceabf7f583b319ed4cecb1f1d7,GEOMETRY_RICH_ROOM,dev::GEOMETRY_RICH_ROOM::g1850310744::m217775206::r00::INDEPENDENT_NOISE_FREE,True,False,converged_step,0.0008411999437993,-0.0007028207836621,-0.0003644695384487,-0.0002842925377908
c35a885446c786459f4828eaa74eea3c273064775494aca137446cd73b581931,44206,,0.7895140639361728,"[0.9999999996739186,1.5012449350535804e-05,-2.065887790899247e-05,-0.0007019892939174279,-1.5013093098791746e-05,0.999999999401798,-3.116105065169204e-05,-0.00036670722254963234,2.0658410092939666e-05,3.116136079518836e-05,0.9999999993010998,1.4997123750117254,0.0,0.0,0.0,1.0]",True,,1850310744,0.7937052109782118,"[1.0,0.0,0.0,0.0,0.0,1.0,0.0,0.0,0.0,0.0,1.0,1.5,0.0,0.0,0.0,1.0]",,2,fb6a41a929c36a1f162248d610a2f4d0de4413447c8bb9c124e8000963841cfc,217775206,INDEPENDENT_NOISE_FREE,fbd9f078d7df255c76489939ee84731937c0239eec355c776e01b815b8445903,native_frozen,0,0.0023083755062737,4.028875295686809e-05,3.1161205731870256e-05,-2.0658644006554865e-05,-1.5012771228725186e-05,5.785223000202677,ace67de1e4ff978cd29c56f96a66c4a4777292ceabf7f583b319ed4cecb1f1d7,GEOMETRY_RICH_ROOM,dev::GEOMETRY_RICH_ROOM::g1850310744::m217775206::r00::INDEPENDENT_NOISE_FREE,True,False,converged_step,0.0008426098087043,-0.0007019892939174,-0.0003667072225496,-0.0002876249882746
c35a885446c786459f4828eaa74eea3c273064775494aca137446cd73b581931,44214,,0.0392692328220889,"[0.9999999714536225,3.237393317731388e-05,0.0002367375819095085,-0.0008755431605713774,-3.2372916331791655e-05,0.999999999466756,-4.299074022444356e-06,-0.00024658154095028246,-0.0002367377209612048,4.291410013789619e-06,0.9999999719684173,1.499705242276627,0.0,0.0,0.0,1.0]",True,1.0,1850310744,,"[1.0,0.0,0.0,0.0,0.0,1.0,0.0,0.0,0.0,0.0,1.0,1.5,0.0,0.0,0.0,1.0]",0.0392692328220889,-1,fb6a41a929c36a1f162248d610a2f4d0de4413447c8bb9c124e8000963841cfc,217775206,INDEPENDENT_NOISE_FREE,fbd9f078d7df255c76489939ee84731937c0239eec355c776e01b815b8445903,open3d_full,0,0.0136925171007863,0.0002389795062943,4.295242059001396e-06,0.0002367376536887,-3.237342506270032e-05,90.36777900109882,ace67de1e4ff978cd29c56f96a66c4a4777292ceabf7f583b319ed4cecb1f1d7,GEOMETRY_RICH_ROOM,dev::GEOMETRY_RICH_ROOM::g1850310744::m217775206::r00::INDEPENDENT_NOISE_FREE,True,False,completed_finite_correspondences,0.0009561696490941,-0.0008755431605713,-0.0002465815409502,-0.0002947577233729
63bff07661eb5a81c2bf99d9db095553fbca5f173089864c3e1ce203e933885f,44208,,0.9851861826615708,"[0.9999999998386798,-1.1028548326082477e-06,-1.792830450334201e-05,-0.0007478611413357115,1.1022840148645947e-06,0.9999999994925349,-3.183889261289895e-05,-0.0003900852326668663,1.7928339607920604e-05,3.183887284567923e-05,0.9999999993324304,1.4997447967358937,0.0,0.0,0.0,1.0]",True,,1850310744,0.9911668535499782,"[1.0,0.0,0.0,0.0,0.0,1.0,0.0,0.0,0.0,0.0,1.0,1.5,0.0,0.0,0.0,1.0]",,2,fb6a41a929c36a1f162248d610a2f4d0de4413447c8bb9c124e8000963841cfc,217775206,SCAN_NOISE_ONLY,fbd9f078d7df255c76489939ee84731937c0239eec355c776e01b815b8445903,native_full,0,0.0020945152592888,3.655618750785287e-05,3.183888273638043e-05,-1.7928322059624407e-05,1.102569423981992e-06,507.6292529993225,831570eb57126cdda0b2d036b8f8b122a6faaa1d6be3c6e99dfddec8fb4e8336,GEOMETRY_RICH_ROOM,dev::GEOMETRY_RICH_ROOM::g1850310744::m217775206::r00::SCAN_NOISE_ONLY,True,False,converged_step,0.000881244280251,-0.0007478611413357,-0.0003900852326668,-0.0002552032641063
63bff07661eb5a81c2bf99d9db095553fbca5f173089864c3e1ce203e933885f,44207,,0.9867636387874432,"[0.9999999998576639,1.020498725393851e-06,-1.6841343257026915e-05,-0.0007504962432792791,-1.0210662881584265e-06,0.9999999994316139,-3.370058971045879e-05,-0.000391273819219575,1.6841308856045686e-05,3.370060690178983e-05,0.9999999992903197,1.499738201217774,0.0,0.0,0.0,1.0]",True,,1850310744,0.9911668535499782,"[1.0,0.0,0.0,0.0,0.0,1.0,0.0,0.0,0.0,0.0,1.0,1.5,0.0,0.0,0.0,1.0]",,2,fb6a41a929c36a1f162248d610a2f4d0de4413447c8bb9c124e8000963841cfc,217775206,SCAN_NOISE_ONLY,fbd9f078d7df255c76489939ee84731937c0239eec355c776e01b815b8445903,native_frozen,0,0.0021593764453216,3.768822876087402e-05,3.370059831410238e-05,-1.6841326060523213e-05,-1.0207825070177926e-06,5.020128999603912,831570eb57126cdda0b2d036b8f8b122a6faaa1d6be3c6e99dfddec8fb4e8336,GEOMETRY_RICH_ROOM,dev::GEOMETRY_RICH_ROOM::g1850310744::m217775206::r00::SCAN_NOISE_ONLY,True,False,converged_step,0.0008859336403805,-0.0007504962432792,-0.0003912738192195,-0.0002617987822259
63bff07661eb5a81c2bf99d9db095553fbca5f173089864c3e1ce203e933885f,44214,,0.0395880212861483,"[0.9999999733200835,2.8378478575231153e-05,0.00022924766974234808,-0.0009112551726933753,-2.8378346040014282e-05,0.9999999995971659,-5.813839551611066e-07,-0.0002459791949060357,-0.0002292476861487914,5.748782699490159e-07,0.9999999737225836,1.4997536785563028,0.0,0.0,0.0,1.0]",True,1.0,1850310744,,"[1.0,0.0,0.0,0.0,0.0,1.0,0.0,0.0,0.0,0.0,1.0,1.5,0.0,0.0,0.0,1.0]",0.0395880212861483,-1,fb6a41a929c36a1f162248d610a2f4d0de4413447c8bb9c124e8000963841cfc,217775206,SCAN_NOISE_ONLY,fbd9f078d7df255c76489939ee84731937c0239eec355c776e01b815b8445903,open3d_full,0,0.0132352217999373,0.0002309981976406,5.781311176965901e-07,0.0002292476799843,-2.837841256000219e-05,139.60066999970877,831570eb57126cdda0b2d036b8f8b122a6faaa1d6be3c6e99dfddec8fb4e8336,GEOMETRY_RICH_ROOM,dev::GEOMETRY_RICH_ROOM::g1850310744::m217775206::r00::SCAN_NOISE_ONLY,True,False,completed_finite_correspondences,0.000975482448695,-0.0009112551726933,-0.000245979194906,-0.0002463214436971
ea93ff752323b8e47622c8ad304d04d8e3d69c065a620108103ca388a20221ce,44211,,0.7920520141562396,"[0.9999999997450453,9.979181960920119e-06,-2.0256492419249836e-05,-0.000667312840362438,-9.979846250594148e-06,0.9999999994124755,-3.2794078011359564e-05,-0.00034645720382080685,2.0256165149276935e-05,3.279428015967848e-05,0.9999999992571115,1.49972415000989,0.0,0.0,0.0,1.0]",True,,1850310744,0.7991819016828515,"[1.0,0.0,0.0,0.0,0.0,1.0,0.0,0.0,0.0,0.0,1.0,1.5,0.0,0.0,0.0,1.0]",,2,8b785fce000a6627d3d6d439ea312957c6f0d2cb2f64b2db3619aa688adc09bd,217775206,MAP_NOISE_ONLY,fbd9f078d7df255c76489939ee84731937c0239eec355c776e01b815b8445903,native_full,0,0.0022813275269177,3.981667666109357e-05,3.279417909418416e-05,-2.0256328789615675e-05,-9.979514108394e-06,447.0048149996728,ace67de1e4ff978cd29c56f96a66c4a4777292ceabf7f583b319ed4cecb1f1d7,GEOMETRY_RICH_ROOM,dev::GEOMETRY_RICH_ROOM::g1850310744::m217775206::r00::MAP_NOISE_ONLY,True,False,converged_step,0.0008008946485247,-0.0006673128403624,-0.0003464572038208,-0.00027584999011
ea93ff752323b8e47622c8ad304d04d8e3d69c065a620108103ca388a20221ce,44211,,0.7952660011334849,"[0.9999999996781523,1.3641534162551609e-05,-2.1391678201508237e-05,-0.0006787329592339845,-1.3642227112168753e-05,0.9999999993822719,-3.2393608704079796e-05,-0.00035067908968128264,2.139123628977421e-05,3.2393900523786325e-05,0.9999999992465252,1.4997241235619354,0.0,0.0,0.0,1.0]",True,,1850310744,0.7991819016828515,"[1.0,0.0,0.0,0.0,0.0,1.0,0.0,0.0,0.0,0.0,1.0,1.5,0.0,0.0,0.0,1.0]",,2,8b785fce000a6627d3d6d439ea312957c6f0d2cb2f64b2db3619aa688adc09bd,217775206,MAP_NOISE_ONLY,fbd9f078d7df255c76489939ee84731937c0239eec355c776e01b815b8445903,native_frozen,0,0.0023575320896904,4.114669718652108e-05,3.239375462307377e-05,-2.139145725167736e-05,-1.3641880641209582e-05,5.317216000548797,ace67de1e4ff978cd29c56f96a66c4a4777292ceabf7f583b319ed4cecb1f1d7,GEOMETRY_RICH_ROOM,dev::GEOMETRY_RICH_ROOM::g1850310744::m217775206::r00::MAP_NOISE_ONLY,True,False,converged_step,0.0008122573871436,-0.0006787329592339,-0.0003506790896812,-0.0002758764380645
ea93ff752323b8e47622c8ad304d04d8e3d69c065a620108103ca388a20221ce,44214,,0.0393156826900086,"[0.9999999709782381,3.303800917949425e-05,0.000238646209263009,-0.0008050767200055607,-3.303621020276071e-05,0.9999999994258622,-7.542196206509992e-06,-0.00023371187519747113,-0.00023864645830514063,7.5343120212888665e-06,0.9999999714955508,1.499716374868607,0.0,0.0,0.0,1.0]",True,1.0,1850310744,,"[1.0,0.0,0.0,0.0,0.0,1.0,0.0,0.0,0.0,0.0,1.0,1.5,0.0,0.0,0.0,1.0]",0.0393156826900086,-1,8b785fce000a6627d3d6d439ea312957c6f0d2cb2f64b2db3619aa688adc09bd,217775206,MAP_NOISE_ONLY,fbd9f078d7df255c76489939ee84731937c0239eec355c776e01b815b8445903,open3d_full,0,0.0138105827811343,0.00024104014115,7.538254186895296e-06,0.0002386463360949,-3.3037110011038753e-05,52.43841199990129,ace67de1e4ff978cd29c56f96a66c4a4777292ceabf7f583b319ed4cecb1f1d7,GEOMETRY_RICH_ROOM,dev::GEOMETRY_RICH_ROOM::g1850310744::m217775206::r00::MAP_NOISE_ONLY,True,False,completed_finite_correspondences,0.0008849932094998,-0.0008050767200055,-0.0002337118751974,-0.0002836251313929
701c4f294f837ad8776bc390390bcdf6e287d1c688c17ed9a96439fcb9f88f39,43757,,0.7824175890074355,"[0.9999999996809698,1.4165740227355908e-05,-2.091392683483649e-05,-0.0006920787090189742,-1.4166353637489878e-05,0.999999999469522,-2.9330366025095713e-05,-0.0003662427797110826,2.091351133739623e-05,2.933066228982193e-05,0.9999999993511687,1.4997149264303613,0.0,0.0,0.0,1.0]",True,,1850310744,0.7865507552241958,"[1.0,0.0,0.0,0.0,0.0,1.0,0.0,0.0,0.0,0.0,1.0,1.5,0.0,0.0,0.0,1.0]",,2,fb6a41a929c36a1f162248d610a2f4d0de4413447c8bb9c124e8000963841cfc,217775206,DROPOUT_ONLY,fbd9f078d7df255c76489939ee84731937c0239eec355c776e01b815b8445903,native_full,0,0.0022178274799926,3.870839176708106e-05,2.9330514164783333e-05,-2.0913719091339e-05,-1.4166046935960484e-05,376.41454199911095,8cac379680166a4b855d8a0c643fe25f7156b52402b6e37f382cb7c20e2d1a09,GEOMETRY_RICH_ROOM,dev::GEOMETRY_RICH_ROOM::g1850310744::m217775206::r00::DROPOUT_ONLY,True,False,converged_step,0.0008332908575488,-0.0006920787090189,-0.000366242779711,-0.0002850735696386
701c4f294f837ad8776bc390390bcdf6e287d1c688c17ed9a96439fcb9f88f39,43757,,0.7824605507341035,"[0.9999999996896956,1.3721221127868257e-05,-2.079271386716884e-05,-0.0006912563987883405,-1.3721869757694634e-05,0.9999999994192839,-3.119523217110028e-05,-0.00036849697359907257,2.079228581841542e-05,3.1195517476331854e-05,0.9999999992972602,1.4997115817654125,0.0,0.0,0.0,1.0]",True,,1850310744,0.7865507552241958,"[1.0,0.0,0.0,0.0,0.0,1.0,0.0,0.0,0.0,0.0,1.0,1.5,0.0,0.0,0.0,1.0]",,2,fb6a41a929c36a1f162248d610a2f4d0de4413447c8bb9c124e8000963841cfc,217775206,DROPOUT_ONLY,fbd9f078d7df255c76489939ee84731937c0239eec355c776e01b815b8445903,native_frozen,0,0.0022873579378189,3.992192718656824e-05,3.1195374832002393e-05,-2.079249984831517e-05,-1.3721545446426256e-05,4.276432999176905,8cac379680166a4b855d8a0c643fe25f7156b52402b6e37f382cb7c20e2d1a09,GEOMETRY_RICH_ROOM,dev::GEOMETRY_RICH_ROOM::g1850310744::m217775206::r00::DROPOUT_ONLY,True,False,converged_step,0.0008347517633764,-0.0006912563987883,-0.000368496973599,-0.0002884182345874
701c4f294f837ad8776bc390390bcdf6e287d1c688c17ed9a96439fcb9f88f39,43765,,0.0392655014490977,"[0.9999999720049254,2.956902492173045e-05,0.00023476758929821462,-0.0008726563375920001,-2.9568085912960003e-05,0.9999999995548513,-4.0032074760025975e-06,-0.00024752935124534083,-0.00023476770756464976,3.996265735682559e-06,0.9999999724340763,1.4997089684130178,0.0,0.0,0.0,1.0]",True,1.0,1850310744,,"[1.0,0.0,0.0,0.0,0.0,1.0,0.0,0.0,0.0,0.0,1.0,1.5,0.0,0.0,0.0,1.0]",0.0392655014490977,-1,fb6a41a929c36a1f162248d610a2f4d0de4413447c8bb9c124e8000963841cfc,217775206,DROPOUT_ONLY,fbd9f078d7df255c76489939ee84731937c0239eec355c776e01b815b8445903,open3d_full,0,0.0135594002643879,0.0002366561792093,3.999736643177551e-06,0.0002347676506228,-2.956855569334871e-05,68.71637100084627,8cac379680166a4b855d8a0c643fe25f7156b52402b6e37f382cb7c20e2d1a09,GEOMETRY_RICH_ROOM,dev::GEOMETRY_RICH_ROOM::g1850310744::m217775206::r00::DROPOUT_ONLY,True,False,completed_finite_correspondences,0.0009526275494067,-0.000872656337592,-0.0002475293512453,-0.0002910315869821
fd9ec88313ef16d2af6e85ec1531a33e56237692f72661525e4d32eae077de81,43794,,0.9859685509017512,"[0.9999999999334543,5.084136595674854e-06,-1.0355814674456415e-05,-0.0007024655745860228,-5.0845633361085595e-06,0.9999999991380157,-4.1208199568199595e-05,-0.00038950879485899416,1.03556051574144e-05,4.120825222025298e-05,0.9999999990973207,1.4997180132765444,0.0,0.0,0.0,1.0]",True,,1850310744,0.9900851693602312,"[1.0,0.0,0.0,0.0,0.0,1.0,0.0,0.0,0.0,0.0,1.0,1.5,0.0,0.0,0.0,1.0]",,3,5dfa3875dfc12332d3c365e56c175ffdb034644ff2397d36516ae6d645315ae0,217775206,FULL_NOISE,fbd9f078d7df255c76489939ee84731937c0239eec355c776e01b815b8445903,native_full,0,0.0024518371217765,4.279263049762217e-05,4.120822590680309e-05,-1.0355709919095986e-05,-5.084349967443458e-06,595.469273001072,007cb6bb8aa0f2901bafcc1d54d0091205f9907a505f66fb53f44128df4df29a,GEOMETRY_RICH_ROOM,dev::GEOMETRY_RICH_ROOM::g1850310744::m217775206::r00::FULL_NOISE,True,False,converged_step,0.0008512881397953,-0.000702465574586,-0.0003895087948589,-0.0002819867234555
fd9ec88313ef16d2af6e85ec1531a33e56237692f72661525e4d32eae077de81,43794,,0.9857628821272748,"[0.9999999999528433,7.049854308875526e-06,-6.679293917687033e-06,-0.0007194625292790331,-7.050139860532807e-06,0.9999999990612505,-4.275271404217257e-05,-0.00038602549955201533,6.678992511011543e-06,4.275276113011278e-05,0.9999999990637962,1.499715966055096,0.0,0.0,0.0,1.0]",True,,1850310744,0.9900851693602312,"[1.0,0.0,0.0,0.0,0.0,1.0,0.0,0.0,0.0,0.0,1.0,1.5,0.0,0.0,0.0,1.0]",,2,5dfa3875dfc12332d3c365e56c175ffdb034644ff2397d36516ae6d645315ae0,217775206,FULL_NOISE,fbd9f078d7df255c76489939ee84731937c0239eec355c776e01b815b8445903,native_frozen,0,0.0025119543915459,4.384187479240828e-05,4.275273759983859e-05,-6.679143216488964e-06,-7.049997086962645e-06,5.767492000813945,007cb6bb8aa0f2901bafcc1d54d0091205f9907a505f66fb53f44128df4df29a,GEOMETRY_RICH_ROOM,dev::GEOMETRY_RICH_ROOM::g1850310744::m217775206::r00::FULL_NOISE,True,False,converged_step,0.000864475158231,-0.000719462529279,-0.000386025499552,-0.0002840339449039
fd9ec88313ef16d2af6e85ec1531a33e56237692f72661525e4d32eae077de81,43797,,0.0396555499204402,"[0.9999999705670128,3.0480665963314317e-05,0.00024070085661481591,-0.0007845217050135115,-3.0479657809693842e-05,0.9999999995267084,-4.19207607232122e-06,-0.00027587654704288255,-0.00024070098427816475,4.184739469191778e-06,0.9999999710227617,1.4997274123154032,0.0,0.0,0.0,1.0]",True,1.0,1850310744,,"[1.0,0.0,0.0,0.0,0.0,1.0,0.0,0.0,0.0,0.0,1.0,1.5,0.0,0.0,0.0,1.0]",0.0396555499204402,-1,5dfa3875dfc12332d3c365e56c175ffdb034644ff2397d36516ae6d645315ae0,217775206,FULL_NOISE,fbd9f078d7df255c76489939ee84731937c0239eec355c776e01b815b8445903,open3d_full,0,0.0139033515550567,0.000242659261698,4.188407811861196e-06,0.0002407009228087,-3.048016218563394e-05,64.48505899970769,007cb6bb8aa0f2901bafcc1d54d0091205f9907a505f66fb53f44128df4df29a,GEOMETRY_RICH_ROOM,dev::GEOMETRY_RICH_ROOM::g1850310744::m217775206::r00::FULL_NOISE,True,False,completed_finite_correspondences,0.0008751492562068,-0.0007845217050135,-0.0002758765470428,-0.0002725876845968
1fe54094e3c15801b0340686b6cbe80784e8fa32758558e7741c1c87ea7f163d,47818,,1.8228909287069848,"[0.9999999999957804,-2.9038390273988185e-06,-8.343027875020565e-08,0.237706172746445,2.903847694559433e-06,0.99999999458013,0.00010407356803420959,0.00017361139632866696,8.312806540944601e-08,-0.00010407356827603925,0.9999999945843427,1.5002000619353524,0.0,0.0,0.0,1.0]",True,,1850310744,0.3226421923340457,"[1.0,0.0,0.0,0.0,0.0,1.0,0.0,0.0,0.0,0.0,1.0,1.5,0.0,0.0,0.0,1.0]",,10,c58b185c2a48ae6373907aef708939a1571a34607f7ebf8bf30bb3805984c6bd,217775206,IDEAL_MATCHED,fbd9f078d7df255c76489939ee84731937c0239eec355c776e01b815b8445903,native_full,0,0.0059652988068795,0.0001041141050453,-0.0001040735683431,-8.327917223028003e-08,2.9038433662252803e-06,1446.8588769996131,573d3845f7b85fd10b4fae87b94f51ed9dcb9e3e0e78c71d7f0d842d9406e67d,LONG_CORRIDOR,dev::LONG_CORRIDOR::g1850310744::m217775206::r00::IDEAL_MATCHED,True,False,converged_step,0.2377063203355301,0.237706172746445,0.0001736113963286,0.0002000619353523
1fe54094e3c15801b0340686b6cbe80784e8fa32758558e7741c1c87ea7f163d,47818,,0.3119921764148324,"[0.9999999999863904,3.058724832568242e-06,4.226505087333203e-06,0.04395315461582898,-3.058632546052595e-06,0.9999999997569384,-2.1835017800357783e-05,0.00013991961694254478,-4.226571873617068e-06,2.1835004872734605e-05,0.9999999997526843,1.500072074820725,0.0,0.0,0.0,1.0]",True,,1850310744,0.3226421923340457,"[1.0,0.0,0.0,0.0,0.0,1.0,0.0,0.0,0.0,0.0,1.0,1.5,0.0,0.0,0.0,1.0]",,7,c58b185c2a48ae6373907aef708939a1571a34607f7ebf8bf30bb3805984c6bd,217775206,IDEAL_MATCHED,fbd9f078d7df255c76489939ee84731937c0239eec355c776e01b815b8445903,native_frozen,0,0.0012862702959289,2.244965173456255e-05,2.1835011338380288e-05,4.226538480830155e-06,-3.058678689567341e-06,10.468783999385778,573d3845f7b85fd10b4fae87b94f51ed9dcb9e3e0e78c71d7f0d842d9406e67d,LONG_CORRIDOR,dev::LONG_CORRIDOR::g1850310744::m217775206::r00::IDEAL_MATCHED,True,False,converged_step,0.0439534364181227,0.0439531546158289,0.0001399196169425,7.207482072502103e-05
1fe54094e3c15801b0340686b6cbe80784e8fa32758558e7741c1c87ea7f163d,47818,,2.0572955577901465e-17,"[1.0,2.59210601333998e-22,1.0399767171070637e-22,-4.299089658294381e-17,-2.59210601333998e-22,1.0,6.11683020808095e-20,-5.749238768999526e-19,-1.0399767171070637e-22,-6.11683020808095e-20,1.0,1.5,0.0,0.0,0.0,1.0]",True,1.0,1850310744,,"[1.0,0.0,0.0,0.0,0.0,1.0,0.0,0.0,0.0,0.0,1.0,1.5,0.0,0.0,0.0,1.0]",2.0572955577901465e-17,-1,c58b185c2a48ae6373907aef708939a1571a34607f7ebf8bf30bb3805984c6bd,217775206,IDEAL_MATCHED,fbd9f078d7df255c76489939ee84731937c0239eec355c776e01b815b8445903,open3d_full,0,3.50472208260533e-18,6.116893970881568e-20,-6.116830208080951e-20,1.0399767171070636e-22,-2.59210601333998e-22,33.927227999811294,573d3845f7b85fd10b4fae87b94f51ed9dcb9e3e0e78c71d7f0d842d9406e67d,LONG_CORRIDOR,dev::LONG_CORRIDOR::g1850310744::m217775206::r00::IDEAL_MATCHED,True,False,completed_finite_correspondences,4.299474068382783e-17,-4.2990896582943807e-17,-5.749238768999526e-19,0.0
2a5378031b34127072456dc8666514978ed51c399ce4c428e071f7e2a8d5704e,47805,,0.897285066515313,"[0.9999999999938407,1.5863310491367798e-06,-3.1308368397824654e-06,-0.14682344513074413,-1.5853794505609858e-06,0.9999999538149242,0.000303920443457276,0.0001915183122953665,3.131318813620453e-06,-0.00030392043849183963,0.9999999538112799,1.5001378379225403,0.0,0.0,0.0,1.0]",True,,1850310744,0.5820521390614054,"[1.0,0.0,0.0,0.0,0.0,1.0,0.0,0.0,0.0,0.0,1.0,1.5,0.0,0.0,0.0,1.0]",,15,c58b185c2a48ae6373907aef708939a1571a34607f7ebf8bf30bb3805984c6bd,217775206,INDEPENDENT_NOISE_FREE,fbd9f078d7df255c76489939ee84731937c0239eec355c776e01b815b8445903,native_full,0,0.0174145199689996,0.0003039407111133,-0.0003039204456539,-3.131077874909598e-06,-1.585855274265756e-06,2037.0908280001456,054e8e866781f3f22e33f31cefd92c967b94ab8f1be4558658639d42a53d8504,LONG_CORRIDOR,dev::LONG_CORRIDOR::g1850310744::m217775206::r00::INDEPENDENT_NOISE_FREE,True,False,converged_step,0.1468236347412005,-0.1468234451307441,0.0001915183122953,0.0001378379225402
2a5378031b34127072456dc8666514978ed51c399ce4c428e071f7e2a8d5704e,47805,,0.5520705316214131,"[0.9999999999970792,-1.590275891187819e-06,1.820063499717424e-06,0.032282337383107214,1.5900924374085875e-06,0.9999999949193404,0.000100790826393559,3.93338037507971e-05,-1.8202237756915674e-06,-0.0001007908234991954,0.9999999949189483,1.500439846643098,0.0,0.0,0.0,1.0]",True,,1850310744,0.5820521390614054,"[1.0,0.0,0.0,0.0,0.0,1.0,0.0,0.0,0.0,0.0,1.0,1.5,0.0,0.0,0.0,1.0]",,4,c58b185c2a48ae6373907aef708939a1571a34607f7ebf8bf30bb3805984c6bd,217775206,INDEPENDENT_NOISE_FREE,fbd9f078d7df255c76489939ee84731937c0239eec355c776e01b815b8445903,native_frozen,0,0.0057765490212116,0.0001008197998229,-0.0001007908251171,1.8201436407880107e-06,1.5901841669921426e-06,8.116061000691843,054e8e866781f3f22e33f31cefd92c967b94ab8f1be4558658639d42a53d8504,LONG_CORRIDOR,dev::LONG_CORRIDOR::g1850310744::m217775206::r00::INDEPENDENT_NOISE_FREE,True,False,converged_step,0.0322853576584544,0.0322823373831072,3.93338037507971e-05,0.0004398466430979
2a5378031b34127072456dc8666514978ed51c399ce4c428e071f7e2a8d5704e,47805,,0.0316073232856287,"[0.9999999999988074,-7.724389983675894e-07,1.3373314791492663e-06,0.10996936357467374,7.716157123860633e-07,0.9999998105739734,0.0006155090755206588,8.029722310218485e-05,-1.3378066690376602e-06,-0.0006155090744880188,0.9999998105733766,1.5003717037599638,0.0,0.0,0.0,1.0]",True,1.0,1850310744,,"[1.0,0.0,0.0,0.0,0.0,1.0,0.0,0.0,0.0,0.0,1.0,1.5,0.0,0.0,0.0,1.0]",0.0316073232856287,-1,c58b185c2a48ae6373907aef708939a1571a34607f7ebf8bf30bb3805984c6bd,217775206,INDEPENDENT_NOISE_FREE,fbd9f078d7df255c76489939ee84731937c0239eec355c776e01b815b8445903,open3d_full,0,0.0352661854878485,0.0006155110513819,-0.000615509113869,1.337569158550667e-06,7.720274041244184e-07,101.71594799976448,054e8e866781f3f22e33f31cefd92c967b94ab8f1be4558658639d42a53d8504,LONG_CORRIDOR,dev::LONG_CORRIDOR::g1850310744::m217775206::r00::INDEPENDENT_NOISE_FREE,True,False,completed_finite_correspondences,0.1099700210800561,0.1099693635746737,8.029722310218485e-05,0.0003717037599637
72e780c1915f8fb5bd3cf1feefe1d6c299363ae842c7bd2e51fd69a5752b22cf,47805,iteration_limit,0.7989226367510253,"[0.9999999999944141,2.651626412571937e-06,-2.0348540465225195e-06,-0.005311352791857141,-2.6517534716656333e-06,0.9999999980468627,-6.244391733744884e-05,-0.00010450644856108805,2.0346884646076537e-06,6.244392273303131e-05,0.9999999980483083,1.5003750325449172,0.0,0.0,0.0,1.0]",True,,1850310744,0.7953219499301711,"[1.0,0.0,0.0,0.0,0.0,1.0,0.0,0.0,0.0,0.0,1.0,1.5,0.0,0.0,0.0,1.0]",,20,c58b185c2a48ae6373907aef708939a1571a34607f7ebf8bf30bb3805984c6bd,217775206,SCAN_NOISE_ONLY,fbd9f078d7df255c76489939ee84731937c0239eec355c776e01b815b8445903,native_full,0,0.0035828947642113,6.253331038795387e-05,6.244392007593701e-05,-2.03477125689122e-06,-2.6516899438469864e-06,2865.412015999027,e1910dd31c40b743e626c72bf9cd1789ccde0c863e7500c3a726dc342a40c60c,LONG_CORRIDOR,dev::LONG_CORRIDOR::g1850310744::m217775206::r00::SCAN_NOISE_ONLY,False,True,iteration_limit,0.0053256022652003,-0.0053113527918571,-0.000104506448561,0.0003750325449172
72e780c1915f8fb5bd3cf1feefe1d6c299363ae842c7bd2e51fd69a5752b22cf,47805,,0.7814031253428386,"[0.9999999999988107,-3.7630711669301084e-07,1.495604585373918e-06,0.022099197628271595,3.76148439349382e-07,0.9999999943719216,0.00010609436995711883,0.00018494123255577253,-1.4956445010229939e-06,-0.00010609436939442332,0.999999994370874,1.5003855762331784,0.0,0.0,0.0,1.0]",True,,1850310744,0.7953219499301711,"[1.0,0.0,0.0,0.0,0.0,1.0,0.0,0.0,0.0,0.0,1.0,1.5,0.0,0.0,0.0,1.0]",,4,c58b185c2a48ae6373907aef708939a1571a34607f7ebf8bf30bb3805984c6bd,217775206,SCAN_NOISE_ONLY,fbd9f078d7df255c76489939ee84731937c0239eec355c776e01b815b8445903,native_frozen,0,0.0060794018228644,0.0001061055783607,-0.0001060943698748,1.4956245460048442e-06,3.7622777872714985e-07,7.066430998747819,e1910dd31c40b743e626c72bf9cd1789ccde0c863e7500c3a726dc342a40c60c,LONG_CORRIDOR,dev::LONG_CORRIDOR::g1850310744::m217775206::r00::SCAN_NOISE_ONLY,True,False,converged_step,0.0221033347733887,0.0220991976282715,0.0001849412325557,0.0003855762331783
72e780c1915f8fb5bd3cf1feefe1d6c299363ae842c7bd2e51fd69a5752b22cf,47805,,0.0314338973235093,"[0.9999999999997776,-9.305296170605973e-09,6.667774859824973e-07,0.10888662167159098,8.892859921158124e-09,0.9999998086986208,0.0006185488832570431,7.046198197519632e-05,-6.667831142075985e-07,-0.0006185488832509758,0.9999998086983988,1.5003692320425486,0.0,0.0,0.0,1.0]",True,1.0,1850310744,,"[1.0,0.0,0.0,0.0,0.0,1.0,0.0,0.0,0.0,0.0,1.0,1.5,0.0,0.0,0.0,1.0]",0.0314338973235093,-1,c58b185c2a48ae6373907aef708939a1571a34607f7ebf8bf30bb3805984c6bd,217775206,SCAN_NOISE_ONLY,fbd9f078d7df255c76489939ee84731937c0239eec355c776e01b815b8445903,open3d_full,0,0.0354402632880572,0.0006185492821502,-0.0006185489226971,6.667803426137644e-07,9.099078626104829e-09,130.97100900085934,e1910dd31c40b743e626c72bf9cd1789ccde0c863e7500c3a726dc342a40c60c,LONG_CORRIDOR,dev::LONG_CORRIDOR::g1850310744::m217775206::r00::SCAN_NOISE_ONLY,True,False,completed_finite_correspondences,0.1088872704968048,0.1088866216715909,7.046198197519632e-05,0.0003692320425485
01a7f4a626d07e8f7ca6be2f28d9388faa49c6f53e50c93a9d5d81dc45940ae4,47805,iteration_limit,0.8507667880218981,"[0.9999999999929796,-9.597819572761776e-07,3.622105118183703e-06,-0.1597116144320695,9.593503150735345e-07,0.9999999928991531,0.00011916699820402054,0.00023203825814272774,-3.622219466798468e-06,-0.00011916699472831625,0.9999999928930534,1.500027500332425,0.0,0.0,0.0,1.0]",True,,1850310744,0.5853682283588592,"[1.0,0.0,0.0,0.0,0.0,1.0,0.0,0.0,0.0,0.0,1.0,1.5,0.0,0.0,0.0,1.0]",,20,5f9f12856dbfb9b5fa086b4a5b277b3ac40335975f0adcb650c527d7149290f6,217775206,MAP_NOISE_ONLY,fbd9f078d7df255c76489939ee84731937c0239eec355c776e01b815b8445903,native_full,0,0.0068311405687215,0.0001192258945907,-0.0001191669967484,3.62216230107248e-06,9.595661384481985e-07,3970.6475060011135,054e8e866781f3f22e33f31cefd92c967b94ab8f1be4558658639d42a53d8504,LONG_CORRIDOR,dev::LONG_CORRIDOR::g1850310744::m217775206::r00::MAP_NOISE_ONLY,False,True,iteration_limit,0.1597117853588756,-0.1597116144320695,0.0002320382581427,2.750033242504557e-05
01a7f4a626d07e8f7ca6be2f28d9388faa49c6f53e50c93a9d5d81dc45940ae4,47805,,0.5542142710453147,"[0.9999999999965699,-2.198124548554947e-06,1.4242872842812163e-06,0.032237761932817376,2.1979283331926372e-06,0.9999999905101561,0.0001377492533675011,7.495041311517768e-05,-1.4245900607803247e-06,-0.00013774925023654722,0.9999999905115573,1.5004387947555597,0.0,0.0,0.0,1.0]",True,,1850310744,0.5853682283588592,"[1.0,0.0,0.0,0.0,0.0,1.0,0.0,0.0,0.0,0.0,1.0,1.5,0.0,0.0,0.0,1.0]",,4,5f9f12856dbfb9b5fa086b4a5b277b3ac40335975f0adcb650c527d7149290f6,217775206,MAP_NOISE_ONLY,fbd9f078d7df255c76489939ee84731937c0239eec355c776e01b815b8445903,native_frozen,0,0.0078938774103438,0.0001377741515593,-0.0001377492522378,1.4244386770371524e-06,2.1980264478275112e-06,9.521442001641844,054e8e866781f3f22e33f31cefd92c967b94ab8f1be4558658639d42a53d8504,LONG_CORRIDOR,dev::LONG_CORRIDOR::g1850310744::m217775206::r00::MAP_NOISE_ONLY,True,False,converged_step,0.0322408351758905,0.0322377619328173,7.495041311517768e-05,0.0004387947555597
01a7f4a626d07e8f7ca6be2f28d9388faa49c6f53e50c93a9d5d81dc45940ae4,47805,,0.0313354147759864,"[0.9999999999980861,-1.7310290675229341e-06,9.118414784594764e-07,0.10936467690734367,1.7304554994200384e-06,0.9999998024002025,0.000628646611012543,6.258256349878286e-05,-9.129295038366484e-07,-0.0006286466094334389,0.999999802401284,1.5003711320719872,0.0,0.0,0.0,1.0]",True,1.0,1850310744,,"[1.0,0.0,0.0,0.0,0.0,1.0,0.0,0.0,0.0,0.0,1.0,1.5,0.0,0.0,0.0,1.0]",0.0313354147759864,-1,5f9f12856dbfb9b5fa086b4a5b277b3ac40335975f0adcb650c527d7149290f6,217775206,MAP_NOISE_ONLY,fbd9f078d7df255c76489939ee84731937c0239eec355c776e01b815b8445903,open3d_full,0,0.036018974383975,0.0006286496961918,-0.0006286466516298,9.123855512439232e-07,1.7307423974698438e-06,115.06224899858351,054e8e866781f3f22e33f31cefd92c967b94ab8f1be4558658639d42a53d8504,LONG_CORRIDOR,dev::LONG_CORRIDOR::g1850310744::m217775206::r00::MAP_NOISE_ONLY,True,False,completed_finite_correspondences,0.1093653245349721,0.1093646769073436,6.258256349878286e-05,0.0003711320719872
54d9862143094f1ac3e2cf17d8bb721c010b25ff3a7493a0c90200cb94d84c8f,47306,,0.8834540615109885,"[0.9999999999944491,1.5633514992361459e-06,-2.9423940507688e-06,-0.1467070041361453,-1.5624615414936862e-06,0.9999999542649738,0.0003024361237334844,0.0001847381817573646,2.942866730165793e-06,-0.000302436119134428,0.9999999542618656,1.5001393925044908,0.0,0.0,0.0,1.0]",True,,1850310744,0.5754524910015242,"[1.0,0.0,0.0,0.0,0.0,1.0,0.0,0.0,0.0,0.0,1.0,1.5,0.0,0.0,0.0,1.0]",,12,c58b185c2a48ae6373907aef708939a1571a34607f7ebf8bf30bb3805984c6bd,217775206,DROPOUT_ONLY,fbd9f078d7df255c76489939ee84731937c0239eec355c776e01b815b8445903,native_full,0,0.0173293651624335,0.0003024544793648,-0.000302436126045,-2.9426304353319704e-06,-1.5629065441936958e-06,1757.0508629996766,7c5ce979af2f7e4ced5519d1808445c17034aac482d946858e5dcd9c08df1cab,LONG_CORRIDOR,dev::LONG_CORRIDOR::g1850310744::m217775206::r00::DROPOUT_ONLY,True,False,converged_step,0.1467071866715092,-0.1467070041361453,0.0001847381817573,0.0001393925044907
54d9862143094f1ac3e2cf17d8bb721c010b25ff3a7493a0c90200cb94d84c8f,47306,,0.546845308527704,"[0.9999999999974307,-1.3774312013626285e-06,1.8003683656583674e-06,0.031753521387904354,1.3772513366063536e-06,0.9999999950089864,9.99006028245805e-05,3.7709900827744275e-05,-1.80050596288007e-06,-9.990060034476407e-05,0.9999999950083142,1.5004370411916164,0.0,0.0,0.0,1.0]",True,,1850310744,0.5754524910015242,"[1.0,0.0,0.0,0.0,0.0,1.0,0.0,0.0,0.0,0.0,1.0,1.5,0.0,0.0,0.0,1.0]",,4,c58b185c2a48ae6373907aef708939a1571a34607f7ebf8bf30bb3805984c6bd,217775206,DROPOUT_ONLY,fbd9f078d7df255c76489939ee84731937c0239eec355c776e01b815b8445903,native_frozen,0,0.0057253562389961,9.992631722008148e-05,-9.990060175092802e-05,1.800437167265527e-06,1.3773412712766785e-06,8.5526659986499,7c5ce979af2f7e4ced5519d1808445c17034aac482d946858e5dcd9c08df1cab,LONG_CORRIDOR,dev::LONG_CORRIDOR::g1850310744::m217775206::r00::DROPOUT_ONLY,True,False,converged_step,0.0317565512543772,0.0317535213879043,3.770990082774428e-05,0.0004370411916163
54d9862143094f1ac3e2cf17d8bb721c010b25ff3a7493a0c90200cb94d84c8f,47306,,0.0312896392091589,"[0.9999999999988357,-8.380799139899154e-07,1.275219250153462e-06,0.10939074257374165,8.372944588996555e-07,0.9999998103870047,0.000615812677152174,8.139124219797395e-05,-1.275735108590822e-06,-0.000615812676083723,0.9999998103865422,1.5003713882562044,0.0,0.0,0.0,1.0]",True,1.0,1850310744,,"[1.0,0.0,0.0,0.0,0.0,1.0,0.0,0.0,0.0,0.0,1.0,1.5,0.0,0.0,0.0,1.0]",0.0312896392091589,-1,c58b185c2a48ae6373907aef708939a1571a34607f7ebf8bf30bb3805984c6bd,217775206,DROPOUT_ONLY,fbd9f078d7df255c76489939ee84731937c0239eec355c776e01b815b8445903,open3d_full,0,0.0352835778965529,0.0006158146061787,-0.0006158127155401,1.275477259988177e-06,8.376872393904754e-07,119.69346099976974,7c5ce979af2f7e4ced5519d1808445c17034aac482d946858e5dcd9c08df1cab,LONG_CORRIDOR,dev::LONG_CORRIDOR::g1850310744::m217775206::r00::DROPOUT_ONLY,True,False,completed_finite_correspondences,0.1093914032938867,0.1093907425737416,8.139124219797395e-05,0.0003713882562044
61deff2e69f88387cb98737d6689512a0e993342f70de9f1a1a73f1f8ab5ab5b,47348,iteration_limit,0.9790519699992876,"[0.9999999999995212,-8.274811085269557e-07,-5.224246664666674e-07,-0.11545071409633055,8.274924365722578e-07,0.9999999997645604,2.168396795725964e-05,0.0004130645354098274,5.224067232698254e-07,-2.168396838955172e-05,0.9999999997647663,1.4999802989519095,0.0,0.0,0.0,1.0]",True,,1850310744,0.7888573601837441,"[1.0,0.0,0.0,0.0,0.0,1.0,0.0,0.0,0.0,0.0,1.0,1.5,0.0,0.0,0.0,1.0]",,20,97cd9088eb015d6890c1ed1483a40a91e156b0b1f5172c195fa43b49bf0adbe6,217775206,FULL_NOISE,fbd9f078d7df255c76489939ee84731937c0239eec355c776e01b815b8445903,native_full,0,0.0012436644236785,2.170603898310916e-05,-2.1683968175108422e-05,-5.224156949092694e-07,8.274867726145855e-07,3288.9726210014487,cfab5756dccddabd333db7640281e49c63754bd73b1268760982108d3c5ef2a7,LONG_CORRIDOR,dev::LONG_CORRIDOR::g1850310744::m217775206::r00::FULL_NOISE,False,True,iteration_limit,0.1154514547149336,-0.1154507140963305,0.0004130645354098,-1.970104809045914e-05
61deff2e69f88387cb98737d6689512a0e993342f70de9f1a1a73f1f8ab5ab5b,47348,,0.7768605756814835,"[0.9999999999961192,-2.7193877723650456e-06,6.054468741454292e-07,0.019490660886186797,2.7193337495846982e-06,0.999999996017084,8.921007294629977e-05,0.0002582061779926743,-6.05689468515527e-07,-8.921007129954143e-05,0.9999999960205982,1.5003558841345666,0.0,0.0,0.0,1.0]",True,,1850310744,0.7888573601837441,"[1.0,0.0,0.0,0.0,0.0,1.0,0.0,0.0,0.0,0.0,1.0,1.5,0.0,0.0,0.0,1.0]",,4,97cd9088eb015d6890c1ed1483a40a91e156b0b1f5172c195fa43b49bf0adbe6,217775206,FULL_NOISE,fbd9f078d7df255c76489939ee84731937c0239eec355c776e01b815b8445903,native_frozen,0,0.0051138525039245,8.925356365484011e-05,-8.92100722413648e-05,6.055681721344908e-07,2.7193607645853664e-06,7.2110969995264895,cfab5756dccddabd333db7640281e49c63754bd73b1268760982108d3c5ef2a7,LONG_CORRIDOR,dev::LONG_CORRIDOR::g1850310744::m217775206::r00::FULL_NOISE,True,False,converged_step,0.0194956196548845,0.0194906608861867,0.0002582061779926,0.0003558841345665
61deff2e69f88387cb98737d6689512a0e993342f70de9f1a1a73f1f8ab5ab5b,47348,,0.0323022920874295,"[0.9999999999987302,-1.2178049858052973e-06,1.0277027312667476e-06,0.11050392651242633,1.2171724275477118e-06,0.9999998107128208,0.0006152827320824901,0.00010094488310565117,-1.0284518311146057e-06,-0.0006152827308308182,0.9999998107130336,1.500363772646864,0.0,0.0,0.0,1.0]",True,1.0,1850310744,,"[1.0,0.0,0.0,0.0,0.0,1.0,0.0,0.0,0.0,0.0,1.0,1.5,0.0,0.0,0.0,1.0]",0.0323022920874295,-1,97cd9088eb015d6890c1ed1483a40a91e156b0b1f5172c195fa43b49bf0adbe6,217775206,FULL_NOISE,fbd9f078d7df255c76489939ee84731937c0239eec355c776e01b815b8445903,open3d_full,0,0.0352532241713876,0.0006152848337343,-0.0006152827702784,1.0280773460581456e-06,1.2174887834950593e-06,678.5499689995049,cfab5756dccddabd333db7640281e49c63754bd73b1268760982108d3c5ef2a7,LONG_CORRIDOR,dev::LONG_CORRIDOR::g1850310744::m217775206::r00::FULL_NOISE,True,False,completed_finite_correspondences,0.1105045713763541,0.1105039265124263,0.0001009448831056,0.0003637726468639
1fcf99b6d1ac2b4cfa479f3449291813eb6142218762676135813373a9ba148c,39767,,0.2914455639328109,"[0.9999999999999348,5.381495399494762e-08,3.569677095228022e-07,-0.030545762909627527,-5.3820761025860415e-08,0.9999999998676797,1.626768437360998e-05,0.00027799944197486065,-3.56966834030882e-07,-1.6267684392821195e-05,0.9999999998676176,1.501237563584919,0.0,0.0,0.0,1.0]",True,,1850310744,0.1962430675426827,"[1.0,0.0,0.0,0.0,0.0,1.0,0.0,0.0,0.0,0.0,1.0,1.5,0.0,0.0,0.0,1.0]",,13,0e60e0caccc866c5498e06d0e9b1b4442549a0687b4e92f07608cc5edadbbab7,217775206,IDEAL_MATCHED,fbd9f078d7df255c76489939ee84731937c0239eec355c776e01b815b8445903,native_full,0,0.0009322991304215,1.6271689439335748e-05,-1.6267684383933448e-05,3.569672717925944e-07,-5.381785751277889e-08,1555.659239000306,38d784d7bf902e37227f8b1b1a4055ee0b12d9e8f0d2f51bc4936b7b27387ea3,PARALLEL_WALLS,dev::PARALLEL_WALLS::g1850310744::m217775206::r00::IDEAL_MATCHED,True,False,converged_step,0.0305720865995049,-0.0305457629096275,0.0002779994419748,0.0012375635849191
1fcf99b6d1ac2b4cfa479f3449291813eb6142218762676135813373a9ba148c,39767,,0.1842783589296958,"[0.9999999999944147,1.7146864896674188e-06,-2.868871563411504e-06,-0.026695679762569417,-1.7147161837281028e-06,0.9999999999449638,-1.0350461782665174e-05,0.00012274472376424698,2.8688538154566317e-06,1.0350466701907864e-05,0.9999999999423188,1.5009740805666674,0.0,0.0,0.0,1.0]",True,,1850310744,0.1962430675426827,"[1.0,0.0,0.0,0.0,0.0,1.0,0.0,0.0,0.0,0.0,1.0,1.5,0.0,0.0,0.0,1.0]",,7,0e60e0caccc866c5498e06d0e9b1b4442549a0687b4e92f07608cc5edadbbab7,217775206,IDEAL_MATCHED,fbd9f078d7df255c76489939ee84731937c0239eec355c776e01b815b8445903,native_frozen,0,0.0006231892182433,1.0876703721275895e-05,1.0350464242490598e-05,-2.868862689490633e-06,-1.7147013367315697e-06,9.776614000656991,38d784d7bf902e37227f8b1b1a4055ee0b12d9e8f0d2f51bc4936b7b27387ea3,PARALLEL_WALLS,dev::PARALLEL_WALLS::g1850310744::m217775206::r00::IDEAL_MATCHED,True,False,converged_step,0.0267137271305078,-0.0266956797625694,0.0001227447237642,0.0009740805666673
1fcf99b6d1ac2b4cfa479f3449291813eb6142218762676135813373a9ba148c,39767,,6.302181694050927e-17,"[1.0,-9.726850618849376e-22,9.573016660060557e-21,-1.6397383060089592e-16,9.726850618849376e-22,1.0,-4.481161483205838e-19,1.0908112813996412e-18,-9.573016660060557e-21,4.481161483205838e-19,1.0,1.5,0.0,0.0,0.0,1.0]",True,1.0,1850310744,,"[1.0,0.0,0.0,0.0,0.0,1.0,0.0,0.0,0.0,0.0,1.0,1.5,0.0,0.0,0.0,1.0]",6.302181694050927e-17,-1,0e60e0caccc866c5498e06d0e9b1b4442549a0687b4e92f07608cc5edadbbab7,217775206,IDEAL_MATCHED,fbd9f078d7df255c76489939ee84731937c0239eec355c776e01b815b8445903,open3d_full,0,2.568108251169416e-17,4.482194453053982e-19,4.481161483205839e-19,9.573016660060556e-21,9.726850618849376e-22,37.85437700025796,38d784d7bf902e37227f8b1b1a4055ee0b12d9e8f0d2f51bc4936b7b27387ea3,PARALLEL_WALLS,dev::PARALLEL_WALLS::g1850310744::m217775206::r00::IDEAL_MATCHED,True,False,completed_finite_correspondences,1.6397745878986823e-16,-1.6397383060089592e-16,1.0908112813996412e-18,0.0
92d4aa8f04f125691b2828ba066803662e44326578795b080e2878541d6c7e9f,39791,iteration_limit,0.5432544103728225,"[0.9999999999999059,2.893599005094078e-07,3.2348104270014124e-07,-0.0243139254672681,-2.894051517490036e-07,0.9999999902143538,0.0001398971351284719,0.0005791711098053173,-3.234405589135679e-07,-0.0001398971352220758,0.9999999902143434,1.5019460241190457,0.0,0.0,0.0,1.0]",True,,1850310744,0.5090564792963559,"[1.0,0.0,0.0,0.0,0.0,1.0,0.0,0.0,0.0,0.0,1.0,1.5,0.0,0.0,0.0,1.0]",,20,0e60e0caccc866c5498e06d0e9b1b4442549a0687b4e92f07608cc5edadbbab7,217775206,INDEPENDENT_NOISE_FREE,fbd9f078d7df255c76489939ee84731937c0239eec355c776e01b815b8445903,native_full,0,0.0080155540114684,0.0001398978088715,-0.0001398971356316,3.234608018619512e-07,-2.893825270731424e-07,2670.815735998985,51902a0a2296578fd94c3fbf1c945739429b612e264ab984de3e302fcc2a2f66,PARALLEL_WALLS,dev::PARALLEL_WALLS::g1850310744::m217775206::r00::INDEPENDENT_NOISE_FREE,False,True,iteration_limit,0.0243985536594735,-0.0243139254672681,0.0005791711098053,0.0019460241190456
92d4aa8f04f125691b2828ba066803662e44326578795b080e2878541d6c7e9f,39791,,0.4797765138990767,"[0.9999999999996081,-8.333707658480162e-07,2.987392397161348e-07,-0.024512892675515565,8.332685935675788e-07,0.9999999415694235,0.00034184858516285986,0.00043611604405303884,-2.9902410887785e-07,-0.00034184858491379585,0.999999941569726,1.5016074827063774,0.0,0.0,0.0,1.0]",True,,1850310744,0.5090564792963559,"[1.0,0.0,0.0,0.0,0.0,1.0,0.0,0.0,0.0,0.0,1.0,1.5,0.0,0.0,0.0,1.0]",,7,0e60e0caccc866c5498e06d0e9b1b4442549a0687b4e92f07608cc5edadbbab7,217775206,INDEPENDENT_NOISE_FREE,fbd9f078d7df255c76489939ee84731937c0239eec355c776e01b815b8445903,native_frozen,0,0.0195865472172456,0.0003418497380382,-0.0003418485916964,2.988816801182732e-07,8.333196959382602e-07,9.563772999172215,51902a0a2296578fd94c3fbf1c945739429b612e264ab984de3e302fcc2a2f66,PARALLEL_WALLS,dev::PARALLEL_WALLS::g1850310744::m217775206::r00::INDEPENDENT_NOISE_FREE,True,False,converged_step,0.0245694140177686,-0.0245128926755155,0.000436116044053,0.0016074827063774
92d4aa8f04f125691b2828ba066803662e44326578795b080e2878541d6c7e9f,39791,,0.0410652517784706,"[0.9999999999997283,-7.26673161564998e-07,1.236503835824809e-07,0.0028713688965607007,7.265661240793744e-07,0.9999996272220063,0.0008634554537109185,-0.0005323312541238054,-1.2427778739275763e-07,-0.0008634554536208437,0.9999996272222625,1.5003965854437766,0.0,0.0,0.0,1.0]",True,1.0,1850310744,,"[1.0,0.0,0.0,0.0,0.0,1.0,0.0,0.0,0.0,0.0,1.0,1.5,0.0,0.0,0.0,1.0]",0.0410652517784706,-1,0e60e0caccc866c5498e06d0e9b1b4442549a0687b4e92f07608cc5edadbbab7,217775206,INDEPENDENT_NOISE_FREE,fbd9f078d7df255c76489939ee84731937c0239eec355c776e01b815b8445903,open3d_full,0,0.0494723774671546,0.0008634558755913,-0.0008634555609582,1.2396410089131628e-07,7.266197331114723e-07,71.00713799991354,51902a0a2296578fd94c3fbf1c945739429b612e264ab984de3e302fcc2a2f66,PARALLEL_WALLS,dev::PARALLEL_WALLS::g1850310744::m217775206::r00::INDEPENDENT_NOISE_FREE,True,False,completed_finite_correspondences,0.0029471029704556,0.0028713688965607,-0.0005323312541238,0.0003965854437766
27f951ce324b9ff47532551a9de48af5f113a252ae9eb28b0a762386920d4d3f,39791,iteration_limit,0.7154136050938985,"[0.9999999999915765,-3.1167971262030447e-06,-2.6706619984148946e-06,-0.017462791127344206,3.1176739763570683e-06,0.9999999460752031,0.00032838981530953403,0.0003839638224625041,2.6696383299673576e-06,-0.0003283898236330212,0.9999999460764969,1.5016767698739983,0.0,0.0,0.0,1.0]",True,,1850310744,0.6889948804372513,"[1.0,0.0,0.0,0.0,0.0,1.0,0.0,0.0,0.0,0.0,1.0,1.5,0.0,0.0,0.0,1.0]",,20,0e60e0caccc866c5498e06d0e9b1b4442549a0687b4e92f07608cc5edadbbab7,217775206,SCAN_NOISE_ONLY,fbd9f078d7df255c76489939ee84731937c0239eec355c776e01b815b8445903,native_full,0,0.0188168206486435,0.000328415475076,-0.0003283898253744,-2.6701502121900688e-06,3.1172356073158604e-06,2686.627774999579,8639b365e59647c3d6cb9542436c41c0738f03f0fb5c4b9170461d3ab94fda93,PARALLEL_WALLS,dev::PARALLEL_WALLS::g1850310744::m217775206::r00::SCAN_NOISE_ONLY,False,True,iteration_limit,0.0175473091778927,-0.0174627911273442,0.0003839638224625,0.0016767698739983
27f951ce324b9ff47532551a9de48af5f113a252ae9eb28b0a762386920d4d3f,39791,,0.6592373778139503,"[0.9999999999911666,-3.2314935208079425e-06,-2.687779958582626e-06,-0.02137869760032655,3.2323813448589806e-06,0.9999999454178687,0.00033038433873783913,0.00040365900182663206,2.6867121770278594e-06,-0.0003303843474228505,0.9999999454194808,1.501673396773918,0.0,0.0,0.0,1.0]",True,,1850310744,0.6889948804372513,"[1.0,0.0,0.0,0.0,0.0,1.0,0.0,0.0,0.0,0.0,1.0,1.5,0.0,0.0,0.0,1.0]",,7,0e60e0caccc866c5498e06d0e9b1b4442549a0687b4e92f07608cc5edadbbab7,217775206,SCAN_NOISE_ONLY,fbd9f078d7df255c76489939ee84731937c0239eec355c776e01b815b8445903,native_frozen,0,0.0189311606527771,0.0003304110846149,-0.0003303843490917,-2.6872461167003504e-06,3.2319374916393634e-06,11.937097000554786,8639b365e59647c3d6cb9542436c41c0738f03f0fb5c4b9170461d3ab94fda93,PARALLEL_WALLS,dev::PARALLEL_WALLS::g1850310744::m217775206::r00::SCAN_NOISE_ONLY,True,False,converged_step,0.0214478882046443,-0.0213786976003265,0.0004036590018266,0.0016733967739179
27f951ce324b9ff47532551a9de48af5f113a252ae9eb28b0a762386920d4d3f,39791,,0.0414708182633879,"[0.9999999999926519,-2.890287775840663e-06,-2.5184182131390695e-06,0.0046605315184965156,2.8924752171554543e-06,0.9999996224058523,0.000869010809192943,-0.0005532820981504315,2.5159055708802057e-06,-0.0008690108164710196,0.9999996224068642,1.5004533548735988,0.0,0.0,0.0,1.0]",True,1.0,1850310744,,"[1.0,0.0,0.0,0.0,0.0,1.0,0.0,0.0,0.0,0.0,1.0,1.5,0.0,0.0,0.0,1.0]",0.0414708182633879,-1,0e60e0caccc866c5498e06d0e9b1b4442549a0687b4e92f07608cc5edadbbab7,217775206,SCAN_NOISE_ONLY,fbd9f078d7df255c76489939ee84731937c0239eec355c776e01b815b8445903,open3d_full,0,0.0497911426671213,0.0008690193778714,-0.0008690109222107,-2.51716220883421e-06,2.891381860424077e-06,93.46303100028308,8639b365e59647c3d6cb9542436c41c0738f03f0fb5c4b9170461d3ab94fda93,PARALLEL_WALLS,dev::PARALLEL_WALLS::g1850310744::m217775206::r00::SCAN_NOISE_ONLY,True,False,completed_finite_correspondences,0.0047151040027181,0.0046605315184965,-0.0005532820981504,0.0004533548735987
2677a1923f4953500aaccc670b23f03af5b9122278a9f5a0e616326b6f3eea26,39791,iteration_limit,0.5495001395944275,"[0.9999999999993427,1.104881938510349e-06,-3.059894627232025e-07,-0.02232568551815684,-1.1048396315339597e-06,0.9999999904458502,0.00013822835770661523,0.0005857669143828901,3.061421858155533e-07,-0.00013822835736845512,0.9999999904464137,1.5019433160761804,0.0,0.0,0.0,1.0]",True,,1850310744,0.5137416685023206,"[1.0,0.0,0.0,0.0,0.0,1.0,0.0,0.0,0.0,0.0,1.0,1.5,0.0,0.0,0.0,1.0]",,20,63d1c0718419daacc66df9d456936bf046acf30d2a367e5f4a80d6b28fb41302,217775206,MAP_NOISE_ONLY,fbd9f078d7df255c76489939ee84731937c0239eec355c776e01b815b8445903,native_full,0,0.0079201739251434,0.0001382331123243,-0.0001382283579777,-3.060658252441156e-07,-1.10486078854084e-06,2564.981435998561,51902a0a2296578fd94c3fbf1c945739429b612e264ab984de3e302fcc2a2f66,PARALLEL_WALLS,dev::PARALLEL_WALLS::g1850310744::m217775206::r00::MAP_NOISE_ONLY,False,True,iteration_limit,0.0224177571158571,-0.0223256855181568,0.0005857669143828,0.0019433160761803
2677a1923f4953500aaccc670b23f03af5b9122278a9f5a0e616326b6f3eea26,39791,,0.4845442286737422,"[0.9999999999999509,-1.0232545794946852e-07,-2.9601292606056406e-07,-0.02200486996130853,1.0242349721264707e-07,0.9999999451472369,0.0003312182252053656,0.0004374693823126174,2.9597901776686177e-07,-0.0003312182252356681,0.9999999451471984,1.5016123382212585,0.0,0.0,0.0,1.0]",True,,1850310744,0.5137416685023206,"[1.0,0.0,0.0,0.0,0.0,1.0,0.0,0.0,0.0,0.0,1.0,1.5,0.0,0.0,0.0,1.0]",,6,63d1c0718419daacc66df9d456936bf046acf30d2a367e5f4a80d6b28fb41302,217775206,MAP_NOISE_ONLY,fbd9f078d7df255c76489939ee84731937c0239eec355c776e01b815b8445903,native_frozen,0,0.0189774152343428,0.0003312183793574,-0.0003312182312766,-2.959959773257829e-07,1.0237447945290033e-07,8.53235500107985,51902a0a2296578fd94c3fbf1c945739429b612e264ab984de3e302fcc2a2f66,PARALLEL_WALLS,dev::PARALLEL_WALLS::g1850310744::m217775206::r00::MAP_NOISE_ONLY,True,False,converged_step,0.022068196936186,-0.0220048699613085,0.0004374693823126,0.0016123382212585
2677a1923f4953500aaccc670b23f03af5b9122278a9f5a0e616326b6f3eea26,39791,,0.0413065604079917,"[0.9999999999999944,1.0330751971649927e-07,1.9355698094973322e-08,-0.00375808433453818,-1.0332396172781523e-07,0.9999996375583814,0.0008514006665734683,-0.000522125817758105,-1.92677349885141e-08,-0.0008514006665754633,0.9999996375583866,1.5003823976008717,0.0,0.0,0.0,1.0]",True,1.0,1850310744,,"[1.0,0.0,0.0,0.0,0.0,1.0,0.0,0.0,0.0,0.0,1.0,1.5,0.0,0.0,0.0,1.0]",0.0413065604079917,-1,63d1c0718419daacc66df9d456936bf046acf30d2a367e5f4a80d6b28fb41302,217775206,MAP_NOISE_ONLY,fbd9f078d7df255c76489939ee84731937c0239eec355c776e01b815b8445903,open3d_full,0,0.0487816711345564,0.000851400775923,-0.0008514007694354,1.931171887486732e-08,-1.0331575320413383e-07,54.613394999250886,51902a0a2296578fd94c3fbf1c945739429b612e264ab984de3e302fcc2a2f66,PARALLEL_WALLS,dev::PARALLEL_WALLS::g1850310744::m217775206::r00::MAP_NOISE_ONLY,True,False,completed_finite_correspondences,0.0038134028321465,-0.0037580843345381,-0.0005221258177581,0.0003823976008716
6330a681a6611656f5fecfbbce15e652175831b3367b01c3bfaf2d24ea05d2d2,39390,iteration_limit,0.5371305296152232,"[0.99999999999972,3.3392968278362643e-07,6.697479952349936e-07,-0.022857912698657595,-3.340262042286244e-07,0.999999989614478,0.0001441212420570298,0.0005787883714460045,-6.696998619186685e-07,-0.00014412124228070284,0.9999999896143095,1.501943283071441,0.0,0.0,0.0,1.0]",True,,1850310744,0.5028077164851424,"[1.0,0.0,0.0,0.0,0.0,1.0,0.0,0.0,0.0,0.0,1.0,1.5,0.0,0.0,0.0,1.0]",,20,0e60e0caccc866c5498e06d0e9b1b4442549a0687b4e92f07608cc5edadbbab7,217775206,DROPOUT_ONLY,fbd9f078d7df255c76489939ee84731937c0239eec355c776e01b815b8445903,native_full,0,0.0082576502712274,0.0001441231857111,-0.0001441212426678,6.697239308953586e-07,-3.339779446623288e-07,2168.0799449986807,aac00c31d56c1672147788135bec46546386cbe65a4dbb6b6245c9a5369f0a12,PARALLEL_WALLS,dev::PARALLEL_WALLS::g1850310744::m217775206::r00::DROPOUT_ONLY,False,True,iteration_limit,0.0229476691194143,-0.0228579126986575,0.000578788371446,0.0019432830714409
6330a681a6611656f5fecfbbce15e652175831b3367b01c3bfaf2d24ea05d2d2,39390,,0.4739775640802424,"[0.99999999999957,-7.343212746298251e-07,5.662702166889579e-07,-0.024174341250252352,7.341280900392254e-07,0.9999999418328901,0.0003410772311112943,0.000435184754454241,-5.665206440177529e-07,-0.0003410772306954328,0.9999999418329992,1.5016062807937554,0.0,0.0,0.0,1.0]",True,,1850310744,0.5028077164851424,"[1.0,0.0,0.0,0.0,0.0,1.0,0.0,0.0,0.0,0.0,1.0,1.5,0.0,0.0,0.0,1.0]",,7,0e60e0caccc866c5498e06d0e9b1b4442549a0687b4e92f07608cc5edadbbab7,217775206,DROPOUT_ONLY,fbd9f078d7df255c76489939ee84731937c0239eec355c776e01b815b8445903,native_frozen,0,0.01954235842173,0.000341078498064,-0.0003410772375165,5.663954413352477e-07,7.34224696570474e-07,11.507491999509512,aac00c31d56c1672147788135bec46546386cbe65a4dbb6b6245c9a5369f0a12,PARALLEL_WALLS,dev::PARALLEL_WALLS::g1850310744::m217775206::r00::DROPOUT_ONLY,True,False,converged_step,0.0242315558444469,-0.0241743412502523,0.0004351847544542,0.0016062807937553
6330a681a6611656f5fecfbbce15e652175831b3367b01c3bfaf2d24ea05d2d2,39390,,0.0410628257856703,"[0.9999999999997208,-4.843857716077749e-07,5.691250513470283e-07,0.002931019862082785,4.838950731875688e-07,0.9999996285797167,0.0008618817753315142,-0.0005317527873281674,-5.695423232312194e-07,-0.0008618817750558766,0.9999996285796717,1.5003960487421897,0.0,0.0,0.0,1.0]",True,1.0,1850310744,,"[1.0,0.0,0.0,0.0,0.0,1.0,0.0,0.0,0.0,0.0,1.0,1.5,0.0,0.0,0.0,1.0]",0.0410628257856703,-1,0e60e0caccc866c5498e06d0e9b1b4442549a0687b4e92f07608cc5edadbbab7,217775206,DROPOUT_ONLY,fbd9f078d7df255c76489939ee84731937c0239eec355c776e01b815b8445903,open3d_full,0,0.049382212836636,0.0008618822059199,-0.0008618818819005,5.693337577765248e-07,4.841404823375646e-07,72.12434400025813,aac00c31d56c1672147788135bec46546386cbe65a4dbb6b6245c9a5369f0a12,PARALLEL_WALLS,dev::PARALLEL_WALLS::g1850310744::m217775206::r00::DROPOUT_ONLY,True,False,completed_finite_correspondences,0.0030050778800132,0.0029310198620827,-0.0005317527873281,0.0003960487421896
149852f9bc7ac48b63e92d37521653185ba9c616bdb9452017dd3c327476f267,39388,iteration_limit,0.6623154218833726,"[0.9999999999987665,4.694686969787822e-07,1.4988354770629428e-06,0.0017737786731874781,-4.6980354494898456e-07,0.9999999750431521,0.0002234132372806684,0.0004764253955470693,-1.4987305541353396e-06,-0.00022341323798455104,0.9999999750421391,1.501704348196384,0.0,0.0,0.0,1.0]",True,,1850310744,0.6881083345981973,"[1.0,0.0,0.0,0.0,0.0,1.0,0.0,0.0,0.0,0.0,1.0,1.5,0.0,0.0,0.0,1.0]",,20,c95ce2373537bc2a71f2b63479bcc7a036b0438fde299a56218d1023593c3c53,217775206,FULL_NOISE,fbd9f078d7df255c76489939ee84731937c0239eec355c776e01b815b8445903,native_full,0,0.0128009520336771,0.0002234187603775,-0.0002234132394912,1.4987830280680026e-06,-4.696361248709384e-07,3174.235509000937,6e2151c922576d5268c61d4b84afbfc43aadd7afe2b9816afc4269a5eabfee0e,PARALLEL_WALLS,dev::PARALLEL_WALLS::g1850310744::m217775206::r00::FULL_NOISE,False,True,iteration_limit,0.002505608651305,0.0017737786731874,0.000476425395547,0.001704348196384
149852f9bc7ac48b63e92d37521653185ba9c616bdb9452017dd3c327476f267,39388,,0.6590366941252415,"[0.9999999999992311,-5.728324483343566e-08,1.2388310894175342e-06,-0.020185356043746005,5.688353808589161e-08,0.9999999479498102,0.0003226458953108452,0.0004721770849390368,-1.2388495071399565e-06,-0.000322645895240128,0.9999999479490445,1.501632450397903,0.0,0.0,0.0,1.0]",True,,1850310744,0.6881083345981973,"[1.0,0.0,0.0,0.0,0.0,1.0,0.0,0.0,0.0,0.0,1.0,1.5,0.0,0.0,0.0,1.0]",,6,c95ce2373537bc2a71f2b63479bcc7a036b0438fde299a56218d1023593c3c53,217775206,FULL_NOISE,fbd9f078d7df255c76489939ee84731937c0239eec355c776e01b815b8445903,native_frozen,0,0.0184863849550931,0.0003226482842575,-0.0003226459008734,1.2388403197730202e-06,5.7083392450078714e-08,10.934730000371928,6e2151c922576d5268c61d4b84afbfc43aadd7afe2b9816afc4269a5eabfee0e,PARALLEL_WALLS,dev::PARALLEL_WALLS::g1850310744::m217775206::r00::FULL_NOISE,True,False,converged_step,0.0202567629228845,-0.020185356043746,0.000472177084939,0.001632450397903
149852f9bc7ac48b63e92d37521653185ba9c616bdb9452017dd3c327476f267,39388,,0.0413784958181435,"[0.9999999999993977,1.2832082896722712e-08,1.0974672871138271e-06,-0.0008096141817734529,-1.3775804508648934e-08,0.9999996302747721,0.0008599129717520763,-0.00046595344055157484,-1.0974558468779471e-06,-0.0008599129717666768,0.9999996302741698,1.5004059217851846,0.0,0.0,0.0,1.0]",True,1.0,1850310744,,"[1.0,0.0,0.0,0.0,0.0,1.0,0.0,0.0,0.0,0.0,1.0,1.5,0.0,0.0,0.0,1.0]",0.0413784958181435,-1,c95ce2373537bc2a71f2b63479bcc7a036b0438fde299a56218d1023593c3c53,217775206,FULL_NOISE,fbd9f078d7df255c76489939ee84731937c0239eec355c776e01b815b8445903,open3d_full,0,0.0492694302334653,0.0008599137781556,-0.0008599130777367,1.0974617022492033e-06,-1.3303945342289945e-08,63.373316999786766,6e2151c922576d5268c61d4b84afbfc43aadd7afe2b9816afc4269a5eabfee0e,PARALLEL_WALLS,dev::PARALLEL_WALLS::g1850310744::m217775206::r00::FULL_NOISE,True,False,completed_finite_correspondences,0.0010185088255768,-0.0008096141817734,-0.0004659534405515,0.0004059217851846
ed3207647a3f9cf5e4a34ddcf3fadde2d66fb6ee1ef8ff75de36d978e58aa39a,48695,,0.3403721192323405,"[0.9999999999992406,1.0501703814267652e-06,6.449675171879174e-07,-0.0016827928261461578,-1.050041288759715e-06,0.9999999799752121,-0.00020012114559097088,0.00015582267007250485,-6.451776655723765e-07,0.00020012114491357638,0.9999999799755553,1.4998105849809473,0.0,0.0,0.0,1.0]",True,,1850310744,0.3270943661723868,"[1.0,0.0,0.0,0.0,0.0,1.0,0.0,0.0,0.0,0.0,1.0,1.5,0.0,0.0,0.0,1.0]",,4,dcb922399af273dad25f3a0acf570744da984e8f3b50f6b68e739c91bed5d956,217775206,IDEAL_MATCHED,fbd9f078d7df255c76489939ee84731937c0239eec355c776e01b815b8445903,native_full,0,0.0114663145149903,0.0002001249413557,0.000200121146588,6.450725956860057e-07,-1.0501058421026953e-06,705.2457230001892,f396c57cd0b0c975b89ce237c82ba4fb37a2e71a000c11b9d2e5a1f1326ee41a,END_FACE_TRANSITION_PRESENT,dev::END_FACE_TRANSITION_PRESENT::g1850310744::m217775206::r00::IDEAL_MATCHED,True,False,converged_step,0.0017005735649127,-0.0016827928261461,0.0001558226700725,-0.0001894150190526
ed3207647a3f9cf5e4a34ddcf3fadde2d66fb6ee1ef8ff75de36d978e58aa39a,48695,,0.3261421836247855,"[0.9999999999971096,-5.381070972896861e-07,2.34330384802304e-06,-0.0005491828677760228,5.38462970080514e-07,0.9999999884675133,-0.0001518706143400354,0.00012088979125628528,-2.3432220983434733e-06,0.0001518706156013788,0.9999999884649127,1.499849730752191,0.0,0.0,0.0,1.0]",True,,1850310744,0.3270943661723868,"[1.0,0.0,0.0,0.0,0.0,1.0,0.0,0.0,0.0,0.0,1.0,1.5,0.0,0.0,0.0,1.0]",,2,dcb922399af273dad25f3a0acf570744da984e8f3b50f6b68e739c91bed5d956,217775206,IDEAL_MATCHED,fbd9f078d7df255c76489939ee84731937c0239eec355c776e01b815b8445903,native_frozen,0,0.0087026356560554,0.0001518896457996,0.0001518706155546,2.3432629821932843e-06,5.382850357548477e-07,6.077070998799172,f396c57cd0b0c975b89ce237c82ba4fb37a2e71a000c11b9d2e5a1f1326ee41a,END_FACE_TRANSITION_PRESENT,dev::END_FACE_TRANSITION_PRESENT::g1850310744::m217775206::r00::IDEAL_MATCHED,True,False,converged_step,0.0005820627206115,-0.000549182867776,0.0001208897912562,-0.000150269247809
ed3207647a3f9cf5e4a34ddcf3fadde2d66fb6ee1ef8ff75de36d978e58aa39a,48723,,1.9171161683333778e-17,"[1.0,6.349398094720716e-23,3.89960172392907e-21,-9.297517049275928e-19,-6.349398094720716e-23,1.0,-6.259429754358136e-20,1.0143949064167685e-19,-3.89960172392907e-21,6.259429754358136e-20,1.0,1.5,0.0,0.0,0.0,1.0]",True,1.0,1850310744,,"[1.0,0.0,0.0,0.0,0.0,1.0,0.0,0.0,0.0,0.0,1.0,1.5,0.0,0.0,0.0,1.0]",1.9171161683333778e-17,-1,dcb922399af273dad25f3a0acf570744da984e8f3b50f6b68e739c91bed5d956,217775206,IDEAL_MATCHED,fbd9f078d7df255c76489939ee84731937c0239eec355c776e01b815b8445903,open3d_full,0,3.59334399812633e-18,6.27156839240814e-20,6.259429754358137e-20,3.89960172392907e-21,-6.349398094720716e-23,34.65721900101926,f396c57cd0b0c975b89ce237c82ba4fb37a2e71a000c11b9d2e5a1f1326ee41a,END_FACE_TRANSITION_PRESENT,dev::END_FACE_TRANSITION_PRESENT::g1850310744::m217775206::r00::IDEAL_MATCHED,True,False,completed_finite_correspondences,9.352690538435496e-19,-9.297517049275928e-19,1.0143949064167685e-19,0.0
0d76448842d85a904a4917611b4780b7dab307b9778e51fb9aaccc64e1701fa9,48730,,1.087149586923973,"[0.9999999999965679,-1.129483430413474e-06,2.3639927593707707e-06,-0.0006884605396120805,1.1296237233245713e-06,0.9999999982383534,-5.934658488904456e-05,2.425902222418699e-05,-2.363925724221967e-06,5.934658755926318e-05,0.9999999982361972,1.4998206859181078,0.0,0.0,0.0,1.0]",True,,1850310744,1.0876295997309056,"[1.0,0.0,0.0,0.0,0.0,1.0,0.0,0.0,0.0,0.0,1.0,1.5,0.0,0.0,0.0,1.0]",,3,dcb922399af273dad25f3a0acf570744da984e8f3b50f6b68e739c91bed5d956,217775206,INDEPENDENT_NOISE_FREE,fbd9f078d7df255c76489939ee84731937c0239eec355c776e01b815b8445903,native_full,0,0.0034036208045043,5.9404389527978696e-05,5.934658625905839e-05,2.3639592431867244e-06,1.1295535775333665e-06,548.9679980000801,2af0b5f5872d2bff43f147e1e2df1fcb7af58d147c044e91097b166743c0e584,END_FACE_TRANSITION_PRESENT,dev::END_FACE_TRANSITION_PRESENT::g1850310744::m217775206::r00::INDEPENDENT_NOISE_FREE,True,False,converged_step,0.0007118426474489,-0.000688460539612,2.425902222418699e-05,-0.0001793140818922
0d76448842d85a904a4917611b4780b7dab307b9778e51fb9aaccc64e1701fa9,48730,,1.0869470458907178,"[0.9999999999965615,-1.0209146662800959e-06,2.415523594580682e-06,-0.0007110844616597841,1.0210599325466558e-06,0.9999999981911057,-6.013938762654032e-05,2.2620997027704517e-05,-2.415462193028406e-06,6.013939009272789e-05,0.9999999981887097,1.499819798054127,0.0,0.0,0.0,1.0]",True,,1850310744,1.0876295997309056,"[1.0,0.0,0.0,0.0,0.0,1.0,0.0,0.0,0.0,0.0,1.0,1.5,0.0,0.0,0.0,1.0]",,2,dcb922399af273dad25f3a0acf570744da984e8f3b50f6b68e739c91bed5d956,217775206,INDEPENDENT_NOISE_FREE,fbd9f078d7df255c76489939ee84731937c0239eec355c776e01b815b8445903,native_frozen,0,0.0034490075356649,6.019653742344943e-05,6.013938889595452e-05,2.41549289526335e-06,1.020987300029988e-06,4.424302000188618,2af0b5f5872d2bff43f147e1e2df1fcb7af58d147c044e91097b166743c0e584,END_FACE_TRANSITION_PRESENT,dev::END_FACE_TRANSITION_PRESENT::g1850310744::m217775206::r00::INDEPENDENT_NOISE_FREE,True,False,converged_step,0.0007339111406818,-0.0007110844616597,2.262099702770452e-05,-0.0001802019458729
0d76448842d85a904a4917611b4780b7dab307b9778e51fb9aaccc64e1701fa9,48730,,0.0352408470966914,"[0.9999999999911274,-4.1621148803797165e-06,-6.496123916428859e-07,0.00030402881958611585,4.162298491739659e-06,0.9999999599740127,0.00028290395647519336,-0.0010993769677798916,6.484348868745448e-07,-0.000282903959176564,0.9999999599824639,1.5004598787179377,0.0,0.0,0.0,1.0]",True,1.0,1850310744,,"[1.0,0.0,0.0,0.0,0.0,1.0,0.0,0.0,0.0,0.0,1.0,1.5,0.0,0.0,0.0,1.0]",0.0352408470966914,-1,dcb922399af273dad25f3a0acf570744da984e8f3b50f6b68e739c91bed5d956,217775206,INDEPENDENT_NOISE_FREE,fbd9f078d7df255c76489939ee84731937c0239eec355c776e01b815b8445903,open3d_full,0,0.0162109998511501,0.0002829353224428,-0.0002829039616004,-6.490236479180317e-07,4.162206741592125e-06,70.85701799951494,2af0b5f5872d2bff43f147e1e2df1fcb7af58d147c044e91097b166743c0e584,END_FACE_TRANSITION_PRESENT,dev::END_FACE_TRANSITION_PRESENT::g1850310744::m217775206::r00::INDEPENDENT_NOISE_FREE,True,False,completed_finite_correspondences,0.001229858396579,0.0003040288195861,-0.0010993769677798,0.0004598787179377
75243ec6f8840bee414a258b35482fbff437cda3c6c86cfbc4bba9694d162755,48730,,1.303914360645826,"[0.999999999992952,-2.6614261463116702e-06,2.6481717581072485e-06,-0.0007517760472513487,2.6616000709277896e-06,0.9999999978395657,-6.567940567459941e-05,1.3639778184417596e-05,-2.6479969514985106e-06,6.567941272251063e-05,0.9999999978396015,1.4998111732196493,0.0,0.0,0.0,1.0]",True,,1850310744,1.3047429966665856,"[1.0,0.0,0.0,0.0,0.0,1.0,0.0,0.0,0.0,0.0,1.0,1.5,0.0,0.0,0.0,1.0]",,3,dcb922399af273dad25f3a0acf570744da984e8f3b50f6b68e739c91bed5d956,217775206,SCAN_NOISE_ONLY,fbd9f078d7df255c76489939ee84731937c0239eec355c776e01b815b8445903,native_full,0,0.0037692962974392,6.578663087354647e-05,6.567940924593047e-05,2.6480843567129787e-06,2.661513110539516e-06,567.1124889995554,36ac685f09392b9cf8f1fb09e56bbaaaf53fbcabf9c686d1049271e32671aa50,END_FACE_TRANSITION_PRESENT,dev::END_FACE_TRANSITION_PRESENT::g1850310744::m217775206::r00::SCAN_NOISE_ONLY,True,False,converged_step,0.0007752475873857,-0.0007517760472513,1.3639778184417596e-05,-0.0001888267803507
75243ec6f8840bee414a258b35482fbff437cda3c6c86cfbc4bba9694d162755,48730,,1.30398609070546,"[0.9999999999931639,-2.637886489325377e-06,2.5910885617358463e-06,-0.0007417063611911464,2.638059844886041e-06,0.9999999977582601,-6.690680459396819e-05,1.3194213457680176e-05,-2.5909120633714175e-06,6.69068114289575e-05,0.9999999977583829,1.4998118552700148,0.0,0.0,0.0,1.0]",True,,1850310744,1.3047429966665856,"[1.0,0.0,0.0,0.0,0.0,1.0,0.0,0.0,0.0,0.0,1.0,1.5,0.0,0.0,0.0,1.0]",,2,dcb922399af273dad25f3a0acf570744da984e8f3b50f6b68e739c91bed5d956,217775206,SCAN_NOISE_ONLY,fbd9f078d7df255c76489939ee84731937c0239eec355c776e01b815b8445903,native_frozen,0,0.0038393273611108,6.700890351328983e-05,6.69068080615336e-05,2.5910003144926474e-06,2.6379731690798777e-06,5.243343000984169,36ac685f09392b9cf8f1fb09e56bbaaaf53fbcabf9c686d1049271e32671aa50,END_FACE_TRANSITION_PRESENT,dev::END_FACE_TRANSITION_PRESENT::g1850310744::m217775206::r00::SCAN_NOISE_ONLY,True,False,converged_step,0.0007653109517845,-0.0007417063611911,1.3194213457680176e-05,-0.0001881447299851
75243ec6f8840bee414a258b35482fbff437cda3c6c86cfbc4bba9694d162755,48730,,0.0356320009473969,"[0.9999999999875685,-4.860175322046676e-06,-1.1143910768070362e-06,0.0002909955739184743,4.860568637057922e-06,0.9999999376082297,0.0003532136912768867,-0.0010952256673153937,1.1126743268124511e-06,-0.00035321369668907,0.9999999376194214,1.500537962094108,0.0,0.0,0.0,1.0]",True,1.0,1850310744,,"[1.0,0.0,0.0,0.0,0.0,1.0,0.0,0.0,0.0,0.0,1.0,1.5,0.0,0.0,0.0,1.0]",0.0356320009473969,-1,dcb922399af273dad25f3a0acf570744da984e8f3b50f6b68e739c91bed5d956,217775206,SCAN_NOISE_ONLY,fbd9f078d7df255c76489939ee84731937c0239eec355c776e01b815b8445903,open3d_full,0,0.0202396708141074,0.0003532488952259,-0.0003532137013289,-1.1135327249683996e-06,4.86037208063571e-06,94.49034499994012,36ac685f09392b9cf8f1fb09e56bbaaaf53fbcabf9c686d1049271e32671aa50,END_FACE_TRANSITION_PRESENT,dev::END_FACE_TRANSITION_PRESENT::g1850310744::m217775206::r00::SCAN_NOISE_ONLY,True,False,completed_finite_correspondences,0.0012544325016052,0.0002909955739184,-0.0010952256673153,0.0005379620941079
a384c56d8fe40df33a476eaeca5897effde3dd71f31c28a2f063295761f97ba8,48730,,1.0916001023132456,"[0.9999999999941775,-3.7528089082979546e-07,3.3917713177866343e-06,-0.0007590689413581129,3.755233507061369e-07,0.9999999974448756,-7.148501780555183e-05,2.6561861395081402e-05,-3.3917444821590735e-06,7.148501907882493e-05,0.9999999974391941,1.4998173964307744,0.0,0.0,0.0,1.0]",True,,1850310744,1.092360341177896,"[1.0,0.0,0.0,0.0,0.0,1.0,0.0,0.0,0.0,0.0,1.0,1.5,0.0,0.0,0.0,1.0]",,3,af473cc5611d1a329dbe79b36b0d941ce4119cf7ec2d51893981e9ee37a092b0,217775206,MAP_NOISE_ONLY,fbd9f078d7df255c76489939ee84731937c0239eec355c776e01b815b8445903,native_full,0,0.0041004539598489,7.15664224258027e-05,7.148501850320981e-05,3.3917579028681447e-06,3.75402121088419e-07,780.9682059996703,2af0b5f5872d2bff43f147e1e2df1fcb7af58d147c044e91097b166743c0e584,END_FACE_TRANSITION_PRESENT,dev::END_FACE_TRANSITION_PRESENT::g1850310744::m217775206::r00::MAP_NOISE_ONLY,True,False,converged_step,0.0007811755588273,-0.0007590689413581,2.65618613950814e-05,-0.0001826035692256
a384c56d8fe40df33a476eaeca5897effde3dd71f31c28a2f063295761f97ba8,48730,,1.0916156281983578,"[0.9999999999942968,-3.2731212183630665e-07,3.3614315676438153e-06,-0.0007446511291658409,3.2755248477483716e-07,0.9999999974433658,-7.150637121204231e-05,2.595776388043506e-05,-3.3614081541477783e-06,7.150637231267977e-05,0.9999999974377698,1.4998179861065,0.0,0.0,0.0,1.0]",True,,1850310744,1.092360341177896,"[1.0,0.0,0.0,0.0,0.0,1.0,0.0,0.0,0.0,0.0,1.0,1.5,0.0,0.0,0.0,1.0]",,2,af473cc5611d1a329dbe79b36b0d941ce4119cf7ec2d51893981e9ee37a092b0,217775206,MAP_NOISE_ONLY,fbd9f078d7df255c76489939ee84731937c0239eec355c776e01b815b8445903,native_frozen,0,0.0041015805428201,7.15860850079482e-05,7.150637182343424e-05,3.3614198637667675e-06,3.2743230358523005e-07,5.344715998944594,2af0b5f5872d2bff43f147e1e2df1fcb7af58d147c044e91097b166743c0e584,END_FACE_TRANSITION_PRESENT,dev::END_FACE_TRANSITION_PRESENT::g1850310744::m217775206::r00::MAP_NOISE_ONLY,True,False,converged_step,0.0007670124947487,-0.0007446511291658,2.595776388043506e-05,-0.0001820138935
a384c56d8fe40df33a476eaeca5897effde3dd71f31c28a2f063295761f97ba8,48730,,0.0353100786751744,"[0.9999999999923712,-3.7020057194934026e-06,-1.2460832127014446e-06,0.0001547579859915591,3.702362512139042e-06,0.9999999589654266,0.0002864532031101483,-0.0010831797481350778,1.245022710172671e-06,-0.00028645320772141477,0.9999999589715041,1.5004442802719806,0.0,0.0,0.0,1.0]",True,1.0,1850310744,,"[1.0,0.0,0.0,0.0,0.0,1.0,0.0,0.0,0.0,0.0,1.0,1.5,0.0,0.0,0.0,1.0]",0.0353100786751744,-1,af473cc5611d1a329dbe79b36b0d941ce4119cf7ec2d51893981e9ee37a092b0,217775206,MAP_NOISE_ONLY,fbd9f078d7df255c76489939ee84731937c0239eec355c776e01b815b8445903,open3d_full,0,0.0164140857456988,0.0002864798399671,-0.000286453209334,-1.2455529784742915e-06,3.7021841664563617e-06,71.6587269998854,2af0b5f5872d2bff43f147e1e2df1fcb7af58d147c044e91097b166743c0e584,END_FACE_TRANSITION_PRESENT,dev::END_FACE_TRANSITION_PRESENT::g1850310744::m217775206::r00::MAP_NOISE_ONLY,True,False,completed_finite_correspondences,0.0011809374924479,0.0001547579859915,-0.001083179748135,0.0004442802719806
b79719bbb78d81adbf89fdea2584dfbac997033ebf953956fde2eb06a24873fb,48201,,1.067009438532978,"[0.9999999999967172,-1.2299777064202426e-06,2.2478254211552866e-06,-0.0007126666558072844,1.2301140519813992e-06,0.9999999981595677,-6.065765585069625e-05,2.3259505025805543e-05,-2.2477508094538962e-06,6.0657658615578754e-05,0.999999998157798,1.4998146372425885,0.0,0.0,0.0,1.0]",True,,1850310744,1.0675238073629794,"[1.0,0.0,0.0,0.0,0.0,1.0,0.0,0.0,0.0,0.0,1.0,1.5,0.0,0.0,0.0,1.0]",,3,dcb922399af273dad25f3a0acf570744da984e8f3b50f6b68e739c91bed5d956,217775206,DROPOUT_ONLY,fbd9f078d7df255c76489939ee84731937c0239eec355c776e01b815b8445903,native_full,0,0.0034785272125538,6.071175297928485e-05,6.065765727040068e-05,2.247788116685452e-06,1.230045879956462e-06,694.5309490001819,9ccd6d45b4aa565f0fa64a81110be81b9079a92341fe266e7b0b283f2e94cac6,END_FACE_TRANSITION_PRESENT,dev::END_FACE_TRANSITION_PRESENT::g1850310744::m217775206::r00::DROPOUT_ONLY,True,False,converged_step,0.0007367456268677,-0.0007126666558072,2.3259505025805543e-05,-0.0001853627574115
b79719bbb78d81adbf89fdea2584dfbac997033ebf953956fde2eb06a24873fb,48201,,1.066806255128424,"[0.9999999999967282,-1.1198677049422994e-06,2.299916581962998e-06,-0.0007355599634684152,1.1200090497238095e-06,0.9999999981108668,-6.145740003508093e-05,2.159723994661587e-05,-2.29984775346062e-06,6.145740261080723e-05,0.9999999981088492,1.4998137400588292,0.0,0.0,0.0,1.0]",True,,1850310744,1.0675238073629794,"[1.0,0.0,0.0,0.0,0.0,1.0,0.0,0.0,0.0,0.0,1.0,1.5,0.0,0.0,0.0,1.0]",,2,dcb922399af273dad25f3a0acf570744da984e8f3b50f6b68e739c91bed5d956,217775206,DROPOUT_ONLY,fbd9f078d7df255c76489939ee84731937c0239eec355c776e01b815b8445903,native_frozen,0,0.0035242987020148,6.151061617392201e-05,6.145740136169867e-05,2.2998821691620973e-06,1.1199383780392792e-06,5.527391998839448,9ccd6d45b4aa565f0fa64a81110be81b9079a92341fe266e7b0b283f2e94cac6,END_FACE_TRANSITION_PRESENT,dev::END_FACE_TRANSITION_PRESENT::g1850310744::m217775206::r00::DROPOUT_ONLY,True,False,converged_step,0.0007590834383096,-0.0007355599634684,2.159723994661587e-05,-0.0001862599411708
b79719bbb78d81adbf89fdea2584dfbac997033ebf953956fde2eb06a24873fb,48201,,0.0352248341151426,"[0.9999999999907921,-4.199117900321025e-06,-8.850266510184775e-07,0.0002939745983914395,4.199370306317703e-06,0.9999999592677004,0.00028538914330971,-0.0011057476807730452,8.838282323090773e-07,-0.00028538914702363674,0.9999999592761261,1.500458095421818,0.0,0.0,0.0,1.0]",True,1.0,1850310744,,"[1.0,0.0,0.0,0.0,0.0,1.0,0.0,0.0,0.0,0.0,1.0,1.5,0.0,0.0,0.0,1.0]",0.0352248341151426,-1,dcb922399af273dad25f3a0acf570744da984e8f3b50f6b68e739c91bed5d956,217775206,DROPOUT_ONLY,fbd9f078d7df255c76489939ee84731937c0239eec355c776e01b815b8445903,open3d_full,0,0.0163534422728034,0.0002854214116952,-0.0002853891490415,-8.844274536721474e-07,4.199244160334868e-06,84.86627100137412,9ccd6d45b4aa565f0fa64a81110be81b9079a92341fe266e7b0b283f2e94cac6,END_FACE_TRANSITION_PRESENT,dev::END_FACE_TRANSITION_PRESENT::g1850310744::m217775206::r00::DROPOUT_ONLY,True,False,completed_finite_correspondences,0.0012324570635624,0.0002939745983914,-0.001105747680773,0.000458095421818
33e309a231204b7ab91fc2427b09a0fe1d016077a2272fc6313d86c7a80ad687,48199,,1.292137863445971,"[0.9999999999988901,3.19946999112955e-08,1.4895758884057403e-06,-0.0008807791840241597,-3.19340175295891e-08,0.9999999991702069,-4.073800849301067e-05,2.106355806574835e-05,-1.489577190570057e-06,4.073800844539731e-05,0.9999999991690979,1.4998427969326136,0.0,0.0,0.0,1.0]",True,,1850310744,1.2927889064766385,"[1.0,0.0,0.0,0.0,0.0,1.0,0.0,0.0,0.0,0.0,1.0,1.5,0.0,0.0,0.0,1.0]",,3,1d344fc0b4b3c8b87c6e7a2cb257588d010874ffd739bf4d875ed2f2197c2261,217775206,FULL_NOISE,fbd9f078d7df255c76489939ee84731937c0239eec355c776e01b815b8445903,native_full,0,0.0023356764858273,4.076524493909842e-05,4.07380084804871e-05,1.489576539900463e-06,-3.19643587292954e-08,605.4377149994252,d7e1000b2e563807dcfb466c4ca6b22764742e1f314938aaa6658edbc97ae0fa,END_FACE_TRANSITION_PRESENT,dev::END_FACE_TRANSITION_PRESENT::g1850310744::m217775206::r00::FULL_NOISE,True,False,converged_step,0.0008949460592037,-0.0008807791840241,2.106355806574835e-05,-0.0001572030673864
33e309a231204b7ab91fc2427b09a0fe1d016077a2272fc6313d86c7a80ad687,48199,,1.292154016318226,"[0.9999999999987855,3.568898037723271e-08,1.5580788872271507e-06,-0.0008495920454232672,-3.562379638987973e-08,0.9999999991248694,-4.183610772091903e-05,2.066610149465922e-05,-1.5580803789516556e-06,4.183610766536353e-05,0.9999999991236562,1.4998438867841424,0.0,0.0,0.0,1.0]",True,,1850310744,1.2927889064766385,"[1.0,0.0,0.0,0.0,0.0,1.0,0.0,0.0,0.0,0.0,1.0,1.5,0.0,0.0,0.0,1.0]",,2,1d344fc0b4b3c8b87c6e7a2cb257588d010874ffd739bf4d875ed2f2197c2261,217775206,FULL_NOISE,fbd9f078d7df255c76489939ee84731937c0239eec355c776e01b815b8445903,native_frozen,0,0.0023986950398477,4.18651261965991e-05,4.183610770536223e-05,1.5580796335445413e-06,-3.565638839397198e-08,5.023505000281148,d7e1000b2e563807dcfb466c4ca6b22764742e1f314938aaa6658edbc97ae0fa,END_FACE_TRANSITION_PRESENT,dev::END_FACE_TRANSITION_PRESENT::g1850310744::m217775206::r00::FULL_NOISE,True,False,converged_step,0.0008640631154972,-0.0008495920454232,2.066610149465922e-05,-0.0001561132158576
33e309a231204b7ab91fc2427b09a0fe1d016077a2272fc6313d86c7a80ad687,48199,,0.0356853295698114,"[0.9999999999954395,-1.716623590871633e-06,-2.484799272393966e-06,-3.938960817818644e-05,1.717569884962889e-06,0.9999999274624697,0.0003808833226787328,-0.0010820300477791295,2.484145258855683e-06,-0.00038088332694481214,0.9999999274608575,1.50053862569393,0.0,0.0,0.0,1.0]",True,1.0,1850310744,,"[1.0,0.0,0.0,0.0,0.0,1.0,0.0,0.0,0.0,0.0,1.0,1.5,0.0,0.0,0.0,1.0]",0.0356853295698114,-1,1d344fc0b4b3c8b87c6e7a2cb257588d010874ffd739bf4d875ed2f2197c2261,217775206,FULL_NOISE,fbd9f078d7df255c76489939ee84731937c0239eec355c776e01b815b8445903,open3d_full,0,0.0218236935473619,0.0003808953073477,-0.0003808833340216,-2.484472325699876e-06,1.7170967794370145e-06,74.87511900035315,d7e1000b2e563807dcfb466c4ca6b22764742e1f314938aaa6658edbc97ae0fa,END_FACE_TRANSITION_PRESENT,dev::END_FACE_TRANSITION_PRESENT::g1850310744::m217775206::r00::FULL_NOISE,True,False,completed_finite_correspondences,0.0012093213814742,-3.938960817818644e-05,-0.0010820300477791,0.0005386256939299
1874e73063f6512394ce549dc55d52ea5c21d8aaec441f5dceb28ec08dbe0d3a,47910,iteration_limit,0.8986896773752913,"[0.9999999999999291,2.6364863958983287e-07,-2.692022114314102e-07,-0.060484837358392746,-2.6363447314918554e-07,0.999999998615405,5.2622434058549674e-05,-0.0001235380755701585,2.692160848918256e-07,-5.2622433987574954e-05,0.9999999986154035,1.5002761949185135,0.0,0.0,0.0,1.0]",True,,1850310744,0.425453249139013,"[1.0,0.0,0.0,0.0,0.0,1.0,0.0,0.0,0.0,0.0,1.0,1.5,0.0,0.0,0.0,1.0]",,20,f6ac351b2d218de62336778ca9daeca2c11f38894fb0ebc4cae4a1e872f9911b,217775206,IDEAL_MATCHED,fbd9f078d7df255c76489939ee84731937c0239eec355c776e01b815b8445903,native_full,0,0.0030151206724157,5.262378307859971e-05,-5.262243404734987e-05,-2.692091482858697e-07,-2.636415564911913e-07,2808.0719970002974,5f5e1aaf685c320af12c3a0c50f0f41f3f25c693101390f510a41ae6a426e702,END_FACE_TRANSITION_WEAK,dev::END_FACE_TRANSITION_WEAK::g1850310744::m217775206::r00::IDEAL_MATCHED,False,True,iteration_limit,0.0604855941159574,-0.0604848373583927,-0.0001235380755701,0.0002761949185134
1874e73063f6512394ce549dc55d52ea5c21d8aaec441f5dceb28ec08dbe0d3a,47898,,0.4153307239363976,"[0.9999999999823314,5.7273143594533594e-06,1.592238891946215e-06,-0.0116650393429972,-5.727064937888342e-06,0.9999999877211583,-0.0001566042273443709,-0.00028733788999844097,-1.5931357940353862e-06,0.00015660421822274838,0.9999999877362903,1.4998712236384169,0.0,0.0,0.0,1.0]",True,,1850310744,0.425453249139013,"[1.0,0.0,0.0,0.0,0.0,1.0,0.0,0.0,0.0,0.0,1.0,1.5,0.0,0.0,0.0,1.0]",,3,f6ac351b2d218de62336778ca9daeca2c11f38894fb0ebc4cae4a1e872f9911b,217775206,IDEAL_MATCHED,fbd9f078d7df255c76489939ee84731937c0239eec355c776e01b815b8445903,native_frozen,0,0.0089792230545118,0.0001567170065722,0.0001566042234245,1.5926873495102592e-06,-5.727189672114358e-06,6.774997000320582,5f5e1aaf685c320af12c3a0c50f0f41f3f25c693101390f510a41ae6a426e702,END_FACE_TRANSITION_WEAK,dev::END_FACE_TRANSITION_WEAK::g1850310744::m217775206::r00::IDEAL_MATCHED,True,False,converged_step,0.0116692882939793,-0.0116650393429972,-0.0002873378899984,-0.0001287763615831
1874e73063f6512394ce549dc55d52ea5c21d8aaec441f5dceb28ec08dbe0d3a,47912,,2.0047671514233626e-17,"[1.0,2.257825303370758e-22,-6.620303953839115e-22,4.803225393085431e-18,-2.257825303370758e-22,1.0,7.668892305034018e-19,-8.560963115560422e-19,6.620303953839115e-22,-7.668892305034018e-19,1.0,1.5,0.0,0.0,0.0,1.0]",True,1.0,1850310744,,"[1.0,0.0,0.0,0.0,0.0,1.0,0.0,0.0,0.0,0.0,1.0,1.5,0.0,0.0,0.0,1.0]",2.0047671514233626e-17,-1,f6ac351b2d218de62336778ca9daeca2c11f38894fb0ebc4cae4a1e872f9911b,217775206,IDEAL_MATCHED,fbd9f078d7df255c76489939ee84731937c0239eec355c776e01b815b8445903,open3d_full,0,4.393953453873205e-17,7.668895494946421e-19,-7.668892305034018e-19,-6.620303953839115e-22,-2.257825303370758e-22,35.82446099972003,5f5e1aaf685c320af12c3a0c50f0f41f3f25c693101390f510a41ae6a426e702,END_FACE_TRANSITION_WEAK,dev::END_FACE_TRANSITION_WEAK::g1850310744::m217775206::r00::IDEAL_MATCHED,True,False,completed_finite_correspondences,4.8789215069972746e-18,4.803225393085431e-18,-8.560963115560422e-19,0.0
9bf7189a7c0a8495298253b997e22372a2a751ef12db6b1be1cab770465e8317,47901,iteration_limit,1.0286567967058364,"[0.9999999999999417,-5.232030406312684e-08,3.3733389355882893e-07,0.00030984213823530456,5.23842762060247e-08,0.9999999820177242,-0.00018964321390309372,0.001053852614702756,-3.373239653021829e-07,0.00018964321392075364,0.9999999820176686,1.4989944751356379,0.0,0.0,0.0,1.0]",True,,1850310744,1.0553753339341252,"[1.0,0.0,0.0,0.0,0.0,1.0,0.0,0.0,0.0,0.0,1.0,1.5,0.0,0.0,0.0,1.0]",,20,f6ac351b2d218de62336778ca9daeca2c11f38894fb0ebc4cae4a1e872f9911b,217775206,INDEPENDENT_NOISE_FREE,fbd9f078d7df255c76489939ee84731937c0239eec355c776e01b815b8445903,native_full,0,0.0108657734390621,0.0001896435222873,0.0001896432150486,3.37328931452493e-07,5.2352290448381216e-08,2911.767527999473,a6e3bc3d875b38890743f55155ed1863617a9c834a756599d6f6834c6bc4173e,END_FACE_TRANSITION_WEAK,dev::END_FACE_TRANSITION_WEAK::g1850310744::m217775206::r00::INDEPENDENT_NOISE_FREE,False,True,iteration_limit,0.0014891902957622,0.0003098421382353,0.0010538526147027,-0.0010055248643621
9bf7189a7c0a8495298253b997e22372a2a751ef12db6b1be1cab770465e8317,47901,,1.0243017838643853,"[0.9999999999999433,-2.060643717173308e-07,2.6626022707699427e-07,0.009856466557819825,2.0611368486931058e-07,0.9999999828467772,-0.00018521987747710826,0.001063152029849765,-2.662220552920913e-07,0.00018521987753197761,0.999999982846763,1.498993416680684,0.0,0.0,0.0,1.0]",True,,1850310744,1.0553753339341252,"[1.0,0.0,0.0,0.0,0.0,1.0,0.0,0.0,0.0,0.0,1.0,1.5,0.0,0.0,0.0,1.0]",,4,f6ac351b2d218de62336778ca9daeca2c11f38894fb0ebc4cae4a1e872f9911b,217775206,INDEPENDENT_NOISE_FREE,fbd9f078d7df255c76489939ee84731937c0239eec355c776e01b815b8445903,native_frozen,0,0.0106123348564948,0.0001852201845699,0.0001852198785635,2.662411427068438e-07,2.060890294716868e-07,7.111261000318336,a6e3bc3d875b38890743f55155ed1863617a9c834a756599d6f6834c6bc4173e,END_FACE_TRANSITION_WEAK,dev::END_FACE_TRANSITION_WEAK::g1850310744::m217775206::r00::INDEPENDENT_NOISE_FREE,True,False,converged_step,0.0099646091354713,0.0098564665578198,0.0010631520298497,-0.001006583319316
9bf7189a7c0a8495298253b997e22372a2a751ef12db6b1be1cab770465e8317,47912,,0.0458699775676139,"[0.9999999999995003,9.893549882657132e-07,-1.4366930646374764e-07,-0.002812206342622636,-9.89287584256057e-07,0.999999890297706,0.0004684053768731838,0.0005234020796192472,1.441327098990351e-07,-0.0004684053767308194,0.999999890298185,1.4999033445197512,0.0,0.0,0.0,1.0]",True,1.0,1850310744,,"[1.0,0.0,0.0,0.0,0.0,1.0,0.0,0.0,0.0,0.0,1.0,1.5,0.0,0.0,0.0,1.0]",0.0458699775676139,-1,f6ac351b2d218de62336778ca9daeca2c11f38894fb0ebc4cae4a1e872f9911b,217775206,INDEPENDENT_NOISE_FREE,fbd9f078d7df255c76489939ee84731937c0239eec355c776e01b815b8445903,open3d_full,0,0.0268377133009941,0.0004684064608086,-0.0004684053939303,-1.4390101344348234e-07,-9.893213224378284e-07,68.71275400044397,a6e3bc3d875b38890743f55155ed1863617a9c834a756599d6f6834c6bc4173e,END_FACE_TRANSITION_WEAK,dev::END_FACE_TRANSITION_WEAK::g1850310744::m217775206::r00::INDEPENDENT_NOISE_FREE,True,False,completed_finite_correspondences,0.0028621314666344,-0.0028122063426226,0.0005234020796192,-9.665548024884174e-05
dc113d847fbce0652b60960c20a6710a24ac7aa2b925ea36577dcac46da5b89b,47901,iteration_limit,1.4931238160444005,"[0.9999999999882379,1.0687984504537845e-07,-4.849015951630544e-06,-0.040555406854370035,-1.0663430222656904e-07,0.9999999987179095,5.063763152840119e-05,0.0009740469469234831,4.849021357555878e-06,-5.0637631010734146e-05,0.9999999987061586,1.498737035983783,0.0,0.0,0.0,1.0]",True,,1850310744,1.394196559826367,"[1.0,0.0,0.0,0.0,0.0,1.0,0.0,0.0,0.0,0.0,1.0,1.5,0.0,0.0,0.0,1.0]",,20,f6ac351b2d218de62336778ca9daeca2c11f38894fb0ebc4cae4a1e872f9911b,217775206,SCAN_NOISE_ONLY,fbd9f078d7df255c76489939ee84731937c0239eec355c776e01b815b8445903,native_full,0,0.0029146009269973,5.086938255778338e-05,-5.06376312914068e-05,-4.849018656684507e-06,-1.067570736820162e-07,2931.7340459983825,89c392eeb5bc54bbb9ff80fc8c3b1a5880afd38f5f4203194087358c6e3a662c,END_FACE_TRANSITION_WEAK,dev::END_FACE_TRANSITION_WEAK::g1850310744::m217775206::r00::SCAN_NOISE_ONLY,False,True,iteration_limit,0.0405867573314813,-0.04055540685437,0.0009740469469234,-0.0012629640162169
dc113d847fbce0652b60960c20a6710a24ac7aa2b925ea36577dcac46da5b89b,47900,,1.3598006480714224,"[0.9999999999928597,2.1536089295946262e-07,-3.7728329535687395e-06,-0.013283054955367217,-2.1619062843551184e-07,0.9999999758164505,-0.0002199251047973203,0.0010385030144155433,3.7727854990612936e-06,0.0002199251056114011,0.9999999758093567,1.4989385386720293,0.0,0.0,0.0,1.0]",True,,1850310744,1.394196559826367,"[1.0,0.0,0.0,0.0,0.0,1.0,0.0,0.0,0.0,0.0,1.0,1.5,0.0,0.0,0.0,1.0]",,4,f6ac351b2d218de62336778ca9daeca2c11f38894fb0ebc4cae4a1e872f9911b,217775206,SCAN_NOISE_ONLY,fbd9f078d7df255c76489939ee84731937c0239eec355c776e01b815b8445903,native_frozen,0,0.0126026405277352,0.0002199575716542,0.0002199251069777,-3.772809256737274e-06,-2.157757624374071e-07,9.257136000087485,89c392eeb5bc54bbb9ff80fc8c3b1a5880afd38f5f4203194087358c6e3a662c,END_FACE_TRANSITION_WEAK,dev::END_FACE_TRANSITION_WEAK::g1850310744::m217775206::r00::SCAN_NOISE_ONLY,True,False,converged_step,0.013365804787181,-0.0132830549553672,0.0010385030144155,-0.0010614613279706
dc113d847fbce0652b60960c20a6710a24ac7aa2b925ea36577dcac46da5b89b,47912,,0.0466011729677875,"[0.9999999999907718,1.9330465024052814e-06,-3.836626337257425e-06,-0.0018131991361961203,-1.931179747665036e-06,0.9999998816560801,0.0004865018976804055,0.0005190146636306655,3.837566314007748e-06,-0.00048650189026670115,0.9999998816505851,1.4999432562181685,0.0,0.0,0.0,1.0]",True,1.0,1850310744,,"[1.0,0.0,0.0,0.0,0.0,1.0,0.0,0.0,0.0,0.0,1.0,1.5,0.0,0.0,0.0,1.0]",0.0466011729677875,-1,f6ac351b2d218de62336778ca9daeca2c11f38894fb0ebc4cae4a1e872f9911b,217775206,SCAN_NOISE_ONLY,fbd9f078d7df255c76489939ee84731937c0239eec355c776e01b815b8445903,open3d_full,0,0.0278755931401955,0.0004865208812427,-0.0004865019131662,-3.837096477007683e-06,-1.9321132012578504e-06,133.98707500164164,89c392eeb5bc54bbb9ff80fc8c3b1a5880afd38f5f4203194087358c6e3a662c,END_FACE_TRANSITION_WEAK,dev::END_FACE_TRANSITION_WEAK::g1850310744::m217775206::r00::SCAN_NOISE_ONLY,True,False,completed_finite_correspondences,0.0018868723288401,-0.0018131991361961,0.0005190146636306,-5.674378183151418e-05
9d13299866255b15d834c343e276d7ba9605c269420dd37500298f52462c54ea,47903,iteration_limit,1.3043917577900512,"[0.9999999999997531,-2.2394055141374155e-07,6.661296486433253e-07,-0.023449841962616635,2.2392272851786862e-07,0.9999999996420391,2.6755776150408708e-05,0.001237914542100959,-6.661356401081416e-07,-2.6755776001240534e-05,0.9999999996418424,1.4986791618845534,0.0,0.0,0.0,1.0]",True,,1850310744,1.1143014015438917,"[1.0,0.0,0.0,0.0,0.0,1.0,0.0,0.0,0.0,0.0,1.0,1.5,0.0,0.0,0.0,1.0]",,20,bc36fa7cfd0a3074f7fb62f3826158aa98b012a6a80134fe3d58db589b3a12e7,217775206,MAP_NOISE_ONLY,fbd9f078d7df255c76489939ee84731937c0239eec355c776e01b815b8445903,native_full,0,0.0015335217598766,2.6765003860825605e-05,-2.6755776079019104e-05,6.661326444552658e-07,2.2393163999254125e-07,3356.7235290011013,a6e3bc3d875b38890743f55155ed1863617a9c834a756599d6f6834c6bc4173e,END_FACE_TRANSITION_WEAK,dev::END_FACE_TRANSITION_WEAK::g1850310744::m217775206::r00::MAP_NOISE_ONLY,False,True,iteration_limit,0.0235196116849844,-0.0234498419626166,0.0012379145421009,-0.0013208381154465
9d13299866255b15d834c343e276d7ba9605c269420dd37500298f52462c54ea,47901,,1.086771735288789,"[0.9999999999992011,-1.1422968359925703e-06,5.412921504552506e-07,-0.001186308171760317,1.1424030536111493e-06,0.9999999807383148,-0.00019627038769922563,0.0010617549298597901,-5.410679409861836e-07,0.00019627038831744264,0.9999999807388208,1.4989278817750065,0.0,0.0,0.0,1.0]",True,,1850310744,1.1143014015438917,"[1.0,0.0,0.0,0.0,0.0,1.0,0.0,0.0,0.0,0.0,1.0,1.5,0.0,0.0,0.0,1.0]",,3,bc36fa7cfd0a3074f7fb62f3826158aa98b012a6a80134fe3d58db589b3a12e7,217775206,MAP_NOISE_ONLY,fbd9f078d7df255c76489939ee84731937c0239eec355c776e01b815b8445903,native_frozen,0,0.0112456981688223,0.0001962744597314,0.0001962703892685,5.411800491954235e-07,1.142349952136444e-06,6.224700000529992,a6e3bc3d875b38890743f55155ed1863617a9c834a756599d6f6834c6bc4173e,END_FACE_TRANSITION_WEAK,dev::END_FACE_TRANSITION_WEAK::g1850310744::m217775206::r00::MAP_NOISE_ONLY,True,False,converged_step,0.0019193978477194,-0.0011863081717603,0.0010617549298597,-0.0010721182249935
9d13299866255b15d834c343e276d7ba9605c269420dd37500298f52462c54ea,47912,,0.045995822512773,"[0.9999999999999954,-2.4948949105472398e-08,9.22607978209442e-08,-0.002697527225500415,2.490363678673542e-08,0.9999998794102153,0.0004911003505141673,0.0005256133046092379,-9.227303913288507e-08,-0.0004911003505118674,0.9999998794102114,1.4998949541721693,0.0,0.0,0.0,1.0]",True,1.0,1850310744,,"[1.0,0.0,0.0,0.0,0.0,1.0,0.0,0.0,0.0,0.0,1.0,1.5,0.0,0.0,0.0,1.0]",0.045995822512773,-1,bc36fa7cfd0a3074f7fb62f3826158aa98b012a6a80134fe3d58db589b3a12e7,217775206,MAP_NOISE_ONLY,fbd9f078d7df255c76489939ee84731937c0239eec355c776e01b815b8445903,open3d_full,0,0.0281379790656952,0.0004911003795536,-0.0004911003702535,9.226692218573088e-08,2.4926293948056094e-08,62.34305100042548,a6e3bc3d875b38890743f55155ed1863617a9c834a756599d6f6834c6bc4173e,END_FACE_TRANSITION_WEAK,dev::END_FACE_TRANSITION_WEAK::g1850310744::m217775206::r00::MAP_NOISE_ONLY,True,False,completed_finite_correspondences,0.0027502649152841,-0.0026975272255004,0.0005256133046092,-0.0001050458278306
38e8b8efdc0248ef91975137f8616031d2f43bc7ef41d4961a50d3442fa5d5d2,47411,iteration_limit,1.0219873767003338,"[0.999999999999636,-4.821130912802429e-07,7.04091456854718e-07,0.0003325711235926728,4.822464880939966e-07,0.9999999820501043,-0.000189471788301086,0.001057863963038007,-7.040000973867815e-07,0.00018947178864056266,0.9999999820499726,1.4989919346072162,0.0,0.0,0.0,1.0]",True,,1850310744,1.048587880569938,"[1.0,0.0,0.0,0.0,0.0,1.0,0.0,0.0,0.0,0.0,1.0,1.5,0.0,0.0,0.0,1.0]",,20,f6ac351b2d218de62336778ca9daeca2c11f38894fb0ebc4cae4a1e872f9911b,217775206,DROPOUT_ONLY,fbd9f078d7df255c76489939ee84731937c0239eec355c776e01b815b8445903,native_full,0,0.0108560439801152,0.0001894737111943,0.0001894717896045,7.040457813333239e-07,4.821797925721852e-07,2853.42980400128,3f921483e10cc76853d781887a1269c3fcf207c011f5347e3e9d2c439018160b,END_FACE_TRANSITION_WEAK,dev::END_FACE_TRANSITION_WEAK::g1850310744::m217775206::r00::DROPOUT_ONLY,False,True,iteration_limit,0.0014986245536058,0.0003325711235926,0.001057863963038,-0.0010080653927837
38e8b8efdc0248ef91975137f8616031d2f43bc7ef41d4961a50d3442fa5d5d2,47411,,1.017756637556788,"[0.9999999999996021,-6.226960336971655e-07,6.387140014441413e-07,0.009753665567723524,6.228143922403503e-07,0.9999999828272546,-0.00018532431740926917,0.0010673734809387983,-6.3859858975827e-07,0.00018532431780699573,0.9999999828272446,1.4989909568029736,0.0,0.0,0.0,1.0]",True,,1850310744,1.048587880569938,"[1.0,0.0,0.0,0.0,0.0,1.0,0.0,0.0,0.0,0.0,1.0,1.5,0.0,0.0,0.0,1.0]",,4,f6ac351b2d218de62336778ca9daeca2c11f38894fb0ebc4cae4a1e872f9911b,217775206,DROPOUT_ONLY,fbd9f078d7df255c76489939ee84731937c0239eec355c776e01b815b8445903,native_frozen,0,0.0106184243023408,0.0001853264654496,0.0001853243186689,6.386562992570763e-07,6.227552165336057e-07,7.682325998757733,3f921483e10cc76853d781887a1269c3fcf207c011f5347e3e9d2c439018160b,END_FACE_TRANSITION_WEAK,dev::END_FACE_TRANSITION_WEAK::g1850310744::m217775206::r00::DROPOUT_ONLY,True,False,converged_step,0.0098636426500696,0.0097536655677235,0.0010673734809387,-0.0010090431970264
38e8b8efdc0248ef91975137f8616031d2f43bc7ef41d4961a50d3442fa5d5d2,47422,,0.0458498098797708,"[0.9999999999997126,7.299975775738316e-07,-2.0515831657747842e-07,-0.0028491879500964394,-7.299018408462775e-07,0.9999998912999424,0.0004662612687648575,0.000521405887166593,2.0549866387347245e-07,-0.0004662612686149781,0.9999998913001877,1.499896767741842,0.0,0.0,0.0,1.0]",True,1.0,1850310744,,"[1.0,0.0,0.0,0.0,0.0,1.0,0.0,0.0,0.0,0.0,1.0,1.5,0.0,0.0,0.0,1.0]",0.0458498098797708,-1,f6ac351b2d218de62336778ca9daeca2c11f38894fb0ebc4cae4a1e872f9911b,217775206,DROPOUT_ONLY,fbd9f078d7df255c76489939ee84731937c0239eec355c776e01b815b8445903,open3d_full,0,0.0267148391424383,0.0004662619021762,-0.0004662612855841,-2.0532849766521682e-07,-7.299497356585859e-07,72.34307199905743,3f921483e10cc76853d781887a1269c3fcf207c011f5347e3e9d2c439018160b,END_FACE_TRANSITION_WEAK,dev::END_FACE_TRANSITION_WEAK::g1850310744::m217775206::r00::DROPOUT_ONLY,True,False,completed_finite_correspondences,0.002898343142775,-0.0028491879500964,0.0005214058871665,-0.000103232258158
7bcbc33ca2b9d413f2f86a1c1a4a9b5004ee2701583fe9ae1127d549b0d2d9e8,47413,iteration_limit,1.4448266700184869,"[0.9999999999917841,-2.285750640705488e-06,-3.347691425387855e-06,-0.04043823069255017,2.2858111828818044e-06,0.9999999998338565,1.8084861955854472e-05,0.0010023767241234287,3.3476500873468545e-06,-1.808486960789639e-05,0.9999999998308654,1.4986907019834397,0.0,0.0,0.0,1.0]",True,,1850310744,1.374141391119445,"[1.0,0.0,0.0,0.0,0.0,1.0,0.0,0.0,0.0,0.0,1.0,1.5,0.0,0.0,0.0,1.0]",,20,f727e13e5a6f3eebb534c11056ddc9405a3779f3b227082b6a38e6c61a55da3e,217775206,FULL_NOISE,fbd9f078d7df255c76489939ee84731937c0239eec355c776e01b815b8445903,native_full,0,0.0010618966500257,1.853359285884784e-05,-1.808486578291077e-05,-3.3476707565590057e-06,2.285780911924505e-06,4132.623573001183,b9aeb9861bb3f3db50fea27762cca70dd01095ffa53a55ba51a29be734674311,END_FACE_TRANSITION_WEAK,dev::END_FACE_TRANSITION_WEAK::g1850310744::m217775206::r00::FULL_NOISE,False,True,iteration_limit,0.0404718361572234,-0.0404382306925501,0.0010023767241234,-0.0013092980165603
7bcbc33ca2b9d413f2f86a1c1a4a9b5004ee2701583fe9ae1127d549b0d2d9e8,47414,,1.3365728790155391,"[0.9999999999916105,-2.8824224645793704e-06,-2.9104508567456697e-06,-0.01385884116773696,2.8817045020835864e-06,0.9999999695767088,-0.00024665416545959385,0.0010608131236001972,2.9111617297076784e-06,0.00024665415707046516,0.9999999695766255,1.498875515476413,0.0,0.0,0.0,1.0]",True,,1850310744,1.374141391119445,"[1.0,0.0,0.0,0.0,0.0,1.0,0.0,0.0,0.0,0.0,1.0,1.5,0.0,0.0,0.0,1.0]",,4,f727e13e5a6f3eebb534c11056ddc9405a3779f3b227082b6a38e6c61a55da3e,217775206,FULL_NOISE,fbd9f078d7df255c76489939ee84731937c0239eec355c776e01b815b8445903,native_frozen,0,0.0141341912719235,0.0002466881748017,0.0002466541637667,-2.910806322749554e-06,2.882063512562834e-06,9.308138000051258,b9aeb9861bb3f3db50fea27762cca70dd01095ffa53a55ba51a29be734674311,END_FACE_TRANSITION_WEAK,dev::END_FACE_TRANSITION_WEAK::g1850310744::m217775206::r00::FULL_NOISE,True,False,converged_step,0.0139447935961616,-0.0138588411677369,0.0010608131236001,-0.0011244845235869
7bcbc33ca2b9d413f2f86a1c1a4a9b5004ee2701583fe9ae1127d549b0d2d9e8,47425,,0.0463962133060888,"[0.9999999999944336,-3.8490928469248074e-07,-3.314292251287465e-06,-0.002210584875901016,3.864386282928514e-07,0.9999998935312531,0.00046145133351910267,0.0005552305673263113,3.3141142815162172e-06,-0.00046145133479730434,0.9999998935258354,1.499928515295193,0.0,0.0,0.0,1.0]",True,1.0,1850310744,,"[1.0,0.0,0.0,0.0,0.0,1.0,0.0,0.0,0.0,0.0,1.0,1.5,0.0,0.0,0.0,1.0]",0.0463962133060888,-1,f727e13e5a6f3eebb534c11056ddc9405a3779f3b227082b6a38e6c61a55da3e,217775206,FULL_NOISE,fbd9f078d7df255c76489939ee84731937c0239eec355c776e01b815b8445903,open3d_full,0,0.026439905968461,0.0004614634130673,-0.0004614513505357,-3.3142033840276022e-06,3.856739701807803e-07,141.1099329998251,b9aeb9861bb3f3db50fea27762cca70dd01095ffa53a55ba51a29be734674311,END_FACE_TRANSITION_WEAK,dev::END_FACE_TRANSITION_WEAK::g1850310744::m217775206::r00::FULL_NOISE,True,False,completed_finite_correspondences,0.002280367632527,-0.002210584875901,0.0005552305673263,-7.148470480689006e-05
904aef744f7c0ede3f4142e156be38a953a3e78c6e8446a3beaa449dbf0ab7fc,47809,iteration_limit,0.6512456083772274,"[0.9999999999999549,-1.0399812145063557e-07,-2.8154445178731005e-07,-0.1299948197644335,1.0403288240102615e-07,0.9999999923778154,0.00012346804512777966,0.00025412899409024757,2.815316091965738e-07,-0.00012346804515706396,0.9999999923777813,1.5003740770283365,0.0,0.0,0.0,1.0]",True,,1850310744,0.4131902143402827,"[1.0,0.0,0.0,0.0,0.0,1.0,0.0,0.0,0.0,0.0,1.0,1.5,0.0,0.0,0.0,1.0]",,20,5b9f6aa36199af0375e5a5fd182497a86de5fc6f749ec44298755aebf4305336,217775206,IDEAL_MATCHED,fbd9f078d7df255c76489939ee84731937c0239eec355c776e01b815b8445903,native_full,0,0.0070742188109743,0.000123468410258,-0.0001234680454561,-2.815380312072573e-07,1.0401550219010735e-07,2847.200979998888,3ec74bfc48a7ad78ecfe6266090553ed2eee5efee185fcda8bf5cfeacca496f4,END_FACE_TRANSITION_ABSENT,dev::END_FACE_TRANSITION_ABSENT::g1850310744::m217775206::r00::IDEAL_MATCHED,False,True,iteration_limit,0.1299956063902019,-0.1299948197644335,0.0002541289940902,0.0003740770283364
904aef744f7c0ede3f4142e156be38a953a3e78c6e8446a3beaa449dbf0ab7fc,47809,,0.3866384083417415,"[0.9999999999979635,1.6155665279944335e-06,1.2094882218108119e-06,-0.047199183228714935,-1.6154387251926418e-06,0.999999994416742,-0.0001056593877082867,-0.00015034147897648035,-1.2096589148280769e-06,0.00010565938575421741,0.9999999944173155,1.5001925263726632,0.0,0.0,0.0,1.0]",True,,1850310744,0.4131902143402827,"[1.0,0.0,0.0,0.0,0.0,1.0,0.0,0.0,0.0,0.0,1.0,1.5,0.0,0.0,0.0,1.0]",,6,5b9f6aa36199af0375e5a5fd182497a86de5fc6f749ec44298755aebf4305336,217775206,IDEAL_MATCHED,fbd9f078d7df255c76489939ee84731937c0239eec355c776e01b815b8445903,native_frozen,0,0.0060549411439235,0.0001056786589759,0.0001056593869279,1.2095735705708598e-06,-1.6155026296005209e-06,11.62259400007315,3ec74bfc48a7ad78ecfe6266090553ed2eee5efee185fcda8bf5cfeacca496f4,END_FACE_TRANSITION_ABSENT,dev::END_FACE_TRANSITION_ABSENT::g1850310744::m217775206::r00::IDEAL_MATCHED,True,False,converged_step,0.0471998153219085,-0.0471991832287149,-0.0001503414789764,0.0001925263726632
904aef744f7c0ede3f4142e156be38a953a3e78c6e8446a3beaa449dbf0ab7fc,47809,,3.096499872611069e-17,"[1.0,2.6797184633998503e-22,-1.3695616337728836e-22,9.466456030375126e-17,-2.6797184633998503e-22,1.0,-1.6597429901538564e-19,8.089407950612897e-19,1.3695616337728836e-22,1.6597429901538564e-19,1.0,1.5,0.0,0.0,0.0,1.0]",True,1.0,1850310744,,"[1.0,0.0,0.0,0.0,0.0,1.0,0.0,0.0,0.0,0.0,1.0,1.5,0.0,0.0,0.0,1.0]",3.096499872611069e-17,-1,5b9f6aa36199af0375e5a5fd182497a86de5fc6f749ec44298755aebf4305336,217775206,IDEAL_MATCHED,fbd9f078d7df255c76489939ee84731937c0239eec355c776e01b815b8445903,open3d_full,0,9.50964247328163e-18,1.6597457184626133e-19,1.6597429901538564e-19,-1.3695616337728836e-22,-2.6797184633998503e-22,42.96886100019037,3ec74bfc48a7ad78ecfe6266090553ed2eee5efee185fcda8bf5cfeacca496f4,END_FACE_TRANSITION_ABSENT,dev::END_FACE_TRANSITION_ABSENT::g1850310744::m217775206::r00::IDEAL_MATCHED,True,False,completed_finite_correspondences,9.466801657747177e-17,9.466456030375126e-17,8.089407950612897e-19,0.0
e0e246c9568e008c1c94b88e82411e00e4054860c7a2aad1edd84ad1a5996387,47826,iteration_limit,0.4155228538883324,"[0.9999999999998483,5.032180085304975e-07,-2.2386150350063752e-07,-0.0013827414538825217,-5.031353493056328e-07,0.9999999318863111,0.00036908958268463293,0.0008374038926825006,2.2404722077737264e-07,-0.0003690895825719443,0.9999999318864126,1.499969801890194,0.0,0.0,0.0,1.0]",True,,1850310744,0.4129421113763027,"[1.0,0.0,0.0,0.0,0.0,1.0,0.0,0.0,0.0,0.0,1.0,1.5,0.0,0.0,0.0,1.0]",,20,5b9f6aa36199af0375e5a5fd182497a86de5fc6f749ec44298755aebf4305336,217775206,INDEPENDENT_NOISE_FREE,fbd9f078d7df255c76489939ee84731937c0239eec355c776e01b815b8445903,native_full,0,0.0211472993717112,0.0003690900019412,-0.0003690895910083,-2.23954367223793e-07,-5.031766903424762e-07,3633.128165000017,3538ed69e2199bd738ca453a1bf65b5524f5cb05a1db791e1f992bd0dd8a302d,END_FACE_TRANSITION_ABSENT,dev::END_FACE_TRANSITION_ABSENT::g1850310744::m217775206::r00::INDEPENDENT_NOISE_FREE,False,True,iteration_limit,0.0016168274903652,-0.0013827414538825,0.0008374038926825,-3.0198109806089946e-05
e0e246c9568e008c1c94b88e82411e00e4054860c7a2aad1edd84ad1a5996387,47826,,0.2803436818178305,"[0.9999999999999732,-8.041688648218134e-08,2.1687187971561996e-07,-0.09349308697228369,8.040407339833317e-08,0.999999998254732,5.9080704783391814e-05,0.0006234434275764083,-2.1687663042345027e-07,-5.9080704765952856e-05,0.9999999982547116,1.5000372791543766,0.0,0.0,0.0,1.0]",True,,1850310744,0.4129421113763027,"[1.0,0.0,0.0,0.0,0.0,1.0,0.0,0.0,0.0,0.0,1.0,1.5,0.0,0.0,0.0,1.0]",,5,5b9f6aa36199af0375e5a5fd182497a86de5fc6f749ec44298755aebf4305336,217775206,INDEPENDENT_NOISE_FREE,fbd9f078d7df255c76489939ee84731937c0239eec355c776e01b815b8445903,native_frozen,0,0.0033851009780951,5.9081157580240224e-05,-5.908070480904335e-05,2.168742551957047e-07,8.041047998703716e-08,11.490266000691918,3538ed69e2199bd738ca453a1bf65b5524f5cb05a1db791e1f992bd0dd8a302d,END_FACE_TRANSITION_ABSENT,dev::END_FACE_TRANSITION_ABSENT::g1850310744::m217775206::r00::INDEPENDENT_NOISE_FREE,True,False,converged_step,0.0934951730467928,-0.0934930869722836,0.0006234434275764,3.727915437656826e-05
e0e246c9568e008c1c94b88e82411e00e4054860c7a2aad1edd84ad1a5996387,47826,,0.0393318155049045,"[0.9999999999999101,-3.7035350555256347e-07,-2.0662921457941545e-07,-0.019948574722288455,3.703973242835063e-07,0.9999999775056941,0.00021210486544097422,0.001360080276496988,2.0655065615097383e-07,-0.00021210486551749,0.9999999775057413,1.4996780549794262,0.0,0.0,0.0,1.0]",True,1.0,1850310744,,"[1.0,0.0,0.0,0.0,0.0,1.0,0.0,0.0,0.0,0.0,1.0,1.5,0.0,0.0,0.0,1.0]",0.0393318155049045,-1,5b9f6aa36199af0375e5a5fd182497a86de5fc6f749ec44298755aebf4305336,217775206,INDEPENDENT_NOISE_FREE,fbd9f078d7df255c76489939ee84731937c0239eec355c776e01b815b8445903,open3d_full,0,0.0121527379896355,0.0002121052910513,-0.0002121048670696,-2.0658993691422853e-07,3.703754176951502e-07,82.61294899966742,3538ed69e2199bd738ca453a1bf65b5524f5cb05a1db791e1f992bd0dd8a302d,END_FACE_TRANSITION_ABSENT,dev::END_FACE_TRANSITION_ABSENT::g1850310744::m217775206::r00::INDEPENDENT_NOISE_FREE,True,False,completed_finite_correspondences,0.0199974773510439,-0.0199485747222884,0.0013600802764969,-0.0003219450205738
018511a1d70d0892ba5eb66db43d9c203f04b178b910bf79e8666dffab9cf8fd,47826,iteration_limit,1.870632201463113,"[0.9999999999951736,1.5116208935054108e-07,3.103213546124464e-06,0.2354146754714607,-1.5052949674171407e-07,0.9999999792226174,-0.0002038498025993046,0.0005261074950130771,-3.103244296009883e-06,0.00020384980213119554,0.9999999792178138,1.500014903155586,0.0,0.0,0.0,1.0]",True,,1850310744,0.6475575325778857,"[1.0,0.0,0.0,0.0,0.0,1.0,0.0,0.0,0.0,0.0,1.0,1.5,0.0,0.0,0.0,1.0]",,20,5b9f6aa36199af0375e5a5fd182497a86de5fc6f749ec44298755aebf4305336,217775206,SCAN_NOISE_ONLY,fbd9f078d7df255c76489939ee84731937c0239eec355c776e01b815b8445903,native_full,0,0.0116810898795468,0.0002038734786194,0.0002038498037773,3.1032289425644792e-06,-1.5084579409109661e-07,2862.8920880000805,0bca2381340a4e59e3be1841fca273818bada626011dd16422c6ab6ec05f6dc2,END_FACE_TRANSITION_ABSENT,dev::END_FACE_TRANSITION_ABSENT::g1850310744::m217775206::r00::SCAN_NOISE_ONLY,False,True,iteration_limit,0.2354152638180742,0.2354146754714607,0.000526107495013,1.4903155586054597e-05
018511a1d70d0892ba5eb66db43d9c203f04b178b910bf79e8666dffab9cf8fd,47826,,0.4983122070429532,"[0.9999999999959099,1.6775798612314926e-07,2.8551636894611778e-06,-0.09024076996670974,-1.6795842964317633e-07,0.9999999975356846,7.020400738794242e-05,0.0006790162523658066,-2.8551519051422568e-06,-7.02040078672041e-05,0.9999999975316227,1.5000278257680268,0.0,0.0,0.0,1.0]",True,,1850310744,0.6475575325778857,"[1.0,0.0,0.0,0.0,0.0,1.0,0.0,0.0,0.0,0.0,1.0,1.5,0.0,0.0,0.0,1.0]",,5,5b9f6aa36199af0375e5a5fd182497a86de5fc6f749ec44298755aebf4305336,217775206,SCAN_NOISE_ONLY,fbd9f078d7df255c76489939ee84731937c0239eec355c776e01b815b8445903,native_frozen,0,0.0040257299855222,7.02622430436273e-05,-7.020400768533691e-05,2.8551577996509327e-06,-1.6785820802127605e-07,9.32368800022232,0bca2381340a4e59e3be1841fca273818bada626011dd16422c6ab6ec05f6dc2,END_FACE_TRANSITION_ABSENT,dev::END_FACE_TRANSITION_ABSENT::g1850310744::m217775206::r00::SCAN_NOISE_ONLY,True,False,converged_step,0.0902433288477822,-0.0902407699667097,0.0006790162523658,2.7825768026845665e-05
018511a1d70d0892ba5eb66db43d9c203f04b178b910bf79e8666dffab9cf8fd,47826,,0.0397493647334404,"[0.9999999999981859,-6.783763475446653e-07,1.7798922753836017e-06,-0.020022085417140047,6.78039068144231e-07,0.9999999820470258,0.00018948743553512466,0.0013871339667266961,-1.7800207872236656e-06,-0.0001894874343279444,0.9999999820456716,1.4997023283268474,0.0,0.0,0.0,1.0]",True,1.0,1850310744,,"[1.0,0.0,0.0,0.0,0.0,1.0,0.0,0.0,0.0,0.0,1.0,1.5,0.0,0.0,0.0,1.0]",0.0397493647334404,-1,5b9f6aa36199af0375e5a5fd182497a86de5fc6f749ec44298755aebf4305336,217775206,SCAN_NOISE_ONLY,fbd9f078d7df255c76489939ee84731937c0239eec355c776e01b815b8445903,open3d_full,0,0.0108573788789726,0.0001894970095745,-0.0001894874360655,1.7799565419564117e-06,6.782077119034214e-07,71.62635200074874,0bca2381340a4e59e3be1841fca273818bada626011dd16422c6ab6ec05f6dc2,END_FACE_TRANSITION_ABSENT,dev::END_FACE_TRANSITION_ABSENT::g1850310744::m217775206::r00::SCAN_NOISE_ONLY,True,False,completed_finite_correspondences,0.0200722857073601,-0.02002208541714,0.0013871339667266,-0.0002976716731526
dd3e5bdb7fa7a95faf60ef9dc00143e52aac0e11f2a0fa18ec92b8ef93915ba6,47826,iteration_limit,0.6783657002815349,"[0.9999999999998422,-5.600998887097395e-07,-4.227978598311993e-08,0.045661667612576104,5.601059175470271e-07,0.9999999898140906,0.0001427287812784471,0.0007862107955618951,4.2199843177952126e-08,-0.00014272878130210576,0.9999999898142465,1.4999565906213361,0.0,0.0,0.0,1.0]",True,,1850310744,0.4248560626764623,"[1.0,0.0,0.0,0.0,0.0,1.0,0.0,0.0,0.0,0.0,1.0,1.5,0.0,0.0,0.0,1.0]",,20,6db69f275ff9508e052441a9c5756cf9a6685961ece2a2ffdb4b94630cee8d98,217775206,MAP_NOISE_ONLY,fbd9f078d7df255c76489939ee84731937c0239eec355c776e01b815b8445903,native_full,0,0.0081778201361567,0.0001427298870118,-0.0001427287817748,-4.2239814723953025e-08,5.601029050301026e-07,3298.4270280012424,3538ed69e2199bd738ca453a1bf65b5524f5cb05a1db791e1f992bd0dd8a302d,END_FACE_TRANSITION_ABSENT,dev::END_FACE_TRANSITION_ABSENT::g1850310744::m217775206::r00::MAP_NOISE_ONLY,False,True,iteration_limit,0.0456684563013749,0.0456616676125761,0.0007862107955618,-4.340937866387229e-05
dd3e5bdb7fa7a95faf60ef9dc00143e52aac0e11f2a0fa18ec92b8ef93915ba6,47826,,0.2987041874906081,"[0.9999999999995789,-8.897092766708945e-07,-2.2518841639158928e-07,-0.08692603270007902,8.897256013196543e-07,0.9999999973712129,7.250367271578079e-05,0.0006074975616826886,2.2512390860940893e-07,-7.250367291610614e-05,0.9999999973715834,1.5000086086995772,0.0,0.0,0.0,1.0]",True,,1850310744,0.4248560626764623,"[1.0,0.0,0.0,0.0,0.0,1.0,0.0,0.0,0.0,0.0,1.0,1.5,0.0,0.0,0.0,1.0]",,5,6db69f275ff9508e052441a9c5756cf9a6685961ece2a2ffdb4b94630cee8d98,217775206,MAP_NOISE_ONLY,fbd9f078d7df255c76489939ee84731937c0239eec355c776e01b815b8445903,native_frozen,0,0.0041544872512128,7.250948126579275e-05,-7.250367287947632e-05,-2.2515616269779685e-07,8.897174397749078e-07,9.4716410003457,3538ed69e2199bd738ca453a1bf65b5524f5cb05a1db791e1f992bd0dd8a302d,END_FACE_TRANSITION_ABSENT,dev::END_FACE_TRANSITION_ABSENT::g1850310744::m217775206::r00::MAP_NOISE_ONLY,True,False,converged_step,0.0869281559011369,-0.086926032700079,0.0006074975616826,8.608699577195011e-06
dd3e5bdb7fa7a95faf60ef9dc00143e52aac0e11f2a0fa18ec92b8ef93915ba6,47826,,0.0458266494332454,"[0.9999999999995905,-7.693243839443275e-07,-4.766592101592829e-07,-0.028135938205447752,7.694267785196627e-07,0.9999999769184955,0.00021485440751219624,0.0013618646049934626,4.764939064225742e-07,-0.00021485440787886263,0.9999999769186779,1.4996617384956248,0.0,0.0,0.0,1.0]",True,1.0,1850310744,,"[1.0,0.0,0.0,0.0,0.0,1.0,0.0,0.0,0.0,0.0,1.0,1.5,0.0,0.0,0.0,1.0]",0.0458266494332454,-1,6db69f275ff9508e052441a9c5756cf9a6685961ece2a2ffdb4b94630cee8d98,217775206,MAP_NOISE_ONLY,fbd9f078d7df255c76489939ee84731937c0239eec355c776e01b815b8445903,open3d_full,0,0.0123103600759225,0.0002148563154309,-0.0002148544093485,-4.7657656195764805e-07,7.693755871514731e-07,57.07573200015759,3538ed69e2199bd738ca453a1bf65b5524f5cb05a1db791e1f992bd0dd8a302d,END_FACE_TRANSITION_ABSENT,dev::END_FACE_TRANSITION_ABSENT::g1850310744::m217775206::r00::MAP_NOISE_ONLY,True,False,completed_finite_correspondences,0.0281709090153024,-0.0281359382054477,0.0013618646049934,-0.0003382615043752
b5ab38bde72d8630bdd9506dd34c7cf4d5ef8fe772622f1a1b548cf9f5b41bfa,47306,iteration_limit,0.4103251402983299,"[0.9999999999997651,6.690285970967567e-07,-1.4937931162815627e-07,-0.001163606587419111,-6.689739177259318e-07,0.9999999331153484,0.0003657442429080578,0.0008334435620831969,1.4962399499470205e-07,-0.000365744242808041,0.999999933115561,1.4999709659909348,0.0,0.0,0.0,1.0]",True,,1850310744,0.4072447740294662,"[1.0,0.0,0.0,0.0,0.0,1.0,0.0,0.0,0.0,0.0,1.0,1.5,0.0,0.0,0.0,1.0]",,20,5b9f6aa36199af0375e5a5fd182497a86de5fc6f749ec44298755aebf4305336,217775206,DROPOUT_ONLY,fbd9f078d7df255c76489939ee84731937c0239eec355c776e01b815b8445903,native_full,0,0.0209556387713632,0.0003657448934188,-0.0003657442510122,-1.495016566445518e-07,-6.690012723266525e-07,2802.4158689986507,b78e844035b7eb18fc6e16e19868d8759eba37c25a30e5eaab32f41885aad8f9,END_FACE_TRANSITION_ABSENT,dev::END_FACE_TRANSITION_ABSENT::g1850310744::m217775206::r00::DROPOUT_ONLY,False,True,iteration_limit,0.0014315905263536,-0.0011636065874191,0.0008334435620831,-2.903400906517639e-05
b5ab38bde72d8630bdd9506dd34c7cf4d5ef8fe772622f1a1b548cf9f5b41bfa,47306,,0.2766123582511008,"[0.9999999999999639,1.0165988752096412e-07,2.4872332008212164e-07,-0.09346869156261896,-1.016742875502909e-07,0.9999999983239948,5.789645981266822e-05,0.0006216115120240691,-2.487174339176677e-07,-5.7896459837954894e-05,0.999999998323969,1.5000389504763223,0.0,0.0,0.0,1.0]",True,,1850310744,0.4072447740294662,"[1.0,0.0,0.0,0.0,0.0,1.0,0.0,0.0,0.0,0.0,1.0,1.5,0.0,0.0,0.0,1.0]",,5,5b9f6aa36199af0375e5a5fd182497a86de5fc6f749ec44298755aebf4305336,217775206,DROPOUT_ONLY,fbd9f078d7df255c76489939ee84731937c0239eec355c776e01b815b8445903,native_frozen,0,0.0033172585228812,5.78970833641212e-05,-5.789645985765707e-05,2.487203771388494e-07,-1.0166708759242677e-07,10.390070998255396,b78e844035b7eb18fc6e16e19868d8759eba37c25a30e5eaab32f41885aad8f9,END_FACE_TRANSITION_ABSENT,dev::END_FACE_TRANSITION_ABSENT::g1850310744::m217775206::r00::DROPOUT_ONLY,True,False,converged_step,0.0934707666623072,-0.0934686915626189,0.000621611512024,3.895047632229698e-05
b5ab38bde72d8630bdd9506dd34c7cf4d5ef8fe772622f1a1b548cf9f5b41bfa,47306,,0.0396872283984473,"[0.9999999999999473,-2.065391132104867e-07,-2.5057605973343107e-07,-0.020432614354598016,2.0659277157091084e-07,0.9999999770679582,0.0002141589138000464,0.0013585266745967746,2.5053182179506805e-07,-0.00021415891385180227,0.9999999770679481,1.4996740090501024,0.0,0.0,0.0,1.0]",True,1.0,1850310744,,"[1.0,0.0,0.0,0.0,0.0,1.0,0.0,0.0,0.0,0.0,1.0,1.5,0.0,0.0,0.0,1.0]",0.0396872283984473,-1,5b9f6aa36199af0375e5a5fd182497a86de5fc6f749ec44298755aebf4305336,217775206,DROPOUT_ONLY,fbd9f078d7df255c76489939ee84731937c0239eec355c776e01b815b8445903,open3d_full,0,0.0122704161066595,0.0002141591616509,-0.0002141589154629,-2.5055394267949e-07,2.0656594396969386e-07,63.34624599912786,b78e844035b7eb18fc6e16e19868d8759eba37c25a30e5eaab32f41885aad8f9,END_FACE_TRANSITION_ABSENT,dev::END_FACE_TRANSITION_ABSENT::g1850310744::m217775206::r00::DROPOUT_ONLY,True,False,completed_finite_correspondences,0.020480322121215,-0.020432614354598,0.0013585266745967,-0.0003259909498976
fc22c148b46bc9ee1f34327409c422998055c70f22f7427bd1b1cced7f3d731f,47359,iteration_limit,1.6088950357685463,"[0.999999999990355,-3.231421871261308e-06,2.9745417908873647e-06,0.23824462069459929,3.2307102861900573e-06,0.9999999713878883,0.00023919403209832568,0.0006281133528042914,-2.9753146426062406e-06,-0.0002391940224861359,0.9999999713886831,1.5000018487763347,0.0,0.0,0.0,1.0]",True,,1850310744,0.6512860235809048,"[1.0,0.0,0.0,0.0,0.0,1.0,0.0,0.0,0.0,0.0,1.0,1.5,0.0,0.0,0.0,1.0]",,20,faa853bb46a61fbe8018c7b71d3ae1366634aafaf88d7ee1cd202578ec4ce1f9,217775206,FULL_NOISE,fbd9f078d7df255c76489939ee84731937c0239eec355c776e01b815b8445903,native_full,0,0.0137071185156842,0.0002392343490597,-0.0002391940295738,2.9749282451241835e-06,3.2310661095463228e-06,3350.803795001412,73040fccda851c0aa0fceca974263fa0664f9625608f831101220007f2b9368c,END_FACE_TRANSITION_ABSENT,dev::END_FACE_TRANSITION_ABSENT::g1850310744::m217775206::r00::FULL_NOISE,False,True,iteration_limit,0.238245448686256,0.2382446206945992,0.0006281133528042,1.8487763346897168e-06
fc22c148b46bc9ee1f34327409c422998055c70f22f7427bd1b1cced7f3d731f,47359,,0.5123817611883493,"[0.9999999999914756,-3.3034382651233883e-06,2.477099228470696e-06,-0.08607455788738484,3.3032885679207116e-06,0.9999999981686498,6.043003015906492e-05,0.0006450251162988063,-2.4772988508082497e-06,-6.043002197597623e-05,0.9999999981710377,1.4999704827883147,0.0,0.0,0.0,1.0]",True,,1850310744,0.6512860235809048,"[1.0,0.0,0.0,0.0,0.0,1.0,0.0,0.0,0.0,0.0,1.0,1.5,0.0,0.0,0.0,1.0]",,5,faa853bb46a61fbe8018c7b71d3ae1366634aafaf88d7ee1cd202578ec4ce1f9,217775206,FULL_NOISE,fbd9f078d7df255c76489939ee84731937c0239eec355c776e01b815b8445903,native_frozen,0,0.0034704582807435,6.057092355207745e-05,-6.043002610447189e-05,2.4771990411542125e-06,3.3033634185419665e-06,9.581852000337676,73040fccda851c0aa0fceca974263fa0664f9625608f831101220007f2b9368c,END_FACE_TRANSITION_ABSENT,dev::END_FACE_TRANSITION_ABSENT::g1850310744::m217775206::r00::FULL_NOISE,True,False,converged_step,0.0860769797575124,-0.0860745578873848,0.0006450251162988,-2.9517211685314848e-05
fc22c148b46bc9ee1f34327409c422998055c70f22f7427bd1b1cced7f3d731f,47359,,0.0330137809272162,"[0.9999999999912381,-3.4418665231584293e-06,2.3826957156854787e-06,-0.10926009490405308,3.441314335649037e-06,0.9999999731492483,0.0002317102931807841,0.00138040450325634,-2.3834931676094788e-06,-0.000231710284979149,0.9999999731523314,1.4996655356255202,0.0,0.0,0.0,1.0]",True,1.0,1850310744,,"[1.0,0.0,0.0,0.0,0.0,1.0,0.0,0.0,0.0,0.0,1.0,1.5,0.0,0.0,0.0,1.0]",0.0330137809272162,-1,faa853bb46a61fbe8018c7b71d3ae1366634aafaf88d7ee1cd202578ec4ce1f9,217775206,FULL_NOISE,fbd9f078d7df255c76489939ee84731937c0239eec355c776e01b815b8445903,open3d_full,0,0.0132781881461398,0.0002317481018494,-0.000231710291154,2.3830944629790262e-06,3.441590460210088e-06,89.53989800102136,73040fccda851c0aa0fceca974263fa0664f9625608f831101220007f2b9368c,END_FACE_TRANSITION_ABSENT,dev::END_FACE_TRANSITION_ABSENT::g1850310744::m217775206::r00::FULL_NOISE,True,False,completed_finite_correspondences,0.1092693265351859,-0.109260094904053,0.0013804045032563,-0.0003344643744798
3d249e0ec55a802e0d3be08235be3bd85d6f8da2df3115bd29f0212422b45d7d,61242,,2.9586131001654605,"[0.9999999996587702,-1.0572933374464284e-05,-2.388875788713651e-05,-0.006395390744454864,1.0590461839537009e-05,0.9999997306592556,0.0007338727808082442,-0.0001935288276801168,2.3880992264903857e-05,-0.0007338730335508037,0.9999997304299981,1.4998114201267965,0.0,0.0,0.0,1.0]",True,,1850310744,2.7669431096006667,"[1.0,0.0,0.0,0.0,0.0,1.0,0.0,0.0,0.0,0.0,1.0,1.5,0.0,0.0,0.0,1.0]",,7,7551f3d97df905911a827c60f2eb39e30bf83f733710ee7baf7bae3dc6cfc565,217775206,IDEAL_MATCHED,fbd9f078d7df255c76489939ee84731937c0239eec355c776e01b815b8445903,native_full,0,0.0420744565168105,0.0007343377972055,-0.0007338729731366,-2.388487722268143e-05,1.0581698558034306e-05,2126.9450430008874,038e047d219e3550de3d2dcfa3cb36914e7ebbab209031eca98ab3491c593fda,REPEATED_STRUCTURE,dev::REPEATED_STRUCTURE::g1850310744::m217775206::r00::IDEAL_MATCHED,True,False,converged_step,0.0064010966677577,-0.0063953907444548,-0.0001935288276801,-0.0001885798732035
3d249e0ec55a802e0d3be08235be3bd85d6f8da2df3115bd29f0212422b45d7d,61323,,2.738803737632781,"[0.9999999999342228,4.8681115413918445e-06,-1.0385362867112476e-05,-0.002224917417940236,-4.866182664994792e-06,0.9999999827417875,0.00018572222530053144,-0.00017325910416302702,1.0386266804388155e-05,-0.0001857221747512424,0.9999999826996995,1.4998895544055701,0.0,0.0,0.0,1.0]",True,,1850310744,2.7669431096006667,"[1.0,0.0,0.0,0.0,0.0,1.0,0.0,0.0,0.0,0.0,1.0,1.5,0.0,0.0,0.0,1.0]",,2,7551f3d97df905911a827c60f2eb39e30bf83f733710ee7baf7bae3dc6cfc565,217775206,IDEAL_MATCHED,fbd9f078d7df255c76489939ee84731937c0239eec355c776e01b815b8445903,native_frozen,0,0.0106613713895787,0.000186076033526,-0.0001857222010976,-1.0385814895683895e-05,-4.867147131280238e-06,6.16033900041657,038e047d219e3550de3d2dcfa3cb36914e7ebbab209031eca98ab3491c593fda,REPEATED_STRUCTURE,dev::REPEATED_STRUCTURE::g1850310744::m217775206::r00::IDEAL_MATCHED,True,False,converged_step,0.0022343845826442,-0.0022249174179402,-0.000173259104163,-0.0001104455944298
3d249e0ec55a802e0d3be08235be3bd85d6f8da2df3115bd29f0212422b45d7d,61518,,2.2943162400120377e-17,"[1.0,1.0849411564068348e-21,-1.3874434255761912e-21,-2.5411024362109414e-18,-1.0849411564068348e-21,1.0,5.27276223804474e-19,-5.904343897692101e-19,1.3874434255761912e-21,-5.27276223804474e-19,1.0,1.5,0.0,0.0,0.0,1.0]",True,1.0,1850310744,,"[1.0,0.0,0.0,0.0,0.0,1.0,0.0,0.0,0.0,0.0,1.0,1.5,0.0,0.0,0.0,1.0]",2.2943162400120377e-17,-1,7551f3d97df905911a827c60f2eb39e30bf83f733710ee7baf7bae3dc6cfc565,217775206,IDEAL_MATCHED,fbd9f078d7df255c76489939ee84731937c0239eec355c776e01b815b8445903,open3d_full,0,3.021087080374997e-17,5.272791654200626e-19,-5.27276223804474e-19,-1.3874434255761912e-21,-1.0849411564068348e-21,50.22932499923627,038e047d219e3550de3d2dcfa3cb36914e7ebbab209031eca98ab3491c593fda,REPEATED_STRUCTURE,dev::REPEATED_STRUCTURE::g1850310744::m217775206::r00::IDEAL_MATCHED,True,False,completed_finite_correspondences,2.608795576494893e-18,-2.5411024362109414e-18,-5.904343897692101e-19,0.0
057f09da7ae8c96d57523da6a080509ef26e0b32dc09b62da38fe7e4f1815453,60803,iteration_limit,4.914236339605917,"[0.9999999993541275,-3.234377526960351e-05,-1.567243004088807e-05,0.0016410683714378294,3.234914798553007e-05,0.9999999406747972,0.0003429343005612199,-7.0719930609227366e-06,1.5661337321168388e-05,-0.00034293480732948677,0.9999999410752185,1.5001680527114645,0.0,0.0,0.0,1.0]",True,,1850310744,4.898411316524479,"[1.0,0.0,0.0,0.0,0.0,1.0,0.0,0.0,0.0,0.0,1.0,1.5,0.0,0.0,0.0,1.0]",,20,7551f3d97df905911a827c60f2eb39e30bf83f733710ee7baf7bae3dc6cfc565,217775206,INDEPENDENT_NOISE_FREE,fbd9f078d7df255c76489939ee84731937c0239eec355c776e01b815b8445903,native_full,0,0.0197563173962372,0.0003448127866333,-0.0003429345607409,-1.566688399148283e-05,3.234646226854352e-05,3910.697399000128,fc02ce729352b4bcd3074cae387ec39e96016b8a8e4a0965342e4fd4d11edbf7,REPEATED_STRUCTURE,dev::REPEATED_STRUCTURE::g1850310744::m217775206::r00::INDEPENDENT_NOISE_FREE,False,True,iteration_limit,0.0016496657621015,0.0016410683714378,-7.0719930609227366e-06,0.0001680527114644
057f09da7ae8c96d57523da6a080509ef26e0b32dc09b62da38fe7e4f1815453,60804,,4.889263714510149,"[0.9999999995807825,-2.5343491387892068e-05,-1.4005090116440782e-05,0.00108044886073621,2.5348217463342667e-05,0.9999999427063527,0.0003375570457547898,3.0274227067180768e-05,1.399653443995608e-05,-0.00033755740061734983,0.9999999429295475,1.5001650635262673,0.0,0.0,0.0,1.0]",True,,1850310744,4.898411316524479,"[1.0,0.0,0.0,0.0,0.0,1.0,0.0,0.0,0.0,0.0,1.0,1.5,0.0,0.0,0.0,1.0]",,2,7551f3d97df905911a827c60f2eb39e30bf83f733710ee7baf7bae3dc6cfc565,217775206,INDEPENDENT_NOISE_FREE,fbd9f078d7df255c76489939ee84731937c0239eec355c776e01b815b8445903,native_frozen,0,0.0194116307020263,0.0003387968689315,-0.0003375572296437,-1.4000812546041718e-05,2.5345854910497587e-05,4.451155000424478,fc02ce729352b4bcd3074cae387ec39e96016b8a8e4a0965342e4fd4d11edbf7,REPEATED_STRUCTURE,dev::REPEATED_STRUCTURE::g1850310744::m217775206::r00::INDEPENDENT_NOISE_FREE,True,False,converged_step,0.00109340396798,0.0010804488607362,3.0274227067180768e-05,0.0001650635262673
057f09da7ae8c96d57523da6a080509ef26e0b32dc09b62da38fe7e4f1815453,60890,,0.0380408580655542,"[0.9999999982997348,-5.828849752168042e-05,-1.7266853115771487e-06,0.0094987601635081,5.828895233970326e-05,0.9999999632980999,0.00026458684262419197,-0.0005136697034838547,1.7112628786839461e-06,-0.00026458694282100197,0.9999999649954102,1.5001337665246406,0.0,0.0,0.0,1.0]",True,1.0,1850310744,,"[1.0,0.0,0.0,0.0,0.0,1.0,0.0,0.0,0.0,0.0,1.0,1.5,0.0,0.0,0.0,1.0]",0.0380408580655542,-1,7551f3d97df905911a827c60f2eb39e30bf83f733710ee7baf7bae3dc6cfc565,217775206,INDEPENDENT_NOISE_FREE,fbd9f078d7df255c76489939ee84731937c0239eec355c776e01b815b8445903,open3d_full,0,0.015523535823936,0.0002709368116789,-0.0002645868959596,-1.718974116161266e-06,5.828872564382287e-05,118.0156350001198,fc02ce729352b4bcd3074cae387ec39e96016b8a8e4a0965342e4fd4d11edbf7,REPEATED_STRUCTURE,dev::REPEATED_STRUCTURE::g1850310744::m217775206::r00::INDEPENDENT_NOISE_FREE,True,False,completed_finite_correspondences,0.00951357948888,0.0094987601635081,-0.0005136697034838,0.0001337665246405
721ed7fcc339c63a3bad653372338383ade5e4a4c6e0734ddc2e290a6f0b4831,60802,,5.160927440500136,"[0.9999999995060235,-2.6176722856700165e-05,-1.7399199810606436e-05,0.001472379247594259,2.618149281890706e-05,0.9999999620631557,0.0002742046983795741,-1.1817812431048128e-06,1.7392021370140214e-05,-0.0002742051537811483,0.9999999622545249,1.500173763104363,0.0,0.0,0.0,1.0]",True,,1850310744,5.172419399014963,"[1.0,0.0,0.0,0.0,0.0,1.0,0.0,0.0,0.0,0.0,1.0,1.5,0.0,0.0,0.0,1.0]",,8,7551f3d97df905911a827c60f2eb39e30bf83f733710ee7baf7bae3dc6cfc565,217775206,SCAN_NOISE_ONLY,fbd9f078d7df255c76489939ee84731937c0239eec355c776e01b815b8445903,native_full,0,0.0158136659084329,0.0002760005369125,-0.0002742049295616,-1.739561081122886e-05,2.6179108170174865e-05,1595.7395610003005,2ceeb0769f31692258056d6c502adbb3b85aeb3706940357bb292e7d050adbf6,REPEATED_STRUCTURE,dev::REPEATED_STRUCTURE::g1850310744::m217775206::r00::SCAN_NOISE_ONLY,True,False,converged_step,0.0014825976061598,0.0014723792475942,-1.1817812431048128e-06,0.000173763104363
721ed7fcc339c63a3bad653372338383ade5e4a4c6e0734ddc2e290a6f0b4831,60801,,5.167052622181942,"[0.9999999995579101,-2.402224947685179e-05,-1.752459302923589e-05,0.0007229456541222935,2.402665034155199e-05,0.9999999681686522,0.00025116810025161595,-5.3351081354507994e-05,1.7518558848639603e-05,-0.0002511685211978462,0.9999999683037365,1.5001538788044178,0.0,0.0,0.0,1.0]",True,,1850310744,5.172419399014963,"[1.0,0.0,0.0,0.0,0.0,1.0,0.0,0.0,0.0,0.0,1.0,1.5,0.0,0.0,0.0,1.0]",,2,7551f3d97df905911a827c60f2eb39e30bf83f733710ee7baf7bae3dc6cfc565,217775206,SCAN_NOISE_ONLY,fbd9f078d7df255c76489939ee84731937c0239eec355c776e01b815b8445903,native_frozen,0,0.0144913816549756,0.0002529223230424,-0.0002511683134025,-1.7521576125746076e-05,2.402445016534137e-05,5.928104999838979,2ceeb0769f31692258056d6c502adbb3b85aeb3706940357bb292e7d050adbf6,REPEATED_STRUCTURE,dev::REPEATED_STRUCTURE::g1850310744::m217775206::r00::SCAN_NOISE_ONLY,True,False,converged_step,0.0007410637240784,0.0007229456541222,-5.3351081354508e-05,0.0001538788044177
721ed7fcc339c63a3bad653372338383ade5e4a4c6e0734ddc2e290a6f0b4831,60890,,0.0383288815445374,"[0.999999999184197,-4.0259932439933014e-05,-3.2777780848185272e-06,0.009546801701014889,4.026089583964881e-05,0.9999999558388551,0.00029445092698816014,-0.000544381035141307,3.2659233656406753e-06,-0.00029445105871422813,0.999999956643953,1.5001453595544456,0.0,0.0,0.0,1.0]",True,1.0,1850310744,,"[1.0,0.0,0.0,0.0,0.0,1.0,0.0,0.0,0.0,0.0,1.0,1.5,0.0,0.0,0.0,1.0]",0.0383288815445374,-1,7551f3d97df905911a827c60f2eb39e30bf83f733710ee7baf7bae3dc6cfc565,217775206,SCAN_NOISE_ONLY,fbd9f078d7df255c76489939ee84731937c0239eec355c776e01b815b8445903,open3d_full,0,0.0170288026399388,0.0002972086737392,-0.0002944509971861,-3.2718507733983312e-06,4.026041473251142e-05,158.32157799923152,2ceeb0769f31692258056d6c502adbb3b85aeb3706940357bb292e7d050adbf6,REPEATED_STRUCTURE,dev::REPEATED_STRUCTURE::g1850310744::m217775206::r00::SCAN_NOISE_ONLY,True,False,completed_finite_correspondences,0.0095634148100974,0.0095468017010148,-0.0005443810351413,0.0001453595544456
a73a48f491eb0800473bc98eed470336b4e371ac0af338de49854f7c34ff3579,60783,,4.912424551308992,"[0.9999999994907478,-2.609079372054743e-05,-1.837865116804739e-05,0.0017299171144769057,2.609720794740951e-05,0.9999999387273831,0.0003490904835486006,2.5860208120379445e-06,1.8369541994143268e-05,-0.00034909096300230684,0.9999999388990278,1.5001583528442195,0.0,0.0,0.0,1.0]",True,,1850310744,4.925748777456585,"[1.0,0.0,0.0,0.0,0.0,1.0,0.0,0.0,0.0,0.0,1.0,1.5,0.0,0.0,0.0,1.0]",,7,8c358991392175d11f06c553d41d1c3294b82896c4022b5ec1ea21f24620dad6,217775206,MAP_NOISE_ONLY,fbd9f078d7df255c76489939ee84731937c0239eec355c776e01b815b8445903,native_full,0,0.0200848344625414,0.0003505464910893,-0.0003490907304249,-1.837409695740553e-05,2.609400136839597e-05,1616.7536940010905,fc02ce729352b4bcd3074cae387ec39e96016b8a8e4a0965342e4fd4d11edbf7,REPEATED_STRUCTURE,dev::REPEATED_STRUCTURE::g1850310744::m217775206::r00::MAP_NOISE_ONLY,True,False,converged_step,0.0017371515575033,0.0017299171144769,2.5860208120379445e-06,0.0001583528442195
a73a48f491eb0800473bc98eed470336b4e371ac0af338de49854f7c34ff3579,60779,,4.917699114944042,"[0.9999999995693736,-2.2127023356257575e-05,-1.927816345701763e-05,0.0009786734781197521,2.2133304792054537e-05,0.9999999466521332,0.0003258923864442918,-2.3156274338931983e-05,1.9270951400122255e-05,-0.0003258928129934216,0.999999946711251,1.5001558606421221,0.0,0.0,0.0,1.0]",True,,1850310744,4.925748777456585,"[1.0,0.0,0.0,0.0,0.0,1.0,0.0,0.0,0.0,0.0,1.0,1.5,0.0,0.0,0.0,1.0]",,2,8c358991392175d11f06c553d41d1c3294b82896c4022b5ec1ea21f24620dad6,217775206,MAP_NOISE_ONLY,fbd9f078d7df255c76489939ee84731937c0239eec355c776e01b815b8445903,native_frozen,0,0.0187478272213753,0.000327211312608,-0.0003258926055342,-1.927455777251557e-05,2.213016446905868e-05,5.287084000883624,fc02ce729352b4bcd3074cae387ec39e96016b8a8e4a0965342e4fd4d11edbf7,REPEATED_STRUCTURE,dev::REPEATED_STRUCTURE::g1850310744::m217775206::r00::MAP_NOISE_ONLY,True,False,converged_step,0.0009912772213558,0.0009786734781197,-2.3156274338931983e-05,0.0001558606421221
a73a48f491eb0800473bc98eed470336b4e371ac0af338de49854f7c34ff3579,60890,,0.0377446329090346,"[0.9999999988768544,-4.72569585385907e-05,-3.6154227688744782e-06,0.010897334234393511,4.72579264844369e-05,0.9999999629185589,0.00026819688505872396,-0.0005519621571202063,3.602748465731993e-06,-0.00026819705561488316,0.999999964028679,1.5001280426339898,0.0,0.0,0.0,1.0]",True,1.0,1850310744,,"[1.0,0.0,0.0,0.0,0.0,1.0,0.0,0.0,0.0,0.0,1.0,1.5,0.0,0.0,0.0,1.0]",0.0377446329090346,-1,8c358991392175d11f06c553d41d1c3294b82896c4022b5ec1ea21f24620dad6,217775206,MAP_NOISE_ONLY,fbd9f078d7df255c76489939ee84731937c0239eec355c776e01b815b8445903,open3d_full,0,0.0156046512982614,0.0002723525437802,-0.0002681969736524,-3.6090856619211033e-06,4.725744309574109e-05,119.02279099922453,fc02ce729352b4bcd3074cae387ec39e96016b8a8e4a0965342e4fd4d11edbf7,REPEATED_STRUCTURE,dev::REPEATED_STRUCTURE::g1850310744::m217775206::r00::MAP_NOISE_ONLY,True,False,completed_finite_correspondences,0.010912055285559,0.0108973342343935,-0.0005519621571202,0.0001280426339897
2af10bfb400f98e29f96e25c94084bd9e916924168e3b71808d0eb8369d1fd4c,60155,iteration_limit,4.861006405682557,"[0.9999999993836466,-3.1570723954767334e-05,-1.5362165093021715e-05,0.0016313502282500655,3.157583463989574e-05,0.9999999441257039,0.00033279356311769734,-1.1657740578657742e-05,1.535165770095644e-05,-0.0003327940479857636,0.9999999445062225,1.500176746885662,0.0,0.0,0.0,1.0]",True,,1850310744,4.845520833518218,"[1.0,0.0,0.0,0.0,0.0,1.0,0.0,0.0,0.0,0.0,1.0,1.5,0.0,0.0,0.0,1.0]",,20,7551f3d97df905911a827c60f2eb39e30bf83f733710ee7baf7bae3dc6cfc565,217775206,DROPOUT_ONLY,fbd9f078d7df255c76489939ee84731937c0239eec355c776e01b815b8445903,native_full,0,0.0191735023136079,0.0003346407445112,-0.000332793811763,-1.535691168361157e-05,3.157327988661748e-05,3050.088907999452,7e131cef343c5c0a793f586c9014ec7c66bd2b531fd61dacbc06f65967d79b66,REPEATED_STRUCTURE,dev::REPEATED_STRUCTURE::g1850310744::m217775206::r00::DROPOUT_ONLY,False,True,iteration_limit,0.0016409384302033,0.00163135022825,-1.1657740578657742e-05,0.0001767468856619
2af10bfb400f98e29f96e25c94084bd9e916924168e3b71808d0eb8369d1fd4c,60156,,4.836523486851544,"[0.9999999995805336,-2.5589287352113805e-05,-1.356911924633511e-05,0.001078506772188594,2.5593794518862e-05,0.999999944471641,0.00033226747158373785,1.7942593042928583e-05,1.3560616005056067e-05,-0.0003322678187296126,0.9999999447071016,1.5001738359321157,0.0,0.0,0.0,1.0]",True,,1850310744,4.845520833518218,"[1.0,0.0,0.0,0.0,0.0,1.0,0.0,0.0,0.0,0.0,1.0,1.5,0.0,0.0,0.0,1.0]",,2,7551f3d97df905911a827c60f2eb39e30bf83f733710ee7baf7bae3dc6cfc565,217775206,DROPOUT_ONLY,fbd9f078d7df255c76489939ee84731937c0239eec355c776e01b815b8445903,native_frozen,0,0.0191097293955029,0.0003335276971166,-0.0003322676513169,-1.3564867877189876e-05,2.559154140995817e-05,4.302217999793356,7e131cef343c5c0a793f586c9014ec7c66bd2b531fd61dacbc06f65967d79b66,REPEATED_STRUCTURE,dev::REPEATED_STRUCTURE::g1850310744::m217775206::r00::DROPOUT_ONLY,True,False,converged_step,0.0010925738993753,0.0010785067721885,1.7942593042928583e-05,0.0001738359321157
2af10bfb400f98e29f96e25c94084bd9e916924168e3b71808d0eb8369d1fd4c,60242,,0.0380883919053044,"[0.9999999982868726,-5.8514943292362206e-05,-1.5020931718100296e-06,0.009249858829547436,5.8515337621017235e-05,0.9999999634728002,0.00026387564051386764,-0.0005395505145020302,1.486652448801867e-06,-0.0002638757279573041,0.9999999651836943,1.5001371656772373,0.0,0.0,0.0,1.0]",True,1.0,1850310744,,"[1.0,0.0,0.0,0.0,0.0,1.0,0.0,0.0,0.0,0.0,1.0,1.5,0.0,0.0,0.0,1.0]",0.0380883919053044,-1,7551f3d97df905911a827c60f2eb39e30bf83f733710ee7baf7bae3dc6cfc565,217775206,DROPOUT_ONLY,fbd9f078d7df255c76489939ee84731937c0239eec355c776e01b815b8445903,open3d_full,0,0.0154864708627265,0.0002702899060687,-0.0002638756874485,-1.4943728285015891e-06,5.8515141169176254e-05,95.33084000031522,7e131cef343c5c0a793f586c9014ec7c66bd2b531fd61dacbc06f65967d79b66,REPEATED_STRUCTURE,dev::REPEATED_STRUCTURE::g1850310744::m217775206::r00::DROPOUT_ONLY,True,False,completed_finite_correspondences,0.0092665968697935,0.0092498588295474,-0.000539550514502,0.0001371656772373
fca00123ce0505391bc413272a6dd1f96c42ec371ffb3dc4500cb0748f72d48e,60168,,5.123398848485762,"[0.9999999996450908,-2.162129330210742e-05,-1.5567210186244144e-05,0.0011964442100637215,2.162626903150314e-05,0.9999999486622165,0.000319699653957715,-3.161932971931382e-05,1.5560297067071273e-05,-0.00031969999050492624,0.9999999487748953,1.500147325426706,0.0,0.0,0.0,1.0]",True,,1850310744,5.136031218978827,"[1.0,0.0,0.0,0.0,0.0,1.0,0.0,0.0,0.0,0.0,1.0,1.5,0.0,0.0,0.0,1.0]",,6,3a17cec61ddbed33778f46ca2562b6f46d1b7c78402c25a36dedada87fe7c9bd,217775206,FULL_NOISE,fbd9f078d7df255c76489939ee84731937c0239eec355c776e01b815b8445903,native_full,0,0.0183809466969033,0.0003208080394945,-0.0003196998277151,-1.5563753893622253e-05,2.1623781537717277e-05,1118.099450000955,32cc37d41902983d91a4ad6e44be42eefe6c23eaae479b93f91ead8a8fa90eb5,REPEATED_STRUCTURE,dev::REPEATED_STRUCTURE::g1850310744::m217775206::r00::FULL_NOISE,True,False,converged_step,0.001205895232249,0.0011964442100637,-3.161932971931382e-05,0.0001473254267059
fca00123ce0505391bc413272a6dd1f96c42ec371ffb3dc4500cb0748f72d48e,60167,,5.131692749394591,"[0.9999999996972516,-2.0069810842990858e-05,-1.4237253546603198e-05,0.0005897893517458671,2.0073875425892753e-05,0.9999999590300938,0.0002855465816860869,-6.859734078408562e-05,1.4231522097422954e-05,-0.0002855468673964922,0.9999999591302243,1.5001269898505962,0.0,0.0,0.0,1.0]",True,,1850310744,5.136031218978827,"[1.0,0.0,0.0,0.0,0.0,1.0,0.0,0.0,0.0,0.0,1.0,1.5,0.0,0.0,0.0,1.0]",,2,3a17cec61ddbed33778f46ca2562b6f46d1b7c78402c25a36dedada87fe7c9bd,217775206,FULL_NOISE,fbd9f078d7df255c76489939ee84731937c0239eec355c776e01b815b8445903,native_frozen,0,0.0164212573675222,0.0002866050083806,-0.0002855467284505,-1.4234388016887614e-05,2.0071843409233476e-05,4.150519000177155,32cc37d41902983d91a4ad6e44be42eefe6c23eaae479b93f91ead8a8fa90eb5,REPEATED_STRUCTURE,dev::REPEATED_STRUCTURE::g1850310744::m217775206::r00::FULL_NOISE,True,False,converged_step,0.0006071931296959,0.0005897893517458,-6.859734078408562e-05,0.0001269898505962
fca00123ce0505391bc413272a6dd1f96c42ec371ffb3dc4500cb0748f72d48e,60275,,0.0382871987252704,"[0.9999999993675651,-3.5559734299362136e-05,-6.125916393276249e-07,0.010102078666611641,3.555991669560283e-05,0.9999999542585625,0.0003003637217934379,-0.00047142858908416694,6.019107571666607e-07,-0.00030036374338718503,0.9999999548906287,1.500119977493807,0.0,0.0,0.0,1.0]",True,1.0,1850310744,,"[1.0,0.0,0.0,0.0,0.0,1.0,0.0,0.0,0.0,0.0,1.0,1.5,0.0,0.0,0.0,1.0]",0.0382871987252704,-1,3a17cec61ddbed33778f46ca2562b6f46d1b7c78402c25a36dedada87fe7c9bd,217775206,FULL_NOISE,fbd9f078d7df255c76489939ee84731937c0239eec355c776e01b815b8445903,open3d_full,0,0.0173297944666287,0.0003024619721365,-0.00030036373717,-6.072512075060278e-07,3.555982603967052e-05,99.10673199919984,32cc37d41902983d91a4ad6e44be42eefe6c23eaae479b93f91ead8a8fa90eb5,REPEATED_STRUCTURE,dev::REPEATED_STRUCTURE::g1850310744::m217775206::r00::FULL_NOISE,True,False,completed_finite_correspondences,0.0101137843016368,0.0101020786666116,-0.0004714285890841,0.0001199774938069
