role,case_id,sweep,level,stress,geometry_seed,sensor_seed,process_seed,method,expected_frame_count
calibration,day13_calibration_geometry_L3_clean_G2099270786_S442833702_P1592645163,geometry,L3,clean,2099270786,442833702,1592645163,huber_full,39
calibration,day13_calibration_geometry_L3_coherent_subhuber_slip_G2099270786_S442833702_P1592645163,geometry,L3,coherent_subhuber_slip,2099270786,442833702,1592645163,huber_full,39
calibration,day13_calibration_geometry_L3_gross_outlier_control_G2099270786_S442833702_P1592645163,geometry,L3,gross_outlier_control,2099270786,442833702,1592645163,huber_full,39
calibration,day13_calibration_geometry_L4_clean_G2099270786_S442833702_P1592645163,geometry,L4,clean,2099270786,442833702,1592645163,huber_full,39
calibration,day13_calibration_geometry_L4_coherent_subhuber_slip_G2099270786_S442833702_P1592645163,geometry,L4,coherent_subhuber_slip,2099270786,442833702,1592645163,huber_full,39
calibration,day13_calibration_geometry_L4_gross_outlier_control_G2099270786_S442833702_P1592645163,geometry,L4,gross_outlier_control,2099270786,442833702,1592645163,huber_full,39
calibration,day13_calibration_observation_O3_clean_G2099270786_S442833702_P1592645163,observation,O3,clean,2099270786,442833702,1592645163,huber_full,39
calibration,day13_calibration_observation_O3_coherent_subhuber_slip_G2099270786_S442833702_P1592645163,observation,O3,coherent_subhuber_slip,2099270786,442833702,1592645163,huber_full,39
calibration,day13_calibration_observation_O3_gross_outlier_control_G2099270786_S442833702_P1592645163,observation,O3,gross_outlier_control,2099270786,442833702,1592645163,huber_full,39
calibration,day13_calibration_observation_O4_clean_G2099270786_S442833702_P1592645163,observation,O4,clean,2099270786,442833702,1592645163,huber_full,39
calibration,day13_calibration_observation_O4_coherent_subhuber_slip_G2099270786_S442833702_P1592645163,observation,O4,coherent_subhuber_slip,2099270786,442833702,1592645163,huber_full,39
calibration,day13_calibration_observation_O4_gross_outlier_control_G2099270786_S442833702_P1592645163,observation,O4,gross_outlier_control,2099270786,442833702,1592645163,huber_full,39
calibration,day13_calibration_open_control_OC_clean_G2099270786_S442833702_P1592645163,open_control,OC,clean,2099270786,442833702,1592645163,huber_full,39
calibration,day13_calibration_geometry_L3_clean_G2099270786_S442833702_P631534438,geometry,L3,clean,2099270786,442833702,631534438,huber_full,39
calibration,day13_calibration_geometry_L3_coherent_subhuber_slip_G2099270786_S442833702_P631534438,geometry,L3,coherent_subhuber_slip,2099270786,442833702,631534438,huber_full,39
calibration,day13_calibration_geometry_L3_gross_outlier_control_G2099270786_S442833702_P631534438,geometry,L3,gross_outlier_control,2099270786,442833702,631534438,huber_full,39
calibration,day13_calibration_geometry_L4_clean_G2099270786_S442833702_P631534438,geometry,L4,clean,2099270786,442833702,631534438,huber_full,39
calibration,day13_calibration_geometry_L4_coherent_subhuber_slip_G2099270786_S442833702_P631534438,geometry,L4,coherent_subhuber_slip,2099270786,442833702,631534438,huber_full,39
calibration,day13_calibration_geometry_L4_gross_outlier_control_G2099270786_S442833702_P631534438,geometry,L4,gross_outlier_control,2099270786,442833702,631534438,huber_full,39
calibration,day13_calibration_observation_O3_clean_G2099270786_S442833702_P631534438,observation,O3,clean,2099270786,442833702,631534438,huber_full,39
calibration,day13_calibration_observation_O3_coherent_subhuber_slip_G2099270786_S442833702_P631534438,observation,O3,coherent_subhuber_slip,2099270786,442833702,631534438,huber_full,39
calibration,day13_calibration_observation_O3_gross_outlier_control_G2099270786_S442833702_P631534438,observation,O3,gross_outlier_control,2099270786,442833702,631534438,huber_full,39
calibration,day13_calibration_observation_O4_clean_G2099270786_S442833702_P631534438,observation,O4,clean,2099270786,442833702,631534438,huber_full,39
calibration,day13_calibration_observation_O4_coherent_subhuber_slip_G2099270786_S442833702_P631534438,observation,O4,coherent_subhuber_slip,2099270786,442833702,631534438,huber_full,39
calibration,day13_calibration_observation_O4_gross_outlier_control_G2099270786_S442833702_P631534438,observation,O4,gross_outlier_control,2099270786,442833702,631534438,huber_full,39
calibration,day13_calibration_open_control_OC_clean_G2099270786_S442833702_P631534438,open_control,OC,clean,2099270786,442833702,631534438,huber_full,39
calibration,day13_calibration_geometry_L3_clean_G2099270786_S513591578_P1592645163,geometry,L3,clean,2099270786,513591578,1592645163,huber_full,39
calibration,day13_calibration_geometry_L3_coherent_subhuber_slip_G2099270786_S513591578_P1592645163,geometry,L3,coherent_subhuber_slip,2099270786,513591578,1592645163,huber_full,39
calibration,day13_calibration_geometry_L3_gross_outlier_control_G2099270786_S513591578_P1592645163,geometry,L3,gross_outlier_control,2099270786,513591578,1592645163,huber_full,39
calibration,day13_calibration_geometry_L4_clean_G2099270786_S513591578_P1592645163,geometry,L4,clean,2099270786,513591578,1592645163,huber_full,39
calibration,day13_calibration_geometry_L4_coherent_subhuber_slip_G2099270786_S513591578_P1592645163,geometry,L4,coherent_subhuber_slip,2099270786,513591578,1592645163,huber_full,39
calibration,day13_calibration_geometry_L4_gross_outlier_control_G2099270786_S513591578_P1592645163,geometry,L4,gross_outlier_control,2099270786,513591578,1592645163,huber_full,39
calibration,day13_calibration_observation_O3_clean_G2099270786_S513591578_P1592645163,observation,O3,clean,2099270786,513591578,1592645163,huber_full,39
calibration,day13_calibration_observation_O3_coherent_subhuber_slip_G2099270786_S513591578_P1592645163,observation,O3,coherent_subhuber_slip,2099270786,513591578,1592645163,huber_full,39
calibration,day13_calibration_observation_O3_gross_outlier_control_G2099270786_S513591578_P1592645163,observation,O3,gross_outlier_control,2099270786,513591578,1592645163,huber_full,39
calibration,day13_calibration_observation_O4_clean_G2099270786_S513591578_P1592645163,observation,O4,clean,2099270786,513591578,1592645163,huber_full,39
calibration,day13_calibration_observation_O4_coherent_subhuber_slip_G2099270786_S513591578_P1592645163,observation,O4,coherent_subhuber_slip,2099270786,513591578,1592645163,huber_full,39
calibration,day13_calibration_observation_O4_gross_outlier_control_G2099270786_S513591578_P1592645163,observation,O4,gross_outlier_control,2099270786,513591578,1592645163,huber_full,39
calibration,day13_calibration_open_control_OC_clean_G2099270786_S513591578_P1592645163,open_control,OC,clean,2099270786,513591578,1592645163,huber_full,39
calibration,day13_calibration_geometry_L3_clean_G2099270786_S513591578_P631534438,geometry,L3,clean,2099270786,513591578,631534438,huber_full,39
calibration,day13_calibration_geometry_L3_coherent_subhuber_slip_G2099270786_S513591578_P631534438,geometry,L3,coherent_subhuber_slip,2099270786,513591578,631534438,huber_full,39
calibration,day13_calibration_geometry_L3_gross_outlier_control_G2099270786_S513591578_P631534438,geometry,L3,gross_outlier_control,2099270786,513591578,631534438,huber_full,39
calibration,day13_calibration_geometry_L4_clean_G2099270786_S513591578_P631534438,geometry,L4,clean,2099270786,513591578,631534438,huber_full,39
calibration,day13_calibration_geometry_L4_coherent_subhuber_slip_G2099270786_S513591578_P631534438,geometry,L4,coherent_subhuber_slip,2099270786,513591578,631534438,huber_full,39
calibration,day13_calibration_geometry_L4_gross_outlier_control_G2099270786_S513591578_P631534438,geometry,L4,gross_outlier_control,2099270786,513591578,631534438,huber_full,39
calibration,day13_calibration_observation_O3_clean_G2099270786_S513591578_P631534438,observation,O3,clean,2099270786,513591578,631534438,huber_full,39
calibration,day13_calibration_observation_O3_coherent_subhuber_slip_G2099270786_S513591578_P631534438,observation,O3,coherent_subhuber_slip,2099270786,513591578,631534438,huber_full,39
calibration,day13_calibration_observation_O3_gross_outlier_control_G2099270786_S513591578_P631534438,observation,O3,gross_outlier_control,2099270786,513591578,631534438,huber_full,39
calibration,day13_calibration_observation_O4_clean_G2099270786_S513591578_P631534438,observation,O4,clean,2099270786,513591578,631534438,huber_full,39
calibration,day13_calibration_observation_O4_coherent_subhuber_slip_G2099270786_S513591578_P631534438,observation,O4,coherent_subhuber_slip,2099270786,513591578,631534438,huber_full,39
calibration,day13_calibration_observation_O4_gross_outlier_control_G2099270786_S513591578_P631534438,observation,O4,gross_outlier_control,2099270786,513591578,631534438,huber_full,39
calibration,day13_calibration_open_control_OC_clean_G2099270786_S513591578_P631534438,open_control,OC,clean,2099270786,513591578,631534438,huber_full,39
calibration,day13_calibration_geometry_L3_clean_G148529353_S442833702_P1592645163,geometry,L3,clean,148529353,442833702,1592645163,huber_full,39
calibration,day13_calibration_geometry_L3_coherent_subhuber_slip_G148529353_S442833702_P1592645163,geometry,L3,coherent_subhuber_slip,148529353,442833702,1592645163,huber_full,39
calibration,day13_calibration_geometry_L3_gross_outlier_control_G148529353_S442833702_P1592645163,geometry,L3,gross_outlier_control,148529353,442833702,1592645163,huber_full,39
calibration,day13_calibration_geometry_L4_clean_G148529353_S442833702_P1592645163,geometry,L4,clean,148529353,442833702,1592645163,huber_full,39
calibration,day13_calibration_geometry_L4_coherent_subhuber_slip_G148529353_S442833702_P1592645163,geometry,L4,coherent_subhuber_slip,148529353,442833702,1592645163,huber_full,39
calibration,day13_calibration_geometry_L4_gross_outlier_control_G148529353_S442833702_P1592645163,geometry,L4,gross_outlier_control,148529353,442833702,1592645163,huber_full,39
calibration,day13_calibration_observation_O3_clean_G148529353_S442833702_P1592645163,observation,O3,clean,148529353,442833702,1592645163,huber_full,39
calibration,day13_calibration_observation_O3_coherent_subhuber_slip_G148529353_S442833702_P1592645163,observation,O3,coherent_subhuber_slip,148529353,442833702,1592645163,huber_full,39
calibration,day13_calibration_observation_O3_gross_outlier_control_G148529353_S442833702_P1592645163,observation,O3,gross_outlier_control,148529353,442833702,1592645163,huber_full,39
calibration,day13_calibration_observation_O4_clean_G148529353_S442833702_P1592645163,observation,O4,clean,148529353,442833702,1592645163,huber_full,39
calibration,day13_calibration_observation_O4_coherent_subhuber_slip_G148529353_S442833702_P1592645163,observation,O4,coherent_subhuber_slip,148529353,442833702,1592645163,huber_full,39
calibration,day13_calibration_observation_O4_gross_outlier_control_G148529353_S442833702_P1592645163,observation,O4,gross_outlier_control,148529353,442833702,1592645163,huber_full,39
calibration,day13_calibration_open_control_OC_clean_G148529353_S442833702_P1592645163,open_control,OC,clean,148529353,442833702,1592645163,huber_full,39
calibration,day13_calibration_geometry_L3_clean_G148529353_S442833702_P631534438,geometry,L3,clean,148529353,442833702,631534438,huber_full,39
calibration,day13_calibration_geometry_L3_coherent_subhuber_slip_G148529353_S442833702_P631534438,geometry,L3,coherent_subhuber_slip,148529353,442833702,631534438,huber_full,39
calibration,day13_calibration_geometry_L3_gross_outlier_control_G148529353_S442833702_P631534438,geometry,L3,gross_outlier_control,148529353,442833702,631534438,huber_full,39
calibration,day13_calibration_geometry_L4_clean_G148529353_S442833702_P631534438,geometry,L4,clean,148529353,442833702,631534438,huber_full,39
calibration,day13_calibration_geometry_L4_coherent_subhuber_slip_G148529353_S442833702_P631534438,geometry,L4,coherent_subhuber_slip,148529353,442833702,631534438,huber_full,39
calibration,day13_calibration_geometry_L4_gross_outlier_control_G148529353_S442833702_P631534438,geometry,L4,gross_outlier_control,148529353,442833702,631534438,huber_full,39
calibration,day13_calibration_observation_O3_clean_G148529353_S442833702_P631534438,observation,O3,clean,148529353,442833702,631534438,huber_full,39
calibration,day13_calibration_observation_O3_coherent_subhuber_slip_G148529353_S442833702_P631534438,observation,O3,coherent_subhuber_slip,148529353,442833702,631534438,huber_full,39
calibration,day13_calibration_observation_O3_gross_outlier_control_G148529353_S442833702_P631534438,observation,O3,gross_outlier_control,148529353,442833702,631534438,huber_full,39
calibration,day13_calibration_observation_O4_clean_G148529353_S442833702_P631534438,observation,O4,clean,148529353,442833702,631534438,huber_full,39
calibration,day13_calibration_observation_O4_coherent_subhuber_slip_G148529353_S442833702_P631534438,observation,O4,coherent_subhuber_slip,148529353,442833702,631534438,huber_full,39
calibration,day13_calibration_observation_O4_gross_outlier_control_G148529353_S442833702_P631534438,observation,O4,gross_outlier_control,148529353,442833702,631534438,huber_full,39
calibration,day13_calibration_open_control_OC_clean_G148529353_S442833702_P631534438,open_control,OC,clean,148529353,442833702,631534438,huber_full,39
calibration,day13_calibration_geometry_L3_clean_G148529353_S513591578_P1592645163,geometry,L3,clean,148529353,513591578,1592645163,huber_full,39
calibration,day13_calibration_geometry_L3_coherent_subhuber_slip_G148529353_S513591578_P1592645163,geometry,L3,coherent_subhuber_slip,148529353,513591578,1592645163,huber_full,39
calibration,day13_calibration_geometry_L3_gross_outlier_control_G148529353_S513591578_P1592645163,geometry,L3,gross_outlier_control,148529353,513591578,1592645163,huber_full,39
calibration,day13_calibration_geometry_L4_clean_G148529353_S513591578_P1592645163,geometry,L4,clean,148529353,513591578,1592645163,huber_full,39
calibration,day13_calibration_geometry_L4_coherent_subhuber_slip_G148529353_S513591578_P1592645163,geometry,L4,coherent_subhuber_slip,148529353,513591578,1592645163,huber_full,39
calibration,day13_calibration_geometry_L4_gross_outlier_control_G148529353_S513591578_P1592645163,geometry,L4,gross_outlier_control,148529353,513591578,1592645163,huber_full,39
calibration,day13_calibration_observation_O3_clean_G148529353_S513591578_P1592645163,observation,O3,clean,148529353,513591578,1592645163,huber_full,39
calibration,day13_calibration_observation_O3_coherent_subhuber_slip_G148529353_S513591578_P1592645163,observation,O3,coherent_subhuber_slip,148529353,513591578,1592645163,huber_full,39
calibration,day13_calibration_observation_O3_gross_outlier_control_G148529353_S513591578_P1592645163,observation,O3,gross_outlier_control,148529353,513591578,1592645163,huber_full,39
calibration,day13_calibration_observation_O4_clean_G148529353_S513591578_P1592645163,observation,O4,clean,148529353,513591578,1592645163,huber_full,39
calibration,day13_calibration_observation_O4_coherent_subhuber_slip_G148529353_S513591578_P1592645163,observation,O4,coherent_subhuber_slip,148529353,513591578,1592645163,huber_full,39
calibration,day13_calibration_observation_O4_gross_outlier_control_G148529353_S513591578_P1592645163,observation,O4,gross_outlier_control,148529353,513591578,1592645163,huber_full,39
calibration,day13_calibration_open_control_OC_clean_G148529353_S513591578_P1592645163,open_control,OC,clean,148529353,513591578,1592645163,huber_full,39
calibration,day13_calibration_geometry_L3_clean_G148529353_S513591578_P631534438,geometry,L3,clean,148529353,513591578,631534438,huber_full,39
calibration,day13_calibration_geometry_L3_coherent_subhuber_slip_G148529353_S513591578_P631534438,geometry,L3,coherent_subhuber_slip,148529353,513591578,631534438,huber_full,39
calibration,day13_calibration_geometry_L3_gross_outlier_control_G148529353_S513591578_P631534438,geometry,L3,gross_outlier_control,148529353,513591578,631534438,huber_full,39
calibration,day13_calibration_geometry_L4_clean_G148529353_S513591578_P631534438,geometry,L4,clean,148529353,513591578,631534438,huber_full,39
calibration,day13_calibration_geometry_L4_coherent_subhuber_slip_G148529353_S513591578_P631534438,geometry,L4,coherent_subhuber_slip,148529353,513591578,631534438,huber_full,39
calibration,day13_calibration_geometry_L4_gross_outlier_control_G148529353_S513591578_P631534438,geometry,L4,gross_outlier_control,148529353,513591578,631534438,huber_full,39
calibration,day13_calibration_observation_O3_clean_G148529353_S513591578_P631534438,observation,O3,clean,148529353,513591578,631534438,huber_full,39
calibration,day13_calibration_observation_O3_coherent_subhuber_slip_G148529353_S513591578_P631534438,observation,O3,coherent_subhuber_slip,148529353,513591578,631534438,huber_full,39
calibration,day13_calibration_observation_O3_gross_outlier_control_G148529353_S513591578_P631534438,observation,O3,gross_outlier_control,148529353,513591578,631534438,huber_full,39
calibration,day13_calibration_observation_O4_clean_G148529353_S513591578_P631534438,observation,O4,clean,148529353,513591578,631534438,huber_full,39
calibration,day13_calibration_observation_O4_coherent_subhuber_slip_G148529353_S513591578_P631534438,observation,O4,coherent_subhuber_slip,148529353,513591578,631534438,huber_full,39
calibration,day13_calibration_observation_O4_gross_outlier_control_G148529353_S513591578_P631534438,observation,O4,gross_outlier_control,148529353,513591578,631534438,huber_full,39
calibration,day13_calibration_open_control_OC_clean_G148529353_S513591578_P631534438,open_control,OC,clean,148529353,513591578,631534438,huber_full,39
calibration,day13_calibration_geometry_L3_clean_G1697711877_S442833702_P1592645163,geometry,L3,clean,1697711877,442833702,1592645163,huber_full,39
calibration,day13_calibration_geometry_L3_coherent_subhuber_slip_G1697711877_S442833702_P1592645163,geometry,L3,coherent_subhuber_slip,1697711877,442833702,1592645163,huber_full,39
calibration,day13_calibration_geometry_L3_gross_outlier_control_G1697711877_S442833702_P1592645163,geometry,L3,gross_outlier_control,1697711877,442833702,1592645163,huber_full,39
calibration,day13_calibration_geometry_L4_clean_G1697711877_S442833702_P1592645163,geometry,L4,clean,1697711877,442833702,1592645163,huber_full,39
calibration,day13_calibration_geometry_L4_coherent_subhuber_slip_G1697711877_S442833702_P1592645163,geometry,L4,coherent_subhuber_slip,1697711877,442833702,1592645163,huber_full,39
calibration,day13_calibration_geometry_L4_gross_outlier_control_G1697711877_S442833702_P1592645163,geometry,L4,gross_outlier_control,1697711877,442833702,1592645163,huber_full,39
calibration,day13_calibration_observation_O3_clean_G1697711877_S442833702_P1592645163,observation,O3,clean,1697711877,442833702,1592645163,huber_full,39
calibration,day13_calibration_observation_O3_coherent_subhuber_slip_G1697711877_S442833702_P1592645163,observation,O3,coherent_subhuber_slip,1697711877,442833702,1592645163,huber_full,39
calibration,day13_calibration_observation_O3_gross_outlier_control_G1697711877_S442833702_P1592645163,observation,O3,gross_outlier_control,1697711877,442833702,1592645163,huber_full,39
calibration,day13_calibration_observation_O4_clean_G1697711877_S442833702_P1592645163,observation,O4,clean,1697711877,442833702,1592645163,huber_full,39
calibration,day13_calibration_observation_O4_coherent_subhuber_slip_G1697711877_S442833702_P1592645163,observation,O4,coherent_subhuber_slip,1697711877,442833702,1592645163,huber_full,39
calibration,day13_calibration_observation_O4_gross_outlier_control_G1697711877_S442833702_P1592645163,observation,O4,gross_outlier_control,1697711877,442833702,1592645163,huber_full,39
calibration,day13_calibration_open_control_OC_clean_G1697711877_S442833702_P1592645163,open_control,OC,clean,1697711877,442833702,1592645163,huber_full,39
calibration,day13_calibration_geometry_L3_clean_G1697711877_S442833702_P631534438,geometry,L3,clean,1697711877,442833702,631534438,huber_full,39
calibration,day13_calibration_geometry_L3_coherent_subhuber_slip_G1697711877_S442833702_P631534438,geometry,L3,coherent_subhuber_slip,1697711877,442833702,631534438,huber_full,39
calibration,day13_calibration_geometry_L3_gross_outlier_control_G1697711877_S442833702_P631534438,geometry,L3,gross_outlier_control,1697711877,442833702,631534438,huber_full,39
calibration,day13_calibration_geometry_L4_clean_G1697711877_S442833702_P631534438,geometry,L4,clean,1697711877,442833702,631534438,huber_full,39
calibration,day13_calibration_geometry_L4_coherent_subhuber_slip_G1697711877_S442833702_P631534438,geometry,L4,coherent_subhuber_slip,1697711877,442833702,631534438,huber_full,39
calibration,day13_calibration_geometry_L4_gross_outlier_control_G1697711877_S442833702_P631534438,geometry,L4,gross_outlier_control,1697711877,442833702,631534438,huber_full,39
calibration,day13_calibration_observation_O3_clean_G1697711877_S442833702_P631534438,observation,O3,clean,1697711877,442833702,631534438,huber_full,39
calibration,day13_calibration_observation_O3_coherent_subhuber_slip_G1697711877_S442833702_P631534438,observation,O3,coherent_subhuber_slip,1697711877,442833702,631534438,huber_full,39
calibration,day13_calibration_observation_O3_gross_outlier_control_G1697711877_S442833702_P631534438,observation,O3,gross_outlier_control,1697711877,442833702,631534438,huber_full,39
calibration,day13_calibration_observation_O4_clean_G1697711877_S442833702_P631534438,observation,O4,clean,1697711877,442833702,631534438,huber_full,39
calibration,day13_calibration_observation_O4_coherent_subhuber_slip_G1697711877_S442833702_P631534438,observation,O4,coherent_subhuber_slip,1697711877,442833702,631534438,huber_full,39
calibration,day13_calibration_observation_O4_gross_outlier_control_G1697711877_S442833702_P631534438,observation,O4,gross_outlier_control,1697711877,442833702,631534438,huber_full,39
calibration,day13_calibration_open_control_OC_clean_G1697711877_S442833702_P631534438,open_control,OC,clean,1697711877,442833702,631534438,huber_full,39
calibration,day13_calibration_geometry_L3_clean_G1697711877_S513591578_P1592645163,geometry,L3,clean,1697711877,513591578,1592645163,huber_full,39
calibration,day13_calibration_geometry_L3_coherent_subhuber_slip_G1697711877_S513591578_P1592645163,geometry,L3,coherent_subhuber_slip,1697711877,513591578,1592645163,huber_full,39
calibration,day13_calibration_geometry_L3_gross_outlier_control_G1697711877_S513591578_P1592645163,geometry,L3,gross_outlier_control,1697711877,513591578,1592645163,huber_full,39
calibration,day13_calibration_geometry_L4_clean_G1697711877_S513591578_P1592645163,geometry,L4,clean,1697711877,513591578,1592645163,huber_full,39
calibration,day13_calibration_geometry_L4_coherent_subhuber_slip_G1697711877_S513591578_P1592645163,geometry,L4,coherent_subhuber_slip,1697711877,513591578,1592645163,huber_full,39
calibration,day13_calibration_geometry_L4_gross_outlier_control_G1697711877_S513591578_P1592645163,geometry,L4,gross_outlier_control,1697711877,513591578,1592645163,huber_full,39
calibration,day13_calibration_observation_O3_clean_G1697711877_S513591578_P1592645163,observation,O3,clean,1697711877,513591578,1592645163,huber_full,39
calibration,day13_calibration_observation_O3_coherent_subhuber_slip_G1697711877_S513591578_P1592645163,observation,O3,coherent_subhuber_slip,1697711877,513591578,1592645163,huber_full,39
calibration,day13_calibration_observation_O3_gross_outlier_control_G1697711877_S513591578_P1592645163,observation,O3,gross_outlier_control,1697711877,513591578,1592645163,huber_full,39
calibration,day13_calibration_observation_O4_clean_G1697711877_S513591578_P1592645163,observation,O4,clean,1697711877,513591578,1592645163,huber_full,39
calibration,day13_calibration_observation_O4_coherent_subhuber_slip_G1697711877_S513591578_P1592645163,observation,O4,coherent_subhuber_slip,1697711877,513591578,1592645163,huber_full,39
calibration,day13_calibration_observation_O4_gross_outlier_control_G1697711877_S513591578_P1592645163,observation,O4,gross_outlier_control,1697711877,513591578,1592645163,huber_full,39
calibration,day13_calibration_open_control_OC_clean_G1697711877_S513591578_P1592645163,open_control,OC,clean,1697711877,513591578,1592645163,huber_full,39
calibration,day13_calibration_geometry_L3_clean_G1697711877_S513591578_P631534438,geometry,L3,clean,1697711877,513591578,631534438,huber_full,39
calibration,day13_calibration_geometry_L3_coherent_subhuber_slip_G1697711877_S513591578_P631534438,geometry,L3,coherent_subhuber_slip,1697711877,513591578,631534438,huber_full,39
calibration,day13_calibration_geometry_L3_gross_outlier_control_G1697711877_S513591578_P631534438,geometry,L3,gross_outlier_control,1697711877,513591578,631534438,huber_full,39
calibration,day13_calibration_geometry_L4_clean_G1697711877_S513591578_P631534438,geometry,L4,clean,1697711877,513591578,631534438,huber_full,39
calibration,day13_calibration_geometry_L4_coherent_subhuber_slip_G1697711877_S513591578_P631534438,geometry,L4,coherent_subhuber_slip,1697711877,513591578,631534438,huber_full,39
calibration,day13_calibration_geometry_L4_gross_outlier_control_G1697711877_S513591578_P631534438,geometry,L4,gross_outlier_control,1697711877,513591578,631534438,huber_full,39
calibration,day13_calibration_observation_O3_clean_G1697711877_S513591578_P631534438,observation,O3,clean,1697711877,513591578,631534438,huber_full,39
calibration,day13_calibration_observation_O3_coherent_subhuber_slip_G1697711877_S513591578_P631534438,observation,O3,coherent_subhuber_slip,1697711877,513591578,631534438,huber_full,39
calibration,day13_calibration_observation_O3_gross_outlier_control_G1697711877_S513591578_P631534438,observation,O3,gross_outlier_control,1697711877,513591578,631534438,huber_full,39
calibration,day13_calibration_observation_O4_clean_G1697711877_S513591578_P631534438,observation,O4,clean,1697711877,513591578,631534438,huber_full,39
calibration,day13_calibration_observation_O4_coherent_subhuber_slip_G1697711877_S513591578_P631534438,observation,O4,coherent_subhuber_slip,1697711877,513591578,631534438,huber_full,39
calibration,day13_calibration_observation_O4_gross_outlier_control_G1697711877_S513591578_P631534438,observation,O4,gross_outlier_control,1697711877,513591578,631534438,huber_full,39
calibration,day13_calibration_open_control_OC_clean_G1697711877_S513591578_P631534438,open_control,OC,clean,1697711877,513591578,631534438,huber_full,39
calibration,day13_calibration_geometry_L3_clean_G1765595935_S442833702_P1592645163,geometry,L3,clean,1765595935,442833702,1592645163,huber_full,39
calibration,day13_calibration_geometry_L3_coherent_subhuber_slip_G1765595935_S442833702_P1592645163,geometry,L3,coherent_subhuber_slip,1765595935,442833702,1592645163,huber_full,39
calibration,day13_calibration_geometry_L3_gross_outlier_control_G1765595935_S442833702_P1592645163,geometry,L3,gross_outlier_control,1765595935,442833702,1592645163,huber_full,39
calibration,day13_calibration_geometry_L4_clean_G1765595935_S442833702_P1592645163,geometry,L4,clean,1765595935,442833702,1592645163,huber_full,39
calibration,day13_calibration_geometry_L4_coherent_subhuber_slip_G1765595935_S442833702_P1592645163,geometry,L4,coherent_subhuber_slip,1765595935,442833702,1592645163,huber_full,39
calibration,day13_calibration_geometry_L4_gross_outlier_control_G1765595935_S442833702_P1592645163,geometry,L4,gross_outlier_control,1765595935,442833702,1592645163,huber_full,39
calibration,day13_calibration_observation_O3_clean_G1765595935_S442833702_P1592645163,observation,O3,clean,1765595935,442833702,1592645163,huber_full,39
calibration,day13_calibration_observation_O3_coherent_subhuber_slip_G1765595935_S442833702_P1592645163,observation,O3,coherent_subhuber_slip,1765595935,442833702,1592645163,huber_full,39
calibration,day13_calibration_observation_O3_gross_outlier_control_G1765595935_S442833702_P1592645163,observation,O3,gross_outlier_control,1765595935,442833702,1592645163,huber_full,39
calibration,day13_calibration_observation_O4_clean_G1765595935_S442833702_P1592645163,observation,O4,clean,1765595935,442833702,1592645163,huber_full,39
calibration,day13_calibration_observation_O4_coherent_subhuber_slip_G1765595935_S442833702_P1592645163,observation,O4,coherent_subhuber_slip,1765595935,442833702,1592645163,huber_full,39
calibration,day13_calibration_observation_O4_gross_outlier_control_G1765595935_S442833702_P1592645163,observation,O4,gross_outlier_control,1765595935,442833702,1592645163,huber_full,39
calibration,day13_calibration_open_control_OC_clean_G1765595935_S442833702_P1592645163,open_control,OC,clean,1765595935,442833702,1592645163,huber_full,39
calibration,day13_calibration_geometry_L3_clean_G1765595935_S442833702_P631534438,geometry,L3,clean,1765595935,442833702,631534438,huber_full,39
calibration,day13_calibration_geometry_L3_coherent_subhuber_slip_G1765595935_S442833702_P631534438,geometry,L3,coherent_subhuber_slip,1765595935,442833702,631534438,huber_full,39
calibration,day13_calibration_geometry_L3_gross_outlier_control_G1765595935_S442833702_P631534438,geometry,L3,gross_outlier_control,1765595935,442833702,631534438,huber_full,39
calibration,day13_calibration_geometry_L4_clean_G1765595935_S442833702_P631534438,geometry,L4,clean,1765595935,442833702,631534438,huber_full,39
calibration,day13_calibration_geometry_L4_coherent_subhuber_slip_G1765595935_S442833702_P631534438,geometry,L4,coherent_subhuber_slip,1765595935,442833702,631534438,huber_full,39
calibration,day13_calibration_geometry_L4_gross_outlier_control_G1765595935_S442833702_P631534438,geometry,L4,gross_outlier_control,1765595935,442833702,631534438,huber_full,39
calibration,day13_calibration_observation_O3_clean_G1765595935_S442833702_P631534438,observation,O3,clean,1765595935,442833702,631534438,huber_full,39
calibration,day13_calibration_observation_O3_coherent_subhuber_slip_G1765595935_S442833702_P631534438,observation,O3,coherent_subhuber_slip,1765595935,442833702,631534438,huber_full,39
calibration,day13_calibration_observation_O3_gross_outlier_control_G1765595935_S442833702_P631534438,observation,O3,gross_outlier_control,1765595935,442833702,631534438,huber_full,39
calibration,day13_calibration_observation_O4_clean_G1765595935_S442833702_P631534438,observation,O4,clean,1765595935,442833702,631534438,huber_full,39
calibration,day13_calibration_observation_O4_coherent_subhuber_slip_G1765595935_S442833702_P631534438,observation,O4,coherent_subhuber_slip,1765595935,442833702,631534438,huber_full,39
calibration,day13_calibration_observation_O4_gross_outlier_control_G1765595935_S442833702_P631534438,observation,O4,gross_outlier_control,1765595935,442833702,631534438,huber_full,39
calibration,day13_calibration_open_control_OC_clean_G1765595935_S442833702_P631534438,open_control,OC,clean,1765595935,442833702,631534438,huber_full,39
calibration,day13_calibration_geometry_L3_clean_G1765595935_S513591578_P1592645163,geometry,L3,clean,1765595935,513591578,1592645163,huber_full,39
calibration,day13_calibration_geometry_L3_coherent_subhuber_slip_G1765595935_S513591578_P1592645163,geometry,L3,coherent_subhuber_slip,1765595935,513591578,1592645163,huber_full,39
calibration,day13_calibration_geometry_L3_gross_outlier_control_G1765595935_S513591578_P1592645163,geometry,L3,gross_outlier_control,1765595935,513591578,1592645163,huber_full,39
calibration,day13_calibration_geometry_L4_clean_G1765595935_S513591578_P1592645163,geometry,L4,clean,1765595935,513591578,1592645163,huber_full,39
calibration,day13_calibration_geometry_L4_coherent_subhuber_slip_G1765595935_S513591578_P1592645163,geometry,L4,coherent_subhuber_slip,1765595935,513591578,1592645163,huber_full,39
calibration,day13_calibration_geometry_L4_gross_outlier_control_G1765595935_S513591578_P1592645163,geometry,L4,gross_outlier_control,1765595935,513591578,1592645163,huber_full,39
calibration,day13_calibration_observation_O3_clean_G1765595935_S513591578_P1592645163,observation,O3,clean,1765595935,513591578,1592645163,huber_full,39
calibration,day13_calibration_observation_O3_coherent_subhuber_slip_G1765595935_S513591578_P1592645163,observation,O3,coherent_subhuber_slip,1765595935,513591578,1592645163,huber_full,39
calibration,day13_calibration_observation_O3_gross_outlier_control_G1765595935_S513591578_P1592645163,observation,O3,gross_outlier_control,1765595935,513591578,1592645163,huber_full,39
calibration,day13_calibration_observation_O4_clean_G1765595935_S513591578_P1592645163,observation,O4,clean,1765595935,513591578,1592645163,huber_full,39
calibration,day13_calibration_observation_O4_coherent_subhuber_slip_G1765595935_S513591578_P1592645163,observation,O4,coherent_subhuber_slip,1765595935,513591578,1592645163,huber_full,39
calibration,day13_calibration_observation_O4_gross_outlier_control_G1765595935_S513591578_P1592645163,observation,O4,gross_outlier_control,1765595935,513591578,1592645163,huber_full,39
calibration,day13_calibration_open_control_OC_clean_G1765595935_S513591578_P1592645163,open_control,OC,clean,1765595935,513591578,1592645163,huber_full,39
calibration,day13_calibration_geometry_L3_clean_G1765595935_S513591578_P631534438,geometry,L3,clean,1765595935,513591578,631534438,huber_full,39
calibration,day13_calibration_geometry_L3_coherent_subhuber_slip_G1765595935_S513591578_P631534438,geometry,L3,coherent_subhuber_slip,1765595935,513591578,631534438,huber_full,39
calibration,day13_calibration_geometry_L3_gross_outlier_control_G1765595935_S513591578_P631534438,geometry,L3,gross_outlier_control,1765595935,513591578,631534438,huber_full,39
calibration,day13_calibration_geometry_L4_clean_G1765595935_S513591578_P631534438,geometry,L4,clean,1765595935,513591578,631534438,huber_full,39
calibration,day13_calibration_geometry_L4_coherent_subhuber_slip_G1765595935_S513591578_P631534438,geometry,L4,coherent_subhuber_slip,1765595935,513591578,631534438,huber_full,39
calibration,day13_calibration_geometry_L4_gross_outlier_control_G1765595935_S513591578_P631534438,geometry,L4,gross_outlier_control,1765595935,513591578,631534438,huber_full,39
calibration,day13_calibration_observation_O3_clean_G1765595935_S513591578_P631534438,observation,O3,clean,1765595935,513591578,631534438,huber_full,39
calibration,day13_calibration_observation_O3_coherent_subhuber_slip_G1765595935_S513591578_P631534438,observation,O3,coherent_subhuber_slip,1765595935,513591578,631534438,huber_full,39
calibration,day13_calibration_observation_O3_gross_outlier_control_G1765595935_S513591578_P631534438,observation,O3,gross_outlier_control,1765595935,513591578,631534438,huber_full,39
calibration,day13_calibration_observation_O4_clean_G1765595935_S513591578_P631534438,observation,O4,clean,1765595935,513591578,631534438,huber_full,39
calibration,day13_calibration_observation_O4_coherent_subhuber_slip_G1765595935_S513591578_P631534438,observation,O4,coherent_subhuber_slip,1765595935,513591578,631534438,huber_full,39
calibration,day13_calibration_observation_O4_gross_outlier_control_G1765595935_S513591578_P631534438,observation,O4,gross_outlier_control,1765595935,513591578,631534438,huber_full,39
calibration,day13_calibration_open_control_OC_clean_G1765595935_S513591578_P631534438,open_control,OC,clean,1765595935,513591578,631534438,huber_full,39
calibration,day13_calibration_geometry_L3_clean_G1797477789_S442833702_P1592645163,geometry,L3,clean,1797477789,442833702,1592645163,huber_full,39
calibration,day13_calibration_geometry_L3_coherent_subhuber_slip_G1797477789_S442833702_P1592645163,geometry,L3,coherent_subhuber_slip,1797477789,442833702,1592645163,huber_full,39
calibration,day13_calibration_geometry_L3_gross_outlier_control_G1797477789_S442833702_P1592645163,geometry,L3,gross_outlier_control,1797477789,442833702,1592645163,huber_full,39
calibration,day13_calibration_geometry_L4_clean_G1797477789_S442833702_P1592645163,geometry,L4,clean,1797477789,442833702,1592645163,huber_full,39
calibration,day13_calibration_geometry_L4_coherent_subhuber_slip_G1797477789_S442833702_P1592645163,geometry,L4,coherent_subhuber_slip,1797477789,442833702,1592645163,huber_full,39
calibration,day13_calibration_geometry_L4_gross_outlier_control_G1797477789_S442833702_P1592645163,geometry,L4,gross_outlier_control,1797477789,442833702,1592645163,huber_full,39
calibration,day13_calibration_observation_O3_clean_G1797477789_S442833702_P1592645163,observation,O3,clean,1797477789,442833702,1592645163,huber_full,39
calibration,day13_calibration_observation_O3_coherent_subhuber_slip_G1797477789_S442833702_P1592645163,observation,O3,coherent_subhuber_slip,1797477789,442833702,1592645163,huber_full,39
calibration,day13_calibration_observation_O3_gross_outlier_control_G1797477789_S442833702_P1592645163,observation,O3,gross_outlier_control,1797477789,442833702,1592645163,huber_full,39
calibration,day13_calibration_observation_O4_clean_G1797477789_S442833702_P1592645163,observation,O4,clean,1797477789,442833702,1592645163,huber_full,39
calibration,day13_calibration_observation_O4_coherent_subhuber_slip_G1797477789_S442833702_P1592645163,observation,O4,coherent_subhuber_slip,1797477789,442833702,1592645163,huber_full,39
calibration,day13_calibration_observation_O4_gross_outlier_control_G1797477789_S442833702_P1592645163,observation,O4,gross_outlier_control,1797477789,442833702,1592645163,huber_full,39
calibration,day13_calibration_open_control_OC_clean_G1797477789_S442833702_P1592645163,open_control,OC,clean,1797477789,442833702,1592645163,huber_full,39
calibration,day13_calibration_geometry_L3_clean_G1797477789_S442833702_P631534438,geometry,L3,clean,1797477789,442833702,631534438,huber_full,39
calibration,day13_calibration_geometry_L3_coherent_subhuber_slip_G1797477789_S442833702_P631534438,geometry,L3,coherent_subhuber_slip,1797477789,442833702,631534438,huber_full,39
calibration,day13_calibration_geometry_L3_gross_outlier_control_G1797477789_S442833702_P631534438,geometry,L3,gross_outlier_control,1797477789,442833702,631534438,huber_full,39
calibration,day13_calibration_geometry_L4_clean_G1797477789_S442833702_P631534438,geometry,L4,clean,1797477789,442833702,631534438,huber_full,39
calibration,day13_calibration_geometry_L4_coherent_subhuber_slip_G1797477789_S442833702_P631534438,geometry,L4,coherent_subhuber_slip,1797477789,442833702,631534438,huber_full,39
calibration,day13_calibration_geometry_L4_gross_outlier_control_G1797477789_S442833702_P631534438,geometry,L4,gross_outlier_control,1797477789,442833702,631534438,huber_full,39
calibration,day13_calibration_observation_O3_clean_G1797477789_S442833702_P631534438,observation,O3,clean,1797477789,442833702,631534438,huber_full,39
calibration,day13_calibration_observation_O3_coherent_subhuber_slip_G1797477789_S442833702_P631534438,observation,O3,coherent_subhuber_slip,1797477789,442833702,631534438,huber_full,39
calibration,day13_calibration_observation_O3_gross_outlier_control_G1797477789_S442833702_P631534438,observation,O3,gross_outlier_control,1797477789,442833702,631534438,huber_full,39
calibration,day13_calibration_observation_O4_clean_G1797477789_S442833702_P631534438,observation,O4,clean,1797477789,442833702,631534438,huber_full,39
calibration,day13_calibration_observation_O4_coherent_subhuber_slip_G1797477789_S442833702_P631534438,observation,O4,coherent_subhuber_slip,1797477789,442833702,631534438,huber_full,39
calibration,day13_calibration_observation_O4_gross_outlier_control_G1797477789_S442833702_P631534438,observation,O4,gross_outlier_control,1797477789,442833702,631534438,huber_full,39
calibration,day13_calibration_open_control_OC_clean_G1797477789_S442833702_P631534438,open_control,OC,clean,1797477789,442833702,631534438,huber_full,39
calibration,day13_calibration_geometry_L3_clean_G1797477789_S513591578_P1592645163,geometry,L3,clean,1797477789,513591578,1592645163,huber_full,39
calibration,day13_calibration_geometry_L3_coherent_subhuber_slip_G1797477789_S513591578_P1592645163,geometry,L3,coherent_subhuber_slip,1797477789,513591578,1592645163,huber_full,39
calibration,day13_calibration_geometry_L3_gross_outlier_control_G1797477789_S513591578_P1592645163,geometry,L3,gross_outlier_control,1797477789,513591578,1592645163,huber_full,39
calibration,day13_calibration_geometry_L4_clean_G1797477789_S513591578_P1592645163,geometry,L4,clean,1797477789,513591578,1592645163,huber_full,39
calibration,day13_calibration_geometry_L4_coherent_subhuber_slip_G1797477789_S513591578_P1592645163,geometry,L4,coherent_subhuber_slip,1797477789,513591578,1592645163,huber_full,39
calibration,day13_calibration_geometry_L4_gross_outlier_control_G1797477789_S513591578_P1592645163,geometry,L4,gross_outlier_control,1797477789,513591578,1592645163,huber_full,39
calibration,day13_calibration_observation_O3_clean_G1797477789_S513591578_P1592645163,observation,O3,clean,1797477789,513591578,1592645163,huber_full,39
calibration,day13_calibration_observation_O3_coherent_subhuber_slip_G1797477789_S513591578_P1592645163,observation,O3,coherent_subhuber_slip,1797477789,513591578,1592645163,huber_full,39
calibration,day13_calibration_observation_O3_gross_outlier_control_G1797477789_S513591578_P1592645163,observation,O3,gross_outlier_control,1797477789,513591578,1592645163,huber_full,39
calibration,day13_calibration_observation_O4_clean_G1797477789_S513591578_P1592645163,observation,O4,clean,1797477789,513591578,1592645163,huber_full,39
calibration,day13_calibration_observation_O4_coherent_subhuber_slip_G1797477789_S513591578_P1592645163,observation,O4,coherent_subhuber_slip,1797477789,513591578,1592645163,huber_full,39
calibration,day13_calibration_observation_O4_gross_outlier_control_G1797477789_S513591578_P1592645163,observation,O4,gross_outlier_control,1797477789,513591578,1592645163,huber_full,39
calibration,day13_calibration_open_control_OC_clean_G1797477789_S513591578_P1592645163,open_control,OC,clean,1797477789,513591578,1592645163,huber_full,39
calibration,day13_calibration_geometry_L3_clean_G1797477789_S513591578_P631534438,geometry,L3,clean,1797477789,513591578,631534438,huber_full,39
calibration,day13_calibration_geometry_L3_coherent_subhuber_slip_G1797477789_S513591578_P631534438,geometry,L3,coherent_subhuber_slip,1797477789,513591578,631534438,huber_full,39
calibration,day13_calibration_geometry_L3_gross_outlier_control_G1797477789_S513591578_P631534438,geometry,L3,gross_outlier_control,1797477789,513591578,631534438,huber_full,39
calibration,day13_calibration_geometry_L4_clean_G1797477789_S513591578_P631534438,geometry,L4,clean,1797477789,513591578,631534438,huber_full,39
calibration,day13_calibration_geometry_L4_coherent_subhuber_slip_G1797477789_S513591578_P631534438,geometry,L4,coherent_subhuber_slip,1797477789,513591578,631534438,huber_full,39
calibration,day13_calibration_geometry_L4_gross_outlier_control_G1797477789_S513591578_P631534438,geometry,L4,gross_outlier_control,1797477789,513591578,631534438,huber_full,39
calibration,day13_calibration_observation_O3_clean_G1797477789_S513591578_P631534438,observation,O3,clean,1797477789,513591578,631534438,huber_full,39
calibration,day13_calibration_observation_O3_coherent_subhuber_slip_G1797477789_S513591578_P631534438,observation,O3,coherent_subhuber_slip,1797477789,513591578,631534438,huber_full,39
calibration,day13_calibration_observation_O3_gross_outlier_control_G1797477789_S513591578_P631534438,observation,O3,gross_outlier_control,1797477789,513591578,631534438,huber_full,39
calibration,day13_calibration_observation_O4_clean_G1797477789_S513591578_P631534438,observation,O4,clean,1797477789,513591578,631534438,huber_full,39
calibration,day13_calibration_observation_O4_coherent_subhuber_slip_G1797477789_S513591578_P631534438,observation,O4,coherent_subhuber_slip,1797477789,513591578,631534438,huber_full,39
calibration,day13_calibration_observation_O4_gross_outlier_control_G1797477789_S513591578_P631534438,observation,O4,gross_outlier_control,1797477789,513591578,631534438,huber_full,39
calibration,day13_calibration_open_control_OC_clean_G1797477789_S513591578_P631534438,open_control,OC,clean,1797477789,513591578,631534438,huber_full,39
evaluation,day13_evaluation_geometry_L3_clean_G1573279497_S658360556_P788390312,geometry,L3,clean,1573279497,658360556,788390312,huber_full,39
evaluation,day13_evaluation_geometry_L3_coherent_subhuber_slip_G1573279497_S658360556_P788390312,geometry,L3,coherent_subhuber_slip,1573279497,658360556,788390312,huber_full,39
evaluation,day13_evaluation_geometry_L3_gross_outlier_control_G1573279497_S658360556_P788390312,geometry,L3,gross_outlier_control,1573279497,658360556,788390312,huber_full,39
evaluation,day13_evaluation_geometry_L4_clean_G1573279497_S658360556_P788390312,geometry,L4,clean,1573279497,658360556,788390312,huber_full,39
evaluation,day13_evaluation_geometry_L4_coherent_subhuber_slip_G1573279497_S658360556_P788390312,geometry,L4,coherent_subhuber_slip,1573279497,658360556,788390312,huber_full,39
evaluation,day13_evaluation_geometry_L4_gross_outlier_control_G1573279497_S658360556_P788390312,geometry,L4,gross_outlier_control,1573279497,658360556,788390312,huber_full,39
evaluation,day13_evaluation_observation_O3_clean_G1573279497_S658360556_P788390312,observation,O3,clean,1573279497,658360556,788390312,huber_full,39
evaluation,day13_evaluation_observation_O3_coherent_subhuber_slip_G1573279497_S658360556_P788390312,observation,O3,coherent_subhuber_slip,1573279497,658360556,788390312,huber_full,39
evaluation,day13_evaluation_observation_O3_gross_outlier_control_G1573279497_S658360556_P788390312,observation,O3,gross_outlier_control,1573279497,658360556,788390312,huber_full,39
evaluation,day13_evaluation_observation_O4_clean_G1573279497_S658360556_P788390312,observation,O4,clean,1573279497,658360556,788390312,huber_full,39
evaluation,day13_evaluation_observation_O4_coherent_subhuber_slip_G1573279497_S658360556_P788390312,observation,O4,coherent_subhuber_slip,1573279497,658360556,788390312,huber_full,39
evaluation,day13_evaluation_observation_O4_gross_outlier_control_G1573279497_S658360556_P788390312,observation,O4,gross_outlier_control,1573279497,658360556,788390312,huber_full,39
evaluation,day13_evaluation_open_control_OC_clean_G1573279497_S658360556_P788390312,open_control,OC,clean,1573279497,658360556,788390312,huber_full,39
evaluation,day13_evaluation_geometry_L3_clean_G1573279497_S658360556_P1671729869,geometry,L3,clean,1573279497,658360556,1671729869,huber_full,39
evaluation,day13_evaluation_geometry_L3_coherent_subhuber_slip_G1573279497_S658360556_P1671729869,geometry,L3,coherent_subhuber_slip,1573279497,658360556,1671729869,huber_full,39
evaluation,day13_evaluation_geometry_L3_gross_outlier_control_G1573279497_S658360556_P1671729869,geometry,L3,gross_outlier_control,1573279497,658360556,1671729869,huber_full,39
evaluation,day13_evaluation_geometry_L4_clean_G1573279497_S658360556_P1671729869,geometry,L4,clean,1573279497,658360556,1671729869,huber_full,39
evaluation,day13_evaluation_geometry_L4_coherent_subhuber_slip_G1573279497_S658360556_P1671729869,geometry,L4,coherent_subhuber_slip,1573279497,658360556,1671729869,huber_full,39
evaluation,day13_evaluation_geometry_L4_gross_outlier_control_G1573279497_S658360556_P1671729869,geometry,L4,gross_outlier_control,1573279497,658360556,1671729869,huber_full,39
evaluation,day13_evaluation_observation_O3_clean_G1573279497_S658360556_P1671729869,observation,O3,clean,1573279497,658360556,1671729869,huber_full,39
evaluation,day13_evaluation_observation_O3_coherent_subhuber_slip_G1573279497_S658360556_P1671729869,observation,O3,coherent_subhuber_slip,1573279497,658360556,1671729869,huber_full,39
evaluation,day13_evaluation_observation_O3_gross_outlier_control_G1573279497_S658360556_P1671729869,observation,O3,gross_outlier_control,1573279497,658360556,1671729869,huber_full,39
evaluation,day13_evaluation_observation_O4_clean_G1573279497_S658360556_P1671729869,observation,O4,clean,1573279497,658360556,1671729869,huber_full,39
evaluation,day13_evaluation_observation_O4_coherent_subhuber_slip_G1573279497_S658360556_P1671729869,observation,O4,coherent_subhuber_slip,1573279497,658360556,1671729869,huber_full,39
evaluation,day13_evaluation_observation_O4_gross_outlier_control_G1573279497_S658360556_P1671729869,observation,O4,gross_outlier_control,1573279497,658360556,1671729869,huber_full,39
evaluation,day13_evaluation_open_control_OC_clean_G1573279497_S658360556_P1671729869,open_control,OC,clean,1573279497,658360556,1671729869,huber_full,39
evaluation,day13_evaluation_geometry_L3_clean_G1573279497_S2087974662_P788390312,geometry,L3,clean,1573279497,2087974662,788390312,huber_full,39
evaluation,day13_evaluation_geometry_L3_coherent_subhuber_slip_G1573279497_S2087974662_P788390312,geometry,L3,coherent_subhuber_slip,1573279497,2087974662,788390312,huber_full,39
evaluation,day13_evaluation_geometry_L3_gross_outlier_control_G1573279497_S2087974662_P788390312,geometry,L3,gross_outlier_control,1573279497,2087974662,788390312,huber_full,39
evaluation,day13_evaluation_geometry_L4_clean_G1573279497_S2087974662_P788390312,geometry,L4,clean,1573279497,2087974662,788390312,huber_full,39
evaluation,day13_evaluation_geometry_L4_coherent_subhuber_slip_G1573279497_S2087974662_P788390312,geometry,L4,coherent_subhuber_slip,1573279497,2087974662,788390312,huber_full,39
evaluation,day13_evaluation_geometry_L4_gross_outlier_control_G1573279497_S2087974662_P788390312,geometry,L4,gross_outlier_control,1573279497,2087974662,788390312,huber_full,39
evaluation,day13_evaluation_observation_O3_clean_G1573279497_S2087974662_P788390312,observation,O3,clean,1573279497,2087974662,788390312,huber_full,39
evaluation,day13_evaluation_observation_O3_coherent_subhuber_slip_G1573279497_S2087974662_P788390312,observation,O3,coherent_subhuber_slip,1573279497,2087974662,788390312,huber_full,39
evaluation,day13_evaluation_observation_O3_gross_outlier_control_G1573279497_S2087974662_P788390312,observation,O3,gross_outlier_control,1573279497,2087974662,788390312,huber_full,39
evaluation,day13_evaluation_observation_O4_clean_G1573279497_S2087974662_P788390312,observation,O4,clean,1573279497,2087974662,788390312,huber_full,39
evaluation,day13_evaluation_observation_O4_coherent_subhuber_slip_G1573279497_S2087974662_P788390312,observation,O4,coherent_subhuber_slip,1573279497,2087974662,788390312,huber_full,39
evaluation,day13_evaluation_observation_O4_gross_outlier_control_G1573279497_S2087974662_P788390312,observation,O4,gross_outlier_control,1573279497,2087974662,788390312,huber_full,39
evaluation,day13_evaluation_open_control_OC_clean_G1573279497_S2087974662_P788390312,open_control,OC,clean,1573279497,2087974662,788390312,huber_full,39
evaluation,day13_evaluation_geometry_L3_clean_G1573279497_S2087974662_P1671729869,geometry,L3,clean,1573279497,2087974662,1671729869,huber_full,39
evaluation,day13_evaluation_geometry_L3_coherent_subhuber_slip_G1573279497_S2087974662_P1671729869,geometry,L3,coherent_subhuber_slip,1573279497,2087974662,1671729869,huber_full,39
evaluation,day13_evaluation_geometry_L3_gross_outlier_control_G1573279497_S2087974662_P1671729869,geometry,L3,gross_outlier_control,1573279497,2087974662,1671729869,huber_full,39
evaluation,day13_evaluation_geometry_L4_clean_G1573279497_S2087974662_P1671729869,geometry,L4,clean,1573279497,2087974662,1671729869,huber_full,39
evaluation,day13_evaluation_geometry_L4_coherent_subhuber_slip_G1573279497_S2087974662_P1671729869,geometry,L4,coherent_subhuber_slip,1573279497,2087974662,1671729869,huber_full,39
evaluation,day13_evaluation_geometry_L4_gross_outlier_control_G1573279497_S2087974662_P1671729869,geometry,L4,gross_outlier_control,1573279497,2087974662,1671729869,huber_full,39
evaluation,day13_evaluation_observation_O3_clean_G1573279497_S2087974662_P1671729869,observation,O3,clean,1573279497,2087974662,1671729869,huber_full,39
evaluation,day13_evaluation_observation_O3_coherent_subhuber_slip_G1573279497_S2087974662_P1671729869,observation,O3,coherent_subhuber_slip,1573279497,2087974662,1671729869,huber_full,39
evaluation,day13_evaluation_observation_O3_gross_outlier_control_G1573279497_S2087974662_P1671729869,observation,O3,gross_outlier_control,1573279497,2087974662,1671729869,huber_full,39
evaluation,day13_evaluation_observation_O4_clean_G1573279497_S2087974662_P1671729869,observation,O4,clean,1573279497,2087974662,1671729869,huber_full,39
evaluation,day13_evaluation_observation_O4_coherent_subhuber_slip_G1573279497_S2087974662_P1671729869,observation,O4,coherent_subhuber_slip,1573279497,2087974662,1671729869,huber_full,39
evaluation,day13_evaluation_observation_O4_gross_outlier_control_G1573279497_S2087974662_P1671729869,observation,O4,gross_outlier_control,1573279497,2087974662,1671729869,huber_full,39
evaluation,day13_evaluation_open_control_OC_clean_G1573279497_S2087974662_P1671729869,open_control,OC,clean,1573279497,2087974662,1671729869,huber_full,39
evaluation,day13_evaluation_geometry_L3_clean_G1608298725_S658360556_P788390312,geometry,L3,clean,1608298725,658360556,788390312,huber_full,39
evaluation,day13_evaluation_geometry_L3_coherent_subhuber_slip_G1608298725_S658360556_P788390312,geometry,L3,coherent_subhuber_slip,1608298725,658360556,788390312,huber_full,39
evaluation,day13_evaluation_geometry_L3_gross_outlier_control_G1608298725_S658360556_P788390312,geometry,L3,gross_outlier_control,1608298725,658360556,788390312,huber_full,39
evaluation,day13_evaluation_geometry_L4_clean_G1608298725_S658360556_P788390312,geometry,L4,clean,1608298725,658360556,788390312,huber_full,39
evaluation,day13_evaluation_geometry_L4_coherent_subhuber_slip_G1608298725_S658360556_P788390312,geometry,L4,coherent_subhuber_slip,1608298725,658360556,788390312,huber_full,39
evaluation,day13_evaluation_geometry_L4_gross_outlier_control_G1608298725_S658360556_P788390312,geometry,L4,gross_outlier_control,1608298725,658360556,788390312,huber_full,39
evaluation,day13_evaluation_observation_O3_clean_G1608298725_S658360556_P788390312,observation,O3,clean,1608298725,658360556,788390312,huber_full,39
evaluation,day13_evaluation_observation_O3_coherent_subhuber_slip_G1608298725_S658360556_P788390312,observation,O3,coherent_subhuber_slip,1608298725,658360556,788390312,huber_full,39
evaluation,day13_evaluation_observation_O3_gross_outlier_control_G1608298725_S658360556_P788390312,observation,O3,gross_outlier_control,1608298725,658360556,788390312,huber_full,39
evaluation,day13_evaluation_observation_O4_clean_G1608298725_S658360556_P788390312,observation,O4,clean,1608298725,658360556,788390312,huber_full,39
evaluation,day13_evaluation_observation_O4_coherent_subhuber_slip_G1608298725_S658360556_P788390312,observation,O4,coherent_subhuber_slip,1608298725,658360556,788390312,huber_full,39
evaluation,day13_evaluation_observation_O4_gross_outlier_control_G1608298725_S658360556_P788390312,observation,O4,gross_outlier_control,1608298725,658360556,788390312,huber_full,39
evaluation,day13_evaluation_open_control_OC_clean_G1608298725_S658360556_P788390312,open_control,OC,clean,1608298725,658360556,788390312,huber_full,39
evaluation,day13_evaluation_geometry_L3_clean_G1608298725_S658360556_P1671729869,geometry,L3,clean,1608298725,658360556,1671729869,huber_full,39
evaluation,day13_evaluation_geometry_L3_coherent_subhuber_slip_G1608298725_S658360556_P1671729869,geometry,L3,coherent_subhuber_slip,1608298725,658360556,1671729869,huber_full,39
evaluation,day13_evaluation_geometry_L3_gross_outlier_control_G1608298725_S658360556_P1671729869,geometry,L3,gross_outlier_control,1608298725,658360556,1671729869,huber_full,39
evaluation,day13_evaluation_geometry_L4_clean_G1608298725_S658360556_P1671729869,geometry,L4,clean,1608298725,658360556,1671729869,huber_full,39
evaluation,day13_evaluation_geometry_L4_coherent_subhuber_slip_G1608298725_S658360556_P1671729869,geometry,L4,coherent_subhuber_slip,1608298725,658360556,1671729869,huber_full,39
evaluation,day13_evaluation_geometry_L4_gross_outlier_control_G1608298725_S658360556_P1671729869,geometry,L4,gross_outlier_control,1608298725,658360556,1671729869,huber_full,39
evaluation,day13_evaluation_observation_O3_clean_G1608298725_S658360556_P1671729869,observation,O3,clean,1608298725,658360556,1671729869,huber_full,39
evaluation,day13_evaluation_observation_O3_coherent_subhuber_slip_G1608298725_S658360556_P1671729869,observation,O3,coherent_subhuber_slip,1608298725,658360556,1671729869,huber_full,39
evaluation,day13_evaluation_observation_O3_gross_outlier_control_G1608298725_S658360556_P1671729869,observation,O3,gross_outlier_control,1608298725,658360556,1671729869,huber_full,39
evaluation,day13_evaluation_observation_O4_clean_G1608298725_S658360556_P1671729869,observation,O4,clean,1608298725,658360556,1671729869,huber_full,39
evaluation,day13_evaluation_observation_O4_coherent_subhuber_slip_G1608298725_S658360556_P1671729869,observation,O4,coherent_subhuber_slip,1608298725,658360556,1671729869,huber_full,39
evaluation,day13_evaluation_observation_O4_gross_outlier_control_G1608298725_S658360556_P1671729869,observation,O4,gross_outlier_control,1608298725,658360556,1671729869,huber_full,39
evaluation,day13_evaluation_open_control_OC_clean_G1608298725_S658360556_P1671729869,open_control,OC,clean,1608298725,658360556,1671729869,huber_full,39
evaluation,day13_evaluation_geometry_L3_clean_G1608298725_S2087974662_P788390312,geometry,L3,clean,1608298725,2087974662,788390312,huber_full,39
evaluation,day13_evaluation_geometry_L3_coherent_subhuber_slip_G1608298725_S2087974662_P788390312,geometry,L3,coherent_subhuber_slip,1608298725,2087974662,788390312,huber_full,39
evaluation,day13_evaluation_geometry_L3_gross_outlier_control_G1608298725_S2087974662_P788390312,geometry,L3,gross_outlier_control,1608298725,2087974662,788390312,huber_full,39
evaluation,day13_evaluation_geometry_L4_clean_G1608298725_S2087974662_P788390312,geometry,L4,clean,1608298725,2087974662,788390312,huber_full,39
evaluation,day13_evaluation_geometry_L4_coherent_subhuber_slip_G1608298725_S2087974662_P788390312,geometry,L4,coherent_subhuber_slip,1608298725,2087974662,788390312,huber_full,39
evaluation,day13_evaluation_geometry_L4_gross_outlier_control_G1608298725_S2087974662_P788390312,geometry,L4,gross_outlier_control,1608298725,2087974662,788390312,huber_full,39
evaluation,day13_evaluation_observation_O3_clean_G1608298725_S2087974662_P788390312,observation,O3,clean,1608298725,2087974662,788390312,huber_full,39
evaluation,day13_evaluation_observation_O3_coherent_subhuber_slip_G1608298725_S2087974662_P788390312,observation,O3,coherent_subhuber_slip,1608298725,2087974662,788390312,huber_full,39
evaluation,day13_evaluation_observation_O3_gross_outlier_control_G1608298725_S2087974662_P788390312,observation,O3,gross_outlier_control,1608298725,2087974662,788390312,huber_full,39
evaluation,day13_evaluation_observation_O4_clean_G1608298725_S2087974662_P788390312,observation,O4,clean,1608298725,2087974662,788390312,huber_full,39
evaluation,day13_evaluation_observation_O4_coherent_subhuber_slip_G1608298725_S2087974662_P788390312,observation,O4,coherent_subhuber_slip,1608298725,2087974662,788390312,huber_full,39
evaluation,day13_evaluation_observation_O4_gross_outlier_control_G1608298725_S2087974662_P788390312,observation,O4,gross_outlier_control,1608298725,2087974662,788390312,huber_full,39
evaluation,day13_evaluation_open_control_OC_clean_G1608298725_S2087974662_P788390312,open_control,OC,clean,1608298725,2087974662,788390312,huber_full,39
evaluation,day13_evaluation_geometry_L3_clean_G1608298725_S2087974662_P1671729869,geometry,L3,clean,1608298725,2087974662,1671729869,huber_full,39
evaluation,day13_evaluation_geometry_L3_coherent_subhuber_slip_G1608298725_S2087974662_P1671729869,geometry,L3,coherent_subhuber_slip,1608298725,2087974662,1671729869,huber_full,39
evaluation,day13_evaluation_geometry_L3_gross_outlier_control_G1608298725_S2087974662_P1671729869,geometry,L3,gross_outlier_control,1608298725,2087974662,1671729869,huber_full,39
evaluation,day13_evaluation_geometry_L4_clean_G1608298725_S2087974662_P1671729869,geometry,L4,clean,1608298725,2087974662,1671729869,huber_full,39
evaluation,day13_evaluation_geometry_L4_coherent_subhuber_slip_G1608298725_S2087974662_P1671729869,geometry,L4,coherent_subhuber_slip,1608298725,2087974662,1671729869,huber_full,39
evaluation,day13_evaluation_geometry_L4_gross_outlier_control_G1608298725_S2087974662_P1671729869,geometry,L4,gross_outlier_control,1608298725,2087974662,1671729869,huber_full,39
evaluation,day13_evaluation_observation_O3_clean_G1608298725_S2087974662_P1671729869,observation,O3,clean,1608298725,2087974662,1671729869,huber_full,39
evaluation,day13_evaluation_observation_O3_coherent_subhuber_slip_G1608298725_S2087974662_P1671729869,observation,O3,coherent_subhuber_slip,1608298725,2087974662,1671729869,huber_full,39
evaluation,day13_evaluation_observation_O3_gross_outlier_control_G1608298725_S2087974662_P1671729869,observation,O3,gross_outlier_control,1608298725,2087974662,1671729869,huber_full,39
evaluation,day13_evaluation_observation_O4_clean_G1608298725_S2087974662_P1671729869,observation,O4,clean,1608298725,2087974662,1671729869,huber_full,39
evaluation,day13_evaluation_observation_O4_coherent_subhuber_slip_G1608298725_S2087974662_P1671729869,observation,O4,coherent_subhuber_slip,1608298725,2087974662,1671729869,huber_full,39
evaluation,day13_evaluation_observation_O4_gross_outlier_control_G1608298725_S2087974662_P1671729869,observation,O4,gross_outlier_control,1608298725,2087974662,1671729869,huber_full,39
evaluation,day13_evaluation_open_control_OC_clean_G1608298725_S2087974662_P1671729869,open_control,OC,clean,1608298725,2087974662,1671729869,huber_full,39
evaluation,day13_evaluation_geometry_L3_clean_G158012055_S658360556_P788390312,geometry,L3,clean,158012055,658360556,788390312,huber_full,39
evaluation,day13_evaluation_geometry_L3_coherent_subhuber_slip_G158012055_S658360556_P788390312,geometry,L3,coherent_subhuber_slip,158012055,658360556,788390312,huber_full,39
evaluation,day13_evaluation_geometry_L3_gross_outlier_control_G158012055_S658360556_P788390312,geometry,L3,gross_outlier_control,158012055,658360556,788390312,huber_full,39
evaluation,day13_evaluation_geometry_L4_clean_G158012055_S658360556_P788390312,geometry,L4,clean,158012055,658360556,788390312,huber_full,39
evaluation,day13_evaluation_geometry_L4_coherent_subhuber_slip_G158012055_S658360556_P788390312,geometry,L4,coherent_subhuber_slip,158012055,658360556,788390312,huber_full,39
evaluation,day13_evaluation_geometry_L4_gross_outlier_control_G158012055_S658360556_P788390312,geometry,L4,gross_outlier_control,158012055,658360556,788390312,huber_full,39
evaluation,day13_evaluation_observation_O3_clean_G158012055_S658360556_P788390312,observation,O3,clean,158012055,658360556,788390312,huber_full,39
evaluation,day13_evaluation_observation_O3_coherent_subhuber_slip_G158012055_S658360556_P788390312,observation,O3,coherent_subhuber_slip,158012055,658360556,788390312,huber_full,39
evaluation,day13_evaluation_observation_O3_gross_outlier_control_G158012055_S658360556_P788390312,observation,O3,gross_outlier_control,158012055,658360556,788390312,huber_full,39
evaluation,day13_evaluation_observation_O4_clean_G158012055_S658360556_P788390312,observation,O4,clean,158012055,658360556,788390312,huber_full,39
evaluation,day13_evaluation_observation_O4_coherent_subhuber_slip_G158012055_S658360556_P788390312,observation,O4,coherent_subhuber_slip,158012055,658360556,788390312,huber_full,39
evaluation,day13_evaluation_observation_O4_gross_outlier_control_G158012055_S658360556_P788390312,observation,O4,gross_outlier_control,158012055,658360556,788390312,huber_full,39
evaluation,day13_evaluation_open_control_OC_clean_G158012055_S658360556_P788390312,open_control,OC,clean,158012055,658360556,788390312,huber_full,39
evaluation,day13_evaluation_geometry_L3_clean_G158012055_S658360556_P1671729869,geometry,L3,clean,158012055,658360556,1671729869,huber_full,39
evaluation,day13_evaluation_geometry_L3_coherent_subhuber_slip_G158012055_S658360556_P1671729869,geometry,L3,coherent_subhuber_slip,158012055,658360556,1671729869,huber_full,39
evaluation,day13_evaluation_geometry_L3_gross_outlier_control_G158012055_S658360556_P1671729869,geometry,L3,gross_outlier_control,158012055,658360556,1671729869,huber_full,39
evaluation,day13_evaluation_geometry_L4_clean_G158012055_S658360556_P1671729869,geometry,L4,clean,158012055,658360556,1671729869,huber_full,39
evaluation,day13_evaluation_geometry_L4_coherent_subhuber_slip_G158012055_S658360556_P1671729869,geometry,L4,coherent_subhuber_slip,158012055,658360556,1671729869,huber_full,39
evaluation,day13_evaluation_geometry_L4_gross_outlier_control_G158012055_S658360556_P1671729869,geometry,L4,gross_outlier_control,158012055,658360556,1671729869,huber_full,39
evaluation,day13_evaluation_observation_O3_clean_G158012055_S658360556_P1671729869,observation,O3,clean,158012055,658360556,1671729869,huber_full,39
evaluation,day13_evaluation_observation_O3_coherent_subhuber_slip_G158012055_S658360556_P1671729869,observation,O3,coherent_subhuber_slip,158012055,658360556,1671729869,huber_full,39
evaluation,day13_evaluation_observation_O3_gross_outlier_control_G158012055_S658360556_P1671729869,observation,O3,gross_outlier_control,158012055,658360556,1671729869,huber_full,39
evaluation,day13_evaluation_observation_O4_clean_G158012055_S658360556_P1671729869,observation,O4,clean,158012055,658360556,1671729869,huber_full,39
evaluation,day13_evaluation_observation_O4_coherent_subhuber_slip_G158012055_S658360556_P1671729869,observation,O4,coherent_subhuber_slip,158012055,658360556,1671729869,huber_full,39
evaluation,day13_evaluation_observation_O4_gross_outlier_control_G158012055_S658360556_P1671729869,observation,O4,gross_outlier_control,158012055,658360556,1671729869,huber_full,39
evaluation,day13_evaluation_open_control_OC_clean_G158012055_S658360556_P1671729869,open_control,OC,clean,158012055,658360556,1671729869,huber_full,39
evaluation,day13_evaluation_geometry_L3_clean_G158012055_S2087974662_P788390312,geometry,L3,clean,158012055,2087974662,788390312,huber_full,39
evaluation,day13_evaluation_geometry_L3_coherent_subhuber_slip_G158012055_S2087974662_P788390312,geometry,L3,coherent_subhuber_slip,158012055,2087974662,788390312,huber_full,39
evaluation,day13_evaluation_geometry_L3_gross_outlier_control_G158012055_S2087974662_P788390312,geometry,L3,gross_outlier_control,158012055,2087974662,788390312,huber_full,39
evaluation,day13_evaluation_geometry_L4_clean_G158012055_S2087974662_P788390312,geometry,L4,clean,158012055,2087974662,788390312,huber_full,39
evaluation,day13_evaluation_geometry_L4_coherent_subhuber_slip_G158012055_S2087974662_P788390312,geometry,L4,coherent_subhuber_slip,158012055,2087974662,788390312,huber_full,39
evaluation,day13_evaluation_geometry_L4_gross_outlier_control_G158012055_S2087974662_P788390312,geometry,L4,gross_outlier_control,158012055,2087974662,788390312,huber_full,39
evaluation,day13_evaluation_observation_O3_clean_G158012055_S2087974662_P788390312,observation,O3,clean,158012055,2087974662,788390312,huber_full,39
evaluation,day13_evaluation_observation_O3_coherent_subhuber_slip_G158012055_S2087974662_P788390312,observation,O3,coherent_subhuber_slip,158012055,2087974662,788390312,huber_full,39
evaluation,day13_evaluation_observation_O3_gross_outlier_control_G158012055_S2087974662_P788390312,observation,O3,gross_outlier_control,158012055,2087974662,788390312,huber_full,39
evaluation,day13_evaluation_observation_O4_clean_G158012055_S2087974662_P788390312,observation,O4,clean,158012055,2087974662,788390312,huber_full,39
evaluation,day13_evaluation_observation_O4_coherent_subhuber_slip_G158012055_S2087974662_P788390312,observation,O4,coherent_subhuber_slip,158012055,2087974662,788390312,huber_full,39
evaluation,day13_evaluation_observation_O4_gross_outlier_control_G158012055_S2087974662_P788390312,observation,O4,gross_outlier_control,158012055,2087974662,788390312,huber_full,39
evaluation,day13_evaluation_open_control_OC_clean_G158012055_S2087974662_P788390312,open_control,OC,clean,158012055,2087974662,788390312,huber_full,39
evaluation,day13_evaluation_geometry_L3_clean_G158012055_S2087974662_P1671729869,geometry,L3,clean,158012055,2087974662,1671729869,huber_full,39
evaluation,day13_evaluation_geometry_L3_coherent_subhuber_slip_G158012055_S2087974662_P1671729869,geometry,L3,coherent_subhuber_slip,158012055,2087974662,1671729869,huber_full,39
evaluation,day13_evaluation_geometry_L3_gross_outlier_control_G158012055_S2087974662_P1671729869,geometry,L3,gross_outlier_control,158012055,2087974662,1671729869,huber_full,39
evaluation,day13_evaluation_geometry_L4_clean_G158012055_S2087974662_P1671729869,geometry,L4,clean,158012055,2087974662,1671729869,huber_full,39
evaluation,day13_evaluation_geometry_L4_coherent_subhuber_slip_G158012055_S2087974662_P1671729869,geometry,L4,coherent_subhuber_slip,158012055,2087974662,1671729869,huber_full,39
evaluation,day13_evaluation_geometry_L4_gross_outlier_control_G158012055_S2087974662_P1671729869,geometry,L4,gross_outlier_control,158012055,2087974662,1671729869,huber_full,39
evaluation,day13_evaluation_observation_O3_clean_G158012055_S2087974662_P1671729869,observation,O3,clean,158012055,2087974662,1671729869,huber_full,39
evaluation,day13_evaluation_observation_O3_coherent_subhuber_slip_G158012055_S2087974662_P1671729869,observation,O3,coherent_subhuber_slip,158012055,2087974662,1671729869,huber_full,39
evaluation,day13_evaluation_observation_O3_gross_outlier_control_G158012055_S2087974662_P1671729869,observation,O3,gross_outlier_control,158012055,2087974662,1671729869,huber_full,39
evaluation,day13_evaluation_observation_O4_clean_G158012055_S2087974662_P1671729869,observation,O4,clean,158012055,2087974662,1671729869,huber_full,39
evaluation,day13_evaluation_observation_O4_coherent_subhuber_slip_G158012055_S2087974662_P1671729869,observation,O4,coherent_subhuber_slip,158012055,2087974662,1671729869,huber_full,39
evaluation,day13_evaluation_observation_O4_gross_outlier_control_G158012055_S2087974662_P1671729869,observation,O4,gross_outlier_control,158012055,2087974662,1671729869,huber_full,39
evaluation,day13_evaluation_open_control_OC_clean_G158012055_S2087974662_P1671729869,open_control,OC,clean,158012055,2087974662,1671729869,huber_full,39
evaluation,day13_evaluation_geometry_L3_clean_G128077403_S658360556_P788390312,geometry,L3,clean,128077403,658360556,788390312,huber_full,39
evaluation,day13_evaluation_geometry_L3_coherent_subhuber_slip_G128077403_S658360556_P788390312,geometry,L3,coherent_subhuber_slip,128077403,658360556,788390312,huber_full,39
evaluation,day13_evaluation_geometry_L3_gross_outlier_control_G128077403_S658360556_P788390312,geometry,L3,gross_outlier_control,128077403,658360556,788390312,huber_full,39
evaluation,day13_evaluation_geometry_L4_clean_G128077403_S658360556_P788390312,geometry,L4,clean,128077403,658360556,788390312,huber_full,39
evaluation,day13_evaluation_geometry_L4_coherent_subhuber_slip_G128077403_S658360556_P788390312,geometry,L4,coherent_subhuber_slip,128077403,658360556,788390312,huber_full,39
evaluation,day13_evaluation_geometry_L4_gross_outlier_control_G128077403_S658360556_P788390312,geometry,L4,gross_outlier_control,128077403,658360556,788390312,huber_full,39
evaluation,day13_evaluation_observation_O3_clean_G128077403_S658360556_P788390312,observation,O3,clean,128077403,658360556,788390312,huber_full,39
evaluation,day13_evaluation_observation_O3_coherent_subhuber_slip_G128077403_S658360556_P788390312,observation,O3,coherent_subhuber_slip,128077403,658360556,788390312,huber_full,39
evaluation,day13_evaluation_observation_O3_gross_outlier_control_G128077403_S658360556_P788390312,observation,O3,gross_outlier_control,128077403,658360556,788390312,huber_full,39
evaluation,day13_evaluation_observation_O4_clean_G128077403_S658360556_P788390312,observation,O4,clean,128077403,658360556,788390312,huber_full,39
evaluation,day13_evaluation_observation_O4_coherent_subhuber_slip_G128077403_S658360556_P788390312,observation,O4,coherent_subhuber_slip,128077403,658360556,788390312,huber_full,39
evaluation,day13_evaluation_observation_O4_gross_outlier_control_G128077403_S658360556_P788390312,observation,O4,gross_outlier_control,128077403,658360556,788390312,huber_full,39
evaluation,day13_evaluation_open_control_OC_clean_G128077403_S658360556_P788390312,open_control,OC,clean,128077403,658360556,788390312,huber_full,39
evaluation,day13_evaluation_geometry_L3_clean_G128077403_S658360556_P1671729869,geometry,L3,clean,128077403,658360556,1671729869,huber_full,39
evaluation,day13_evaluation_geometry_L3_coherent_subhuber_slip_G128077403_S658360556_P1671729869,geometry,L3,coherent_subhuber_slip,128077403,658360556,1671729869,huber_full,39
evaluation,day13_evaluation_geometry_L3_gross_outlier_control_G128077403_S658360556_P1671729869,geometry,L3,gross_outlier_control,128077403,658360556,1671729869,huber_full,39
evaluation,day13_evaluation_geometry_L4_clean_G128077403_S658360556_P1671729869,geometry,L4,clean,128077403,658360556,1671729869,huber_full,39
evaluation,day13_evaluation_geometry_L4_coherent_subhuber_slip_G128077403_S658360556_P1671729869,geometry,L4,coherent_subhuber_slip,128077403,658360556,1671729869,huber_full,39
evaluation,day13_evaluation_geometry_L4_gross_outlier_control_G128077403_S658360556_P1671729869,geometry,L4,gross_outlier_control,128077403,658360556,1671729869,huber_full,39
evaluation,day13_evaluation_observation_O3_clean_G128077403_S658360556_P1671729869,observation,O3,clean,128077403,658360556,1671729869,huber_full,39
evaluation,day13_evaluation_observation_O3_coherent_subhuber_slip_G128077403_S658360556_P1671729869,observation,O3,coherent_subhuber_slip,128077403,658360556,1671729869,huber_full,39
evaluation,day13_evaluation_observation_O3_gross_outlier_control_G128077403_S658360556_P1671729869,observation,O3,gross_outlier_control,128077403,658360556,1671729869,huber_full,39
evaluation,day13_evaluation_observation_O4_clean_G128077403_S658360556_P1671729869,observation,O4,clean,128077403,658360556,1671729869,huber_full,39
evaluation,day13_evaluation_observation_O4_coherent_subhuber_slip_G128077403_S658360556_P1671729869,observation,O4,coherent_subhuber_slip,128077403,658360556,1671729869,huber_full,39
evaluation,day13_evaluation_observation_O4_gross_outlier_control_G128077403_S658360556_P1671729869,observation,O4,gross_outlier_control,128077403,658360556,1671729869,huber_full,39
evaluation,day13_evaluation_open_control_OC_clean_G128077403_S658360556_P1671729869,open_control,OC,clean,128077403,658360556,1671729869,huber_full,39
evaluation,day13_evaluation_geometry_L3_clean_G128077403_S2087974662_P788390312,geometry,L3,clean,128077403,2087974662,788390312,huber_full,39
evaluation,day13_evaluation_geometry_L3_coherent_subhuber_slip_G128077403_S2087974662_P788390312,geometry,L3,coherent_subhuber_slip,128077403,2087974662,788390312,huber_full,39
evaluation,day13_evaluation_geometry_L3_gross_outlier_control_G128077403_S2087974662_P788390312,geometry,L3,gross_outlier_control,128077403,2087974662,788390312,huber_full,39
evaluation,day13_evaluation_geometry_L4_clean_G128077403_S2087974662_P788390312,geometry,L4,clean,128077403,2087974662,788390312,huber_full,39
evaluation,day13_evaluation_geometry_L4_coherent_subhuber_slip_G128077403_S2087974662_P788390312,geometry,L4,coherent_subhuber_slip,128077403,2087974662,788390312,huber_full,39
evaluation,day13_evaluation_geometry_L4_gross_outlier_control_G128077403_S2087974662_P788390312,geometry,L4,gross_outlier_control,128077403,2087974662,788390312,huber_full,39
evaluation,day13_evaluation_observation_O3_clean_G128077403_S2087974662_P788390312,observation,O3,clean,128077403,2087974662,788390312,huber_full,39
evaluation,day13_evaluation_observation_O3_coherent_subhuber_slip_G128077403_S2087974662_P788390312,observation,O3,coherent_subhuber_slip,128077403,2087974662,788390312,huber_full,39
evaluation,day13_evaluation_observation_O3_gross_outlier_control_G128077403_S2087974662_P788390312,observation,O3,gross_outlier_control,128077403,2087974662,788390312,huber_full,39
evaluation,day13_evaluation_observation_O4_clean_G128077403_S2087974662_P788390312,observation,O4,clean,128077403,2087974662,788390312,huber_full,39
evaluation,day13_evaluation_observation_O4_coherent_subhuber_slip_G128077403_S2087974662_P788390312,observation,O4,coherent_subhuber_slip,128077403,2087974662,788390312,huber_full,39
evaluation,day13_evaluation_observation_O4_gross_outlier_control_G128077403_S2087974662_P788390312,observation,O4,gross_outlier_control,128077403,2087974662,788390312,huber_full,39
evaluation,day13_evaluation_open_control_OC_clean_G128077403_S2087974662_P788390312,open_control,OC,clean,128077403,2087974662,788390312,huber_full,39
evaluation,day13_evaluation_geometry_L3_clean_G128077403_S2087974662_P1671729869,geometry,L3,clean,128077403,2087974662,1671729869,huber_full,39
evaluation,day13_evaluation_geometry_L3_coherent_subhuber_slip_G128077403_S2087974662_P1671729869,geometry,L3,coherent_subhuber_slip,128077403,2087974662,1671729869,huber_full,39
evaluation,day13_evaluation_geometry_L3_gross_outlier_control_G128077403_S2087974662_P1671729869,geometry,L3,gross_outlier_control,128077403,2087974662,1671729869,huber_full,39
evaluation,day13_evaluation_geometry_L4_clean_G128077403_S2087974662_P1671729869,geometry,L4,clean,128077403,2087974662,1671729869,huber_full,39
evaluation,day13_evaluation_geometry_L4_coherent_subhuber_slip_G128077403_S2087974662_P1671729869,geometry,L4,coherent_subhuber_slip,128077403,2087974662,1671729869,huber_full,39
evaluation,day13_evaluation_geometry_L4_gross_outlier_control_G128077403_S2087974662_P1671729869,geometry,L4,gross_outlier_control,128077403,2087974662,1671729869,huber_full,39
evaluation,day13_evaluation_observation_O3_clean_G128077403_S2087974662_P1671729869,observation,O3,clean,128077403,2087974662,1671729869,huber_full,39
evaluation,day13_evaluation_observation_O3_coherent_subhuber_slip_G128077403_S2087974662_P1671729869,observation,O3,coherent_subhuber_slip,128077403,2087974662,1671729869,huber_full,39
evaluation,day13_evaluation_observation_O3_gross_outlier_control_G128077403_S2087974662_P1671729869,observation,O3,gross_outlier_control,128077403,2087974662,1671729869,huber_full,39
evaluation,day13_evaluation_observation_O4_clean_G128077403_S2087974662_P1671729869,observation,O4,clean,128077403,2087974662,1671729869,huber_full,39
evaluation,day13_evaluation_observation_O4_coherent_subhuber_slip_G128077403_S2087974662_P1671729869,observation,O4,coherent_subhuber_slip,128077403,2087974662,1671729869,huber_full,39
evaluation,day13_evaluation_observation_O4_gross_outlier_control_G128077403_S2087974662_P1671729869,observation,O4,gross_outlier_control,128077403,2087974662,1671729869,huber_full,39
evaluation,day13_evaluation_open_control_OC_clean_G128077403_S2087974662_P1671729869,open_control,OC,clean,128077403,2087974662,1671729869,huber_full,39
evaluation,day13_evaluation_geometry_L3_clean_G357735099_S658360556_P788390312,geometry,L3,clean,357735099,658360556,788390312,huber_full,39
evaluation,day13_evaluation_geometry_L3_coherent_subhuber_slip_G357735099_S658360556_P788390312,geometry,L3,coherent_subhuber_slip,357735099,658360556,788390312,huber_full,39
evaluation,day13_evaluation_geometry_L3_gross_outlier_control_G357735099_S658360556_P788390312,geometry,L3,gross_outlier_control,357735099,658360556,788390312,huber_full,39
evaluation,day13_evaluation_geometry_L4_clean_G357735099_S658360556_P788390312,geometry,L4,clean,357735099,658360556,788390312,huber_full,39
evaluation,day13_evaluation_geometry_L4_coherent_subhuber_slip_G357735099_S658360556_P788390312,geometry,L4,coherent_subhuber_slip,357735099,658360556,788390312,huber_full,39
evaluation,day13_evaluation_geometry_L4_gross_outlier_control_G357735099_S658360556_P788390312,geometry,L4,gross_outlier_control,357735099,658360556,788390312,huber_full,39
evaluation,day13_evaluation_observation_O3_clean_G357735099_S658360556_P788390312,observation,O3,clean,357735099,658360556,788390312,huber_full,39
evaluation,day13_evaluation_observation_O3_coherent_subhuber_slip_G357735099_S658360556_P788390312,observation,O3,coherent_subhuber_slip,357735099,658360556,788390312,huber_full,39
evaluation,day13_evaluation_observation_O3_gross_outlier_control_G357735099_S658360556_P788390312,observation,O3,gross_outlier_control,357735099,658360556,788390312,huber_full,39
evaluation,day13_evaluation_observation_O4_clean_G357735099_S658360556_P788390312,observation,O4,clean,357735099,658360556,788390312,huber_full,39
evaluation,day13_evaluation_observation_O4_coherent_subhuber_slip_G357735099_S658360556_P788390312,observation,O4,coherent_subhuber_slip,357735099,658360556,788390312,huber_full,39
evaluation,day13_evaluation_observation_O4_gross_outlier_control_G357735099_S658360556_P788390312,observation,O4,gross_outlier_control,357735099,658360556,788390312,huber_full,39
evaluation,day13_evaluation_open_control_OC_clean_G357735099_S658360556_P788390312,open_control,OC,clean,357735099,658360556,788390312,huber_full,39
evaluation,day13_evaluation_geometry_L3_clean_G357735099_S658360556_P1671729869,geometry,L3,clean,357735099,658360556,1671729869,huber_full,39
evaluation,day13_evaluation_geometry_L3_coherent_subhuber_slip_G357735099_S658360556_P1671729869,geometry,L3,coherent_subhuber_slip,357735099,658360556,1671729869,huber_full,39
evaluation,day13_evaluation_geometry_L3_gross_outlier_control_G357735099_S658360556_P1671729869,geometry,L3,gross_outlier_control,357735099,658360556,1671729869,huber_full,39
evaluation,day13_evaluation_geometry_L4_clean_G357735099_S658360556_P1671729869,geometry,L4,clean,357735099,658360556,1671729869,huber_full,39
evaluation,day13_evaluation_geometry_L4_coherent_subhuber_slip_G357735099_S658360556_P1671729869,geometry,L4,coherent_subhuber_slip,357735099,658360556,1671729869,huber_full,39
evaluation,day13_evaluation_geometry_L4_gross_outlier_control_G357735099_S658360556_P1671729869,geometry,L4,gross_outlier_control,357735099,658360556,1671729869,huber_full,39
evaluation,day13_evaluation_observation_O3_clean_G357735099_S658360556_P1671729869,observation,O3,clean,357735099,658360556,1671729869,huber_full,39
evaluation,day13_evaluation_observation_O3_coherent_subhuber_slip_G357735099_S658360556_P1671729869,observation,O3,coherent_subhuber_slip,357735099,658360556,1671729869,huber_full,39
evaluation,day13_evaluation_observation_O3_gross_outlier_control_G357735099_S658360556_P1671729869,observation,O3,gross_outlier_control,357735099,658360556,1671729869,huber_full,39
evaluation,day13_evaluation_observation_O4_clean_G357735099_S658360556_P1671729869,observation,O4,clean,357735099,658360556,1671729869,huber_full,39
evaluation,day13_evaluation_observation_O4_coherent_subhuber_slip_G357735099_S658360556_P1671729869,observation,O4,coherent_subhuber_slip,357735099,658360556,1671729869,huber_full,39
evaluation,day13_evaluation_observation_O4_gross_outlier_control_G357735099_S658360556_P1671729869,observation,O4,gross_outlier_control,357735099,658360556,1671729869,huber_full,39
evaluation,day13_evaluation_open_control_OC_clean_G357735099_S658360556_P1671729869,open_control,OC,clean,357735099,658360556,1671729869,huber_full,39
evaluation,day13_evaluation_geometry_L3_clean_G357735099_S2087974662_P788390312,geometry,L3,clean,357735099,2087974662,788390312,huber_full,39
evaluation,day13_evaluation_geometry_L3_coherent_subhuber_slip_G357735099_S2087974662_P788390312,geometry,L3,coherent_subhuber_slip,357735099,2087974662,788390312,huber_full,39
evaluation,day13_evaluation_geometry_L3_gross_outlier_control_G357735099_S2087974662_P788390312,geometry,L3,gross_outlier_control,357735099,2087974662,788390312,huber_full,39
evaluation,day13_evaluation_geometry_L4_clean_G357735099_S2087974662_P788390312,geometry,L4,clean,357735099,2087974662,788390312,huber_full,39
evaluation,day13_evaluation_geometry_L4_coherent_subhuber_slip_G357735099_S2087974662_P788390312,geometry,L4,coherent_subhuber_slip,357735099,2087974662,788390312,huber_full,39
evaluation,day13_evaluation_geometry_L4_gross_outlier_control_G357735099_S2087974662_P788390312,geometry,L4,gross_outlier_control,357735099,2087974662,788390312,huber_full,39
evaluation,day13_evaluation_observation_O3_clean_G357735099_S2087974662_P788390312,observation,O3,clean,357735099,2087974662,788390312,huber_full,39
evaluation,day13_evaluation_observation_O3_coherent_subhuber_slip_G357735099_S2087974662_P788390312,observation,O3,coherent_subhuber_slip,357735099,2087974662,788390312,huber_full,39
evaluation,day13_evaluation_observation_O3_gross_outlier_control_G357735099_S2087974662_P788390312,observation,O3,gross_outlier_control,357735099,2087974662,788390312,huber_full,39
evaluation,day13_evaluation_observation_O4_clean_G357735099_S2087974662_P788390312,observation,O4,clean,357735099,2087974662,788390312,huber_full,39
evaluation,day13_evaluation_observation_O4_coherent_subhuber_slip_G357735099_S2087974662_P788390312,observation,O4,coherent_subhuber_slip,357735099,2087974662,788390312,huber_full,39
evaluation,day13_evaluation_observation_O4_gross_outlier_control_G357735099_S2087974662_P788390312,observation,O4,gross_outlier_control,357735099,2087974662,788390312,huber_full,39
evaluation,day13_evaluation_open_control_OC_clean_G357735099_S2087974662_P788390312,open_control,OC,clean,357735099,2087974662,788390312,huber_full,39
evaluation,day13_evaluation_geometry_L3_clean_G357735099_S2087974662_P1671729869,geometry,L3,clean,357735099,2087974662,1671729869,huber_full,39
evaluation,day13_evaluation_geometry_L3_coherent_subhuber_slip_G357735099_S2087974662_P1671729869,geometry,L3,coherent_subhuber_slip,357735099,2087974662,1671729869,huber_full,39
evaluation,day13_evaluation_geometry_L3_gross_outlier_control_G357735099_S2087974662_P1671729869,geometry,L3,gross_outlier_control,357735099,2087974662,1671729869,huber_full,39
evaluation,day13_evaluation_geometry_L4_clean_G357735099_S2087974662_P1671729869,geometry,L4,clean,357735099,2087974662,1671729869,huber_full,39
evaluation,day13_evaluation_geometry_L4_coherent_subhuber_slip_G357735099_S2087974662_P1671729869,geometry,L4,coherent_subhuber_slip,357735099,2087974662,1671729869,huber_full,39
evaluation,day13_evaluation_geometry_L4_gross_outlier_control_G357735099_S2087974662_P1671729869,geometry,L4,gross_outlier_control,357735099,2087974662,1671729869,huber_full,39
evaluation,day13_evaluation_observation_O3_clean_G357735099_S2087974662_P1671729869,observation,O3,clean,357735099,2087974662,1671729869,huber_full,39
evaluation,day13_evaluation_observation_O3_coherent_subhuber_slip_G357735099_S2087974662_P1671729869,observation,O3,coherent_subhuber_slip,357735099,2087974662,1671729869,huber_full,39
evaluation,day13_evaluation_observation_O3_gross_outlier_control_G357735099_S2087974662_P1671729869,observation,O3,gross_outlier_control,357735099,2087974662,1671729869,huber_full,39
evaluation,day13_evaluation_observation_O4_clean_G357735099_S2087974662_P1671729869,observation,O4,clean,357735099,2087974662,1671729869,huber_full,39
evaluation,day13_evaluation_observation_O4_coherent_subhuber_slip_G357735099_S2087974662_P1671729869,observation,O4,coherent_subhuber_slip,357735099,2087974662,1671729869,huber_full,39
evaluation,day13_evaluation_observation_O4_gross_outlier_control_G357735099_S2087974662_P1671729869,observation,O4,gross_outlier_control,357735099,2087974662,1671729869,huber_full,39
evaluation,day13_evaluation_open_control_OC_clean_G357735099_S2087974662_P1671729869,open_control,OC,clean,357735099,2087974662,1671729869,huber_full,39
evaluation,day13_evaluation_geometry_L3_clean_G417860995_S658360556_P788390312,geometry,L3,clean,417860995,658360556,788390312,huber_full,39
evaluation,day13_evaluation_geometry_L3_coherent_subhuber_slip_G417860995_S658360556_P788390312,geometry,L3,coherent_subhuber_slip,417860995,658360556,788390312,huber_full,39
evaluation,day13_evaluation_geometry_L3_gross_outlier_control_G417860995_S658360556_P788390312,geometry,L3,gross_outlier_control,417860995,658360556,788390312,huber_full,39
evaluation,day13_evaluation_geometry_L4_clean_G417860995_S658360556_P788390312,geometry,L4,clean,417860995,658360556,788390312,huber_full,39
evaluation,day13_evaluation_geometry_L4_coherent_subhuber_slip_G417860995_S658360556_P788390312,geometry,L4,coherent_subhuber_slip,417860995,658360556,788390312,huber_full,39
evaluation,day13_evaluation_geometry_L4_gross_outlier_control_G417860995_S658360556_P788390312,geometry,L4,gross_outlier_control,417860995,658360556,788390312,huber_full,39
evaluation,day13_evaluation_observation_O3_clean_G417860995_S658360556_P788390312,observation,O3,clean,417860995,658360556,788390312,huber_full,39
evaluation,day13_evaluation_observation_O3_coherent_subhuber_slip_G417860995_S658360556_P788390312,observation,O3,coherent_subhuber_slip,417860995,658360556,788390312,huber_full,39
evaluation,day13_evaluation_observation_O3_gross_outlier_control_G417860995_S658360556_P788390312,observation,O3,gross_outlier_control,417860995,658360556,788390312,huber_full,39
evaluation,day13_evaluation_observation_O4_clean_G417860995_S658360556_P788390312,observation,O4,clean,417860995,658360556,788390312,huber_full,39
evaluation,day13_evaluation_observation_O4_coherent_subhuber_slip_G417860995_S658360556_P788390312,observation,O4,coherent_subhuber_slip,417860995,658360556,788390312,huber_full,39
evaluation,day13_evaluation_observation_O4_gross_outlier_control_G417860995_S658360556_P788390312,observation,O4,gross_outlier_control,417860995,658360556,788390312,huber_full,39
evaluation,day13_evaluation_open_control_OC_clean_G417860995_S658360556_P788390312,open_control,OC,clean,417860995,658360556,788390312,huber_full,39
evaluation,day13_evaluation_geometry_L3_clean_G417860995_S658360556_P1671729869,geometry,L3,clean,417860995,658360556,1671729869,huber_full,39
evaluation,day13_evaluation_geometry_L3_coherent_subhuber_slip_G417860995_S658360556_P1671729869,geometry,L3,coherent_subhuber_slip,417860995,658360556,1671729869,huber_full,39
evaluation,day13_evaluation_geometry_L3_gross_outlier_control_G417860995_S658360556_P1671729869,geometry,L3,gross_outlier_control,417860995,658360556,1671729869,huber_full,39
evaluation,day13_evaluation_geometry_L4_clean_G417860995_S658360556_P1671729869,geometry,L4,clean,417860995,658360556,1671729869,huber_full,39
evaluation,day13_evaluation_geometry_L4_coherent_subhuber_slip_G417860995_S658360556_P1671729869,geometry,L4,coherent_subhuber_slip,417860995,658360556,1671729869,huber_full,39
evaluation,day13_evaluation_geometry_L4_gross_outlier_control_G417860995_S658360556_P1671729869,geometry,L4,gross_outlier_control,417860995,658360556,1671729869,huber_full,39
evaluation,day13_evaluation_observation_O3_clean_G417860995_S658360556_P1671729869,observation,O3,clean,417860995,658360556,1671729869,huber_full,39
evaluation,day13_evaluation_observation_O3_coherent_subhuber_slip_G417860995_S658360556_P1671729869,observation,O3,coherent_subhuber_slip,417860995,658360556,1671729869,huber_full,39
evaluation,day13_evaluation_observation_O3_gross_outlier_control_G417860995_S658360556_P1671729869,observation,O3,gross_outlier_control,417860995,658360556,1671729869,huber_full,39
evaluation,day13_evaluation_observation_O4_clean_G417860995_S658360556_P1671729869,observation,O4,clean,417860995,658360556,1671729869,huber_full,39
evaluation,day13_evaluation_observation_O4_coherent_subhuber_slip_G417860995_S658360556_P1671729869,observation,O4,coherent_subhuber_slip,417860995,658360556,1671729869,huber_full,39
evaluation,day13_evaluation_observation_O4_gross_outlier_control_G417860995_S658360556_P1671729869,observation,O4,gross_outlier_control,417860995,658360556,1671729869,huber_full,39
evaluation,day13_evaluation_open_control_OC_clean_G417860995_S658360556_P1671729869,open_control,OC,clean,417860995,658360556,1671729869,huber_full,39
evaluation,day13_evaluation_geometry_L3_clean_G417860995_S2087974662_P788390312,geometry,L3,clean,417860995,2087974662,788390312,huber_full,39
evaluation,day13_evaluation_geometry_L3_coherent_subhuber_slip_G417860995_S2087974662_P788390312,geometry,L3,coherent_subhuber_slip,417860995,2087974662,788390312,huber_full,39
evaluation,day13_evaluation_geometry_L3_gross_outlier_control_G417860995_S2087974662_P788390312,geometry,L3,gross_outlier_control,417860995,2087974662,788390312,huber_full,39
evaluation,day13_evaluation_geometry_L4_clean_G417860995_S2087974662_P788390312,geometry,L4,clean,417860995,2087974662,788390312,huber_full,39
evaluation,day13_evaluation_geometry_L4_coherent_subhuber_slip_G417860995_S2087974662_P788390312,geometry,L4,coherent_subhuber_slip,417860995,2087974662,788390312,huber_full,39
evaluation,day13_evaluation_geometry_L4_gross_outlier_control_G417860995_S2087974662_P788390312,geometry,L4,gross_outlier_control,417860995,2087974662,788390312,huber_full,39
evaluation,day13_evaluation_observation_O3_clean_G417860995_S2087974662_P788390312,observation,O3,clean,417860995,2087974662,788390312,huber_full,39
evaluation,day13_evaluation_observation_O3_coherent_subhuber_slip_G417860995_S2087974662_P788390312,observation,O3,coherent_subhuber_slip,417860995,2087974662,788390312,huber_full,39
evaluation,day13_evaluation_observation_O3_gross_outlier_control_G417860995_S2087974662_P788390312,observation,O3,gross_outlier_control,417860995,2087974662,788390312,huber_full,39
evaluation,day13_evaluation_observation_O4_clean_G417860995_S2087974662_P788390312,observation,O4,clean,417860995,2087974662,788390312,huber_full,39
evaluation,day13_evaluation_observation_O4_coherent_subhuber_slip_G417860995_S2087974662_P788390312,observation,O4,coherent_subhuber_slip,417860995,2087974662,788390312,huber_full,39
evaluation,day13_evaluation_observation_O4_gross_outlier_control_G417860995_S2087974662_P788390312,observation,O4,gross_outlier_control,417860995,2087974662,788390312,huber_full,39
evaluation,day13_evaluation_open_control_OC_clean_G417860995_S2087974662_P788390312,open_control,OC,clean,417860995,2087974662,788390312,huber_full,39
evaluation,day13_evaluation_geometry_L3_clean_G417860995_S2087974662_P1671729869,geometry,L3,clean,417860995,2087974662,1671729869,huber_full,39
evaluation,day13_evaluation_geometry_L3_coherent_subhuber_slip_G417860995_S2087974662_P1671729869,geometry,L3,coherent_subhuber_slip,417860995,2087974662,1671729869,huber_full,39
evaluation,day13_evaluation_geometry_L3_gross_outlier_control_G417860995_S2087974662_P1671729869,geometry,L3,gross_outlier_control,417860995,2087974662,1671729869,huber_full,39
evaluation,day13_evaluation_geometry_L4_clean_G417860995_S2087974662_P1671729869,geometry,L4,clean,417860995,2087974662,1671729869,huber_full,39
evaluation,day13_evaluation_geometry_L4_coherent_subhuber_slip_G417860995_S2087974662_P1671729869,geometry,L4,coherent_subhuber_slip,417860995,2087974662,1671729869,huber_full,39
evaluation,day13_evaluation_geometry_L4_gross_outlier_control_G417860995_S2087974662_P1671729869,geometry,L4,gross_outlier_control,417860995,2087974662,1671729869,huber_full,39
evaluation,day13_evaluation_observation_O3_clean_G417860995_S2087974662_P1671729869,observation,O3,clean,417860995,2087974662,1671729869,huber_full,39
evaluation,day13_evaluation_observation_O3_coherent_subhuber_slip_G417860995_S2087974662_P1671729869,observation,O3,coherent_subhuber_slip,417860995,2087974662,1671729869,huber_full,39
evaluation,day13_evaluation_observation_O3_gross_outlier_control_G417860995_S2087974662_P1671729869,observation,O3,gross_outlier_control,417860995,2087974662,1671729869,huber_full,39
evaluation,day13_evaluation_observation_O4_clean_G417860995_S2087974662_P1671729869,observation,O4,clean,417860995,2087974662,1671729869,huber_full,39
evaluation,day13_evaluation_observation_O4_coherent_subhuber_slip_G417860995_S2087974662_P1671729869,observation,O4,coherent_subhuber_slip,417860995,2087974662,1671729869,huber_full,39
evaluation,day13_evaluation_observation_O4_gross_outlier_control_G417860995_S2087974662_P1671729869,observation,O4,gross_outlier_control,417860995,2087974662,1671729869,huber_full,39
evaluation,day13_evaluation_open_control_OC_clean_G417860995_S2087974662_P1671729869,open_control,OC,clean,417860995,2087974662,1671729869,huber_full,39
evaluation,day13_evaluation_geometry_L3_clean_G1610822625_S658360556_P788390312,geometry,L3,clean,1610822625,658360556,788390312,huber_full,39
evaluation,day13_evaluation_geometry_L3_coherent_subhuber_slip_G1610822625_S658360556_P788390312,geometry,L3,coherent_subhuber_slip,1610822625,658360556,788390312,huber_full,39
evaluation,day13_evaluation_geometry_L3_gross_outlier_control_G1610822625_S658360556_P788390312,geometry,L3,gross_outlier_control,1610822625,658360556,788390312,huber_full,39
evaluation,day13_evaluation_geometry_L4_clean_G1610822625_S658360556_P788390312,geometry,L4,clean,1610822625,658360556,788390312,huber_full,39
evaluation,day13_evaluation_geometry_L4_coherent_subhuber_slip_G1610822625_S658360556_P788390312,geometry,L4,coherent_subhuber_slip,1610822625,658360556,788390312,huber_full,39
evaluation,day13_evaluation_geometry_L4_gross_outlier_control_G1610822625_S658360556_P788390312,geometry,L4,gross_outlier_control,1610822625,658360556,788390312,huber_full,39
evaluation,day13_evaluation_observation_O3_clean_G1610822625_S658360556_P788390312,observation,O3,clean,1610822625,658360556,788390312,huber_full,39
evaluation,day13_evaluation_observation_O3_coherent_subhuber_slip_G1610822625_S658360556_P788390312,observation,O3,coherent_subhuber_slip,1610822625,658360556,788390312,huber_full,39
evaluation,day13_evaluation_observation_O3_gross_outlier_control_G1610822625_S658360556_P788390312,observation,O3,gross_outlier_control,1610822625,658360556,788390312,huber_full,39
evaluation,day13_evaluation_observation_O4_clean_G1610822625_S658360556_P788390312,observation,O4,clean,1610822625,658360556,788390312,huber_full,39
evaluation,day13_evaluation_observation_O4_coherent_subhuber_slip_G1610822625_S658360556_P788390312,observation,O4,coherent_subhuber_slip,1610822625,658360556,788390312,huber_full,39
evaluation,day13_evaluation_observation_O4_gross_outlier_control_G1610822625_S658360556_P788390312,observation,O4,gross_outlier_control,1610822625,658360556,788390312,huber_full,39
evaluation,day13_evaluation_open_control_OC_clean_G1610822625_S658360556_P788390312,open_control,OC,clean,1610822625,658360556,788390312,huber_full,39
evaluation,day13_evaluation_geometry_L3_clean_G1610822625_S658360556_P1671729869,geometry,L3,clean,1610822625,658360556,1671729869,huber_full,39
evaluation,day13_evaluation_geometry_L3_coherent_subhuber_slip_G1610822625_S658360556_P1671729869,geometry,L3,coherent_subhuber_slip,1610822625,658360556,1671729869,huber_full,39
evaluation,day13_evaluation_geometry_L3_gross_outlier_control_G1610822625_S658360556_P1671729869,geometry,L3,gross_outlier_control,1610822625,658360556,1671729869,huber_full,39
evaluation,day13_evaluation_geometry_L4_clean_G1610822625_S658360556_P1671729869,geometry,L4,clean,1610822625,658360556,1671729869,huber_full,39
evaluation,day13_evaluation_geometry_L4_coherent_subhuber_slip_G1610822625_S658360556_P1671729869,geometry,L4,coherent_subhuber_slip,1610822625,658360556,1671729869,huber_full,39
evaluation,day13_evaluation_geometry_L4_gross_outlier_control_G1610822625_S658360556_P1671729869,geometry,L4,gross_outlier_control,1610822625,658360556,1671729869,huber_full,39
evaluation,day13_evaluation_observation_O3_clean_G1610822625_S658360556_P1671729869,observation,O3,clean,1610822625,658360556,1671729869,huber_full,39
evaluation,day13_evaluation_observation_O3_coherent_subhuber_slip_G1610822625_S658360556_P1671729869,observation,O3,coherent_subhuber_slip,1610822625,658360556,1671729869,huber_full,39
evaluation,day13_evaluation_observation_O3_gross_outlier_control_G1610822625_S658360556_P1671729869,observation,O3,gross_outlier_control,1610822625,658360556,1671729869,huber_full,39
evaluation,day13_evaluation_observation_O4_clean_G1610822625_S658360556_P1671729869,observation,O4,clean,1610822625,658360556,1671729869,huber_full,39
evaluation,day13_evaluation_observation_O4_coherent_subhuber_slip_G1610822625_S658360556_P1671729869,observation,O4,coherent_subhuber_slip,1610822625,658360556,1671729869,huber_full,39
evaluation,day13_evaluation_observation_O4_gross_outlier_control_G1610822625_S658360556_P1671729869,observation,O4,gross_outlier_control,1610822625,658360556,1671729869,huber_full,39
evaluation,day13_evaluation_open_control_OC_clean_G1610822625_S658360556_P1671729869,open_control,OC,clean,1610822625,658360556,1671729869,huber_full,39
evaluation,day13_evaluation_geometry_L3_clean_G1610822625_S2087974662_P788390312,geometry,L3,clean,1610822625,2087974662,788390312,huber_full,39
evaluation,day13_evaluation_geometry_L3_coherent_subhuber_slip_G1610822625_S2087974662_P788390312,geometry,L3,coherent_subhuber_slip,1610822625,2087974662,788390312,huber_full,39
evaluation,day13_evaluation_geometry_L3_gross_outlier_control_G1610822625_S2087974662_P788390312,geometry,L3,gross_outlier_control,1610822625,2087974662,788390312,huber_full,39
evaluation,day13_evaluation_geometry_L4_clean_G1610822625_S2087974662_P788390312,geometry,L4,clean,1610822625,2087974662,788390312,huber_full,39
evaluation,day13_evaluation_geometry_L4_coherent_subhuber_slip_G1610822625_S2087974662_P788390312,geometry,L4,coherent_subhuber_slip,1610822625,2087974662,788390312,huber_full,39
evaluation,day13_evaluation_geometry_L4_gross_outlier_control_G1610822625_S2087974662_P788390312,geometry,L4,gross_outlier_control,1610822625,2087974662,788390312,huber_full,39
evaluation,day13_evaluation_observation_O3_clean_G1610822625_S2087974662_P788390312,observation,O3,clean,1610822625,2087974662,788390312,huber_full,39
evaluation,day13_evaluation_observation_O3_coherent_subhuber_slip_G1610822625_S2087974662_P788390312,observation,O3,coherent_subhuber_slip,1610822625,2087974662,788390312,huber_full,39
evaluation,day13_evaluation_observation_O3_gross_outlier_control_G1610822625_S2087974662_P788390312,observation,O3,gross_outlier_control,1610822625,2087974662,788390312,huber_full,39
evaluation,day13_evaluation_observation_O4_clean_G1610822625_S2087974662_P788390312,observation,O4,clean,1610822625,2087974662,788390312,huber_full,39
evaluation,day13_evaluation_observation_O4_coherent_subhuber_slip_G1610822625_S2087974662_P788390312,observation,O4,coherent_subhuber_slip,1610822625,2087974662,788390312,huber_full,39
evaluation,day13_evaluation_observation_O4_gross_outlier_control_G1610822625_S2087974662_P788390312,observation,O4,gross_outlier_control,1610822625,2087974662,788390312,huber_full,39
evaluation,day13_evaluation_open_control_OC_clean_G1610822625_S2087974662_P788390312,open_control,OC,clean,1610822625,2087974662,788390312,huber_full,39
evaluation,day13_evaluation_geometry_L3_clean_G1610822625_S2087974662_P1671729869,geometry,L3,clean,1610822625,2087974662,1671729869,huber_full,39
evaluation,day13_evaluation_geometry_L3_coherent_subhuber_slip_G1610822625_S2087974662_P1671729869,geometry,L3,coherent_subhuber_slip,1610822625,2087974662,1671729869,huber_full,39
evaluation,day13_evaluation_geometry_L3_gross_outlier_control_G1610822625_S2087974662_P1671729869,geometry,L3,gross_outlier_control,1610822625,2087974662,1671729869,huber_full,39
evaluation,day13_evaluation_geometry_L4_clean_G1610822625_S2087974662_P1671729869,geometry,L4,clean,1610822625,2087974662,1671729869,huber_full,39
evaluation,day13_evaluation_geometry_L4_coherent_subhuber_slip_G1610822625_S2087974662_P1671729869,geometry,L4,coherent_subhuber_slip,1610822625,2087974662,1671729869,huber_full,39
evaluation,day13_evaluation_geometry_L4_gross_outlier_control_G1610822625_S2087974662_P1671729869,geometry,L4,gross_outlier_control,1610822625,2087974662,1671729869,huber_full,39
evaluation,day13_evaluation_observation_O3_clean_G1610822625_S2087974662_P1671729869,observation,O3,clean,1610822625,2087974662,1671729869,huber_full,39
evaluation,day13_evaluation_observation_O3_coherent_subhuber_slip_G1610822625_S2087974662_P1671729869,observation,O3,coherent_subhuber_slip,1610822625,2087974662,1671729869,huber_full,39
evaluation,day13_evaluation_observation_O3_gross_outlier_control_G1610822625_S2087974662_P1671729869,observation,O3,gross_outlier_control,1610822625,2087974662,1671729869,huber_full,39
evaluation,day13_evaluation_observation_O4_clean_G1610822625_S2087974662_P1671729869,observation,O4,clean,1610822625,2087974662,1671729869,huber_full,39
evaluation,day13_evaluation_observation_O4_coherent_subhuber_slip_G1610822625_S2087974662_P1671729869,observation,O4,coherent_subhuber_slip,1610822625,2087974662,1671729869,huber_full,39
evaluation,day13_evaluation_observation_O4_gross_outlier_control_G1610822625_S2087974662_P1671729869,observation,O4,gross_outlier_control,1610822625,2087974662,1671729869,huber_full,39
evaluation,day13_evaluation_open_control_OC_clean_G1610822625_S2087974662_P1671729869,open_control,OC,clean,1610822625,2087974662,1671729869,huber_full,39
evaluation,day13_evaluation_geometry_L3_clean_G568461774_S658360556_P788390312,geometry,L3,clean,568461774,658360556,788390312,huber_full,39
evaluation,day13_evaluation_geometry_L3_coherent_subhuber_slip_G568461774_S658360556_P788390312,geometry,L3,coherent_subhuber_slip,568461774,658360556,788390312,huber_full,39
evaluation,day13_evaluation_geometry_L3_gross_outlier_control_G568461774_S658360556_P788390312,geometry,L3,gross_outlier_control,568461774,658360556,788390312,huber_full,39
evaluation,day13_evaluation_geometry_L4_clean_G568461774_S658360556_P788390312,geometry,L4,clean,568461774,658360556,788390312,huber_full,39
evaluation,day13_evaluation_geometry_L4_coherent_subhuber_slip_G568461774_S658360556_P788390312,geometry,L4,coherent_subhuber_slip,568461774,658360556,788390312,huber_full,39
evaluation,day13_evaluation_geometry_L4_gross_outlier_control_G568461774_S658360556_P788390312,geometry,L4,gross_outlier_control,568461774,658360556,788390312,huber_full,39
evaluation,day13_evaluation_observation_O3_clean_G568461774_S658360556_P788390312,observation,O3,clean,568461774,658360556,788390312,huber_full,39
evaluation,day13_evaluation_observation_O3_coherent_subhuber_slip_G568461774_S658360556_P788390312,observation,O3,coherent_subhuber_slip,568461774,658360556,788390312,huber_full,39
evaluation,day13_evaluation_observation_O3_gross_outlier_control_G568461774_S658360556_P788390312,observation,O3,gross_outlier_control,568461774,658360556,788390312,huber_full,39
evaluation,day13_evaluation_observation_O4_clean_G568461774_S658360556_P788390312,observation,O4,clean,568461774,658360556,788390312,huber_full,39
evaluation,day13_evaluation_observation_O4_coherent_subhuber_slip_G568461774_S658360556_P788390312,observation,O4,coherent_subhuber_slip,568461774,658360556,788390312,huber_full,39
evaluation,day13_evaluation_observation_O4_gross_outlier_control_G568461774_S658360556_P788390312,observation,O4,gross_outlier_control,568461774,658360556,788390312,huber_full,39
evaluation,day13_evaluation_open_control_OC_clean_G568461774_S658360556_P788390312,open_control,OC,clean,568461774,658360556,788390312,huber_full,39
evaluation,day13_evaluation_geometry_L3_clean_G568461774_S658360556_P1671729869,geometry,L3,clean,568461774,658360556,1671729869,huber_full,39
evaluation,day13_evaluation_geometry_L3_coherent_subhuber_slip_G568461774_S658360556_P1671729869,geometry,L3,coherent_subhuber_slip,568461774,658360556,1671729869,huber_full,39
evaluation,day13_evaluation_geometry_L3_gross_outlier_control_G568461774_S658360556_P1671729869,geometry,L3,gross_outlier_control,568461774,658360556,1671729869,huber_full,39
evaluation,day13_evaluation_geometry_L4_clean_G568461774_S658360556_P1671729869,geometry,L4,clean,568461774,658360556,1671729869,huber_full,39
evaluation,day13_evaluation_geometry_L4_coherent_subhuber_slip_G568461774_S658360556_P1671729869,geometry,L4,coherent_subhuber_slip,568461774,658360556,1671729869,huber_full,39
evaluation,day13_evaluation_geometry_L4_gross_outlier_control_G568461774_S658360556_P1671729869,geometry,L4,gross_outlier_control,568461774,658360556,1671729869,huber_full,39
evaluation,day13_evaluation_observation_O3_clean_G568461774_S658360556_P1671729869,observation,O3,clean,568461774,658360556,1671729869,huber_full,39
evaluation,day13_evaluation_observation_O3_coherent_subhuber_slip_G568461774_S658360556_P1671729869,observation,O3,coherent_subhuber_slip,568461774,658360556,1671729869,huber_full,39
evaluation,day13_evaluation_observation_O3_gross_outlier_control_G568461774_S658360556_P1671729869,observation,O3,gross_outlier_control,568461774,658360556,1671729869,huber_full,39
evaluation,day13_evaluation_observation_O4_clean_G568461774_S658360556_P1671729869,observation,O4,clean,568461774,658360556,1671729869,huber_full,39
evaluation,day13_evaluation_observation_O4_coherent_subhuber_slip_G568461774_S658360556_P1671729869,observation,O4,coherent_subhuber_slip,568461774,658360556,1671729869,huber_full,39
evaluation,day13_evaluation_observation_O4_gross_outlier_control_G568461774_S658360556_P1671729869,observation,O4,gross_outlier_control,568461774,658360556,1671729869,huber_full,39
evaluation,day13_evaluation_open_control_OC_clean_G568461774_S658360556_P1671729869,open_control,OC,clean,568461774,658360556,1671729869,huber_full,39
evaluation,day13_evaluation_geometry_L3_clean_G568461774_S2087974662_P788390312,geometry,L3,clean,568461774,2087974662,788390312,huber_full,39
evaluation,day13_evaluation_geometry_L3_coherent_subhuber_slip_G568461774_S2087974662_P788390312,geometry,L3,coherent_subhuber_slip,568461774,2087974662,788390312,huber_full,39
evaluation,day13_evaluation_geometry_L3_gross_outlier_control_G568461774_S2087974662_P788390312,geometry,L3,gross_outlier_control,568461774,2087974662,788390312,huber_full,39
evaluation,day13_evaluation_geometry_L4_clean_G568461774_S2087974662_P788390312,geometry,L4,clean,568461774,2087974662,788390312,huber_full,39
evaluation,day13_evaluation_geometry_L4_coherent_subhuber_slip_G568461774_S2087974662_P788390312,geometry,L4,coherent_subhuber_slip,568461774,2087974662,788390312,huber_full,39
evaluation,day13_evaluation_geometry_L4_gross_outlier_control_G568461774_S2087974662_P788390312,geometry,L4,gross_outlier_control,568461774,2087974662,788390312,huber_full,39
evaluation,day13_evaluation_observation_O3_clean_G568461774_S2087974662_P788390312,observation,O3,clean,568461774,2087974662,788390312,huber_full,39
evaluation,day13_evaluation_observation_O3_coherent_subhuber_slip_G568461774_S2087974662_P788390312,observation,O3,coherent_subhuber_slip,568461774,2087974662,788390312,huber_full,39
evaluation,day13_evaluation_observation_O3_gross_outlier_control_G568461774_S2087974662_P788390312,observation,O3,gross_outlier_control,568461774,2087974662,788390312,huber_full,39
evaluation,day13_evaluation_observation_O4_clean_G568461774_S2087974662_P788390312,observation,O4,clean,568461774,2087974662,788390312,huber_full,39
evaluation,day13_evaluation_observation_O4_coherent_subhuber_slip_G568461774_S2087974662_P788390312,observation,O4,coherent_subhuber_slip,568461774,2087974662,788390312,huber_full,39
evaluation,day13_evaluation_observation_O4_gross_outlier_control_G568461774_S2087974662_P788390312,observation,O4,gross_outlier_control,568461774,2087974662,788390312,huber_full,39
evaluation,day13_evaluation_open_control_OC_clean_G568461774_S2087974662_P788390312,open_control,OC,clean,568461774,2087974662,788390312,huber_full,39
evaluation,day13_evaluation_geometry_L3_clean_G568461774_S2087974662_P1671729869,geometry,L3,clean,568461774,2087974662,1671729869,huber_full,39
evaluation,day13_evaluation_geometry_L3_coherent_subhuber_slip_G568461774_S2087974662_P1671729869,geometry,L3,coherent_subhuber_slip,568461774,2087974662,1671729869,huber_full,39
evaluation,day13_evaluation_geometry_L3_gross_outlier_control_G568461774_S2087974662_P1671729869,geometry,L3,gross_outlier_control,568461774,2087974662,1671729869,huber_full,39
evaluation,day13_evaluation_geometry_L4_clean_G568461774_S2087974662_P1671729869,geometry,L4,clean,568461774,2087974662,1671729869,huber_full,39
evaluation,day13_evaluation_geometry_L4_coherent_subhuber_slip_G568461774_S2087974662_P1671729869,geometry,L4,coherent_subhuber_slip,568461774,2087974662,1671729869,huber_full,39
evaluation,day13_evaluation_geometry_L4_gross_outlier_control_G568461774_S2087974662_P1671729869,geometry,L4,gross_outlier_control,568461774,2087974662,1671729869,huber_full,39
evaluation,day13_evaluation_observation_O3_clean_G568461774_S2087974662_P1671729869,observation,O3,clean,568461774,2087974662,1671729869,huber_full,39
evaluation,day13_evaluation_observation_O3_coherent_subhuber_slip_G568461774_S2087974662_P1671729869,observation,O3,coherent_subhuber_slip,568461774,2087974662,1671729869,huber_full,39
evaluation,day13_evaluation_observation_O3_gross_outlier_control_G568461774_S2087974662_P1671729869,observation,O3,gross_outlier_control,568461774,2087974662,1671729869,huber_full,39
evaluation,day13_evaluation_observation_O4_clean_G568461774_S2087974662_P1671729869,observation,O4,clean,568461774,2087974662,1671729869,huber_full,39
evaluation,day13_evaluation_observation_O4_coherent_subhuber_slip_G568461774_S2087974662_P1671729869,observation,O4,coherent_subhuber_slip,568461774,2087974662,1671729869,huber_full,39
evaluation,day13_evaluation_observation_O4_gross_outlier_control_G568461774_S2087974662_P1671729869,observation,O4,gross_outlier_control,568461774,2087974662,1671729869,huber_full,39
evaluation,day13_evaluation_open_control_OC_clean_G568461774_S2087974662_P1671729869,open_control,OC,clean,568461774,2087974662,1671729869,huber_full,39
evaluation,day13_evaluation_geometry_L3_clean_G1803049395_S658360556_P788390312,geometry,L3,clean,1803049395,658360556,788390312,huber_full,39
evaluation,day13_evaluation_geometry_L3_coherent_subhuber_slip_G1803049395_S658360556_P788390312,geometry,L3,coherent_subhuber_slip,1803049395,658360556,788390312,huber_full,39
evaluation,day13_evaluation_geometry_L3_gross_outlier_control_G1803049395_S658360556_P788390312,geometry,L3,gross_outlier_control,1803049395,658360556,788390312,huber_full,39
evaluation,day13_evaluation_geometry_L4_clean_G1803049395_S658360556_P788390312,geometry,L4,clean,1803049395,658360556,788390312,huber_full,39
evaluation,day13_evaluation_geometry_L4_coherent_subhuber_slip_G1803049395_S658360556_P788390312,geometry,L4,coherent_subhuber_slip,1803049395,658360556,788390312,huber_full,39
evaluation,day13_evaluation_geometry_L4_gross_outlier_control_G1803049395_S658360556_P788390312,geometry,L4,gross_outlier_control,1803049395,658360556,788390312,huber_full,39
evaluation,day13_evaluation_observation_O3_clean_G1803049395_S658360556_P788390312,observation,O3,clean,1803049395,658360556,788390312,huber_full,39
evaluation,day13_evaluation_observation_O3_coherent_subhuber_slip_G1803049395_S658360556_P788390312,observation,O3,coherent_subhuber_slip,1803049395,658360556,788390312,huber_full,39
evaluation,day13_evaluation_observation_O3_gross_outlier_control_G1803049395_S658360556_P788390312,observation,O3,gross_outlier_control,1803049395,658360556,788390312,huber_full,39
evaluation,day13_evaluation_observation_O4_clean_G1803049395_S658360556_P788390312,observation,O4,clean,1803049395,658360556,788390312,huber_full,39
evaluation,day13_evaluation_observation_O4_coherent_subhuber_slip_G1803049395_S658360556_P788390312,observation,O4,coherent_subhuber_slip,1803049395,658360556,788390312,huber_full,39
evaluation,day13_evaluation_observation_O4_gross_outlier_control_G1803049395_S658360556_P788390312,observation,O4,gross_outlier_control,1803049395,658360556,788390312,huber_full,39
evaluation,day13_evaluation_open_control_OC_clean_G1803049395_S658360556_P788390312,open_control,OC,clean,1803049395,658360556,788390312,huber_full,39
evaluation,day13_evaluation_geometry_L3_clean_G1803049395_S658360556_P1671729869,geometry,L3,clean,1803049395,658360556,1671729869,huber_full,39
evaluation,day13_evaluation_geometry_L3_coherent_subhuber_slip_G1803049395_S658360556_P1671729869,geometry,L3,coherent_subhuber_slip,1803049395,658360556,1671729869,huber_full,39
evaluation,day13_evaluation_geometry_L3_gross_outlier_control_G1803049395_S658360556_P1671729869,geometry,L3,gross_outlier_control,1803049395,658360556,1671729869,huber_full,39
evaluation,day13_evaluation_geometry_L4_clean_G1803049395_S658360556_P1671729869,geometry,L4,clean,1803049395,658360556,1671729869,huber_full,39
evaluation,day13_evaluation_geometry_L4_coherent_subhuber_slip_G1803049395_S658360556_P1671729869,geometry,L4,coherent_subhuber_slip,1803049395,658360556,1671729869,huber_full,39
evaluation,day13_evaluation_geometry_L4_gross_outlier_control_G1803049395_S658360556_P1671729869,geometry,L4,gross_outlier_control,1803049395,658360556,1671729869,huber_full,39
evaluation,day13_evaluation_observation_O3_clean_G1803049395_S658360556_P1671729869,observation,O3,clean,1803049395,658360556,1671729869,huber_full,39
evaluation,day13_evaluation_observation_O3_coherent_subhuber_slip_G1803049395_S658360556_P1671729869,observation,O3,coherent_subhuber_slip,1803049395,658360556,1671729869,huber_full,39
evaluation,day13_evaluation_observation_O3_gross_outlier_control_G1803049395_S658360556_P1671729869,observation,O3,gross_outlier_control,1803049395,658360556,1671729869,huber_full,39
evaluation,day13_evaluation_observation_O4_clean_G1803049395_S658360556_P1671729869,observation,O4,clean,1803049395,658360556,1671729869,huber_full,39
evaluation,day13_evaluation_observation_O4_coherent_subhuber_slip_G1803049395_S658360556_P1671729869,observation,O4,coherent_subhuber_slip,1803049395,658360556,1671729869,huber_full,39
evaluation,day13_evaluation_observation_O4_gross_outlier_control_G1803049395_S658360556_P1671729869,observation,O4,gross_outlier_control,1803049395,658360556,1671729869,huber_full,39
evaluation,day13_evaluation_open_control_OC_clean_G1803049395_S658360556_P1671729869,open_control,OC,clean,1803049395,658360556,1671729869,huber_full,39
evaluation,day13_evaluation_geometry_L3_clean_G1803049395_S2087974662_P788390312,geometry,L3,clean,1803049395,2087974662,788390312,huber_full,39
evaluation,day13_evaluation_geometry_L3_coherent_subhuber_slip_G1803049395_S2087974662_P788390312,geometry,L3,coherent_subhuber_slip,1803049395,2087974662,788390312,huber_full,39
evaluation,day13_evaluation_geometry_L3_gross_outlier_control_G1803049395_S2087974662_P788390312,geometry,L3,gross_outlier_control,1803049395,2087974662,788390312,huber_full,39
evaluation,day13_evaluation_geometry_L4_clean_G1803049395_S2087974662_P788390312,geometry,L4,clean,1803049395,2087974662,788390312,huber_full,39
evaluation,day13_evaluation_geometry_L4_coherent_subhuber_slip_G1803049395_S2087974662_P788390312,geometry,L4,coherent_subhuber_slip,1803049395,2087974662,788390312,huber_full,39
evaluation,day13_evaluation_geometry_L4_gross_outlier_control_G1803049395_S2087974662_P788390312,geometry,L4,gross_outlier_control,1803049395,2087974662,788390312,huber_full,39
evaluation,day13_evaluation_observation_O3_clean_G1803049395_S2087974662_P788390312,observation,O3,clean,1803049395,2087974662,788390312,huber_full,39
evaluation,day13_evaluation_observation_O3_coherent_subhuber_slip_G1803049395_S2087974662_P788390312,observation,O3,coherent_subhuber_slip,1803049395,2087974662,788390312,huber_full,39
evaluation,day13_evaluation_observation_O3_gross_outlier_control_G1803049395_S2087974662_P788390312,observation,O3,gross_outlier_control,1803049395,2087974662,788390312,huber_full,39
evaluation,day13_evaluation_observation_O4_clean_G1803049395_S2087974662_P788390312,observation,O4,clean,1803049395,2087974662,788390312,huber_full,39
evaluation,day13_evaluation_observation_O4_coherent_subhuber_slip_G1803049395_S2087974662_P788390312,observation,O4,coherent_subhuber_slip,1803049395,2087974662,788390312,huber_full,39
evaluation,day13_evaluation_observation_O4_gross_outlier_control_G1803049395_S2087974662_P788390312,observation,O4,gross_outlier_control,1803049395,2087974662,788390312,huber_full,39
evaluation,day13_evaluation_open_control_OC_clean_G1803049395_S2087974662_P788390312,open_control,OC,clean,1803049395,2087974662,788390312,huber_full,39
evaluation,day13_evaluation_geometry_L3_clean_G1803049395_S2087974662_P1671729869,geometry,L3,clean,1803049395,2087974662,1671729869,huber_full,39
evaluation,day13_evaluation_geometry_L3_coherent_subhuber_slip_G1803049395_S2087974662_P1671729869,geometry,L3,coherent_subhuber_slip,1803049395,2087974662,1671729869,huber_full,39
evaluation,day13_evaluation_geometry_L3_gross_outlier_control_G1803049395_S2087974662_P1671729869,geometry,L3,gross_outlier_control,1803049395,2087974662,1671729869,huber_full,39
evaluation,day13_evaluation_geometry_L4_clean_G1803049395_S2087974662_P1671729869,geometry,L4,clean,1803049395,2087974662,1671729869,huber_full,39
evaluation,day13_evaluation_geometry_L4_coherent_subhuber_slip_G1803049395_S2087974662_P1671729869,geometry,L4,coherent_subhuber_slip,1803049395,2087974662,1671729869,huber_full,39
evaluation,day13_evaluation_geometry_L4_gross_outlier_control_G1803049395_S2087974662_P1671729869,geometry,L4,gross_outlier_control,1803049395,2087974662,1671729869,huber_full,39
evaluation,day13_evaluation_observation_O3_clean_G1803049395_S2087974662_P1671729869,observation,O3,clean,1803049395,2087974662,1671729869,huber_full,39
evaluation,day13_evaluation_observation_O3_coherent_subhuber_slip_G1803049395_S2087974662_P1671729869,observation,O3,coherent_subhuber_slip,1803049395,2087974662,1671729869,huber_full,39
evaluation,day13_evaluation_observation_O3_gross_outlier_control_G1803049395_S2087974662_P1671729869,observation,O3,gross_outlier_control,1803049395,2087974662,1671729869,huber_full,39
evaluation,day13_evaluation_observation_O4_clean_G1803049395_S2087974662_P1671729869,observation,O4,clean,1803049395,2087974662,1671729869,huber_full,39
evaluation,day13_evaluation_observation_O4_coherent_subhuber_slip_G1803049395_S2087974662_P1671729869,observation,O4,coherent_subhuber_slip,1803049395,2087974662,1671729869,huber_full,39
evaluation,day13_evaluation_observation_O4_gross_outlier_control_G1803049395_S2087974662_P1671729869,observation,O4,gross_outlier_control,1803049395,2087974662,1671729869,huber_full,39
evaluation,day13_evaluation_open_control_OC_clean_G1803049395_S2087974662_P1671729869,open_control,OC,clean,1803049395,2087974662,1671729869,huber_full,39
evaluation,day13_evaluation_geometry_L3_clean_G1933664818_S658360556_P788390312,geometry,L3,clean,1933664818,658360556,788390312,huber_full,39
evaluation,day13_evaluation_geometry_L3_coherent_subhuber_slip_G1933664818_S658360556_P788390312,geometry,L3,coherent_subhuber_slip,1933664818,658360556,788390312,huber_full,39
evaluation,day13_evaluation_geometry_L3_gross_outlier_control_G1933664818_S658360556_P788390312,geometry,L3,gross_outlier_control,1933664818,658360556,788390312,huber_full,39
evaluation,day13_evaluation_geometry_L4_clean_G1933664818_S658360556_P788390312,geometry,L4,clean,1933664818,658360556,788390312,huber_full,39
evaluation,day13_evaluation_geometry_L4_coherent_subhuber_slip_G1933664818_S658360556_P788390312,geometry,L4,coherent_subhuber_slip,1933664818,658360556,788390312,huber_full,39
evaluation,day13_evaluation_geometry_L4_gross_outlier_control_G1933664818_S658360556_P788390312,geometry,L4,gross_outlier_control,1933664818,658360556,788390312,huber_full,39
evaluation,day13_evaluation_observation_O3_clean_G1933664818_S658360556_P788390312,observation,O3,clean,1933664818,658360556,788390312,huber_full,39
evaluation,day13_evaluation_observation_O3_coherent_subhuber_slip_G1933664818_S658360556_P788390312,observation,O3,coherent_subhuber_slip,1933664818,658360556,788390312,huber_full,39
evaluation,day13_evaluation_observation_O3_gross_outlier_control_G1933664818_S658360556_P788390312,observation,O3,gross_outlier_control,1933664818,658360556,788390312,huber_full,39
evaluation,day13_evaluation_observation_O4_clean_G1933664818_S658360556_P788390312,observation,O4,clean,1933664818,658360556,788390312,huber_full,39
evaluation,day13_evaluation_observation_O4_coherent_subhuber_slip_G1933664818_S658360556_P788390312,observation,O4,coherent_subhuber_slip,1933664818,658360556,788390312,huber_full,39
evaluation,day13_evaluation_observation_O4_gross_outlier_control_G1933664818_S658360556_P788390312,observation,O4,gross_outlier_control,1933664818,658360556,788390312,huber_full,39
evaluation,day13_evaluation_open_control_OC_clean_G1933664818_S658360556_P788390312,open_control,OC,clean,1933664818,658360556,788390312,huber_full,39
evaluation,day13_evaluation_geometry_L3_clean_G1933664818_S658360556_P1671729869,geometry,L3,clean,1933664818,658360556,1671729869,huber_full,39
evaluation,day13_evaluation_geometry_L3_coherent_subhuber_slip_G1933664818_S658360556_P1671729869,geometry,L3,coherent_subhuber_slip,1933664818,658360556,1671729869,huber_full,39
evaluation,day13_evaluation_geometry_L3_gross_outlier_control_G1933664818_S658360556_P1671729869,geometry,L3,gross_outlier_control,1933664818,658360556,1671729869,huber_full,39
evaluation,day13_evaluation_geometry_L4_clean_G1933664818_S658360556_P1671729869,geometry,L4,clean,1933664818,658360556,1671729869,huber_full,39
evaluation,day13_evaluation_geometry_L4_coherent_subhuber_slip_G1933664818_S658360556_P1671729869,geometry,L4,coherent_subhuber_slip,1933664818,658360556,1671729869,huber_full,39
evaluation,day13_evaluation_geometry_L4_gross_outlier_control_G1933664818_S658360556_P1671729869,geometry,L4,gross_outlier_control,1933664818,658360556,1671729869,huber_full,39
evaluation,day13_evaluation_observation_O3_clean_G1933664818_S658360556_P1671729869,observation,O3,clean,1933664818,658360556,1671729869,huber_full,39
evaluation,day13_evaluation_observation_O3_coherent_subhuber_slip_G1933664818_S658360556_P1671729869,observation,O3,coherent_subhuber_slip,1933664818,658360556,1671729869,huber_full,39
evaluation,day13_evaluation_observation_O3_gross_outlier_control_G1933664818_S658360556_P1671729869,observation,O3,gross_outlier_control,1933664818,658360556,1671729869,huber_full,39
evaluation,day13_evaluation_observation_O4_clean_G1933664818_S658360556_P1671729869,observation,O4,clean,1933664818,658360556,1671729869,huber_full,39
evaluation,day13_evaluation_observation_O4_coherent_subhuber_slip_G1933664818_S658360556_P1671729869,observation,O4,coherent_subhuber_slip,1933664818,658360556,1671729869,huber_full,39
evaluation,day13_evaluation_observation_O4_gross_outlier_control_G1933664818_S658360556_P1671729869,observation,O4,gross_outlier_control,1933664818,658360556,1671729869,huber_full,39
evaluation,day13_evaluation_open_control_OC_clean_G1933664818_S658360556_P1671729869,open_control,OC,clean,1933664818,658360556,1671729869,huber_full,39
evaluation,day13_evaluation_geometry_L3_clean_G1933664818_S2087974662_P788390312,geometry,L3,clean,1933664818,2087974662,788390312,huber_full,39
evaluation,day13_evaluation_geometry_L3_coherent_subhuber_slip_G1933664818_S2087974662_P788390312,geometry,L3,coherent_subhuber_slip,1933664818,2087974662,788390312,huber_full,39
evaluation,day13_evaluation_geometry_L3_gross_outlier_control_G1933664818_S2087974662_P788390312,geometry,L3,gross_outlier_control,1933664818,2087974662,788390312,huber_full,39
evaluation,day13_evaluation_geometry_L4_clean_G1933664818_S2087974662_P788390312,geometry,L4,clean,1933664818,2087974662,788390312,huber_full,39
evaluation,day13_evaluation_geometry_L4_coherent_subhuber_slip_G1933664818_S2087974662_P788390312,geometry,L4,coherent_subhuber_slip,1933664818,2087974662,788390312,huber_full,39
evaluation,day13_evaluation_geometry_L4_gross_outlier_control_G1933664818_S2087974662_P788390312,geometry,L4,gross_outlier_control,1933664818,2087974662,788390312,huber_full,39
evaluation,day13_evaluation_observation_O3_clean_G1933664818_S2087974662_P788390312,observation,O3,clean,1933664818,2087974662,788390312,huber_full,39
evaluation,day13_evaluation_observation_O3_coherent_subhuber_slip_G1933664818_S2087974662_P788390312,observation,O3,coherent_subhuber_slip,1933664818,2087974662,788390312,huber_full,39
evaluation,day13_evaluation_observation_O3_gross_outlier_control_G1933664818_S2087974662_P788390312,observation,O3,gross_outlier_control,1933664818,2087974662,788390312,huber_full,39
evaluation,day13_evaluation_observation_O4_clean_G1933664818_S2087974662_P788390312,observation,O4,clean,1933664818,2087974662,788390312,huber_full,39
evaluation,day13_evaluation_observation_O4_coherent_subhuber_slip_G1933664818_S2087974662_P788390312,observation,O4,coherent_subhuber_slip,1933664818,2087974662,788390312,huber_full,39
evaluation,day13_evaluation_observation_O4_gross_outlier_control_G1933664818_S2087974662_P788390312,observation,O4,gross_outlier_control,1933664818,2087974662,788390312,huber_full,39
evaluation,day13_evaluation_open_control_OC_clean_G1933664818_S2087974662_P788390312,open_control,OC,clean,1933664818,2087974662,788390312,huber_full,39
evaluation,day13_evaluation_geometry_L3_clean_G1933664818_S2087974662_P1671729869,geometry,L3,clean,1933664818,2087974662,1671729869,huber_full,39
evaluation,day13_evaluation_geometry_L3_coherent_subhuber_slip_G1933664818_S2087974662_P1671729869,geometry,L3,coherent_subhuber_slip,1933664818,2087974662,1671729869,huber_full,39
evaluation,day13_evaluation_geometry_L3_gross_outlier_control_G1933664818_S2087974662_P1671729869,geometry,L3,gross_outlier_control,1933664818,2087974662,1671729869,huber_full,39
evaluation,day13_evaluation_geometry_L4_clean_G1933664818_S2087974662_P1671729869,geometry,L4,clean,1933664818,2087974662,1671729869,huber_full,39
evaluation,day13_evaluation_geometry_L4_coherent_subhuber_slip_G1933664818_S2087974662_P1671729869,geometry,L4,coherent_subhuber_slip,1933664818,2087974662,1671729869,huber_full,39
evaluation,day13_evaluation_geometry_L4_gross_outlier_control_G1933664818_S2087974662_P1671729869,geometry,L4,gross_outlier_control,1933664818,2087974662,1671729869,huber_full,39
evaluation,day13_evaluation_observation_O3_clean_G1933664818_S2087974662_P1671729869,observation,O3,clean,1933664818,2087974662,1671729869,huber_full,39
evaluation,day13_evaluation_observation_O3_coherent_subhuber_slip_G1933664818_S2087974662_P1671729869,observation,O3,coherent_subhuber_slip,1933664818,2087974662,1671729869,huber_full,39
evaluation,day13_evaluation_observation_O3_gross_outlier_control_G1933664818_S2087974662_P1671729869,observation,O3,gross_outlier_control,1933664818,2087974662,1671729869,huber_full,39
evaluation,day13_evaluation_observation_O4_clean_G1933664818_S2087974662_P1671729869,observation,O4,clean,1933664818,2087974662,1671729869,huber_full,39
evaluation,day13_evaluation_observation_O4_coherent_subhuber_slip_G1933664818_S2087974662_P1671729869,observation,O4,coherent_subhuber_slip,1933664818,2087974662,1671729869,huber_full,39
evaluation,day13_evaluation_observation_O4_gross_outlier_control_G1933664818_S2087974662_P1671729869,observation,O4,gross_outlier_control,1933664818,2087974662,1671729869,huber_full,39
evaluation,day13_evaluation_open_control_OC_clean_G1933664818_S2087974662_P1671729869,open_control,OC,clean,1933664818,2087974662,1671729869,huber_full,39
