scene_variant,geometry_seed,measurement_seed,block_id,perturbation_type,direction_id,registration_path,d50_state,d90_state,d50,d90,finite_imputation_used
END_FACE_TRANSITION_ABSENT,1101,2101,dev::END_FACE_TRANSITION_ABSENT::g1101::m2101,rotation,ico_00,frozen_jacobian,RIGHT_CENSORED,RIGHT_CENSORED,,,false
END_FACE_TRANSITION_ABSENT,1101,2101,dev::END_FACE_TRANSITION_ABSENT::g1101::m2101,rotation,ico_00,full_reassociation,EXACT,EXACT,0.0,0.0,false
END_FACE_TRANSITION_ABSENT,1101,2101,dev::END_FACE_TRANSITION_ABSENT::g1101::m2101,rotation,ico_01,frozen_jacobian,RIGHT_CENSORED,RIGHT_CENSORED,,,false
END_FACE_TRANSITION_ABSENT,1101,2101,dev::END_FACE_TRANSITION_ABSENT::g1101::m2101,rotation,ico_01,full_reassociation,EXACT,EXACT,0.0,0.0,false
END_FACE_TRANSITION_ABSENT,1101,2101,dev::END_FACE_TRANSITION_ABSENT::g1101::m2101,rotation,ico_02,frozen_jacobian,RIGHT_CENSORED,RIGHT_CENSORED,,,false
END_FACE_TRANSITION_ABSENT,1101,2101,dev::END_FACE_TRANSITION_ABSENT::g1101::m2101,rotation,ico_02,full_reassociation,EXACT,EXACT,0.0,0.0,false
END_FACE_TRANSITION_ABSENT,1101,2101,dev::END_FACE_TRANSITION_ABSENT::g1101::m2101,rotation,ico_03,frozen_jacobian,RIGHT_CENSORED,RIGHT_CENSORED,,,false
END_FACE_TRANSITION_ABSENT,1101,2101,dev::END_FACE_TRANSITION_ABSENT::g1101::m2101,rotation,ico_03,full_reassociation,EXACT,EXACT,0.0,0.0,false
END_FACE_TRANSITION_ABSENT,1101,2101,dev::END_FACE_TRANSITION_ABSENT::g1101::m2101,rotation,ico_04,frozen_jacobian,RIGHT_CENSORED,RIGHT_CENSORED,,,false
END_FACE_TRANSITION_ABSENT,1101,2101,dev::END_FACE_TRANSITION_ABSENT::g1101::m2101,rotation,ico_04,full_reassociation,EXACT,EXACT,0.0,0.0,false
END_FACE_TRANSITION_ABSENT,1101,2101,dev::END_FACE_TRANSITION_ABSENT::g1101::m2101,rotation,ico_05,frozen_jacobian,RIGHT_CENSORED,RIGHT_CENSORED,,,false
END_FACE_TRANSITION_ABSENT,1101,2101,dev::END_FACE_TRANSITION_ABSENT::g1101::m2101,rotation,ico_05,full_reassociation,EXACT,EXACT,0.0,0.0,false
END_FACE_TRANSITION_ABSENT,1101,2101,dev::END_FACE_TRANSITION_ABSENT::g1101::m2101,rotation,ico_06,frozen_jacobian,RIGHT_CENSORED,RIGHT_CENSORED,,,false
END_FACE_TRANSITION_ABSENT,1101,2101,dev::END_FACE_TRANSITION_ABSENT::g1101::m2101,rotation,ico_06,full_reassociation,EXACT,EXACT,0.0,0.0,false
END_FACE_TRANSITION_ABSENT,1101,2101,dev::END_FACE_TRANSITION_ABSENT::g1101::m2101,rotation,ico_07,frozen_jacobian,RIGHT_CENSORED,RIGHT_CENSORED,,,false
END_FACE_TRANSITION_ABSENT,1101,2101,dev::END_FACE_TRANSITION_ABSENT::g1101::m2101,rotation,ico_07,full_reassociation,EXACT,EXACT,0.0,0.0,false
END_FACE_TRANSITION_ABSENT,1101,2101,dev::END_FACE_TRANSITION_ABSENT::g1101::m2101,rotation,ico_08,frozen_jacobian,RIGHT_CENSORED,RIGHT_CENSORED,,,false
END_FACE_TRANSITION_ABSENT,1101,2101,dev::END_FACE_TRANSITION_ABSENT::g1101::m2101,rotation,ico_08,full_reassociation,EXACT,EXACT,0.0,0.0,false
END_FACE_TRANSITION_ABSENT,1101,2101,dev::END_FACE_TRANSITION_ABSENT::g1101::m2101,rotation,ico_09,frozen_jacobian,RIGHT_CENSORED,RIGHT_CENSORED,,,false
END_FACE_TRANSITION_ABSENT,1101,2101,dev::END_FACE_TRANSITION_ABSENT::g1101::m2101,rotation,ico_09,full_reassociation,EXACT,EXACT,0.0,0.0,false
END_FACE_TRANSITION_ABSENT,1101,2101,dev::END_FACE_TRANSITION_ABSENT::g1101::m2101,rotation,ico_10,frozen_jacobian,RIGHT_CENSORED,RIGHT_CENSORED,,,false
END_FACE_TRANSITION_ABSENT,1101,2101,dev::END_FACE_TRANSITION_ABSENT::g1101::m2101,rotation,ico_10,full_reassociation,EXACT,EXACT,0.0,0.0,false
END_FACE_TRANSITION_ABSENT,1101,2101,dev::END_FACE_TRANSITION_ABSENT::g1101::m2101,rotation,ico_11,frozen_jacobian,RIGHT_CENSORED,RIGHT_CENSORED,,,false
END_FACE_TRANSITION_ABSENT,1101,2101,dev::END_FACE_TRANSITION_ABSENT::g1101::m2101,rotation,ico_11,full_reassociation,EXACT,EXACT,0.0,0.0,false
END_FACE_TRANSITION_ABSENT,1101,2101,dev::END_FACE_TRANSITION_ABSENT::g1101::m2101,rotation,neg_x,frozen_jacobian,RIGHT_CENSORED,RIGHT_CENSORED,,,false
END_FACE_TRANSITION_ABSENT,1101,2101,dev::END_FACE_TRANSITION_ABSENT::g1101::m2101,rotation,neg_x,full_reassociation,EXACT,EXACT,0.0,0.0,false
END_FACE_TRANSITION_ABSENT,1101,2101,dev::END_FACE_TRANSITION_ABSENT::g1101::m2101,rotation,neg_y,frozen_jacobian,RIGHT_CENSORED,RIGHT_CENSORED,,,false
END_FACE_TRANSITION_ABSENT,1101,2101,dev::END_FACE_TRANSITION_ABSENT::g1101::m2101,rotation,neg_y,full_reassociation,EXACT,EXACT,0.0,0.0,false
END_FACE_TRANSITION_ABSENT,1101,2101,dev::END_FACE_TRANSITION_ABSENT::g1101::m2101,rotation,neg_z,frozen_jacobian,RIGHT_CENSORED,RIGHT_CENSORED,,,false
END_FACE_TRANSITION_ABSENT,1101,2101,dev::END_FACE_TRANSITION_ABSENT::g1101::m2101,rotation,neg_z,full_reassociation,EXACT,EXACT,0.0,0.0,false
END_FACE_TRANSITION_ABSENT,1101,2101,dev::END_FACE_TRANSITION_ABSENT::g1101::m2101,rotation,pos_x,frozen_jacobian,RIGHT_CENSORED,RIGHT_CENSORED,,,false
END_FACE_TRANSITION_ABSENT,1101,2101,dev::END_FACE_TRANSITION_ABSENT::g1101::m2101,rotation,pos_x,full_reassociation,EXACT,EXACT,0.0,0.0,false
END_FACE_TRANSITION_ABSENT,1101,2101,dev::END_FACE_TRANSITION_ABSENT::g1101::m2101,rotation,pos_y,frozen_jacobian,RIGHT_CENSORED,RIGHT_CENSORED,,,false
END_FACE_TRANSITION_ABSENT,1101,2101,dev::END_FACE_TRANSITION_ABSENT::g1101::m2101,rotation,pos_y,full_reassociation,EXACT,EXACT,0.0,0.0,false
END_FACE_TRANSITION_ABSENT,1101,2101,dev::END_FACE_TRANSITION_ABSENT::g1101::m2101,rotation,pos_z,frozen_jacobian,RIGHT_CENSORED,RIGHT_CENSORED,,,false
END_FACE_TRANSITION_ABSENT,1101,2101,dev::END_FACE_TRANSITION_ABSENT::g1101::m2101,rotation,pos_z,full_reassociation,EXACT,EXACT,0.0,0.0,false
END_FACE_TRANSITION_ABSENT,1101,2101,dev::END_FACE_TRANSITION_ABSENT::g1101::m2101,translation,ico_00,frozen_jacobian,RIGHT_CENSORED,RIGHT_CENSORED,,,false
END_FACE_TRANSITION_ABSENT,1101,2101,dev::END_FACE_TRANSITION_ABSENT::g1101::m2101,translation,ico_00,full_reassociation,EXACT,EXACT,0.0,0.0,false
END_FACE_TRANSITION_ABSENT,1101,2101,dev::END_FACE_TRANSITION_ABSENT::g1101::m2101,translation,ico_01,frozen_jacobian,RIGHT_CENSORED,RIGHT_CENSORED,,,false
END_FACE_TRANSITION_ABSENT,1101,2101,dev::END_FACE_TRANSITION_ABSENT::g1101::m2101,translation,ico_01,full_reassociation,EXACT,EXACT,0.0,0.0,false
END_FACE_TRANSITION_ABSENT,1101,2101,dev::END_FACE_TRANSITION_ABSENT::g1101::m2101,translation,ico_02,frozen_jacobian,RIGHT_CENSORED,RIGHT_CENSORED,,,false
END_FACE_TRANSITION_ABSENT,1101,2101,dev::END_FACE_TRANSITION_ABSENT::g1101::m2101,translation,ico_02,full_reassociation,EXACT,EXACT,0.0,0.0,false
END_FACE_TRANSITION_ABSENT,1101,2101,dev::END_FACE_TRANSITION_ABSENT::g1101::m2101,translation,ico_03,frozen_jacobian,RIGHT_CENSORED,RIGHT_CENSORED,,,false
END_FACE_TRANSITION_ABSENT,1101,2101,dev::END_FACE_TRANSITION_ABSENT::g1101::m2101,translation,ico_03,full_reassociation,EXACT,EXACT,0.0,0.0,false
END_FACE_TRANSITION_ABSENT,1101,2101,dev::END_FACE_TRANSITION_ABSENT::g1101::m2101,translation,ico_04,frozen_jacobian,RIGHT_CENSORED,RIGHT_CENSORED,,,false
END_FACE_TRANSITION_ABSENT,1101,2101,dev::END_FACE_TRANSITION_ABSENT::g1101::m2101,translation,ico_04,full_reassociation,EXACT,EXACT,0.0,0.0,false
END_FACE_TRANSITION_ABSENT,1101,2101,dev::END_FACE_TRANSITION_ABSENT::g1101::m2101,translation,ico_05,frozen_jacobian,RIGHT_CENSORED,RIGHT_CENSORED,,,false
END_FACE_TRANSITION_ABSENT,1101,2101,dev::END_FACE_TRANSITION_ABSENT::g1101::m2101,translation,ico_05,full_reassociation,EXACT,EXACT,0.0,0.0,false
END_FACE_TRANSITION_ABSENT,1101,2101,dev::END_FACE_TRANSITION_ABSENT::g1101::m2101,translation,ico_06,frozen_jacobian,RIGHT_CENSORED,RIGHT_CENSORED,,,false
END_FACE_TRANSITION_ABSENT,1101,2101,dev::END_FACE_TRANSITION_ABSENT::g1101::m2101,translation,ico_06,full_reassociation,EXACT,EXACT,0.0,0.0,false
END_FACE_TRANSITION_ABSENT,1101,2101,dev::END_FACE_TRANSITION_ABSENT::g1101::m2101,translation,ico_07,frozen_jacobian,RIGHT_CENSORED,RIGHT_CENSORED,,,false
END_FACE_TRANSITION_ABSENT,1101,2101,dev::END_FACE_TRANSITION_ABSENT::g1101::m2101,translation,ico_07,full_reassociation,EXACT,EXACT,0.0,0.0,false
END_FACE_TRANSITION_ABSENT,1101,2101,dev::END_FACE_TRANSITION_ABSENT::g1101::m2101,translation,ico_08,frozen_jacobian,RIGHT_CENSORED,RIGHT_CENSORED,,,false
END_FACE_TRANSITION_ABSENT,1101,2101,dev::END_FACE_TRANSITION_ABSENT::g1101::m2101,translation,ico_08,full_reassociation,EXACT,EXACT,0.0,0.0,false
END_FACE_TRANSITION_ABSENT,1101,2101,dev::END_FACE_TRANSITION_ABSENT::g1101::m2101,translation,ico_09,frozen_jacobian,RIGHT_CENSORED,RIGHT_CENSORED,,,false
END_FACE_TRANSITION_ABSENT,1101,2101,dev::END_FACE_TRANSITION_ABSENT::g1101::m2101,translation,ico_09,full_reassociation,EXACT,EXACT,0.0,0.0,false
END_FACE_TRANSITION_ABSENT,1101,2101,dev::END_FACE_TRANSITION_ABSENT::g1101::m2101,translation,ico_10,frozen_jacobian,RIGHT_CENSORED,RIGHT_CENSORED,,,false
END_FACE_TRANSITION_ABSENT,1101,2101,dev::END_FACE_TRANSITION_ABSENT::g1101::m2101,translation,ico_10,full_reassociation,EXACT,EXACT,0.0,0.0,false
END_FACE_TRANSITION_ABSENT,1101,2101,dev::END_FACE_TRANSITION_ABSENT::g1101::m2101,translation,ico_11,frozen_jacobian,RIGHT_CENSORED,RIGHT_CENSORED,,,false
END_FACE_TRANSITION_ABSENT,1101,2101,dev::END_FACE_TRANSITION_ABSENT::g1101::m2101,translation,ico_11,full_reassociation,EXACT,EXACT,0.0,0.0,false
END_FACE_TRANSITION_ABSENT,1101,2101,dev::END_FACE_TRANSITION_ABSENT::g1101::m2101,translation,neg_x,frozen_jacobian,RIGHT_CENSORED,RIGHT_CENSORED,,,false
END_FACE_TRANSITION_ABSENT,1101,2101,dev::END_FACE_TRANSITION_ABSENT::g1101::m2101,translation,neg_x,full_reassociation,EXACT,EXACT,0.0,0.0,false
END_FACE_TRANSITION_ABSENT,1101,2101,dev::END_FACE_TRANSITION_ABSENT::g1101::m2101,translation,neg_y,frozen_jacobian,RIGHT_CENSORED,RIGHT_CENSORED,,,false
END_FACE_TRANSITION_ABSENT,1101,2101,dev::END_FACE_TRANSITION_ABSENT::g1101::m2101,translation,neg_y,full_reassociation,EXACT,EXACT,0.0,0.0,false
END_FACE_TRANSITION_ABSENT,1101,2101,dev::END_FACE_TRANSITION_ABSENT::g1101::m2101,translation,neg_z,frozen_jacobian,RIGHT_CENSORED,RIGHT_CENSORED,,,false
END_FACE_TRANSITION_ABSENT,1101,2101,dev::END_FACE_TRANSITION_ABSENT::g1101::m2101,translation,neg_z,full_reassociation,EXACT,EXACT,0.0,0.0,false
END_FACE_TRANSITION_ABSENT,1101,2101,dev::END_FACE_TRANSITION_ABSENT::g1101::m2101,translation,pos_x,frozen_jacobian,RIGHT_CENSORED,RIGHT_CENSORED,,,false
END_FACE_TRANSITION_ABSENT,1101,2101,dev::END_FACE_TRANSITION_ABSENT::g1101::m2101,translation,pos_x,full_reassociation,EXACT,EXACT,0.0,0.0,false
END_FACE_TRANSITION_ABSENT,1101,2101,dev::END_FACE_TRANSITION_ABSENT::g1101::m2101,translation,pos_y,frozen_jacobian,RIGHT_CENSORED,RIGHT_CENSORED,,,false
END_FACE_TRANSITION_ABSENT,1101,2101,dev::END_FACE_TRANSITION_ABSENT::g1101::m2101,translation,pos_y,full_reassociation,EXACT,EXACT,0.0,0.0,false
END_FACE_TRANSITION_ABSENT,1101,2101,dev::END_FACE_TRANSITION_ABSENT::g1101::m2101,translation,pos_z,frozen_jacobian,RIGHT_CENSORED,RIGHT_CENSORED,,,false
END_FACE_TRANSITION_ABSENT,1101,2101,dev::END_FACE_TRANSITION_ABSENT::g1101::m2101,translation,pos_z,full_reassociation,EXACT,EXACT,0.0,0.0,false
END_FACE_TRANSITION_ABSENT,1101,2111,dev::END_FACE_TRANSITION_ABSENT::g1101::m2111,rotation,ico_00,frozen_jacobian,RIGHT_CENSORED,RIGHT_CENSORED,,,false
END_FACE_TRANSITION_ABSENT,1101,2111,dev::END_FACE_TRANSITION_ABSENT::g1101::m2111,rotation,ico_00,full_reassociation,EXACT,EXACT,0.0,0.0,false
END_FACE_TRANSITION_ABSENT,1101,2111,dev::END_FACE_TRANSITION_ABSENT::g1101::m2111,rotation,ico_01,frozen_jacobian,RIGHT_CENSORED,RIGHT_CENSORED,,,false
END_FACE_TRANSITION_ABSENT,1101,2111,dev::END_FACE_TRANSITION_ABSENT::g1101::m2111,rotation,ico_01,full_reassociation,EXACT,EXACT,0.0,0.0,false
END_FACE_TRANSITION_ABSENT,1101,2111,dev::END_FACE_TRANSITION_ABSENT::g1101::m2111,rotation,ico_02,frozen_jacobian,RIGHT_CENSORED,RIGHT_CENSORED,,,false
END_FACE_TRANSITION_ABSENT,1101,2111,dev::END_FACE_TRANSITION_ABSENT::g1101::m2111,rotation,ico_02,full_reassociation,EXACT,EXACT,0.0,0.0,false
END_FACE_TRANSITION_ABSENT,1101,2111,dev::END_FACE_TRANSITION_ABSENT::g1101::m2111,rotation,ico_03,frozen_jacobian,RIGHT_CENSORED,RIGHT_CENSORED,,,false
END_FACE_TRANSITION_ABSENT,1101,2111,dev::END_FACE_TRANSITION_ABSENT::g1101::m2111,rotation,ico_03,full_reassociation,EXACT,EXACT,0.0,0.0,false
END_FACE_TRANSITION_ABSENT,1101,2111,dev::END_FACE_TRANSITION_ABSENT::g1101::m2111,rotation,ico_04,frozen_jacobian,RIGHT_CENSORED,RIGHT_CENSORED,,,false
END_FACE_TRANSITION_ABSENT,1101,2111,dev::END_FACE_TRANSITION_ABSENT::g1101::m2111,rotation,ico_04,full_reassociation,EXACT,EXACT,0.0,0.0,false
END_FACE_TRANSITION_ABSENT,1101,2111,dev::END_FACE_TRANSITION_ABSENT::g1101::m2111,rotation,ico_05,frozen_jacobian,RIGHT_CENSORED,RIGHT_CENSORED,,,false
END_FACE_TRANSITION_ABSENT,1101,2111,dev::END_FACE_TRANSITION_ABSENT::g1101::m2111,rotation,ico_05,full_reassociation,EXACT,EXACT,0.0,0.0,false
END_FACE_TRANSITION_ABSENT,1101,2111,dev::END_FACE_TRANSITION_ABSENT::g1101::m2111,rotation,ico_06,frozen_jacobian,RIGHT_CENSORED,RIGHT_CENSORED,,,false
END_FACE_TRANSITION_ABSENT,1101,2111,dev::END_FACE_TRANSITION_ABSENT::g1101::m2111,rotation,ico_06,full_reassociation,EXACT,EXACT,0.0,0.0,false
END_FACE_TRANSITION_ABSENT,1101,2111,dev::END_FACE_TRANSITION_ABSENT::g1101::m2111,rotation,ico_07,frozen_jacobian,RIGHT_CENSORED,RIGHT_CENSORED,,,false
END_FACE_TRANSITION_ABSENT,1101,2111,dev::END_FACE_TRANSITION_ABSENT::g1101::m2111,rotation,ico_07,full_reassociation,EXACT,EXACT,0.0,0.0,false
END_FACE_TRANSITION_ABSENT,1101,2111,dev::END_FACE_TRANSITION_ABSENT::g1101::m2111,rotation,ico_08,frozen_jacobian,RIGHT_CENSORED,RIGHT_CENSORED,,,false
END_FACE_TRANSITION_ABSENT,1101,2111,dev::END_FACE_TRANSITION_ABSENT::g1101::m2111,rotation,ico_08,full_reassociation,EXACT,EXACT,0.0,0.0,false
END_FACE_TRANSITION_ABSENT,1101,2111,dev::END_FACE_TRANSITION_ABSENT::g1101::m2111,rotation,ico_09,frozen_jacobian,RIGHT_CENSORED,RIGHT_CENSORED,,,false
END_FACE_TRANSITION_ABSENT,1101,2111,dev::END_FACE_TRANSITION_ABSENT::g1101::m2111,rotation,ico_09,full_reassociation,EXACT,EXACT,0.0,0.0,false
END_FACE_TRANSITION_ABSENT,1101,2111,dev::END_FACE_TRANSITION_ABSENT::g1101::m2111,rotation,ico_10,frozen_jacobian,RIGHT_CENSORED,RIGHT_CENSORED,,,false
END_FACE_TRANSITION_ABSENT,1101,2111,dev::END_FACE_TRANSITION_ABSENT::g1101::m2111,rotation,ico_10,full_reassociation,EXACT,EXACT,0.0,0.0,false
END_FACE_TRANSITION_ABSENT,1101,2111,dev::END_FACE_TRANSITION_ABSENT::g1101::m2111,rotation,ico_11,frozen_jacobian,RIGHT_CENSORED,RIGHT_CENSORED,,,false
END_FACE_TRANSITION_ABSENT,1101,2111,dev::END_FACE_TRANSITION_ABSENT::g1101::m2111,rotation,ico_11,full_reassociation,EXACT,EXACT,0.0,0.0,false
END_FACE_TRANSITION_ABSENT,1101,2111,dev::END_FACE_TRANSITION_ABSENT::g1101::m2111,rotation,neg_x,frozen_jacobian,RIGHT_CENSORED,RIGHT_CENSORED,,,false
END_FACE_TRANSITION_ABSENT,1101,2111,dev::END_FACE_TRANSITION_ABSENT::g1101::m2111,rotation,neg_x,full_reassociation,EXACT,EXACT,0.0,0.0,false
END_FACE_TRANSITION_ABSENT,1101,2111,dev::END_FACE_TRANSITION_ABSENT::g1101::m2111,rotation,neg_y,frozen_jacobian,RIGHT_CENSORED,RIGHT_CENSORED,,,false
END_FACE_TRANSITION_ABSENT,1101,2111,dev::END_FACE_TRANSITION_ABSENT::g1101::m2111,rotation,neg_y,full_reassociation,EXACT,EXACT,0.0,0.0,false
END_FACE_TRANSITION_ABSENT,1101,2111,dev::END_FACE_TRANSITION_ABSENT::g1101::m2111,rotation,neg_z,frozen_jacobian,RIGHT_CENSORED,RIGHT_CENSORED,,,false
END_FACE_TRANSITION_ABSENT,1101,2111,dev::END_FACE_TRANSITION_ABSENT::g1101::m2111,rotation,neg_z,full_reassociation,EXACT,EXACT,0.0,0.0,false
END_FACE_TRANSITION_ABSENT,1101,2111,dev::END_FACE_TRANSITION_ABSENT::g1101::m2111,rotation,pos_x,frozen_jacobian,RIGHT_CENSORED,RIGHT_CENSORED,,,false
END_FACE_TRANSITION_ABSENT,1101,2111,dev::END_FACE_TRANSITION_ABSENT::g1101::m2111,rotation,pos_x,full_reassociation,EXACT,EXACT,0.0,0.0,false
END_FACE_TRANSITION_ABSENT,1101,2111,dev::END_FACE_TRANSITION_ABSENT::g1101::m2111,rotation,pos_y,frozen_jacobian,RIGHT_CENSORED,RIGHT_CENSORED,,,false
END_FACE_TRANSITION_ABSENT,1101,2111,dev::END_FACE_TRANSITION_ABSENT::g1101::m2111,rotation,pos_y,full_reassociation,EXACT,EXACT,0.0,0.0,false
END_FACE_TRANSITION_ABSENT,1101,2111,dev::END_FACE_TRANSITION_ABSENT::g1101::m2111,rotation,pos_z,frozen_jacobian,RIGHT_CENSORED,RIGHT_CENSORED,,,false
END_FACE_TRANSITION_ABSENT,1101,2111,dev::END_FACE_TRANSITION_ABSENT::g1101::m2111,rotation,pos_z,full_reassociation,EXACT,EXACT,0.0,0.0,false
END_FACE_TRANSITION_ABSENT,1101,2111,dev::END_FACE_TRANSITION_ABSENT::g1101::m2111,translation,ico_00,frozen_jacobian,RIGHT_CENSORED,RIGHT_CENSORED,,,false
END_FACE_TRANSITION_ABSENT,1101,2111,dev::END_FACE_TRANSITION_ABSENT::g1101::m2111,translation,ico_00,full_reassociation,EXACT,EXACT,0.0,0.0,false
END_FACE_TRANSITION_ABSENT,1101,2111,dev::END_FACE_TRANSITION_ABSENT::g1101::m2111,translation,ico_01,frozen_jacobian,RIGHT_CENSORED,RIGHT_CENSORED,,,false
END_FACE_TRANSITION_ABSENT,1101,2111,dev::END_FACE_TRANSITION_ABSENT::g1101::m2111,translation,ico_01,full_reassociation,EXACT,EXACT,0.0,0.0,false
END_FACE_TRANSITION_ABSENT,1101,2111,dev::END_FACE_TRANSITION_ABSENT::g1101::m2111,translation,ico_02,frozen_jacobian,RIGHT_CENSORED,RIGHT_CENSORED,,,false
END_FACE_TRANSITION_ABSENT,1101,2111,dev::END_FACE_TRANSITION_ABSENT::g1101::m2111,translation,ico_02,full_reassociation,EXACT,EXACT,0.0,0.0,false
END_FACE_TRANSITION_ABSENT,1101,2111,dev::END_FACE_TRANSITION_ABSENT::g1101::m2111,translation,ico_03,frozen_jacobian,RIGHT_CENSORED,RIGHT_CENSORED,,,false
END_FACE_TRANSITION_ABSENT,1101,2111,dev::END_FACE_TRANSITION_ABSENT::g1101::m2111,translation,ico_03,full_reassociation,EXACT,EXACT,0.0,0.0,false
END_FACE_TRANSITION_ABSENT,1101,2111,dev::END_FACE_TRANSITION_ABSENT::g1101::m2111,translation,ico_04,frozen_jacobian,RIGHT_CENSORED,RIGHT_CENSORED,,,false
END_FACE_TRANSITION_ABSENT,1101,2111,dev::END_FACE_TRANSITION_ABSENT::g1101::m2111,translation,ico_04,full_reassociation,EXACT,EXACT,0.0,0.0,false
END_FACE_TRANSITION_ABSENT,1101,2111,dev::END_FACE_TRANSITION_ABSENT::g1101::m2111,translation,ico_05,frozen_jacobian,RIGHT_CENSORED,RIGHT_CENSORED,,,false
END_FACE_TRANSITION_ABSENT,1101,2111,dev::END_FACE_TRANSITION_ABSENT::g1101::m2111,translation,ico_05,full_reassociation,EXACT,EXACT,0.0,0.0,false
END_FACE_TRANSITION_ABSENT,1101,2111,dev::END_FACE_TRANSITION_ABSENT::g1101::m2111,translation,ico_06,frozen_jacobian,RIGHT_CENSORED,RIGHT_CENSORED,,,false
END_FACE_TRANSITION_ABSENT,1101,2111,dev::END_FACE_TRANSITION_ABSENT::g1101::m2111,translation,ico_06,full_reassociation,EXACT,EXACT,0.0,0.0,false
END_FACE_TRANSITION_ABSENT,1101,2111,dev::END_FACE_TRANSITION_ABSENT::g1101::m2111,translation,ico_07,frozen_jacobian,RIGHT_CENSORED,RIGHT_CENSORED,,,false
END_FACE_TRANSITION_ABSENT,1101,2111,dev::END_FACE_TRANSITION_ABSENT::g1101::m2111,translation,ico_07,full_reassociation,EXACT,EXACT,0.0,0.0,false
END_FACE_TRANSITION_ABSENT,1101,2111,dev::END_FACE_TRANSITION_ABSENT::g1101::m2111,translation,ico_08,frozen_jacobian,RIGHT_CENSORED,RIGHT_CENSORED,,,false
END_FACE_TRANSITION_ABSENT,1101,2111,dev::END_FACE_TRANSITION_ABSENT::g1101::m2111,translation,ico_08,full_reassociation,EXACT,EXACT,0.0,0.0,false
END_FACE_TRANSITION_ABSENT,1101,2111,dev::END_FACE_TRANSITION_ABSENT::g1101::m2111,translation,ico_09,frozen_jacobian,RIGHT_CENSORED,RIGHT_CENSORED,,,false
END_FACE_TRANSITION_ABSENT,1101,2111,dev::END_FACE_TRANSITION_ABSENT::g1101::m2111,translation,ico_09,full_reassociation,EXACT,EXACT,0.0,0.0,false
END_FACE_TRANSITION_ABSENT,1101,2111,dev::END_FACE_TRANSITION_ABSENT::g1101::m2111,translation,ico_10,frozen_jacobian,RIGHT_CENSORED,RIGHT_CENSORED,,,false
END_FACE_TRANSITION_ABSENT,1101,2111,dev::END_FACE_TRANSITION_ABSENT::g1101::m2111,translation,ico_10,full_reassociation,EXACT,EXACT,0.0,0.0,false
END_FACE_TRANSITION_ABSENT,1101,2111,dev::END_FACE_TRANSITION_ABSENT::g1101::m2111,translation,ico_11,frozen_jacobian,RIGHT_CENSORED,RIGHT_CENSORED,,,false
END_FACE_TRANSITION_ABSENT,1101,2111,dev::END_FACE_TRANSITION_ABSENT::g1101::m2111,translation,ico_11,full_reassociation,EXACT,EXACT,0.0,0.0,false
END_FACE_TRANSITION_ABSENT,1101,2111,dev::END_FACE_TRANSITION_ABSENT::g1101::m2111,translation,neg_x,frozen_jacobian,RIGHT_CENSORED,RIGHT_CENSORED,,,false
END_FACE_TRANSITION_ABSENT,1101,2111,dev::END_FACE_TRANSITION_ABSENT::g1101::m2111,translation,neg_x,full_reassociation,EXACT,EXACT,0.0,0.0,false
END_FACE_TRANSITION_ABSENT,1101,2111,dev::END_FACE_TRANSITION_ABSENT::g1101::m2111,translation,neg_y,frozen_jacobian,RIGHT_CENSORED,RIGHT_CENSORED,,,false
END_FACE_TRANSITION_ABSENT,1101,2111,dev::END_FACE_TRANSITION_ABSENT::g1101::m2111,translation,neg_y,full_reassociation,EXACT,EXACT,0.0,0.0,false
END_FACE_TRANSITION_ABSENT,1101,2111,dev::END_FACE_TRANSITION_ABSENT::g1101::m2111,translation,neg_z,frozen_jacobian,RIGHT_CENSORED,RIGHT_CENSORED,,,false
END_FACE_TRANSITION_ABSENT,1101,2111,dev::END_FACE_TRANSITION_ABSENT::g1101::m2111,translation,neg_z,full_reassociation,EXACT,EXACT,0.0,0.0,false
END_FACE_TRANSITION_ABSENT,1101,2111,dev::END_FACE_TRANSITION_ABSENT::g1101::m2111,translation,pos_x,frozen_jacobian,RIGHT_CENSORED,RIGHT_CENSORED,,,false
END_FACE_TRANSITION_ABSENT,1101,2111,dev::END_FACE_TRANSITION_ABSENT::g1101::m2111,translation,pos_x,full_reassociation,EXACT,EXACT,0.0,0.0,false
END_FACE_TRANSITION_ABSENT,1101,2111,dev::END_FACE_TRANSITION_ABSENT::g1101::m2111,translation,pos_y,frozen_jacobian,RIGHT_CENSORED,RIGHT_CENSORED,,,false
END_FACE_TRANSITION_ABSENT,1101,2111,dev::END_FACE_TRANSITION_ABSENT::g1101::m2111,translation,pos_y,full_reassociation,EXACT,EXACT,0.0,0.0,false
END_FACE_TRANSITION_ABSENT,1101,2111,dev::END_FACE_TRANSITION_ABSENT::g1101::m2111,translation,pos_z,frozen_jacobian,RIGHT_CENSORED,RIGHT_CENSORED,,,false
END_FACE_TRANSITION_ABSENT,1101,2111,dev::END_FACE_TRANSITION_ABSENT::g1101::m2111,translation,pos_z,full_reassociation,EXACT,EXACT,0.0,0.0,false
END_FACE_TRANSITION_ABSENT,1103,2101,dev::END_FACE_TRANSITION_ABSENT::g1103::m2101,rotation,ico_00,frozen_jacobian,EXACT,EXACT,0.0,0.0,false
END_FACE_TRANSITION_ABSENT,1103,2101,dev::END_FACE_TRANSITION_ABSENT::g1103::m2101,rotation,ico_00,full_reassociation,EXACT,EXACT,0.0,0.0,false
END_FACE_TRANSITION_ABSENT,1103,2101,dev::END_FACE_TRANSITION_ABSENT::g1103::m2101,rotation,ico_01,frozen_jacobian,EXACT,EXACT,0.0,0.0,false
END_FACE_TRANSITION_ABSENT,1103,2101,dev::END_FACE_TRANSITION_ABSENT::g1103::m2101,rotation,ico_01,full_reassociation,EXACT,EXACT,0.0,0.0,false
END_FACE_TRANSITION_ABSENT,1103,2101,dev::END_FACE_TRANSITION_ABSENT::g1103::m2101,rotation,ico_02,frozen_jacobian,EXACT,EXACT,0.0,0.0,false
END_FACE_TRANSITION_ABSENT,1103,2101,dev::END_FACE_TRANSITION_ABSENT::g1103::m2101,rotation,ico_02,full_reassociation,EXACT,EXACT,0.0,0.0,false
END_FACE_TRANSITION_ABSENT,1103,2101,dev::END_FACE_TRANSITION_ABSENT::g1103::m2101,rotation,ico_03,frozen_jacobian,EXACT,EXACT,0.0,0.0,false
END_FACE_TRANSITION_ABSENT,1103,2101,dev::END_FACE_TRANSITION_ABSENT::g1103::m2101,rotation,ico_03,full_reassociation,EXACT,EXACT,0.0,0.0,false
END_FACE_TRANSITION_ABSENT,1103,2101,dev::END_FACE_TRANSITION_ABSENT::g1103::m2101,rotation,ico_04,frozen_jacobian,EXACT,EXACT,0.0,0.0,false
END_FACE_TRANSITION_ABSENT,1103,2101,dev::END_FACE_TRANSITION_ABSENT::g1103::m2101,rotation,ico_04,full_reassociation,EXACT,EXACT,0.0,0.0,false
END_FACE_TRANSITION_ABSENT,1103,2101,dev::END_FACE_TRANSITION_ABSENT::g1103::m2101,rotation,ico_05,frozen_jacobian,EXACT,EXACT,0.0,0.0,false
END_FACE_TRANSITION_ABSENT,1103,2101,dev::END_FACE_TRANSITION_ABSENT::g1103::m2101,rotation,ico_05,full_reassociation,EXACT,EXACT,0.0,0.0,false
END_FACE_TRANSITION_ABSENT,1103,2101,dev::END_FACE_TRANSITION_ABSENT::g1103::m2101,rotation,ico_06,frozen_jacobian,EXACT,EXACT,0.0,0.0,false
END_FACE_TRANSITION_ABSENT,1103,2101,dev::END_FACE_TRANSITION_ABSENT::g1103::m2101,rotation,ico_06,full_reassociation,EXACT,EXACT,0.0,0.0,false
END_FACE_TRANSITION_ABSENT,1103,2101,dev::END_FACE_TRANSITION_ABSENT::g1103::m2101,rotation,ico_07,frozen_jacobian,EXACT,EXACT,0.0,0.0,false
END_FACE_TRANSITION_ABSENT,1103,2101,dev::END_FACE_TRANSITION_ABSENT::g1103::m2101,rotation,ico_07,full_reassociation,EXACT,EXACT,0.0,0.0,false
END_FACE_TRANSITION_ABSENT,1103,2101,dev::END_FACE_TRANSITION_ABSENT::g1103::m2101,rotation,ico_08,frozen_jacobian,EXACT,EXACT,0.0,0.0,false
END_FACE_TRANSITION_ABSENT,1103,2101,dev::END_FACE_TRANSITION_ABSENT::g1103::m2101,rotation,ico_08,full_reassociation,EXACT,EXACT,0.0,0.0,false
END_FACE_TRANSITION_ABSENT,1103,2101,dev::END_FACE_TRANSITION_ABSENT::g1103::m2101,rotation,ico_09,frozen_jacobian,EXACT,EXACT,0.0,0.0,false
END_FACE_TRANSITION_ABSENT,1103,2101,dev::END_FACE_TRANSITION_ABSENT::g1103::m2101,rotation,ico_09,full_reassociation,EXACT,EXACT,0.0,0.0,false
END_FACE_TRANSITION_ABSENT,1103,2101,dev::END_FACE_TRANSITION_ABSENT::g1103::m2101,rotation,ico_10,frozen_jacobian,EXACT,EXACT,0.0,0.0,false
END_FACE_TRANSITION_ABSENT,1103,2101,dev::END_FACE_TRANSITION_ABSENT::g1103::m2101,rotation,ico_10,full_reassociation,EXACT,EXACT,0.0,0.0,false
END_FACE_TRANSITION_ABSENT,1103,2101,dev::END_FACE_TRANSITION_ABSENT::g1103::m2101,rotation,ico_11,frozen_jacobian,EXACT,EXACT,0.0,0.0,false
END_FACE_TRANSITION_ABSENT,1103,2101,dev::END_FACE_TRANSITION_ABSENT::g1103::m2101,rotation,ico_11,full_reassociation,EXACT,EXACT,0.0,0.0,false
END_FACE_TRANSITION_ABSENT,1103,2101,dev::END_FACE_TRANSITION_ABSENT::g1103::m2101,rotation,neg_x,frozen_jacobian,EXACT,EXACT,0.0,0.0,false
END_FACE_TRANSITION_ABSENT,1103,2101,dev::END_FACE_TRANSITION_ABSENT::g1103::m2101,rotation,neg_x,full_reassociation,EXACT,EXACT,0.0,0.0,false
END_FACE_TRANSITION_ABSENT,1103,2101,dev::END_FACE_TRANSITION_ABSENT::g1103::m2101,rotation,neg_y,frozen_jacobian,EXACT,EXACT,0.0,0.0,false
END_FACE_TRANSITION_ABSENT,1103,2101,dev::END_FACE_TRANSITION_ABSENT::g1103::m2101,rotation,neg_y,full_reassociation,EXACT,EXACT,0.0,0.0,false
END_FACE_TRANSITION_ABSENT,1103,2101,dev::END_FACE_TRANSITION_ABSENT::g1103::m2101,rotation,neg_z,frozen_jacobian,EXACT,EXACT,0.0,0.0,false
END_FACE_TRANSITION_ABSENT,1103,2101,dev::END_FACE_TRANSITION_ABSENT::g1103::m2101,rotation,neg_z,full_reassociation,EXACT,EXACT,0.0,0.0,false
END_FACE_TRANSITION_ABSENT,1103,2101,dev::END_FACE_TRANSITION_ABSENT::g1103::m2101,rotation,pos_x,frozen_jacobian,EXACT,EXACT,0.0,0.0,false
END_FACE_TRANSITION_ABSENT,1103,2101,dev::END_FACE_TRANSITION_ABSENT::g1103::m2101,rotation,pos_x,full_reassociation,EXACT,EXACT,0.0,0.0,false
END_FACE_TRANSITION_ABSENT,1103,2101,dev::END_FACE_TRANSITION_ABSENT::g1103::m2101,rotation,pos_y,frozen_jacobian,EXACT,EXACT,0.0,0.0,false
END_FACE_TRANSITION_ABSENT,1103,2101,dev::END_FACE_TRANSITION_ABSENT::g1103::m2101,rotation,pos_y,full_reassociation,EXACT,EXACT,0.0,0.0,false
END_FACE_TRANSITION_ABSENT,1103,2101,dev::END_FACE_TRANSITION_ABSENT::g1103::m2101,rotation,pos_z,frozen_jacobian,EXACT,EXACT,0.0,0.0,false
END_FACE_TRANSITION_ABSENT,1103,2101,dev::END_FACE_TRANSITION_ABSENT::g1103::m2101,rotation,pos_z,full_reassociation,EXACT,EXACT,0.0,0.0,false
END_FACE_TRANSITION_ABSENT,1103,2101,dev::END_FACE_TRANSITION_ABSENT::g1103::m2101,translation,ico_00,frozen_jacobian,EXACT,EXACT,0.0,0.0,false
END_FACE_TRANSITION_ABSENT,1103,2101,dev::END_FACE_TRANSITION_ABSENT::g1103::m2101,translation,ico_00,full_reassociation,EXACT,EXACT,0.0,0.0,false
END_FACE_TRANSITION_ABSENT,1103,2101,dev::END_FACE_TRANSITION_ABSENT::g1103::m2101,translation,ico_01,frozen_jacobian,EXACT,EXACT,0.0,0.0,false
END_FACE_TRANSITION_ABSENT,1103,2101,dev::END_FACE_TRANSITION_ABSENT::g1103::m2101,translation,ico_01,full_reassociation,EXACT,EXACT,0.0,0.0,false
END_FACE_TRANSITION_ABSENT,1103,2101,dev::END_FACE_TRANSITION_ABSENT::g1103::m2101,translation,ico_02,frozen_jacobian,EXACT,EXACT,0.0,0.0,false
END_FACE_TRANSITION_ABSENT,1103,2101,dev::END_FACE_TRANSITION_ABSENT::g1103::m2101,translation,ico_02,full_reassociation,EXACT,EXACT,0.0,0.0,false
END_FACE_TRANSITION_ABSENT,1103,2101,dev::END_FACE_TRANSITION_ABSENT::g1103::m2101,translation,ico_03,frozen_jacobian,EXACT,EXACT,0.0,0.0,false
END_FACE_TRANSITION_ABSENT,1103,2101,dev::END_FACE_TRANSITION_ABSENT::g1103::m2101,translation,ico_03,full_reassociation,EXACT,EXACT,0.0,0.0,false
END_FACE_TRANSITION_ABSENT,1103,2101,dev::END_FACE_TRANSITION_ABSENT::g1103::m2101,translation,ico_04,frozen_jacobian,EXACT,EXACT,0.0,0.0,false
END_FACE_TRANSITION_ABSENT,1103,2101,dev::END_FACE_TRANSITION_ABSENT::g1103::m2101,translation,ico_04,full_reassociation,EXACT,EXACT,0.0,0.0,false
END_FACE_TRANSITION_ABSENT,1103,2101,dev::END_FACE_TRANSITION_ABSENT::g1103::m2101,translation,ico_05,frozen_jacobian,EXACT,EXACT,0.0,0.0,false
END_FACE_TRANSITION_ABSENT,1103,2101,dev::END_FACE_TRANSITION_ABSENT::g1103::m2101,translation,ico_05,full_reassociation,EXACT,EXACT,0.0,0.0,false
END_FACE_TRANSITION_ABSENT,1103,2101,dev::END_FACE_TRANSITION_ABSENT::g1103::m2101,translation,ico_06,frozen_jacobian,EXACT,EXACT,0.0,0.0,false
END_FACE_TRANSITION_ABSENT,1103,2101,dev::END_FACE_TRANSITION_ABSENT::g1103::m2101,translation,ico_06,full_reassociation,EXACT,EXACT,0.0,0.0,false
END_FACE_TRANSITION_ABSENT,1103,2101,dev::END_FACE_TRANSITION_ABSENT::g1103::m2101,translation,ico_07,frozen_jacobian,EXACT,EXACT,0.0,0.0,false
END_FACE_TRANSITION_ABSENT,1103,2101,dev::END_FACE_TRANSITION_ABSENT::g1103::m2101,translation,ico_07,full_reassociation,EXACT,EXACT,0.0,0.0,false
END_FACE_TRANSITION_ABSENT,1103,2101,dev::END_FACE_TRANSITION_ABSENT::g1103::m2101,translation,ico_08,frozen_jacobian,EXACT,EXACT,0.0,0.0,false
END_FACE_TRANSITION_ABSENT,1103,2101,dev::END_FACE_TRANSITION_ABSENT::g1103::m2101,translation,ico_08,full_reassociation,EXACT,EXACT,0.0,0.0,false
END_FACE_TRANSITION_ABSENT,1103,2101,dev::END_FACE_TRANSITION_ABSENT::g1103::m2101,translation,ico_09,frozen_jacobian,EXACT,EXACT,0.0,0.0,false
END_FACE_TRANSITION_ABSENT,1103,2101,dev::END_FACE_TRANSITION_ABSENT::g1103::m2101,translation,ico_09,full_reassociation,EXACT,EXACT,0.0,0.0,false
END_FACE_TRANSITION_ABSENT,1103,2101,dev::END_FACE_TRANSITION_ABSENT::g1103::m2101,translation,ico_10,frozen_jacobian,EXACT,EXACT,0.0,0.0,false
END_FACE_TRANSITION_ABSENT,1103,2101,dev::END_FACE_TRANSITION_ABSENT::g1103::m2101,translation,ico_10,full_reassociation,EXACT,EXACT,0.0,0.0,false
END_FACE_TRANSITION_ABSENT,1103,2101,dev::END_FACE_TRANSITION_ABSENT::g1103::m2101,translation,ico_11,frozen_jacobian,EXACT,EXACT,0.0,0.0,false
END_FACE_TRANSITION_ABSENT,1103,2101,dev::END_FACE_TRANSITION_ABSENT::g1103::m2101,translation,ico_11,full_reassociation,EXACT,EXACT,0.0,0.0,false
END_FACE_TRANSITION_ABSENT,1103,2101,dev::END_FACE_TRANSITION_ABSENT::g1103::m2101,translation,neg_x,frozen_jacobian,EXACT,EXACT,0.0,0.0,false
END_FACE_TRANSITION_ABSENT,1103,2101,dev::END_FACE_TRANSITION_ABSENT::g1103::m2101,translation,neg_x,full_reassociation,EXACT,EXACT,0.0,0.0,false
END_FACE_TRANSITION_ABSENT,1103,2101,dev::END_FACE_TRANSITION_ABSENT::g1103::m2101,translation,neg_y,frozen_jacobian,EXACT,EXACT,0.0,0.0,false
END_FACE_TRANSITION_ABSENT,1103,2101,dev::END_FACE_TRANSITION_ABSENT::g1103::m2101,translation,neg_y,full_reassociation,EXACT,EXACT,0.0,0.0,false
END_FACE_TRANSITION_ABSENT,1103,2101,dev::END_FACE_TRANSITION_ABSENT::g1103::m2101,translation,neg_z,frozen_jacobian,EXACT,EXACT,0.0,0.0,false
END_FACE_TRANSITION_ABSENT,1103,2101,dev::END_FACE_TRANSITION_ABSENT::g1103::m2101,translation,neg_z,full_reassociation,EXACT,EXACT,0.0,0.0,false
END_FACE_TRANSITION_ABSENT,1103,2101,dev::END_FACE_TRANSITION_ABSENT::g1103::m2101,translation,pos_x,frozen_jacobian,EXACT,EXACT,0.0,0.0,false
END_FACE_TRANSITION_ABSENT,1103,2101,dev::END_FACE_TRANSITION_ABSENT::g1103::m2101,translation,pos_x,full_reassociation,EXACT,EXACT,0.0,0.0,false
END_FACE_TRANSITION_ABSENT,1103,2101,dev::END_FACE_TRANSITION_ABSENT::g1103::m2101,translation,pos_y,frozen_jacobian,EXACT,EXACT,0.0,0.0,false
END_FACE_TRANSITION_ABSENT,1103,2101,dev::END_FACE_TRANSITION_ABSENT::g1103::m2101,translation,pos_y,full_reassociation,EXACT,EXACT,0.0,0.0,false
END_FACE_TRANSITION_ABSENT,1103,2101,dev::END_FACE_TRANSITION_ABSENT::g1103::m2101,translation,pos_z,frozen_jacobian,EXACT,EXACT,0.0,0.0,false
END_FACE_TRANSITION_ABSENT,1103,2101,dev::END_FACE_TRANSITION_ABSENT::g1103::m2101,translation,pos_z,full_reassociation,EXACT,EXACT,0.0,0.0,false
END_FACE_TRANSITION_ABSENT,1103,2111,dev::END_FACE_TRANSITION_ABSENT::g1103::m2111,rotation,ico_00,frozen_jacobian,EXACT,EXACT,0.0,0.0,false
END_FACE_TRANSITION_ABSENT,1103,2111,dev::END_FACE_TRANSITION_ABSENT::g1103::m2111,rotation,ico_00,full_reassociation,EXACT,EXACT,0.0,0.0,false
END_FACE_TRANSITION_ABSENT,1103,2111,dev::END_FACE_TRANSITION_ABSENT::g1103::m2111,rotation,ico_01,frozen_jacobian,EXACT,EXACT,0.0,0.0,false
END_FACE_TRANSITION_ABSENT,1103,2111,dev::END_FACE_TRANSITION_ABSENT::g1103::m2111,rotation,ico_01,full_reassociation,EXACT,EXACT,0.0,0.0,false
END_FACE_TRANSITION_ABSENT,1103,2111,dev::END_FACE_TRANSITION_ABSENT::g1103::m2111,rotation,ico_02,frozen_jacobian,EXACT,EXACT,0.0,0.0,false
END_FACE_TRANSITION_ABSENT,1103,2111,dev::END_FACE_TRANSITION_ABSENT::g1103::m2111,rotation,ico_02,full_reassociation,EXACT,EXACT,0.0,0.0,false
END_FACE_TRANSITION_ABSENT,1103,2111,dev::END_FACE_TRANSITION_ABSENT::g1103::m2111,rotation,ico_03,frozen_jacobian,EXACT,EXACT,0.0,0.0,false
END_FACE_TRANSITION_ABSENT,1103,2111,dev::END_FACE_TRANSITION_ABSENT::g1103::m2111,rotation,ico_03,full_reassociation,EXACT,EXACT,0.0,0.0,false
END_FACE_TRANSITION_ABSENT,1103,2111,dev::END_FACE_TRANSITION_ABSENT::g1103::m2111,rotation,ico_04,frozen_jacobian,EXACT,EXACT,0.0,0.0,false
END_FACE_TRANSITION_ABSENT,1103,2111,dev::END_FACE_TRANSITION_ABSENT::g1103::m2111,rotation,ico_04,full_reassociation,EXACT,EXACT,0.0,0.0,false
END_FACE_TRANSITION_ABSENT,1103,2111,dev::END_FACE_TRANSITION_ABSENT::g1103::m2111,rotation,ico_05,frozen_jacobian,EXACT,EXACT,0.0,0.0,false
END_FACE_TRANSITION_ABSENT,1103,2111,dev::END_FACE_TRANSITION_ABSENT::g1103::m2111,rotation,ico_05,full_reassociation,EXACT,EXACT,0.0,0.0,false
END_FACE_TRANSITION_ABSENT,1103,2111,dev::END_FACE_TRANSITION_ABSENT::g1103::m2111,rotation,ico_06,frozen_jacobian,EXACT,EXACT,0.0,0.0,false
END_FACE_TRANSITION_ABSENT,1103,2111,dev::END_FACE_TRANSITION_ABSENT::g1103::m2111,rotation,ico_06,full_reassociation,EXACT,EXACT,0.0,0.0,false
END_FACE_TRANSITION_ABSENT,1103,2111,dev::END_FACE_TRANSITION_ABSENT::g1103::m2111,rotation,ico_07,frozen_jacobian,EXACT,EXACT,0.0,0.0,false
END_FACE_TRANSITION_ABSENT,1103,2111,dev::END_FACE_TRANSITION_ABSENT::g1103::m2111,rotation,ico_07,full_reassociation,EXACT,EXACT,0.0,0.0,false
END_FACE_TRANSITION_ABSENT,1103,2111,dev::END_FACE_TRANSITION_ABSENT::g1103::m2111,rotation,ico_08,frozen_jacobian,EXACT,EXACT,0.0,0.0,false
END_FACE_TRANSITION_ABSENT,1103,2111,dev::END_FACE_TRANSITION_ABSENT::g1103::m2111,rotation,ico_08,full_reassociation,EXACT,EXACT,0.0,0.0,false
END_FACE_TRANSITION_ABSENT,1103,2111,dev::END_FACE_TRANSITION_ABSENT::g1103::m2111,rotation,ico_09,frozen_jacobian,EXACT,EXACT,0.0,0.0,false
END_FACE_TRANSITION_ABSENT,1103,2111,dev::END_FACE_TRANSITION_ABSENT::g1103::m2111,rotation,ico_09,full_reassociation,EXACT,EXACT,0.0,0.0,false
END_FACE_TRANSITION_ABSENT,1103,2111,dev::END_FACE_TRANSITION_ABSENT::g1103::m2111,rotation,ico_10,frozen_jacobian,EXACT,EXACT,0.0,0.0,false
END_FACE_TRANSITION_ABSENT,1103,2111,dev::END_FACE_TRANSITION_ABSENT::g1103::m2111,rotation,ico_10,full_reassociation,EXACT,EXACT,0.0,0.0,false
END_FACE_TRANSITION_ABSENT,1103,2111,dev::END_FACE_TRANSITION_ABSENT::g1103::m2111,rotation,ico_11,frozen_jacobian,EXACT,EXACT,0.0,0.0,false
END_FACE_TRANSITION_ABSENT,1103,2111,dev::END_FACE_TRANSITION_ABSENT::g1103::m2111,rotation,ico_11,full_reassociation,EXACT,EXACT,0.0,0.0,false
END_FACE_TRANSITION_ABSENT,1103,2111,dev::END_FACE_TRANSITION_ABSENT::g1103::m2111,rotation,neg_x,frozen_jacobian,EXACT,EXACT,0.0,0.0,false
END_FACE_TRANSITION_ABSENT,1103,2111,dev::END_FACE_TRANSITION_ABSENT::g1103::m2111,rotation,neg_x,full_reassociation,EXACT,EXACT,0.0,0.0,false
END_FACE_TRANSITION_ABSENT,1103,2111,dev::END_FACE_TRANSITION_ABSENT::g1103::m2111,rotation,neg_y,frozen_jacobian,EXACT,EXACT,0.0,0.0,false
END_FACE_TRANSITION_ABSENT,1103,2111,dev::END_FACE_TRANSITION_ABSENT::g1103::m2111,rotation,neg_y,full_reassociation,EXACT,EXACT,0.0,0.0,false
END_FACE_TRANSITION_ABSENT,1103,2111,dev::END_FACE_TRANSITION_ABSENT::g1103::m2111,rotation,neg_z,frozen_jacobian,EXACT,EXACT,0.0,0.0,false
END_FACE_TRANSITION_ABSENT,1103,2111,dev::END_FACE_TRANSITION_ABSENT::g1103::m2111,rotation,neg_z,full_reassociation,EXACT,EXACT,0.0,0.0,false
END_FACE_TRANSITION_ABSENT,1103,2111,dev::END_FACE_TRANSITION_ABSENT::g1103::m2111,rotation,pos_x,frozen_jacobian,EXACT,EXACT,0.0,0.0,false
END_FACE_TRANSITION_ABSENT,1103,2111,dev::END_FACE_TRANSITION_ABSENT::g1103::m2111,rotation,pos_x,full_reassociation,EXACT,EXACT,0.0,0.0,false
END_FACE_TRANSITION_ABSENT,1103,2111,dev::END_FACE_TRANSITION_ABSENT::g1103::m2111,rotation,pos_y,frozen_jacobian,EXACT,EXACT,0.0,0.0,false
END_FACE_TRANSITION_ABSENT,1103,2111,dev::END_FACE_TRANSITION_ABSENT::g1103::m2111,rotation,pos_y,full_reassociation,EXACT,EXACT,0.0,0.0,false
END_FACE_TRANSITION_ABSENT,1103,2111,dev::END_FACE_TRANSITION_ABSENT::g1103::m2111,rotation,pos_z,frozen_jacobian,EXACT,EXACT,0.0,0.0,false
END_FACE_TRANSITION_ABSENT,1103,2111,dev::END_FACE_TRANSITION_ABSENT::g1103::m2111,rotation,pos_z,full_reassociation,EXACT,EXACT,0.0,0.0,false
END_FACE_TRANSITION_ABSENT,1103,2111,dev::END_FACE_TRANSITION_ABSENT::g1103::m2111,translation,ico_00,frozen_jacobian,EXACT,EXACT,0.0,0.0,false
END_FACE_TRANSITION_ABSENT,1103,2111,dev::END_FACE_TRANSITION_ABSENT::g1103::m2111,translation,ico_00,full_reassociation,EXACT,EXACT,0.0,0.0,false
END_FACE_TRANSITION_ABSENT,1103,2111,dev::END_FACE_TRANSITION_ABSENT::g1103::m2111,translation,ico_01,frozen_jacobian,EXACT,EXACT,0.0,0.0,false
END_FACE_TRANSITION_ABSENT,1103,2111,dev::END_FACE_TRANSITION_ABSENT::g1103::m2111,translation,ico_01,full_reassociation,EXACT,EXACT,0.0,0.0,false
END_FACE_TRANSITION_ABSENT,1103,2111,dev::END_FACE_TRANSITION_ABSENT::g1103::m2111,translation,ico_02,frozen_jacobian,EXACT,EXACT,0.0,0.0,false
END_FACE_TRANSITION_ABSENT,1103,2111,dev::END_FACE_TRANSITION_ABSENT::g1103::m2111,translation,ico_02,full_reassociation,EXACT,EXACT,0.0,0.0,false
END_FACE_TRANSITION_ABSENT,1103,2111,dev::END_FACE_TRANSITION_ABSENT::g1103::m2111,translation,ico_03,frozen_jacobian,EXACT,EXACT,0.0,0.0,false
END_FACE_TRANSITION_ABSENT,1103,2111,dev::END_FACE_TRANSITION_ABSENT::g1103::m2111,translation,ico_03,full_reassociation,EXACT,EXACT,0.0,0.0,false
END_FACE_TRANSITION_ABSENT,1103,2111,dev::END_FACE_TRANSITION_ABSENT::g1103::m2111,translation,ico_04,frozen_jacobian,EXACT,EXACT,0.0,0.0,false
END_FACE_TRANSITION_ABSENT,1103,2111,dev::END_FACE_TRANSITION_ABSENT::g1103::m2111,translation,ico_04,full_reassociation,EXACT,EXACT,0.0,0.0,false
END_FACE_TRANSITION_ABSENT,1103,2111,dev::END_FACE_TRANSITION_ABSENT::g1103::m2111,translation,ico_05,frozen_jacobian,EXACT,EXACT,0.0,0.0,false
END_FACE_TRANSITION_ABSENT,1103,2111,dev::END_FACE_TRANSITION_ABSENT::g1103::m2111,translation,ico_05,full_reassociation,EXACT,EXACT,0.0,0.0,false
END_FACE_TRANSITION_ABSENT,1103,2111,dev::END_FACE_TRANSITION_ABSENT::g1103::m2111,translation,ico_06,frozen_jacobian,EXACT,EXACT,0.0,0.0,false
END_FACE_TRANSITION_ABSENT,1103,2111,dev::END_FACE_TRANSITION_ABSENT::g1103::m2111,translation,ico_06,full_reassociation,EXACT,EXACT,0.0,0.0,false
END_FACE_TRANSITION_ABSENT,1103,2111,dev::END_FACE_TRANSITION_ABSENT::g1103::m2111,translation,ico_07,frozen_jacobian,EXACT,EXACT,0.0,0.0,false
END_FACE_TRANSITION_ABSENT,1103,2111,dev::END_FACE_TRANSITION_ABSENT::g1103::m2111,translation,ico_07,full_reassociation,EXACT,EXACT,0.0,0.0,false
END_FACE_TRANSITION_ABSENT,1103,2111,dev::END_FACE_TRANSITION_ABSENT::g1103::m2111,translation,ico_08,frozen_jacobian,EXACT,EXACT,0.0,0.0,false
END_FACE_TRANSITION_ABSENT,1103,2111,dev::END_FACE_TRANSITION_ABSENT::g1103::m2111,translation,ico_08,full_reassociation,EXACT,EXACT,0.0,0.0,false
END_FACE_TRANSITION_ABSENT,1103,2111,dev::END_FACE_TRANSITION_ABSENT::g1103::m2111,translation,ico_09,frozen_jacobian,EXACT,EXACT,0.0,0.0,false
END_FACE_TRANSITION_ABSENT,1103,2111,dev::END_FACE_TRANSITION_ABSENT::g1103::m2111,translation,ico_09,full_reassociation,EXACT,EXACT,0.0,0.0,false
END_FACE_TRANSITION_ABSENT,1103,2111,dev::END_FACE_TRANSITION_ABSENT::g1103::m2111,translation,ico_10,frozen_jacobian,EXACT,EXACT,0.0,0.0,false
END_FACE_TRANSITION_ABSENT,1103,2111,dev::END_FACE_TRANSITION_ABSENT::g1103::m2111,translation,ico_10,full_reassociation,EXACT,EXACT,0.0,0.0,false
END_FACE_TRANSITION_ABSENT,1103,2111,dev::END_FACE_TRANSITION_ABSENT::g1103::m2111,translation,ico_11,frozen_jacobian,EXACT,EXACT,0.0,0.0,false
END_FACE_TRANSITION_ABSENT,1103,2111,dev::END_FACE_TRANSITION_ABSENT::g1103::m2111,translation,ico_11,full_reassociation,EXACT,EXACT,0.0,0.0,false
END_FACE_TRANSITION_ABSENT,1103,2111,dev::END_FACE_TRANSITION_ABSENT::g1103::m2111,translation,neg_x,frozen_jacobian,EXACT,EXACT,0.0,0.0,false
END_FACE_TRANSITION_ABSENT,1103,2111,dev::END_FACE_TRANSITION_ABSENT::g1103::m2111,translation,neg_x,full_reassociation,EXACT,EXACT,0.0,0.0,false
END_FACE_TRANSITION_ABSENT,1103,2111,dev::END_FACE_TRANSITION_ABSENT::g1103::m2111,translation,neg_y,frozen_jacobian,EXACT,EXACT,0.0,0.0,false
END_FACE_TRANSITION_ABSENT,1103,2111,dev::END_FACE_TRANSITION_ABSENT::g1103::m2111,translation,neg_y,full_reassociation,EXACT,EXACT,0.0,0.0,false
END_FACE_TRANSITION_ABSENT,1103,2111,dev::END_FACE_TRANSITION_ABSENT::g1103::m2111,translation,neg_z,frozen_jacobian,EXACT,EXACT,0.0,0.0,false
END_FACE_TRANSITION_ABSENT,1103,2111,dev::END_FACE_TRANSITION_ABSENT::g1103::m2111,translation,neg_z,full_reassociation,EXACT,EXACT,0.0,0.0,false
END_FACE_TRANSITION_ABSENT,1103,2111,dev::END_FACE_TRANSITION_ABSENT::g1103::m2111,translation,pos_x,frozen_jacobian,EXACT,EXACT,0.0,0.0,false
END_FACE_TRANSITION_ABSENT,1103,2111,dev::END_FACE_TRANSITION_ABSENT::g1103::m2111,translation,pos_x,full_reassociation,EXACT,EXACT,0.0,0.0,false
END_FACE_TRANSITION_ABSENT,1103,2111,dev::END_FACE_TRANSITION_ABSENT::g1103::m2111,translation,pos_y,frozen_jacobian,EXACT,EXACT,0.0,0.0,false
END_FACE_TRANSITION_ABSENT,1103,2111,dev::END_FACE_TRANSITION_ABSENT::g1103::m2111,translation,pos_y,full_reassociation,EXACT,EXACT,0.0,0.0,false
END_FACE_TRANSITION_ABSENT,1103,2111,dev::END_FACE_TRANSITION_ABSENT::g1103::m2111,translation,pos_z,frozen_jacobian,EXACT,EXACT,0.0,0.0,false
END_FACE_TRANSITION_ABSENT,1103,2111,dev::END_FACE_TRANSITION_ABSENT::g1103::m2111,translation,pos_z,full_reassociation,EXACT,EXACT,0.0,0.0,false
END_FACE_TRANSITION_ABSENT,1107,2101,dev::END_FACE_TRANSITION_ABSENT::g1107::m2101,rotation,ico_00,frozen_jacobian,EXACT,EXACT,0.0,0.0,false
END_FACE_TRANSITION_ABSENT,1107,2101,dev::END_FACE_TRANSITION_ABSENT::g1107::m2101,rotation,ico_00,full_reassociation,EXACT,EXACT,0.0,0.0,false
END_FACE_TRANSITION_ABSENT,1107,2101,dev::END_FACE_TRANSITION_ABSENT::g1107::m2101,rotation,ico_01,frozen_jacobian,EXACT,EXACT,0.0,0.0,false
END_FACE_TRANSITION_ABSENT,1107,2101,dev::END_FACE_TRANSITION_ABSENT::g1107::m2101,rotation,ico_01,full_reassociation,EXACT,EXACT,0.0,0.0,false
END_FACE_TRANSITION_ABSENT,1107,2101,dev::END_FACE_TRANSITION_ABSENT::g1107::m2101,rotation,ico_02,frozen_jacobian,EXACT,EXACT,0.0,0.0,false
END_FACE_TRANSITION_ABSENT,1107,2101,dev::END_FACE_TRANSITION_ABSENT::g1107::m2101,rotation,ico_02,full_reassociation,EXACT,EXACT,0.0,0.0,false
END_FACE_TRANSITION_ABSENT,1107,2101,dev::END_FACE_TRANSITION_ABSENT::g1107::m2101,rotation,ico_03,frozen_jacobian,EXACT,EXACT,0.0,0.0,false
END_FACE_TRANSITION_ABSENT,1107,2101,dev::END_FACE_TRANSITION_ABSENT::g1107::m2101,rotation,ico_03,full_reassociation,EXACT,EXACT,0.0,0.0,false
END_FACE_TRANSITION_ABSENT,1107,2101,dev::END_FACE_TRANSITION_ABSENT::g1107::m2101,rotation,ico_04,frozen_jacobian,EXACT,EXACT,0.0,0.0,false
END_FACE_TRANSITION_ABSENT,1107,2101,dev::END_FACE_TRANSITION_ABSENT::g1107::m2101,rotation,ico_04,full_reassociation,EXACT,EXACT,0.0,0.0,false
END_FACE_TRANSITION_ABSENT,1107,2101,dev::END_FACE_TRANSITION_ABSENT::g1107::m2101,rotation,ico_05,frozen_jacobian,EXACT,EXACT,0.0,0.0,false
END_FACE_TRANSITION_ABSENT,1107,2101,dev::END_FACE_TRANSITION_ABSENT::g1107::m2101,rotation,ico_05,full_reassociation,EXACT,EXACT,0.0,0.0,false
END_FACE_TRANSITION_ABSENT,1107,2101,dev::END_FACE_TRANSITION_ABSENT::g1107::m2101,rotation,ico_06,frozen_jacobian,EXACT,EXACT,0.0,0.0,false
END_FACE_TRANSITION_ABSENT,1107,2101,dev::END_FACE_TRANSITION_ABSENT::g1107::m2101,rotation,ico_06,full_reassociation,EXACT,EXACT,0.0,0.0,false
END_FACE_TRANSITION_ABSENT,1107,2101,dev::END_FACE_TRANSITION_ABSENT::g1107::m2101,rotation,ico_07,frozen_jacobian,EXACT,EXACT,0.0,0.0,false
END_FACE_TRANSITION_ABSENT,1107,2101,dev::END_FACE_TRANSITION_ABSENT::g1107::m2101,rotation,ico_07,full_reassociation,EXACT,EXACT,0.0,0.0,false
END_FACE_TRANSITION_ABSENT,1107,2101,dev::END_FACE_TRANSITION_ABSENT::g1107::m2101,rotation,ico_08,frozen_jacobian,EXACT,EXACT,0.0,0.0,false
END_FACE_TRANSITION_ABSENT,1107,2101,dev::END_FACE_TRANSITION_ABSENT::g1107::m2101,rotation,ico_08,full_reassociation,EXACT,EXACT,0.0,0.0,false
END_FACE_TRANSITION_ABSENT,1107,2101,dev::END_FACE_TRANSITION_ABSENT::g1107::m2101,rotation,ico_09,frozen_jacobian,EXACT,EXACT,0.0,0.0,false
END_FACE_TRANSITION_ABSENT,1107,2101,dev::END_FACE_TRANSITION_ABSENT::g1107::m2101,rotation,ico_09,full_reassociation,EXACT,EXACT,0.0,0.0,false
END_FACE_TRANSITION_ABSENT,1107,2101,dev::END_FACE_TRANSITION_ABSENT::g1107::m2101,rotation,ico_10,frozen_jacobian,EXACT,EXACT,0.0,0.0,false
END_FACE_TRANSITION_ABSENT,1107,2101,dev::END_FACE_TRANSITION_ABSENT::g1107::m2101,rotation,ico_10,full_reassociation,EXACT,EXACT,0.0,0.0,false
END_FACE_TRANSITION_ABSENT,1107,2101,dev::END_FACE_TRANSITION_ABSENT::g1107::m2101,rotation,ico_11,frozen_jacobian,EXACT,EXACT,0.0,0.0,false
END_FACE_TRANSITION_ABSENT,1107,2101,dev::END_FACE_TRANSITION_ABSENT::g1107::m2101,rotation,ico_11,full_reassociation,EXACT,EXACT,0.0,0.0,false
END_FACE_TRANSITION_ABSENT,1107,2101,dev::END_FACE_TRANSITION_ABSENT::g1107::m2101,rotation,neg_x,frozen_jacobian,EXACT,EXACT,0.0,0.0,false
END_FACE_TRANSITION_ABSENT,1107,2101,dev::END_FACE_TRANSITION_ABSENT::g1107::m2101,rotation,neg_x,full_reassociation,EXACT,EXACT,0.0,0.0,false
END_FACE_TRANSITION_ABSENT,1107,2101,dev::END_FACE_TRANSITION_ABSENT::g1107::m2101,rotation,neg_y,frozen_jacobian,EXACT,EXACT,0.0,0.0,false
END_FACE_TRANSITION_ABSENT,1107,2101,dev::END_FACE_TRANSITION_ABSENT::g1107::m2101,rotation,neg_y,full_reassociation,EXACT,EXACT,0.0,0.0,false
END_FACE_TRANSITION_ABSENT,1107,2101,dev::END_FACE_TRANSITION_ABSENT::g1107::m2101,rotation,neg_z,frozen_jacobian,EXACT,EXACT,0.0,0.0,false
END_FACE_TRANSITION_ABSENT,1107,2101,dev::END_FACE_TRANSITION_ABSENT::g1107::m2101,rotation,neg_z,full_reassociation,EXACT,EXACT,0.0,0.0,false
END_FACE_TRANSITION_ABSENT,1107,2101,dev::END_FACE_TRANSITION_ABSENT::g1107::m2101,rotation,pos_x,frozen_jacobian,EXACT,EXACT,0.0,0.0,false
END_FACE_TRANSITION_ABSENT,1107,2101,dev::END_FACE_TRANSITION_ABSENT::g1107::m2101,rotation,pos_x,full_reassociation,EXACT,EXACT,0.0,0.0,false
END_FACE_TRANSITION_ABSENT,1107,2101,dev::END_FACE_TRANSITION_ABSENT::g1107::m2101,rotation,pos_y,frozen_jacobian,EXACT,EXACT,0.0,0.0,false
END_FACE_TRANSITION_ABSENT,1107,2101,dev::END_FACE_TRANSITION_ABSENT::g1107::m2101,rotation,pos_y,full_reassociation,EXACT,EXACT,0.0,0.0,false
END_FACE_TRANSITION_ABSENT,1107,2101,dev::END_FACE_TRANSITION_ABSENT::g1107::m2101,rotation,pos_z,frozen_jacobian,EXACT,EXACT,0.0,0.0,false
END_FACE_TRANSITION_ABSENT,1107,2101,dev::END_FACE_TRANSITION_ABSENT::g1107::m2101,rotation,pos_z,full_reassociation,EXACT,EXACT,0.0,0.0,false
END_FACE_TRANSITION_ABSENT,1107,2101,dev::END_FACE_TRANSITION_ABSENT::g1107::m2101,translation,ico_00,frozen_jacobian,EXACT,EXACT,0.0,0.0,false
END_FACE_TRANSITION_ABSENT,1107,2101,dev::END_FACE_TRANSITION_ABSENT::g1107::m2101,translation,ico_00,full_reassociation,EXACT,EXACT,0.0,0.0,false
END_FACE_TRANSITION_ABSENT,1107,2101,dev::END_FACE_TRANSITION_ABSENT::g1107::m2101,translation,ico_01,frozen_jacobian,EXACT,EXACT,0.0,0.0,false
END_FACE_TRANSITION_ABSENT,1107,2101,dev::END_FACE_TRANSITION_ABSENT::g1107::m2101,translation,ico_01,full_reassociation,EXACT,EXACT,0.0,0.0,false
END_FACE_TRANSITION_ABSENT,1107,2101,dev::END_FACE_TRANSITION_ABSENT::g1107::m2101,translation,ico_02,frozen_jacobian,EXACT,EXACT,0.0,0.0,false
END_FACE_TRANSITION_ABSENT,1107,2101,dev::END_FACE_TRANSITION_ABSENT::g1107::m2101,translation,ico_02,full_reassociation,EXACT,EXACT,0.0,0.0,false
END_FACE_TRANSITION_ABSENT,1107,2101,dev::END_FACE_TRANSITION_ABSENT::g1107::m2101,translation,ico_03,frozen_jacobian,EXACT,EXACT,0.0,0.0,false
END_FACE_TRANSITION_ABSENT,1107,2101,dev::END_FACE_TRANSITION_ABSENT::g1107::m2101,translation,ico_03,full_reassociation,EXACT,EXACT,0.0,0.0,false
END_FACE_TRANSITION_ABSENT,1107,2101,dev::END_FACE_TRANSITION_ABSENT::g1107::m2101,translation,ico_04,frozen_jacobian,EXACT,EXACT,0.0,0.0,false
END_FACE_TRANSITION_ABSENT,1107,2101,dev::END_FACE_TRANSITION_ABSENT::g1107::m2101,translation,ico_04,full_reassociation,EXACT,EXACT,0.0,0.0,false
END_FACE_TRANSITION_ABSENT,1107,2101,dev::END_FACE_TRANSITION_ABSENT::g1107::m2101,translation,ico_05,frozen_jacobian,EXACT,EXACT,0.0,0.0,false
END_FACE_TRANSITION_ABSENT,1107,2101,dev::END_FACE_TRANSITION_ABSENT::g1107::m2101,translation,ico_05,full_reassociation,EXACT,EXACT,0.0,0.0,false
END_FACE_TRANSITION_ABSENT,1107,2101,dev::END_FACE_TRANSITION_ABSENT::g1107::m2101,translation,ico_06,frozen_jacobian,EXACT,EXACT,0.0,0.0,false
END_FACE_TRANSITION_ABSENT,1107,2101,dev::END_FACE_TRANSITION_ABSENT::g1107::m2101,translation,ico_06,full_reassociation,EXACT,EXACT,0.0,0.0,false
END_FACE_TRANSITION_ABSENT,1107,2101,dev::END_FACE_TRANSITION_ABSENT::g1107::m2101,translation,ico_07,frozen_jacobian,EXACT,EXACT,0.0,0.0,false
END_FACE_TRANSITION_ABSENT,1107,2101,dev::END_FACE_TRANSITION_ABSENT::g1107::m2101,translation,ico_07,full_reassociation,EXACT,EXACT,0.0,0.0,false
END_FACE_TRANSITION_ABSENT,1107,2101,dev::END_FACE_TRANSITION_ABSENT::g1107::m2101,translation,ico_08,frozen_jacobian,EXACT,EXACT,0.0,0.0,false
END_FACE_TRANSITION_ABSENT,1107,2101,dev::END_FACE_TRANSITION_ABSENT::g1107::m2101,translation,ico_08,full_reassociation,EXACT,EXACT,0.0,0.0,false
END_FACE_TRANSITION_ABSENT,1107,2101,dev::END_FACE_TRANSITION_ABSENT::g1107::m2101,translation,ico_09,frozen_jacobian,EXACT,EXACT,0.0,0.0,false
END_FACE_TRANSITION_ABSENT,1107,2101,dev::END_FACE_TRANSITION_ABSENT::g1107::m2101,translation,ico_09,full_reassociation,EXACT,EXACT,0.0,0.0,false
END_FACE_TRANSITION_ABSENT,1107,2101,dev::END_FACE_TRANSITION_ABSENT::g1107::m2101,translation,ico_10,frozen_jacobian,EXACT,EXACT,0.0,0.0,false
END_FACE_TRANSITION_ABSENT,1107,2101,dev::END_FACE_TRANSITION_ABSENT::g1107::m2101,translation,ico_10,full_reassociation,EXACT,EXACT,0.0,0.0,false
END_FACE_TRANSITION_ABSENT,1107,2101,dev::END_FACE_TRANSITION_ABSENT::g1107::m2101,translation,ico_11,frozen_jacobian,EXACT,EXACT,0.0,0.0,false
END_FACE_TRANSITION_ABSENT,1107,2101,dev::END_FACE_TRANSITION_ABSENT::g1107::m2101,translation,ico_11,full_reassociation,EXACT,EXACT,0.0,0.0,false
END_FACE_TRANSITION_ABSENT,1107,2101,dev::END_FACE_TRANSITION_ABSENT::g1107::m2101,translation,neg_x,frozen_jacobian,EXACT,EXACT,0.0,0.0,false
END_FACE_TRANSITION_ABSENT,1107,2101,dev::END_FACE_TRANSITION_ABSENT::g1107::m2101,translation,neg_x,full_reassociation,EXACT,EXACT,0.0,0.0,false
END_FACE_TRANSITION_ABSENT,1107,2101,dev::END_FACE_TRANSITION_ABSENT::g1107::m2101,translation,neg_y,frozen_jacobian,EXACT,EXACT,0.0,0.0,false
END_FACE_TRANSITION_ABSENT,1107,2101,dev::END_FACE_TRANSITION_ABSENT::g1107::m2101,translation,neg_y,full_reassociation,EXACT,EXACT,0.0,0.0,false
END_FACE_TRANSITION_ABSENT,1107,2101,dev::END_FACE_TRANSITION_ABSENT::g1107::m2101,translation,neg_z,frozen_jacobian,EXACT,EXACT,0.0,0.0,false
END_FACE_TRANSITION_ABSENT,1107,2101,dev::END_FACE_TRANSITION_ABSENT::g1107::m2101,translation,neg_z,full_reassociation,EXACT,EXACT,0.0,0.0,false
END_FACE_TRANSITION_ABSENT,1107,2101,dev::END_FACE_TRANSITION_ABSENT::g1107::m2101,translation,pos_x,frozen_jacobian,EXACT,EXACT,0.0,0.0,false
END_FACE_TRANSITION_ABSENT,1107,2101,dev::END_FACE_TRANSITION_ABSENT::g1107::m2101,translation,pos_x,full_reassociation,EXACT,EXACT,0.0,0.0,false
END_FACE_TRANSITION_ABSENT,1107,2101,dev::END_FACE_TRANSITION_ABSENT::g1107::m2101,translation,pos_y,frozen_jacobian,EXACT,EXACT,0.0,0.0,false
END_FACE_TRANSITION_ABSENT,1107,2101,dev::END_FACE_TRANSITION_ABSENT::g1107::m2101,translation,pos_y,full_reassociation,EXACT,EXACT,0.0,0.0,false
END_FACE_TRANSITION_ABSENT,1107,2101,dev::END_FACE_TRANSITION_ABSENT::g1107::m2101,translation,pos_z,frozen_jacobian,EXACT,EXACT,0.0,0.0,false
END_FACE_TRANSITION_ABSENT,1107,2101,dev::END_FACE_TRANSITION_ABSENT::g1107::m2101,translation,pos_z,full_reassociation,EXACT,EXACT,0.0,0.0,false
END_FACE_TRANSITION_ABSENT,1107,2111,dev::END_FACE_TRANSITION_ABSENT::g1107::m2111,rotation,ico_00,frozen_jacobian,EXACT,EXACT,0.0,0.0,false
END_FACE_TRANSITION_ABSENT,1107,2111,dev::END_FACE_TRANSITION_ABSENT::g1107::m2111,rotation,ico_00,full_reassociation,EXACT,EXACT,0.0,0.0,false
END_FACE_TRANSITION_ABSENT,1107,2111,dev::END_FACE_TRANSITION_ABSENT::g1107::m2111,rotation,ico_01,frozen_jacobian,EXACT,EXACT,0.0,0.0,false
END_FACE_TRANSITION_ABSENT,1107,2111,dev::END_FACE_TRANSITION_ABSENT::g1107::m2111,rotation,ico_01,full_reassociation,EXACT,EXACT,0.0,0.0,false
END_FACE_TRANSITION_ABSENT,1107,2111,dev::END_FACE_TRANSITION_ABSENT::g1107::m2111,rotation,ico_02,frozen_jacobian,EXACT,EXACT,0.0,0.0,false
END_FACE_TRANSITION_ABSENT,1107,2111,dev::END_FACE_TRANSITION_ABSENT::g1107::m2111,rotation,ico_02,full_reassociation,EXACT,EXACT,0.0,0.0,false
END_FACE_TRANSITION_ABSENT,1107,2111,dev::END_FACE_TRANSITION_ABSENT::g1107::m2111,rotation,ico_03,frozen_jacobian,EXACT,EXACT,0.0,0.0,false
END_FACE_TRANSITION_ABSENT,1107,2111,dev::END_FACE_TRANSITION_ABSENT::g1107::m2111,rotation,ico_03,full_reassociation,EXACT,EXACT,0.0,0.0,false
END_FACE_TRANSITION_ABSENT,1107,2111,dev::END_FACE_TRANSITION_ABSENT::g1107::m2111,rotation,ico_04,frozen_jacobian,EXACT,EXACT,0.0,0.0,false
END_FACE_TRANSITION_ABSENT,1107,2111,dev::END_FACE_TRANSITION_ABSENT::g1107::m2111,rotation,ico_04,full_reassociation,EXACT,EXACT,0.0,0.0,false
END_FACE_TRANSITION_ABSENT,1107,2111,dev::END_FACE_TRANSITION_ABSENT::g1107::m2111,rotation,ico_05,frozen_jacobian,EXACT,EXACT,0.0,0.0,false
END_FACE_TRANSITION_ABSENT,1107,2111,dev::END_FACE_TRANSITION_ABSENT::g1107::m2111,rotation,ico_05,full_reassociation,EXACT,EXACT,0.0,0.0,false
END_FACE_TRANSITION_ABSENT,1107,2111,dev::END_FACE_TRANSITION_ABSENT::g1107::m2111,rotation,ico_06,frozen_jacobian,EXACT,EXACT,0.0,0.0,false
END_FACE_TRANSITION_ABSENT,1107,2111,dev::END_FACE_TRANSITION_ABSENT::g1107::m2111,rotation,ico_06,full_reassociation,EXACT,EXACT,0.0,0.0,false
END_FACE_TRANSITION_ABSENT,1107,2111,dev::END_FACE_TRANSITION_ABSENT::g1107::m2111,rotation,ico_07,frozen_jacobian,EXACT,EXACT,0.0,0.0,false
END_FACE_TRANSITION_ABSENT,1107,2111,dev::END_FACE_TRANSITION_ABSENT::g1107::m2111,rotation,ico_07,full_reassociation,EXACT,EXACT,0.0,0.0,false
END_FACE_TRANSITION_ABSENT,1107,2111,dev::END_FACE_TRANSITION_ABSENT::g1107::m2111,rotation,ico_08,frozen_jacobian,EXACT,EXACT,0.0,0.0,false
END_FACE_TRANSITION_ABSENT,1107,2111,dev::END_FACE_TRANSITION_ABSENT::g1107::m2111,rotation,ico_08,full_reassociation,EXACT,EXACT,0.0,0.0,false
END_FACE_TRANSITION_ABSENT,1107,2111,dev::END_FACE_TRANSITION_ABSENT::g1107::m2111,rotation,ico_09,frozen_jacobian,EXACT,EXACT,0.0,0.0,false
END_FACE_TRANSITION_ABSENT,1107,2111,dev::END_FACE_TRANSITION_ABSENT::g1107::m2111,rotation,ico_09,full_reassociation,EXACT,EXACT,0.0,0.0,false
END_FACE_TRANSITION_ABSENT,1107,2111,dev::END_FACE_TRANSITION_ABSENT::g1107::m2111,rotation,ico_10,frozen_jacobian,EXACT,EXACT,0.0,0.0,false
END_FACE_TRANSITION_ABSENT,1107,2111,dev::END_FACE_TRANSITION_ABSENT::g1107::m2111,rotation,ico_10,full_reassociation,EXACT,EXACT,0.0,0.0,false
END_FACE_TRANSITION_ABSENT,1107,2111,dev::END_FACE_TRANSITION_ABSENT::g1107::m2111,rotation,ico_11,frozen_jacobian,EXACT,EXACT,0.0,0.0,false
END_FACE_TRANSITION_ABSENT,1107,2111,dev::END_FACE_TRANSITION_ABSENT::g1107::m2111,rotation,ico_11,full_reassociation,EXACT,EXACT,0.0,0.0,false
END_FACE_TRANSITION_ABSENT,1107,2111,dev::END_FACE_TRANSITION_ABSENT::g1107::m2111,rotation,neg_x,frozen_jacobian,EXACT,EXACT,0.0,0.0,false
END_FACE_TRANSITION_ABSENT,1107,2111,dev::END_FACE_TRANSITION_ABSENT::g1107::m2111,rotation,neg_x,full_reassociation,EXACT,EXACT,0.0,0.0,false
END_FACE_TRANSITION_ABSENT,1107,2111,dev::END_FACE_TRANSITION_ABSENT::g1107::m2111,rotation,neg_y,frozen_jacobian,EXACT,EXACT,0.0,0.0,false
END_FACE_TRANSITION_ABSENT,1107,2111,dev::END_FACE_TRANSITION_ABSENT::g1107::m2111,rotation,neg_y,full_reassociation,EXACT,EXACT,0.0,0.0,false
END_FACE_TRANSITION_ABSENT,1107,2111,dev::END_FACE_TRANSITION_ABSENT::g1107::m2111,rotation,neg_z,frozen_jacobian,EXACT,EXACT,0.0,0.0,false
END_FACE_TRANSITION_ABSENT,1107,2111,dev::END_FACE_TRANSITION_ABSENT::g1107::m2111,rotation,neg_z,full_reassociation,EXACT,EXACT,0.0,0.0,false
END_FACE_TRANSITION_ABSENT,1107,2111,dev::END_FACE_TRANSITION_ABSENT::g1107::m2111,rotation,pos_x,frozen_jacobian,EXACT,EXACT,0.0,0.0,false
END_FACE_TRANSITION_ABSENT,1107,2111,dev::END_FACE_TRANSITION_ABSENT::g1107::m2111,rotation,pos_x,full_reassociation,EXACT,EXACT,0.0,0.0,false
END_FACE_TRANSITION_ABSENT,1107,2111,dev::END_FACE_TRANSITION_ABSENT::g1107::m2111,rotation,pos_y,frozen_jacobian,EXACT,EXACT,0.0,0.0,false
END_FACE_TRANSITION_ABSENT,1107,2111,dev::END_FACE_TRANSITION_ABSENT::g1107::m2111,rotation,pos_y,full_reassociation,EXACT,EXACT,0.0,0.0,false
END_FACE_TRANSITION_ABSENT,1107,2111,dev::END_FACE_TRANSITION_ABSENT::g1107::m2111,rotation,pos_z,frozen_jacobian,EXACT,EXACT,0.0,0.0,false
END_FACE_TRANSITION_ABSENT,1107,2111,dev::END_FACE_TRANSITION_ABSENT::g1107::m2111,rotation,pos_z,full_reassociation,EXACT,EXACT,0.0,0.0,false
END_FACE_TRANSITION_ABSENT,1107,2111,dev::END_FACE_TRANSITION_ABSENT::g1107::m2111,translation,ico_00,frozen_jacobian,EXACT,EXACT,0.0,0.0,false
END_FACE_TRANSITION_ABSENT,1107,2111,dev::END_FACE_TRANSITION_ABSENT::g1107::m2111,translation,ico_00,full_reassociation,EXACT,EXACT,0.0,0.0,false
END_FACE_TRANSITION_ABSENT,1107,2111,dev::END_FACE_TRANSITION_ABSENT::g1107::m2111,translation,ico_01,frozen_jacobian,EXACT,EXACT,0.0,0.0,false
END_FACE_TRANSITION_ABSENT,1107,2111,dev::END_FACE_TRANSITION_ABSENT::g1107::m2111,translation,ico_01,full_reassociation,EXACT,EXACT,0.0,0.0,false
END_FACE_TRANSITION_ABSENT,1107,2111,dev::END_FACE_TRANSITION_ABSENT::g1107::m2111,translation,ico_02,frozen_jacobian,EXACT,EXACT,0.0,0.0,false
END_FACE_TRANSITION_ABSENT,1107,2111,dev::END_FACE_TRANSITION_ABSENT::g1107::m2111,translation,ico_02,full_reassociation,EXACT,EXACT,0.0,0.0,false
END_FACE_TRANSITION_ABSENT,1107,2111,dev::END_FACE_TRANSITION_ABSENT::g1107::m2111,translation,ico_03,frozen_jacobian,EXACT,EXACT,0.0,0.0,false
END_FACE_TRANSITION_ABSENT,1107,2111,dev::END_FACE_TRANSITION_ABSENT::g1107::m2111,translation,ico_03,full_reassociation,EXACT,EXACT,0.0,0.0,false
END_FACE_TRANSITION_ABSENT,1107,2111,dev::END_FACE_TRANSITION_ABSENT::g1107::m2111,translation,ico_04,frozen_jacobian,EXACT,EXACT,0.0,0.0,false
END_FACE_TRANSITION_ABSENT,1107,2111,dev::END_FACE_TRANSITION_ABSENT::g1107::m2111,translation,ico_04,full_reassociation,EXACT,EXACT,0.0,0.0,false
END_FACE_TRANSITION_ABSENT,1107,2111,dev::END_FACE_TRANSITION_ABSENT::g1107::m2111,translation,ico_05,frozen_jacobian,EXACT,EXACT,0.0,0.0,false
END_FACE_TRANSITION_ABSENT,1107,2111,dev::END_FACE_TRANSITION_ABSENT::g1107::m2111,translation,ico_05,full_reassociation,EXACT,EXACT,0.0,0.0,false
END_FACE_TRANSITION_ABSENT,1107,2111,dev::END_FACE_TRANSITION_ABSENT::g1107::m2111,translation,ico_06,frozen_jacobian,EXACT,EXACT,0.0,0.0,false
END_FACE_TRANSITION_ABSENT,1107,2111,dev::END_FACE_TRANSITION_ABSENT::g1107::m2111,translation,ico_06,full_reassociation,EXACT,EXACT,0.0,0.0,false
END_FACE_TRANSITION_ABSENT,1107,2111,dev::END_FACE_TRANSITION_ABSENT::g1107::m2111,translation,ico_07,frozen_jacobian,EXACT,EXACT,0.0,0.0,false
END_FACE_TRANSITION_ABSENT,1107,2111,dev::END_FACE_TRANSITION_ABSENT::g1107::m2111,translation,ico_07,full_reassociation,EXACT,EXACT,0.0,0.0,false
END_FACE_TRANSITION_ABSENT,1107,2111,dev::END_FACE_TRANSITION_ABSENT::g1107::m2111,translation,ico_08,frozen_jacobian,EXACT,EXACT,0.0,0.0,false
END_FACE_TRANSITION_ABSENT,1107,2111,dev::END_FACE_TRANSITION_ABSENT::g1107::m2111,translation,ico_08,full_reassociation,EXACT,EXACT,0.0,0.0,false
END_FACE_TRANSITION_ABSENT,1107,2111,dev::END_FACE_TRANSITION_ABSENT::g1107::m2111,translation,ico_09,frozen_jacobian,EXACT,EXACT,0.0,0.0,false
END_FACE_TRANSITION_ABSENT,1107,2111,dev::END_FACE_TRANSITION_ABSENT::g1107::m2111,translation,ico_09,full_reassociation,EXACT,EXACT,0.0,0.0,false
END_FACE_TRANSITION_ABSENT,1107,2111,dev::END_FACE_TRANSITION_ABSENT::g1107::m2111,translation,ico_10,frozen_jacobian,EXACT,EXACT,0.0,0.0,false
END_FACE_TRANSITION_ABSENT,1107,2111,dev::END_FACE_TRANSITION_ABSENT::g1107::m2111,translation,ico_10,full_reassociation,EXACT,EXACT,0.0,0.0,false
END_FACE_TRANSITION_ABSENT,1107,2111,dev::END_FACE_TRANSITION_ABSENT::g1107::m2111,translation,ico_11,frozen_jacobian,EXACT,EXACT,0.0,0.0,false
END_FACE_TRANSITION_ABSENT,1107,2111,dev::END_FACE_TRANSITION_ABSENT::g1107::m2111,translation,ico_11,full_reassociation,EXACT,EXACT,0.0,0.0,false
END_FACE_TRANSITION_ABSENT,1107,2111,dev::END_FACE_TRANSITION_ABSENT::g1107::m2111,translation,neg_x,frozen_jacobian,EXACT,EXACT,0.0,0.0,false
END_FACE_TRANSITION_ABSENT,1107,2111,dev::END_FACE_TRANSITION_ABSENT::g1107::m2111,translation,neg_x,full_reassociation,EXACT,EXACT,0.0,0.0,false
END_FACE_TRANSITION_ABSENT,1107,2111,dev::END_FACE_TRANSITION_ABSENT::g1107::m2111,translation,neg_y,frozen_jacobian,EXACT,EXACT,0.0,0.0,false
END_FACE_TRANSITION_ABSENT,1107,2111,dev::END_FACE_TRANSITION_ABSENT::g1107::m2111,translation,neg_y,full_reassociation,EXACT,EXACT,0.0,0.0,false
END_FACE_TRANSITION_ABSENT,1107,2111,dev::END_FACE_TRANSITION_ABSENT::g1107::m2111,translation,neg_z,frozen_jacobian,EXACT,EXACT,0.0,0.0,false
END_FACE_TRANSITION_ABSENT,1107,2111,dev::END_FACE_TRANSITION_ABSENT::g1107::m2111,translation,neg_z,full_reassociation,EXACT,EXACT,0.0,0.0,false
END_FACE_TRANSITION_ABSENT,1107,2111,dev::END_FACE_TRANSITION_ABSENT::g1107::m2111,translation,pos_x,frozen_jacobian,EXACT,EXACT,0.0,0.0,false
END_FACE_TRANSITION_ABSENT,1107,2111,dev::END_FACE_TRANSITION_ABSENT::g1107::m2111,translation,pos_x,full_reassociation,EXACT,EXACT,0.0,0.0,false
END_FACE_TRANSITION_ABSENT,1107,2111,dev::END_FACE_TRANSITION_ABSENT::g1107::m2111,translation,pos_y,frozen_jacobian,EXACT,EXACT,0.0,0.0,false
END_FACE_TRANSITION_ABSENT,1107,2111,dev::END_FACE_TRANSITION_ABSENT::g1107::m2111,translation,pos_y,full_reassociation,EXACT,EXACT,0.0,0.0,false
END_FACE_TRANSITION_ABSENT,1107,2111,dev::END_FACE_TRANSITION_ABSENT::g1107::m2111,translation,pos_z,frozen_jacobian,EXACT,EXACT,0.0,0.0,false
END_FACE_TRANSITION_ABSENT,1107,2111,dev::END_FACE_TRANSITION_ABSENT::g1107::m2111,translation,pos_z,full_reassociation,EXACT,EXACT,0.0,0.0,false
END_FACE_TRANSITION_PRESENT,1101,2101,dev::END_FACE_TRANSITION_PRESENT::g1101::m2101,rotation,ico_00,frozen_jacobian,RIGHT_CENSORED,RIGHT_CENSORED,,,false
END_FACE_TRANSITION_PRESENT,1101,2101,dev::END_FACE_TRANSITION_PRESENT::g1101::m2101,rotation,ico_00,full_reassociation,EXACT,EXACT,20.0,20.0,false
END_FACE_TRANSITION_PRESENT,1101,2101,dev::END_FACE_TRANSITION_PRESENT::g1101::m2101,rotation,ico_01,frozen_jacobian,RIGHT_CENSORED,RIGHT_CENSORED,,,false
END_FACE_TRANSITION_PRESENT,1101,2101,dev::END_FACE_TRANSITION_PRESENT::g1101::m2101,rotation,ico_01,full_reassociation,EXACT,EXACT,10.0,10.0,false
END_FACE_TRANSITION_PRESENT,1101,2101,dev::END_FACE_TRANSITION_PRESENT::g1101::m2101,rotation,ico_02,frozen_jacobian,RIGHT_CENSORED,RIGHT_CENSORED,,,false
END_FACE_TRANSITION_PRESENT,1101,2101,dev::END_FACE_TRANSITION_PRESENT::g1101::m2101,rotation,ico_02,full_reassociation,EXACT,EXACT,10.0,10.0,false
END_FACE_TRANSITION_PRESENT,1101,2101,dev::END_FACE_TRANSITION_PRESENT::g1101::m2101,rotation,ico_03,frozen_jacobian,RIGHT_CENSORED,RIGHT_CENSORED,,,false
END_FACE_TRANSITION_PRESENT,1101,2101,dev::END_FACE_TRANSITION_PRESENT::g1101::m2101,rotation,ico_03,full_reassociation,EXACT,EXACT,20.0,20.0,false
END_FACE_TRANSITION_PRESENT,1101,2101,dev::END_FACE_TRANSITION_PRESENT::g1101::m2101,rotation,ico_04,frozen_jacobian,RIGHT_CENSORED,RIGHT_CENSORED,,,false
END_FACE_TRANSITION_PRESENT,1101,2101,dev::END_FACE_TRANSITION_PRESENT::g1101::m2101,rotation,ico_04,full_reassociation,EXACT,EXACT,20.0,20.0,false
END_FACE_TRANSITION_PRESENT,1101,2101,dev::END_FACE_TRANSITION_PRESENT::g1101::m2101,rotation,ico_05,frozen_jacobian,RIGHT_CENSORED,RIGHT_CENSORED,,,false
END_FACE_TRANSITION_PRESENT,1101,2101,dev::END_FACE_TRANSITION_PRESENT::g1101::m2101,rotation,ico_05,full_reassociation,EXACT,EXACT,20.0,20.0,false
END_FACE_TRANSITION_PRESENT,1101,2101,dev::END_FACE_TRANSITION_PRESENT::g1101::m2101,rotation,ico_06,frozen_jacobian,RIGHT_CENSORED,RIGHT_CENSORED,,,false
END_FACE_TRANSITION_PRESENT,1101,2101,dev::END_FACE_TRANSITION_PRESENT::g1101::m2101,rotation,ico_06,full_reassociation,EXACT,EXACT,20.0,20.0,false
END_FACE_TRANSITION_PRESENT,1101,2101,dev::END_FACE_TRANSITION_PRESENT::g1101::m2101,rotation,ico_07,frozen_jacobian,RIGHT_CENSORED,RIGHT_CENSORED,,,false
END_FACE_TRANSITION_PRESENT,1101,2101,dev::END_FACE_TRANSITION_PRESENT::g1101::m2101,rotation,ico_07,full_reassociation,EXACT,EXACT,20.0,20.0,false
END_FACE_TRANSITION_PRESENT,1101,2101,dev::END_FACE_TRANSITION_PRESENT::g1101::m2101,rotation,ico_08,frozen_jacobian,RIGHT_CENSORED,RIGHT_CENSORED,,,false
END_FACE_TRANSITION_PRESENT,1101,2101,dev::END_FACE_TRANSITION_PRESENT::g1101::m2101,rotation,ico_08,full_reassociation,EXACT,EXACT,20.0,20.0,false
END_FACE_TRANSITION_PRESENT,1101,2101,dev::END_FACE_TRANSITION_PRESENT::g1101::m2101,rotation,ico_09,frozen_jacobian,RIGHT_CENSORED,RIGHT_CENSORED,,,false
END_FACE_TRANSITION_PRESENT,1101,2101,dev::END_FACE_TRANSITION_PRESENT::g1101::m2101,rotation,ico_09,full_reassociation,EXACT,EXACT,20.0,20.0,false
END_FACE_TRANSITION_PRESENT,1101,2101,dev::END_FACE_TRANSITION_PRESENT::g1101::m2101,rotation,ico_10,frozen_jacobian,RIGHT_CENSORED,RIGHT_CENSORED,,,false
END_FACE_TRANSITION_PRESENT,1101,2101,dev::END_FACE_TRANSITION_PRESENT::g1101::m2101,rotation,ico_10,full_reassociation,RIGHT_CENSORED,RIGHT_CENSORED,,,false
END_FACE_TRANSITION_PRESENT,1101,2101,dev::END_FACE_TRANSITION_PRESENT::g1101::m2101,rotation,ico_11,frozen_jacobian,RIGHT_CENSORED,RIGHT_CENSORED,,,false
END_FACE_TRANSITION_PRESENT,1101,2101,dev::END_FACE_TRANSITION_PRESENT::g1101::m2101,rotation,ico_11,full_reassociation,RIGHT_CENSORED,EXACT,,20.0,false
END_FACE_TRANSITION_PRESENT,1101,2101,dev::END_FACE_TRANSITION_PRESENT::g1101::m2101,rotation,neg_x,frozen_jacobian,RIGHT_CENSORED,RIGHT_CENSORED,,,false
END_FACE_TRANSITION_PRESENT,1101,2101,dev::END_FACE_TRANSITION_PRESENT::g1101::m2101,rotation,neg_x,full_reassociation,RIGHT_CENSORED,RIGHT_CENSORED,,,false
END_FACE_TRANSITION_PRESENT,1101,2101,dev::END_FACE_TRANSITION_PRESENT::g1101::m2101,rotation,neg_y,frozen_jacobian,RIGHT_CENSORED,RIGHT_CENSORED,,,false
END_FACE_TRANSITION_PRESENT,1101,2101,dev::END_FACE_TRANSITION_PRESENT::g1101::m2101,rotation,neg_y,full_reassociation,EXACT,EXACT,20.0,20.0,false
END_FACE_TRANSITION_PRESENT,1101,2101,dev::END_FACE_TRANSITION_PRESENT::g1101::m2101,rotation,neg_z,frozen_jacobian,RIGHT_CENSORED,RIGHT_CENSORED,,,false
END_FACE_TRANSITION_PRESENT,1101,2101,dev::END_FACE_TRANSITION_PRESENT::g1101::m2101,rotation,neg_z,full_reassociation,EXACT,EXACT,20.0,20.0,false
END_FACE_TRANSITION_PRESENT,1101,2101,dev::END_FACE_TRANSITION_PRESENT::g1101::m2101,rotation,pos_x,frozen_jacobian,RIGHT_CENSORED,RIGHT_CENSORED,,,false
END_FACE_TRANSITION_PRESENT,1101,2101,dev::END_FACE_TRANSITION_PRESENT::g1101::m2101,rotation,pos_x,full_reassociation,RIGHT_CENSORED,RIGHT_CENSORED,,,false
END_FACE_TRANSITION_PRESENT,1101,2101,dev::END_FACE_TRANSITION_PRESENT::g1101::m2101,rotation,pos_y,frozen_jacobian,RIGHT_CENSORED,RIGHT_CENSORED,,,false
END_FACE_TRANSITION_PRESENT,1101,2101,dev::END_FACE_TRANSITION_PRESENT::g1101::m2101,rotation,pos_y,full_reassociation,EXACT,EXACT,20.0,20.0,false
END_FACE_TRANSITION_PRESENT,1101,2101,dev::END_FACE_TRANSITION_PRESENT::g1101::m2101,rotation,pos_z,frozen_jacobian,RIGHT_CENSORED,RIGHT_CENSORED,,,false
END_FACE_TRANSITION_PRESENT,1101,2101,dev::END_FACE_TRANSITION_PRESENT::g1101::m2101,rotation,pos_z,full_reassociation,EXACT,EXACT,20.0,20.0,false
END_FACE_TRANSITION_PRESENT,1101,2101,dev::END_FACE_TRANSITION_PRESENT::g1101::m2101,translation,ico_00,frozen_jacobian,RIGHT_CENSORED,RIGHT_CENSORED,,,false
END_FACE_TRANSITION_PRESENT,1101,2101,dev::END_FACE_TRANSITION_PRESENT::g1101::m2101,translation,ico_00,full_reassociation,RIGHT_CENSORED,RIGHT_CENSORED,,,false
END_FACE_TRANSITION_PRESENT,1101,2101,dev::END_FACE_TRANSITION_PRESENT::g1101::m2101,translation,ico_01,frozen_jacobian,RIGHT_CENSORED,RIGHT_CENSORED,,,false
END_FACE_TRANSITION_PRESENT,1101,2101,dev::END_FACE_TRANSITION_PRESENT::g1101::m2101,translation,ico_01,full_reassociation,RIGHT_CENSORED,RIGHT_CENSORED,,,false
END_FACE_TRANSITION_PRESENT,1101,2101,dev::END_FACE_TRANSITION_PRESENT::g1101::m2101,translation,ico_02,frozen_jacobian,RIGHT_CENSORED,RIGHT_CENSORED,,,false
END_FACE_TRANSITION_PRESENT,1101,2101,dev::END_FACE_TRANSITION_PRESENT::g1101::m2101,translation,ico_02,full_reassociation,RIGHT_CENSORED,RIGHT_CENSORED,,,false
END_FACE_TRANSITION_PRESENT,1101,2101,dev::END_FACE_TRANSITION_PRESENT::g1101::m2101,translation,ico_03,frozen_jacobian,RIGHT_CENSORED,RIGHT_CENSORED,,,false
END_FACE_TRANSITION_PRESENT,1101,2101,dev::END_FACE_TRANSITION_PRESENT::g1101::m2101,translation,ico_03,full_reassociation,RIGHT_CENSORED,RIGHT_CENSORED,,,false
END_FACE_TRANSITION_PRESENT,1101,2101,dev::END_FACE_TRANSITION_PRESENT::g1101::m2101,translation,ico_04,frozen_jacobian,RIGHT_CENSORED,RIGHT_CENSORED,,,false
END_FACE_TRANSITION_PRESENT,1101,2101,dev::END_FACE_TRANSITION_PRESENT::g1101::m2101,translation,ico_04,full_reassociation,RIGHT_CENSORED,RIGHT_CENSORED,,,false
END_FACE_TRANSITION_PRESENT,1101,2101,dev::END_FACE_TRANSITION_PRESENT::g1101::m2101,translation,ico_05,frozen_jacobian,RIGHT_CENSORED,RIGHT_CENSORED,,,false
END_FACE_TRANSITION_PRESENT,1101,2101,dev::END_FACE_TRANSITION_PRESENT::g1101::m2101,translation,ico_05,full_reassociation,RIGHT_CENSORED,RIGHT_CENSORED,,,false
END_FACE_TRANSITION_PRESENT,1101,2101,dev::END_FACE_TRANSITION_PRESENT::g1101::m2101,translation,ico_06,frozen_jacobian,RIGHT_CENSORED,RIGHT_CENSORED,,,false
END_FACE_TRANSITION_PRESENT,1101,2101,dev::END_FACE_TRANSITION_PRESENT::g1101::m2101,translation,ico_06,full_reassociation,RIGHT_CENSORED,RIGHT_CENSORED,,,false
END_FACE_TRANSITION_PRESENT,1101,2101,dev::END_FACE_TRANSITION_PRESENT::g1101::m2101,translation,ico_07,frozen_jacobian,RIGHT_CENSORED,RIGHT_CENSORED,,,false
END_FACE_TRANSITION_PRESENT,1101,2101,dev::END_FACE_TRANSITION_PRESENT::g1101::m2101,translation,ico_07,full_reassociation,RIGHT_CENSORED,RIGHT_CENSORED,,,false
END_FACE_TRANSITION_PRESENT,1101,2101,dev::END_FACE_TRANSITION_PRESENT::g1101::m2101,translation,ico_08,frozen_jacobian,RIGHT_CENSORED,RIGHT_CENSORED,,,false
END_FACE_TRANSITION_PRESENT,1101,2101,dev::END_FACE_TRANSITION_PRESENT::g1101::m2101,translation,ico_08,full_reassociation,RIGHT_CENSORED,RIGHT_CENSORED,,,false
END_FACE_TRANSITION_PRESENT,1101,2101,dev::END_FACE_TRANSITION_PRESENT::g1101::m2101,translation,ico_09,frozen_jacobian,RIGHT_CENSORED,RIGHT_CENSORED,,,false
END_FACE_TRANSITION_PRESENT,1101,2101,dev::END_FACE_TRANSITION_PRESENT::g1101::m2101,translation,ico_09,full_reassociation,RIGHT_CENSORED,RIGHT_CENSORED,,,false
END_FACE_TRANSITION_PRESENT,1101,2101,dev::END_FACE_TRANSITION_PRESENT::g1101::m2101,translation,ico_10,frozen_jacobian,RIGHT_CENSORED,RIGHT_CENSORED,,,false
END_FACE_TRANSITION_PRESENT,1101,2101,dev::END_FACE_TRANSITION_PRESENT::g1101::m2101,translation,ico_10,full_reassociation,RIGHT_CENSORED,RIGHT_CENSORED,,,false
END_FACE_TRANSITION_PRESENT,1101,2101,dev::END_FACE_TRANSITION_PRESENT::g1101::m2101,translation,ico_11,frozen_jacobian,RIGHT_CENSORED,RIGHT_CENSORED,,,false
END_FACE_TRANSITION_PRESENT,1101,2101,dev::END_FACE_TRANSITION_PRESENT::g1101::m2101,translation,ico_11,full_reassociation,RIGHT_CENSORED,RIGHT_CENSORED,,,false
END_FACE_TRANSITION_PRESENT,1101,2101,dev::END_FACE_TRANSITION_PRESENT::g1101::m2101,translation,neg_x,frozen_jacobian,RIGHT_CENSORED,RIGHT_CENSORED,,,false
END_FACE_TRANSITION_PRESENT,1101,2101,dev::END_FACE_TRANSITION_PRESENT::g1101::m2101,translation,neg_x,full_reassociation,RIGHT_CENSORED,RIGHT_CENSORED,,,false
END_FACE_TRANSITION_PRESENT,1101,2101,dev::END_FACE_TRANSITION_PRESENT::g1101::m2101,translation,neg_y,frozen_jacobian,RIGHT_CENSORED,RIGHT_CENSORED,,,false
END_FACE_TRANSITION_PRESENT,1101,2101,dev::END_FACE_TRANSITION_PRESENT::g1101::m2101,translation,neg_y,full_reassociation,RIGHT_CENSORED,RIGHT_CENSORED,,,false
END_FACE_TRANSITION_PRESENT,1101,2101,dev::END_FACE_TRANSITION_PRESENT::g1101::m2101,translation,neg_z,frozen_jacobian,RIGHT_CENSORED,RIGHT_CENSORED,,,false
END_FACE_TRANSITION_PRESENT,1101,2101,dev::END_FACE_TRANSITION_PRESENT::g1101::m2101,translation,neg_z,full_reassociation,RIGHT_CENSORED,RIGHT_CENSORED,,,false
END_FACE_TRANSITION_PRESENT,1101,2101,dev::END_FACE_TRANSITION_PRESENT::g1101::m2101,translation,pos_x,frozen_jacobian,RIGHT_CENSORED,RIGHT_CENSORED,,,false
END_FACE_TRANSITION_PRESENT,1101,2101,dev::END_FACE_TRANSITION_PRESENT::g1101::m2101,translation,pos_x,full_reassociation,RIGHT_CENSORED,RIGHT_CENSORED,,,false
END_FACE_TRANSITION_PRESENT,1101,2101,dev::END_FACE_TRANSITION_PRESENT::g1101::m2101,translation,pos_y,frozen_jacobian,RIGHT_CENSORED,RIGHT_CENSORED,,,false
END_FACE_TRANSITION_PRESENT,1101,2101,dev::END_FACE_TRANSITION_PRESENT::g1101::m2101,translation,pos_y,full_reassociation,RIGHT_CENSORED,RIGHT_CENSORED,,,false
END_FACE_TRANSITION_PRESENT,1101,2101,dev::END_FACE_TRANSITION_PRESENT::g1101::m2101,translation,pos_z,frozen_jacobian,RIGHT_CENSORED,RIGHT_CENSORED,,,false
END_FACE_TRANSITION_PRESENT,1101,2101,dev::END_FACE_TRANSITION_PRESENT::g1101::m2101,translation,pos_z,full_reassociation,RIGHT_CENSORED,RIGHT_CENSORED,,,false
END_FACE_TRANSITION_PRESENT,1101,2111,dev::END_FACE_TRANSITION_PRESENT::g1101::m2111,rotation,ico_00,frozen_jacobian,RIGHT_CENSORED,RIGHT_CENSORED,,,false
END_FACE_TRANSITION_PRESENT,1101,2111,dev::END_FACE_TRANSITION_PRESENT::g1101::m2111,rotation,ico_00,full_reassociation,EXACT,EXACT,20.0,10.0,false
END_FACE_TRANSITION_PRESENT,1101,2111,dev::END_FACE_TRANSITION_PRESENT::g1101::m2111,rotation,ico_01,frozen_jacobian,RIGHT_CENSORED,RIGHT_CENSORED,,,false
END_FACE_TRANSITION_PRESENT,1101,2111,dev::END_FACE_TRANSITION_PRESENT::g1101::m2111,rotation,ico_01,full_reassociation,EXACT,EXACT,10.0,10.0,false
END_FACE_TRANSITION_PRESENT,1101,2111,dev::END_FACE_TRANSITION_PRESENT::g1101::m2111,rotation,ico_02,frozen_jacobian,RIGHT_CENSORED,RIGHT_CENSORED,,,false
END_FACE_TRANSITION_PRESENT,1101,2111,dev::END_FACE_TRANSITION_PRESENT::g1101::m2111,rotation,ico_02,full_reassociation,EXACT,EXACT,20.0,10.0,false
END_FACE_TRANSITION_PRESENT,1101,2111,dev::END_FACE_TRANSITION_PRESENT::g1101::m2111,rotation,ico_03,frozen_jacobian,RIGHT_CENSORED,RIGHT_CENSORED,,,false
END_FACE_TRANSITION_PRESENT,1101,2111,dev::END_FACE_TRANSITION_PRESENT::g1101::m2111,rotation,ico_03,full_reassociation,EXACT,EXACT,20.0,10.0,false
END_FACE_TRANSITION_PRESENT,1101,2111,dev::END_FACE_TRANSITION_PRESENT::g1101::m2111,rotation,ico_04,frozen_jacobian,RIGHT_CENSORED,RIGHT_CENSORED,,,false
END_FACE_TRANSITION_PRESENT,1101,2111,dev::END_FACE_TRANSITION_PRESENT::g1101::m2111,rotation,ico_04,full_reassociation,EXACT,EXACT,20.0,20.0,false
END_FACE_TRANSITION_PRESENT,1101,2111,dev::END_FACE_TRANSITION_PRESENT::g1101::m2111,rotation,ico_05,frozen_jacobian,RIGHT_CENSORED,RIGHT_CENSORED,,,false
END_FACE_TRANSITION_PRESENT,1101,2111,dev::END_FACE_TRANSITION_PRESENT::g1101::m2111,rotation,ico_05,full_reassociation,EXACT,EXACT,20.0,20.0,false
END_FACE_TRANSITION_PRESENT,1101,2111,dev::END_FACE_TRANSITION_PRESENT::g1101::m2111,rotation,ico_06,frozen_jacobian,RIGHT_CENSORED,RIGHT_CENSORED,,,false
END_FACE_TRANSITION_PRESENT,1101,2111,dev::END_FACE_TRANSITION_PRESENT::g1101::m2111,rotation,ico_06,full_reassociation,EXACT,EXACT,20.0,20.0,false
END_FACE_TRANSITION_PRESENT,1101,2111,dev::END_FACE_TRANSITION_PRESENT::g1101::m2111,rotation,ico_07,frozen_jacobian,RIGHT_CENSORED,RIGHT_CENSORED,,,false
END_FACE_TRANSITION_PRESENT,1101,2111,dev::END_FACE_TRANSITION_PRESENT::g1101::m2111,rotation,ico_07,full_reassociation,EXACT,EXACT,20.0,20.0,false
END_FACE_TRANSITION_PRESENT,1101,2111,dev::END_FACE_TRANSITION_PRESENT::g1101::m2111,rotation,ico_08,frozen_jacobian,RIGHT_CENSORED,RIGHT_CENSORED,,,false
END_FACE_TRANSITION_PRESENT,1101,2111,dev::END_FACE_TRANSITION_PRESENT::g1101::m2111,rotation,ico_08,full_reassociation,EXACT,EXACT,20.0,20.0,false
END_FACE_TRANSITION_PRESENT,1101,2111,dev::END_FACE_TRANSITION_PRESENT::g1101::m2111,rotation,ico_09,frozen_jacobian,RIGHT_CENSORED,RIGHT_CENSORED,,,false
END_FACE_TRANSITION_PRESENT,1101,2111,dev::END_FACE_TRANSITION_PRESENT::g1101::m2111,rotation,ico_09,full_reassociation,EXACT,EXACT,20.0,20.0,false
END_FACE_TRANSITION_PRESENT,1101,2111,dev::END_FACE_TRANSITION_PRESENT::g1101::m2111,rotation,ico_10,frozen_jacobian,RIGHT_CENSORED,RIGHT_CENSORED,,,false
END_FACE_TRANSITION_PRESENT,1101,2111,dev::END_FACE_TRANSITION_PRESENT::g1101::m2111,rotation,ico_10,full_reassociation,RIGHT_CENSORED,EXACT,,20.0,false
END_FACE_TRANSITION_PRESENT,1101,2111,dev::END_FACE_TRANSITION_PRESENT::g1101::m2111,rotation,ico_11,frozen_jacobian,RIGHT_CENSORED,RIGHT_CENSORED,,,false
END_FACE_TRANSITION_PRESENT,1101,2111,dev::END_FACE_TRANSITION_PRESENT::g1101::m2111,rotation,ico_11,full_reassociation,RIGHT_CENSORED,EXACT,,20.0,false
END_FACE_TRANSITION_PRESENT,1101,2111,dev::END_FACE_TRANSITION_PRESENT::g1101::m2111,rotation,neg_x,frozen_jacobian,RIGHT_CENSORED,RIGHT_CENSORED,,,false
END_FACE_TRANSITION_PRESENT,1101,2111,dev::END_FACE_TRANSITION_PRESENT::g1101::m2111,rotation,neg_x,full_reassociation,RIGHT_CENSORED,RIGHT_CENSORED,,,false
END_FACE_TRANSITION_PRESENT,1101,2111,dev::END_FACE_TRANSITION_PRESENT::g1101::m2111,rotation,neg_y,frozen_jacobian,RIGHT_CENSORED,RIGHT_CENSORED,,,false
END_FACE_TRANSITION_PRESENT,1101,2111,dev::END_FACE_TRANSITION_PRESENT::g1101::m2111,rotation,neg_y,full_reassociation,EXACT,EXACT,20.0,20.0,false
END_FACE_TRANSITION_PRESENT,1101,2111,dev::END_FACE_TRANSITION_PRESENT::g1101::m2111,rotation,neg_z,frozen_jacobian,RIGHT_CENSORED,RIGHT_CENSORED,,,false
END_FACE_TRANSITION_PRESENT,1101,2111,dev::END_FACE_TRANSITION_PRESENT::g1101::m2111,rotation,neg_z,full_reassociation,EXACT,EXACT,20.0,20.0,false
END_FACE_TRANSITION_PRESENT,1101,2111,dev::END_FACE_TRANSITION_PRESENT::g1101::m2111,rotation,pos_x,frozen_jacobian,RIGHT_CENSORED,RIGHT_CENSORED,,,false
END_FACE_TRANSITION_PRESENT,1101,2111,dev::END_FACE_TRANSITION_PRESENT::g1101::m2111,rotation,pos_x,full_reassociation,RIGHT_CENSORED,RIGHT_CENSORED,,,false
END_FACE_TRANSITION_PRESENT,1101,2111,dev::END_FACE_TRANSITION_PRESENT::g1101::m2111,rotation,pos_y,frozen_jacobian,RIGHT_CENSORED,RIGHT_CENSORED,,,false
END_FACE_TRANSITION_PRESENT,1101,2111,dev::END_FACE_TRANSITION_PRESENT::g1101::m2111,rotation,pos_y,full_reassociation,EXACT,EXACT,20.0,20.0,false
END_FACE_TRANSITION_PRESENT,1101,2111,dev::END_FACE_TRANSITION_PRESENT::g1101::m2111,rotation,pos_z,frozen_jacobian,RIGHT_CENSORED,RIGHT_CENSORED,,,false
END_FACE_TRANSITION_PRESENT,1101,2111,dev::END_FACE_TRANSITION_PRESENT::g1101::m2111,rotation,pos_z,full_reassociation,EXACT,EXACT,20.0,20.0,false
END_FACE_TRANSITION_PRESENT,1101,2111,dev::END_FACE_TRANSITION_PRESENT::g1101::m2111,translation,ico_00,frozen_jacobian,RIGHT_CENSORED,RIGHT_CENSORED,,,false
END_FACE_TRANSITION_PRESENT,1101,2111,dev::END_FACE_TRANSITION_PRESENT::g1101::m2111,translation,ico_00,full_reassociation,RIGHT_CENSORED,RIGHT_CENSORED,,,false
END_FACE_TRANSITION_PRESENT,1101,2111,dev::END_FACE_TRANSITION_PRESENT::g1101::m2111,translation,ico_01,frozen_jacobian,RIGHT_CENSORED,RIGHT_CENSORED,,,false
END_FACE_TRANSITION_PRESENT,1101,2111,dev::END_FACE_TRANSITION_PRESENT::g1101::m2111,translation,ico_01,full_reassociation,RIGHT_CENSORED,RIGHT_CENSORED,,,false
END_FACE_TRANSITION_PRESENT,1101,2111,dev::END_FACE_TRANSITION_PRESENT::g1101::m2111,translation,ico_02,frozen_jacobian,RIGHT_CENSORED,RIGHT_CENSORED,,,false
END_FACE_TRANSITION_PRESENT,1101,2111,dev::END_FACE_TRANSITION_PRESENT::g1101::m2111,translation,ico_02,full_reassociation,RIGHT_CENSORED,RIGHT_CENSORED,,,false
END_FACE_TRANSITION_PRESENT,1101,2111,dev::END_FACE_TRANSITION_PRESENT::g1101::m2111,translation,ico_03,frozen_jacobian,RIGHT_CENSORED,RIGHT_CENSORED,,,false
END_FACE_TRANSITION_PRESENT,1101,2111,dev::END_FACE_TRANSITION_PRESENT::g1101::m2111,translation,ico_03,full_reassociation,RIGHT_CENSORED,RIGHT_CENSORED,,,false
END_FACE_TRANSITION_PRESENT,1101,2111,dev::END_FACE_TRANSITION_PRESENT::g1101::m2111,translation,ico_04,frozen_jacobian,RIGHT_CENSORED,RIGHT_CENSORED,,,false
END_FACE_TRANSITION_PRESENT,1101,2111,dev::END_FACE_TRANSITION_PRESENT::g1101::m2111,translation,ico_04,full_reassociation,RIGHT_CENSORED,RIGHT_CENSORED,,,false
END_FACE_TRANSITION_PRESENT,1101,2111,dev::END_FACE_TRANSITION_PRESENT::g1101::m2111,translation,ico_05,frozen_jacobian,RIGHT_CENSORED,RIGHT_CENSORED,,,false
END_FACE_TRANSITION_PRESENT,1101,2111,dev::END_FACE_TRANSITION_PRESENT::g1101::m2111,translation,ico_05,full_reassociation,RIGHT_CENSORED,RIGHT_CENSORED,,,false
END_FACE_TRANSITION_PRESENT,1101,2111,dev::END_FACE_TRANSITION_PRESENT::g1101::m2111,translation,ico_06,frozen_jacobian,RIGHT_CENSORED,RIGHT_CENSORED,,,false
END_FACE_TRANSITION_PRESENT,1101,2111,dev::END_FACE_TRANSITION_PRESENT::g1101::m2111,translation,ico_06,full_reassociation,RIGHT_CENSORED,RIGHT_CENSORED,,,false
END_FACE_TRANSITION_PRESENT,1101,2111,dev::END_FACE_TRANSITION_PRESENT::g1101::m2111,translation,ico_07,frozen_jacobian,RIGHT_CENSORED,RIGHT_CENSORED,,,false
END_FACE_TRANSITION_PRESENT,1101,2111,dev::END_FACE_TRANSITION_PRESENT::g1101::m2111,translation,ico_07,full_reassociation,RIGHT_CENSORED,RIGHT_CENSORED,,,false
END_FACE_TRANSITION_PRESENT,1101,2111,dev::END_FACE_TRANSITION_PRESENT::g1101::m2111,translation,ico_08,frozen_jacobian,RIGHT_CENSORED,RIGHT_CENSORED,,,false
END_FACE_TRANSITION_PRESENT,1101,2111,dev::END_FACE_TRANSITION_PRESENT::g1101::m2111,translation,ico_08,full_reassociation,RIGHT_CENSORED,RIGHT_CENSORED,,,false
END_FACE_TRANSITION_PRESENT,1101,2111,dev::END_FACE_TRANSITION_PRESENT::g1101::m2111,translation,ico_09,frozen_jacobian,RIGHT_CENSORED,RIGHT_CENSORED,,,false
END_FACE_TRANSITION_PRESENT,1101,2111,dev::END_FACE_TRANSITION_PRESENT::g1101::m2111,translation,ico_09,full_reassociation,RIGHT_CENSORED,RIGHT_CENSORED,,,false
END_FACE_TRANSITION_PRESENT,1101,2111,dev::END_FACE_TRANSITION_PRESENT::g1101::m2111,translation,ico_10,frozen_jacobian,RIGHT_CENSORED,RIGHT_CENSORED,,,false
END_FACE_TRANSITION_PRESENT,1101,2111,dev::END_FACE_TRANSITION_PRESENT::g1101::m2111,translation,ico_10,full_reassociation,RIGHT_CENSORED,RIGHT_CENSORED,,,false
END_FACE_TRANSITION_PRESENT,1101,2111,dev::END_FACE_TRANSITION_PRESENT::g1101::m2111,translation,ico_11,frozen_jacobian,RIGHT_CENSORED,RIGHT_CENSORED,,,false
END_FACE_TRANSITION_PRESENT,1101,2111,dev::END_FACE_TRANSITION_PRESENT::g1101::m2111,translation,ico_11,full_reassociation,RIGHT_CENSORED,RIGHT_CENSORED,,,false
END_FACE_TRANSITION_PRESENT,1101,2111,dev::END_FACE_TRANSITION_PRESENT::g1101::m2111,translation,neg_x,frozen_jacobian,RIGHT_CENSORED,RIGHT_CENSORED,,,false
END_FACE_TRANSITION_PRESENT,1101,2111,dev::END_FACE_TRANSITION_PRESENT::g1101::m2111,translation,neg_x,full_reassociation,RIGHT_CENSORED,RIGHT_CENSORED,,,false
END_FACE_TRANSITION_PRESENT,1101,2111,dev::END_FACE_TRANSITION_PRESENT::g1101::m2111,translation,neg_y,frozen_jacobian,RIGHT_CENSORED,RIGHT_CENSORED,,,false
END_FACE_TRANSITION_PRESENT,1101,2111,dev::END_FACE_TRANSITION_PRESENT::g1101::m2111,translation,neg_y,full_reassociation,RIGHT_CENSORED,RIGHT_CENSORED,,,false
END_FACE_TRANSITION_PRESENT,1101,2111,dev::END_FACE_TRANSITION_PRESENT::g1101::m2111,translation,neg_z,frozen_jacobian,RIGHT_CENSORED,RIGHT_CENSORED,,,false
END_FACE_TRANSITION_PRESENT,1101,2111,dev::END_FACE_TRANSITION_PRESENT::g1101::m2111,translation,neg_z,full_reassociation,RIGHT_CENSORED,RIGHT_CENSORED,,,false
END_FACE_TRANSITION_PRESENT,1101,2111,dev::END_FACE_TRANSITION_PRESENT::g1101::m2111,translation,pos_x,frozen_jacobian,RIGHT_CENSORED,RIGHT_CENSORED,,,false
END_FACE_TRANSITION_PRESENT,1101,2111,dev::END_FACE_TRANSITION_PRESENT::g1101::m2111,translation,pos_x,full_reassociation,RIGHT_CENSORED,RIGHT_CENSORED,,,false
END_FACE_TRANSITION_PRESENT,1101,2111,dev::END_FACE_TRANSITION_PRESENT::g1101::m2111,translation,pos_y,frozen_jacobian,RIGHT_CENSORED,RIGHT_CENSORED,,,false
END_FACE_TRANSITION_PRESENT,1101,2111,dev::END_FACE_TRANSITION_PRESENT::g1101::m2111,translation,pos_y,full_reassociation,RIGHT_CENSORED,RIGHT_CENSORED,,,false
END_FACE_TRANSITION_PRESENT,1101,2111,dev::END_FACE_TRANSITION_PRESENT::g1101::m2111,translation,pos_z,frozen_jacobian,RIGHT_CENSORED,RIGHT_CENSORED,,,false
END_FACE_TRANSITION_PRESENT,1101,2111,dev::END_FACE_TRANSITION_PRESENT::g1101::m2111,translation,pos_z,full_reassociation,RIGHT_CENSORED,RIGHT_CENSORED,,,false
END_FACE_TRANSITION_PRESENT,1103,2101,dev::END_FACE_TRANSITION_PRESENT::g1103::m2101,rotation,ico_00,frozen_jacobian,RIGHT_CENSORED,RIGHT_CENSORED,,,false
END_FACE_TRANSITION_PRESENT,1103,2101,dev::END_FACE_TRANSITION_PRESENT::g1103::m2101,rotation,ico_00,full_reassociation,EXACT,EXACT,10.0,10.0,false
END_FACE_TRANSITION_PRESENT,1103,2101,dev::END_FACE_TRANSITION_PRESENT::g1103::m2101,rotation,ico_01,frozen_jacobian,RIGHT_CENSORED,RIGHT_CENSORED,,,false
END_FACE_TRANSITION_PRESENT,1103,2101,dev::END_FACE_TRANSITION_PRESENT::g1103::m2101,rotation,ico_01,full_reassociation,EXACT,EXACT,10.0,10.0,false
END_FACE_TRANSITION_PRESENT,1103,2101,dev::END_FACE_TRANSITION_PRESENT::g1103::m2101,rotation,ico_02,frozen_jacobian,RIGHT_CENSORED,RIGHT_CENSORED,,,false
END_FACE_TRANSITION_PRESENT,1103,2101,dev::END_FACE_TRANSITION_PRESENT::g1103::m2101,rotation,ico_02,full_reassociation,EXACT,EXACT,10.0,10.0,false
END_FACE_TRANSITION_PRESENT,1103,2101,dev::END_FACE_TRANSITION_PRESENT::g1103::m2101,rotation,ico_03,frozen_jacobian,RIGHT_CENSORED,RIGHT_CENSORED,,,false
END_FACE_TRANSITION_PRESENT,1103,2101,dev::END_FACE_TRANSITION_PRESENT::g1103::m2101,rotation,ico_03,full_reassociation,EXACT,EXACT,10.0,10.0,false
END_FACE_TRANSITION_PRESENT,1103,2101,dev::END_FACE_TRANSITION_PRESENT::g1103::m2101,rotation,ico_04,frozen_jacobian,RIGHT_CENSORED,RIGHT_CENSORED,,,false
END_FACE_TRANSITION_PRESENT,1103,2101,dev::END_FACE_TRANSITION_PRESENT::g1103::m2101,rotation,ico_04,full_reassociation,EXACT,EXACT,20.0,10.0,false
END_FACE_TRANSITION_PRESENT,1103,2101,dev::END_FACE_TRANSITION_PRESENT::g1103::m2101,rotation,ico_05,frozen_jacobian,RIGHT_CENSORED,RIGHT_CENSORED,,,false
END_FACE_TRANSITION_PRESENT,1103,2101,dev::END_FACE_TRANSITION_PRESENT::g1103::m2101,rotation,ico_05,full_reassociation,EXACT,EXACT,20.0,10.0,false
END_FACE_TRANSITION_PRESENT,1103,2101,dev::END_FACE_TRANSITION_PRESENT::g1103::m2101,rotation,ico_06,frozen_jacobian,RIGHT_CENSORED,RIGHT_CENSORED,,,false
END_FACE_TRANSITION_PRESENT,1103,2101,dev::END_FACE_TRANSITION_PRESENT::g1103::m2101,rotation,ico_06,full_reassociation,EXACT,EXACT,20.0,10.0,false
END_FACE_TRANSITION_PRESENT,1103,2101,dev::END_FACE_TRANSITION_PRESENT::g1103::m2101,rotation,ico_07,frozen_jacobian,RIGHT_CENSORED,RIGHT_CENSORED,,,false
END_FACE_TRANSITION_PRESENT,1103,2101,dev::END_FACE_TRANSITION_PRESENT::g1103::m2101,rotation,ico_07,full_reassociation,EXACT,EXACT,20.0,10.0,false
END_FACE_TRANSITION_PRESENT,1103,2101,dev::END_FACE_TRANSITION_PRESENT::g1103::m2101,rotation,ico_08,frozen_jacobian,RIGHT_CENSORED,RIGHT_CENSORED,,,false
END_FACE_TRANSITION_PRESENT,1103,2101,dev::END_FACE_TRANSITION_PRESENT::g1103::m2101,rotation,ico_08,full_reassociation,EXACT,EXACT,20.0,20.0,false
END_FACE_TRANSITION_PRESENT,1103,2101,dev::END_FACE_TRANSITION_PRESENT::g1103::m2101,rotation,ico_09,frozen_jacobian,RIGHT_CENSORED,RIGHT_CENSORED,,,false
END_FACE_TRANSITION_PRESENT,1103,2101,dev::END_FACE_TRANSITION_PRESENT::g1103::m2101,rotation,ico_09,full_reassociation,EXACT,EXACT,20.0,20.0,false
END_FACE_TRANSITION_PRESENT,1103,2101,dev::END_FACE_TRANSITION_PRESENT::g1103::m2101,rotation,ico_10,frozen_jacobian,RIGHT_CENSORED,RIGHT_CENSORED,,,false
END_FACE_TRANSITION_PRESENT,1103,2101,dev::END_FACE_TRANSITION_PRESENT::g1103::m2101,rotation,ico_10,full_reassociation,EXACT,EXACT,20.0,20.0,false
END_FACE_TRANSITION_PRESENT,1103,2101,dev::END_FACE_TRANSITION_PRESENT::g1103::m2101,rotation,ico_11,frozen_jacobian,RIGHT_CENSORED,RIGHT_CENSORED,,,false
END_FACE_TRANSITION_PRESENT,1103,2101,dev::END_FACE_TRANSITION_PRESENT::g1103::m2101,rotation,ico_11,full_reassociation,EXACT,EXACT,20.0,20.0,false
END_FACE_TRANSITION_PRESENT,1103,2101,dev::END_FACE_TRANSITION_PRESENT::g1103::m2101,rotation,neg_x,frozen_jacobian,RIGHT_CENSORED,RIGHT_CENSORED,,,false
END_FACE_TRANSITION_PRESENT,1103,2101,dev::END_FACE_TRANSITION_PRESENT::g1103::m2101,rotation,neg_x,full_reassociation,RIGHT_CENSORED,RIGHT_CENSORED,,,false
END_FACE_TRANSITION_PRESENT,1103,2101,dev::END_FACE_TRANSITION_PRESENT::g1103::m2101,rotation,neg_y,frozen_jacobian,RIGHT_CENSORED,RIGHT_CENSORED,,,false
END_FACE_TRANSITION_PRESENT,1103,2101,dev::END_FACE_TRANSITION_PRESENT::g1103::m2101,rotation,neg_y,full_reassociation,EXACT,EXACT,10.0,10.0,false
END_FACE_TRANSITION_PRESENT,1103,2101,dev::END_FACE_TRANSITION_PRESENT::g1103::m2101,rotation,neg_z,frozen_jacobian,RIGHT_CENSORED,RIGHT_CENSORED,,,false
END_FACE_TRANSITION_PRESENT,1103,2101,dev::END_FACE_TRANSITION_PRESENT::g1103::m2101,rotation,neg_z,full_reassociation,EXACT,EXACT,10.0,10.0,false
END_FACE_TRANSITION_PRESENT,1103,2101,dev::END_FACE_TRANSITION_PRESENT::g1103::m2101,rotation,pos_x,frozen_jacobian,RIGHT_CENSORED,RIGHT_CENSORED,,,false
END_FACE_TRANSITION_PRESENT,1103,2101,dev::END_FACE_TRANSITION_PRESENT::g1103::m2101,rotation,pos_x,full_reassociation,RIGHT_CENSORED,RIGHT_CENSORED,,,false
END_FACE_TRANSITION_PRESENT,1103,2101,dev::END_FACE_TRANSITION_PRESENT::g1103::m2101,rotation,pos_y,frozen_jacobian,RIGHT_CENSORED,RIGHT_CENSORED,,,false
END_FACE_TRANSITION_PRESENT,1103,2101,dev::END_FACE_TRANSITION_PRESENT::g1103::m2101,rotation,pos_y,full_reassociation,EXACT,EXACT,10.0,10.0,false
END_FACE_TRANSITION_PRESENT,1103,2101,dev::END_FACE_TRANSITION_PRESENT::g1103::m2101,rotation,pos_z,frozen_jacobian,RIGHT_CENSORED,RIGHT_CENSORED,,,false
END_FACE_TRANSITION_PRESENT,1103,2101,dev::END_FACE_TRANSITION_PRESENT::g1103::m2101,rotation,pos_z,full_reassociation,EXACT,EXACT,10.0,10.0,false
END_FACE_TRANSITION_PRESENT,1103,2101,dev::END_FACE_TRANSITION_PRESENT::g1103::m2101,translation,ico_00,frozen_jacobian,RIGHT_CENSORED,RIGHT_CENSORED,,,false
END_FACE_TRANSITION_PRESENT,1103,2101,dev::END_FACE_TRANSITION_PRESENT::g1103::m2101,translation,ico_00,full_reassociation,RIGHT_CENSORED,RIGHT_CENSORED,,,false
END_FACE_TRANSITION_PRESENT,1103,2101,dev::END_FACE_TRANSITION_PRESENT::g1103::m2101,translation,ico_01,frozen_jacobian,RIGHT_CENSORED,RIGHT_CENSORED,,,false
END_FACE_TRANSITION_PRESENT,1103,2101,dev::END_FACE_TRANSITION_PRESENT::g1103::m2101,translation,ico_01,full_reassociation,RIGHT_CENSORED,RIGHT_CENSORED,,,false
END_FACE_TRANSITION_PRESENT,1103,2101,dev::END_FACE_TRANSITION_PRESENT::g1103::m2101,translation,ico_02,frozen_jacobian,RIGHT_CENSORED,RIGHT_CENSORED,,,false
END_FACE_TRANSITION_PRESENT,1103,2101,dev::END_FACE_TRANSITION_PRESENT::g1103::m2101,translation,ico_02,full_reassociation,RIGHT_CENSORED,RIGHT_CENSORED,,,false
END_FACE_TRANSITION_PRESENT,1103,2101,dev::END_FACE_TRANSITION_PRESENT::g1103::m2101,translation,ico_03,frozen_jacobian,RIGHT_CENSORED,RIGHT_CENSORED,,,false
END_FACE_TRANSITION_PRESENT,1103,2101,dev::END_FACE_TRANSITION_PRESENT::g1103::m2101,translation,ico_03,full_reassociation,RIGHT_CENSORED,RIGHT_CENSORED,,,false
END_FACE_TRANSITION_PRESENT,1103,2101,dev::END_FACE_TRANSITION_PRESENT::g1103::m2101,translation,ico_04,frozen_jacobian,RIGHT_CENSORED,RIGHT_CENSORED,,,false
END_FACE_TRANSITION_PRESENT,1103,2101,dev::END_FACE_TRANSITION_PRESENT::g1103::m2101,translation,ico_04,full_reassociation,RIGHT_CENSORED,RIGHT_CENSORED,,,false
END_FACE_TRANSITION_PRESENT,1103,2101,dev::END_FACE_TRANSITION_PRESENT::g1103::m2101,translation,ico_05,frozen_jacobian,RIGHT_CENSORED,RIGHT_CENSORED,,,false
END_FACE_TRANSITION_PRESENT,1103,2101,dev::END_FACE_TRANSITION_PRESENT::g1103::m2101,translation,ico_05,full_reassociation,RIGHT_CENSORED,RIGHT_CENSORED,,,false
END_FACE_TRANSITION_PRESENT,1103,2101,dev::END_FACE_TRANSITION_PRESENT::g1103::m2101,translation,ico_06,frozen_jacobian,RIGHT_CENSORED,RIGHT_CENSORED,,,false
END_FACE_TRANSITION_PRESENT,1103,2101,dev::END_FACE_TRANSITION_PRESENT::g1103::m2101,translation,ico_06,full_reassociation,RIGHT_CENSORED,RIGHT_CENSORED,,,false
END_FACE_TRANSITION_PRESENT,1103,2101,dev::END_FACE_TRANSITION_PRESENT::g1103::m2101,translation,ico_07,frozen_jacobian,RIGHT_CENSORED,RIGHT_CENSORED,,,false
END_FACE_TRANSITION_PRESENT,1103,2101,dev::END_FACE_TRANSITION_PRESENT::g1103::m2101,translation,ico_07,full_reassociation,RIGHT_CENSORED,RIGHT_CENSORED,,,false
END_FACE_TRANSITION_PRESENT,1103,2101,dev::END_FACE_TRANSITION_PRESENT::g1103::m2101,translation,ico_08,frozen_jacobian,RIGHT_CENSORED,RIGHT_CENSORED,,,false
END_FACE_TRANSITION_PRESENT,1103,2101,dev::END_FACE_TRANSITION_PRESENT::g1103::m2101,translation,ico_08,full_reassociation,RIGHT_CENSORED,RIGHT_CENSORED,,,false
END_FACE_TRANSITION_PRESENT,1103,2101,dev::END_FACE_TRANSITION_PRESENT::g1103::m2101,translation,ico_09,frozen_jacobian,RIGHT_CENSORED,RIGHT_CENSORED,,,false
END_FACE_TRANSITION_PRESENT,1103,2101,dev::END_FACE_TRANSITION_PRESENT::g1103::m2101,translation,ico_09,full_reassociation,RIGHT_CENSORED,RIGHT_CENSORED,,,false
END_FACE_TRANSITION_PRESENT,1103,2101,dev::END_FACE_TRANSITION_PRESENT::g1103::m2101,translation,ico_10,frozen_jacobian,RIGHT_CENSORED,RIGHT_CENSORED,,,false
END_FACE_TRANSITION_PRESENT,1103,2101,dev::END_FACE_TRANSITION_PRESENT::g1103::m2101,translation,ico_10,full_reassociation,RIGHT_CENSORED,RIGHT_CENSORED,,,false
END_FACE_TRANSITION_PRESENT,1103,2101,dev::END_FACE_TRANSITION_PRESENT::g1103::m2101,translation,ico_11,frozen_jacobian,RIGHT_CENSORED,RIGHT_CENSORED,,,false
END_FACE_TRANSITION_PRESENT,1103,2101,dev::END_FACE_TRANSITION_PRESENT::g1103::m2101,translation,ico_11,full_reassociation,RIGHT_CENSORED,RIGHT_CENSORED,,,false
END_FACE_TRANSITION_PRESENT,1103,2101,dev::END_FACE_TRANSITION_PRESENT::g1103::m2101,translation,neg_x,frozen_jacobian,RIGHT_CENSORED,RIGHT_CENSORED,,,false
END_FACE_TRANSITION_PRESENT,1103,2101,dev::END_FACE_TRANSITION_PRESENT::g1103::m2101,translation,neg_x,full_reassociation,RIGHT_CENSORED,RIGHT_CENSORED,,,false
END_FACE_TRANSITION_PRESENT,1103,2101,dev::END_FACE_TRANSITION_PRESENT::g1103::m2101,translation,neg_y,frozen_jacobian,RIGHT_CENSORED,RIGHT_CENSORED,,,false
END_FACE_TRANSITION_PRESENT,1103,2101,dev::END_FACE_TRANSITION_PRESENT::g1103::m2101,translation,neg_y,full_reassociation,RIGHT_CENSORED,RIGHT_CENSORED,,,false
END_FACE_TRANSITION_PRESENT,1103,2101,dev::END_FACE_TRANSITION_PRESENT::g1103::m2101,translation,neg_z,frozen_jacobian,RIGHT_CENSORED,RIGHT_CENSORED,,,false
END_FACE_TRANSITION_PRESENT,1103,2101,dev::END_FACE_TRANSITION_PRESENT::g1103::m2101,translation,neg_z,full_reassociation,RIGHT_CENSORED,RIGHT_CENSORED,,,false
END_FACE_TRANSITION_PRESENT,1103,2101,dev::END_FACE_TRANSITION_PRESENT::g1103::m2101,translation,pos_x,frozen_jacobian,RIGHT_CENSORED,RIGHT_CENSORED,,,false
END_FACE_TRANSITION_PRESENT,1103,2101,dev::END_FACE_TRANSITION_PRESENT::g1103::m2101,translation,pos_x,full_reassociation,RIGHT_CENSORED,RIGHT_CENSORED,,,false
END_FACE_TRANSITION_PRESENT,1103,2101,dev::END_FACE_TRANSITION_PRESENT::g1103::m2101,translation,pos_y,frozen_jacobian,RIGHT_CENSORED,RIGHT_CENSORED,,,false
END_FACE_TRANSITION_PRESENT,1103,2101,dev::END_FACE_TRANSITION_PRESENT::g1103::m2101,translation,pos_y,full_reassociation,RIGHT_CENSORED,RIGHT_CENSORED,,,false
END_FACE_TRANSITION_PRESENT,1103,2101,dev::END_FACE_TRANSITION_PRESENT::g1103::m2101,translation,pos_z,frozen_jacobian,RIGHT_CENSORED,RIGHT_CENSORED,,,false
END_FACE_TRANSITION_PRESENT,1103,2101,dev::END_FACE_TRANSITION_PRESENT::g1103::m2101,translation,pos_z,full_reassociation,RIGHT_CENSORED,RIGHT_CENSORED,,,false
END_FACE_TRANSITION_PRESENT,1103,2111,dev::END_FACE_TRANSITION_PRESENT::g1103::m2111,rotation,ico_00,frozen_jacobian,RIGHT_CENSORED,RIGHT_CENSORED,,,false
END_FACE_TRANSITION_PRESENT,1103,2111,dev::END_FACE_TRANSITION_PRESENT::g1103::m2111,rotation,ico_00,full_reassociation,EXACT,EXACT,10.0,10.0,false
END_FACE_TRANSITION_PRESENT,1103,2111,dev::END_FACE_TRANSITION_PRESENT::g1103::m2111,rotation,ico_01,frozen_jacobian,RIGHT_CENSORED,RIGHT_CENSORED,,,false
END_FACE_TRANSITION_PRESENT,1103,2111,dev::END_FACE_TRANSITION_PRESENT::g1103::m2111,rotation,ico_01,full_reassociation,EXACT,EXACT,10.0,10.0,false
END_FACE_TRANSITION_PRESENT,1103,2111,dev::END_FACE_TRANSITION_PRESENT::g1103::m2111,rotation,ico_02,frozen_jacobian,RIGHT_CENSORED,RIGHT_CENSORED,,,false
END_FACE_TRANSITION_PRESENT,1103,2111,dev::END_FACE_TRANSITION_PRESENT::g1103::m2111,rotation,ico_02,full_reassociation,EXACT,EXACT,10.0,10.0,false
END_FACE_TRANSITION_PRESENT,1103,2111,dev::END_FACE_TRANSITION_PRESENT::g1103::m2111,rotation,ico_03,frozen_jacobian,RIGHT_CENSORED,RIGHT_CENSORED,,,false
END_FACE_TRANSITION_PRESENT,1103,2111,dev::END_FACE_TRANSITION_PRESENT::g1103::m2111,rotation,ico_03,full_reassociation,EXACT,EXACT,10.0,10.0,false
END_FACE_TRANSITION_PRESENT,1103,2111,dev::END_FACE_TRANSITION_PRESENT::g1103::m2111,rotation,ico_04,frozen_jacobian,RIGHT_CENSORED,RIGHT_CENSORED,,,false
END_FACE_TRANSITION_PRESENT,1103,2111,dev::END_FACE_TRANSITION_PRESENT::g1103::m2111,rotation,ico_04,full_reassociation,EXACT,EXACT,10.0,10.0,false
END_FACE_TRANSITION_PRESENT,1103,2111,dev::END_FACE_TRANSITION_PRESENT::g1103::m2111,rotation,ico_05,frozen_jacobian,RIGHT_CENSORED,RIGHT_CENSORED,,,false
END_FACE_TRANSITION_PRESENT,1103,2111,dev::END_FACE_TRANSITION_PRESENT::g1103::m2111,rotation,ico_05,full_reassociation,EXACT,EXACT,10.0,10.0,false
END_FACE_TRANSITION_PRESENT,1103,2111,dev::END_FACE_TRANSITION_PRESENT::g1103::m2111,rotation,ico_06,frozen_jacobian,RIGHT_CENSORED,RIGHT_CENSORED,,,false
END_FACE_TRANSITION_PRESENT,1103,2111,dev::END_FACE_TRANSITION_PRESENT::g1103::m2111,rotation,ico_06,full_reassociation,EXACT,EXACT,10.0,10.0,false
END_FACE_TRANSITION_PRESENT,1103,2111,dev::END_FACE_TRANSITION_PRESENT::g1103::m2111,rotation,ico_07,frozen_jacobian,RIGHT_CENSORED,RIGHT_CENSORED,,,false
END_FACE_TRANSITION_PRESENT,1103,2111,dev::END_FACE_TRANSITION_PRESENT::g1103::m2111,rotation,ico_07,full_reassociation,EXACT,EXACT,10.0,10.0,false
END_FACE_TRANSITION_PRESENT,1103,2111,dev::END_FACE_TRANSITION_PRESENT::g1103::m2111,rotation,ico_08,frozen_jacobian,RIGHT_CENSORED,RIGHT_CENSORED,,,false
END_FACE_TRANSITION_PRESENT,1103,2111,dev::END_FACE_TRANSITION_PRESENT::g1103::m2111,rotation,ico_08,full_reassociation,EXACT,EXACT,20.0,20.0,false
END_FACE_TRANSITION_PRESENT,1103,2111,dev::END_FACE_TRANSITION_PRESENT::g1103::m2111,rotation,ico_09,frozen_jacobian,RIGHT_CENSORED,RIGHT_CENSORED,,,false
END_FACE_TRANSITION_PRESENT,1103,2111,dev::END_FACE_TRANSITION_PRESENT::g1103::m2111,rotation,ico_09,full_reassociation,EXACT,EXACT,20.0,20.0,false
END_FACE_TRANSITION_PRESENT,1103,2111,dev::END_FACE_TRANSITION_PRESENT::g1103::m2111,rotation,ico_10,frozen_jacobian,RIGHT_CENSORED,RIGHT_CENSORED,,,false
END_FACE_TRANSITION_PRESENT,1103,2111,dev::END_FACE_TRANSITION_PRESENT::g1103::m2111,rotation,ico_10,full_reassociation,EXACT,EXACT,20.0,20.0,false
END_FACE_TRANSITION_PRESENT,1103,2111,dev::END_FACE_TRANSITION_PRESENT::g1103::m2111,rotation,ico_11,frozen_jacobian,RIGHT_CENSORED,RIGHT_CENSORED,,,false
END_FACE_TRANSITION_PRESENT,1103,2111,dev::END_FACE_TRANSITION_PRESENT::g1103::m2111,rotation,ico_11,full_reassociation,EXACT,EXACT,20.0,20.0,false
END_FACE_TRANSITION_PRESENT,1103,2111,dev::END_FACE_TRANSITION_PRESENT::g1103::m2111,rotation,neg_x,frozen_jacobian,RIGHT_CENSORED,RIGHT_CENSORED,,,false
END_FACE_TRANSITION_PRESENT,1103,2111,dev::END_FACE_TRANSITION_PRESENT::g1103::m2111,rotation,neg_x,full_reassociation,RIGHT_CENSORED,RIGHT_CENSORED,,,false
END_FACE_TRANSITION_PRESENT,1103,2111,dev::END_FACE_TRANSITION_PRESENT::g1103::m2111,rotation,neg_y,frozen_jacobian,RIGHT_CENSORED,RIGHT_CENSORED,,,false
END_FACE_TRANSITION_PRESENT,1103,2111,dev::END_FACE_TRANSITION_PRESENT::g1103::m2111,rotation,neg_y,full_reassociation,EXACT,EXACT,10.0,10.0,false
END_FACE_TRANSITION_PRESENT,1103,2111,dev::END_FACE_TRANSITION_PRESENT::g1103::m2111,rotation,neg_z,frozen_jacobian,RIGHT_CENSORED,RIGHT_CENSORED,,,false
END_FACE_TRANSITION_PRESENT,1103,2111,dev::END_FACE_TRANSITION_PRESENT::g1103::m2111,rotation,neg_z,full_reassociation,EXACT,EXACT,10.0,10.0,false
END_FACE_TRANSITION_PRESENT,1103,2111,dev::END_FACE_TRANSITION_PRESENT::g1103::m2111,rotation,pos_x,frozen_jacobian,RIGHT_CENSORED,RIGHT_CENSORED,,,false
END_FACE_TRANSITION_PRESENT,1103,2111,dev::END_FACE_TRANSITION_PRESENT::g1103::m2111,rotation,pos_x,full_reassociation,RIGHT_CENSORED,RIGHT_CENSORED,,,false
END_FACE_TRANSITION_PRESENT,1103,2111,dev::END_FACE_TRANSITION_PRESENT::g1103::m2111,rotation,pos_y,frozen_jacobian,RIGHT_CENSORED,RIGHT_CENSORED,,,false
END_FACE_TRANSITION_PRESENT,1103,2111,dev::END_FACE_TRANSITION_PRESENT::g1103::m2111,rotation,pos_y,full_reassociation,EXACT,EXACT,10.0,10.0,false
END_FACE_TRANSITION_PRESENT,1103,2111,dev::END_FACE_TRANSITION_PRESENT::g1103::m2111,rotation,pos_z,frozen_jacobian,RIGHT_CENSORED,RIGHT_CENSORED,,,false
END_FACE_TRANSITION_PRESENT,1103,2111,dev::END_FACE_TRANSITION_PRESENT::g1103::m2111,rotation,pos_z,full_reassociation,EXACT,EXACT,10.0,10.0,false
END_FACE_TRANSITION_PRESENT,1103,2111,dev::END_FACE_TRANSITION_PRESENT::g1103::m2111,translation,ico_00,frozen_jacobian,RIGHT_CENSORED,RIGHT_CENSORED,,,false
END_FACE_TRANSITION_PRESENT,1103,2111,dev::END_FACE_TRANSITION_PRESENT::g1103::m2111,translation,ico_00,full_reassociation,RIGHT_CENSORED,RIGHT_CENSORED,,,false
END_FACE_TRANSITION_PRESENT,1103,2111,dev::END_FACE_TRANSITION_PRESENT::g1103::m2111,translation,ico_01,frozen_jacobian,RIGHT_CENSORED,RIGHT_CENSORED,,,false
END_FACE_TRANSITION_PRESENT,1103,2111,dev::END_FACE_TRANSITION_PRESENT::g1103::m2111,translation,ico_01,full_reassociation,RIGHT_CENSORED,RIGHT_CENSORED,,,false
END_FACE_TRANSITION_PRESENT,1103,2111,dev::END_FACE_TRANSITION_PRESENT::g1103::m2111,translation,ico_02,frozen_jacobian,RIGHT_CENSORED,RIGHT_CENSORED,,,false
END_FACE_TRANSITION_PRESENT,1103,2111,dev::END_FACE_TRANSITION_PRESENT::g1103::m2111,translation,ico_02,full_reassociation,RIGHT_CENSORED,RIGHT_CENSORED,,,false
END_FACE_TRANSITION_PRESENT,1103,2111,dev::END_FACE_TRANSITION_PRESENT::g1103::m2111,translation,ico_03,frozen_jacobian,RIGHT_CENSORED,RIGHT_CENSORED,,,false
END_FACE_TRANSITION_PRESENT,1103,2111,dev::END_FACE_TRANSITION_PRESENT::g1103::m2111,translation,ico_03,full_reassociation,RIGHT_CENSORED,RIGHT_CENSORED,,,false
END_FACE_TRANSITION_PRESENT,1103,2111,dev::END_FACE_TRANSITION_PRESENT::g1103::m2111,translation,ico_04,frozen_jacobian,RIGHT_CENSORED,RIGHT_CENSORED,,,false
END_FACE_TRANSITION_PRESENT,1103,2111,dev::END_FACE_TRANSITION_PRESENT::g1103::m2111,translation,ico_04,full_reassociation,RIGHT_CENSORED,RIGHT_CENSORED,,,false
END_FACE_TRANSITION_PRESENT,1103,2111,dev::END_FACE_TRANSITION_PRESENT::g1103::m2111,translation,ico_05,frozen_jacobian,RIGHT_CENSORED,RIGHT_CENSORED,,,false
END_FACE_TRANSITION_PRESENT,1103,2111,dev::END_FACE_TRANSITION_PRESENT::g1103::m2111,translation,ico_05,full_reassociation,RIGHT_CENSORED,RIGHT_CENSORED,,,false
END_FACE_TRANSITION_PRESENT,1103,2111,dev::END_FACE_TRANSITION_PRESENT::g1103::m2111,translation,ico_06,frozen_jacobian,RIGHT_CENSORED,RIGHT_CENSORED,,,false
END_FACE_TRANSITION_PRESENT,1103,2111,dev::END_FACE_TRANSITION_PRESENT::g1103::m2111,translation,ico_06,full_reassociation,RIGHT_CENSORED,RIGHT_CENSORED,,,false
END_FACE_TRANSITION_PRESENT,1103,2111,dev::END_FACE_TRANSITION_PRESENT::g1103::m2111,translation,ico_07,frozen_jacobian,RIGHT_CENSORED,RIGHT_CENSORED,,,false
END_FACE_TRANSITION_PRESENT,1103,2111,dev::END_FACE_TRANSITION_PRESENT::g1103::m2111,translation,ico_07,full_reassociation,RIGHT_CENSORED,RIGHT_CENSORED,,,false
END_FACE_TRANSITION_PRESENT,1103,2111,dev::END_FACE_TRANSITION_PRESENT::g1103::m2111,translation,ico_08,frozen_jacobian,RIGHT_CENSORED,RIGHT_CENSORED,,,false
END_FACE_TRANSITION_PRESENT,1103,2111,dev::END_FACE_TRANSITION_PRESENT::g1103::m2111,translation,ico_08,full_reassociation,RIGHT_CENSORED,RIGHT_CENSORED,,,false
END_FACE_TRANSITION_PRESENT,1103,2111,dev::END_FACE_TRANSITION_PRESENT::g1103::m2111,translation,ico_09,frozen_jacobian,RIGHT_CENSORED,RIGHT_CENSORED,,,false
END_FACE_TRANSITION_PRESENT,1103,2111,dev::END_FACE_TRANSITION_PRESENT::g1103::m2111,translation,ico_09,full_reassociation,RIGHT_CENSORED,RIGHT_CENSORED,,,false
END_FACE_TRANSITION_PRESENT,1103,2111,dev::END_FACE_TRANSITION_PRESENT::g1103::m2111,translation,ico_10,frozen_jacobian,RIGHT_CENSORED,RIGHT_CENSORED,,,false
END_FACE_TRANSITION_PRESENT,1103,2111,dev::END_FACE_TRANSITION_PRESENT::g1103::m2111,translation,ico_10,full_reassociation,RIGHT_CENSORED,RIGHT_CENSORED,,,false
END_FACE_TRANSITION_PRESENT,1103,2111,dev::END_FACE_TRANSITION_PRESENT::g1103::m2111,translation,ico_11,frozen_jacobian,RIGHT_CENSORED,RIGHT_CENSORED,,,false
END_FACE_TRANSITION_PRESENT,1103,2111,dev::END_FACE_TRANSITION_PRESENT::g1103::m2111,translation,ico_11,full_reassociation,RIGHT_CENSORED,RIGHT_CENSORED,,,false
END_FACE_TRANSITION_PRESENT,1103,2111,dev::END_FACE_TRANSITION_PRESENT::g1103::m2111,translation,neg_x,frozen_jacobian,RIGHT_CENSORED,RIGHT_CENSORED,,,false
END_FACE_TRANSITION_PRESENT,1103,2111,dev::END_FACE_TRANSITION_PRESENT::g1103::m2111,translation,neg_x,full_reassociation,RIGHT_CENSORED,RIGHT_CENSORED,,,false
END_FACE_TRANSITION_PRESENT,1103,2111,dev::END_FACE_TRANSITION_PRESENT::g1103::m2111,translation,neg_y,frozen_jacobian,RIGHT_CENSORED,RIGHT_CENSORED,,,false
END_FACE_TRANSITION_PRESENT,1103,2111,dev::END_FACE_TRANSITION_PRESENT::g1103::m2111,translation,neg_y,full_reassociation,RIGHT_CENSORED,RIGHT_CENSORED,,,false
END_FACE_TRANSITION_PRESENT,1103,2111,dev::END_FACE_TRANSITION_PRESENT::g1103::m2111,translation,neg_z,frozen_jacobian,RIGHT_CENSORED,RIGHT_CENSORED,,,false
END_FACE_TRANSITION_PRESENT,1103,2111,dev::END_FACE_TRANSITION_PRESENT::g1103::m2111,translation,neg_z,full_reassociation,RIGHT_CENSORED,RIGHT_CENSORED,,,false
END_FACE_TRANSITION_PRESENT,1103,2111,dev::END_FACE_TRANSITION_PRESENT::g1103::m2111,translation,pos_x,frozen_jacobian,RIGHT_CENSORED,RIGHT_CENSORED,,,false
END_FACE_TRANSITION_PRESENT,1103,2111,dev::END_FACE_TRANSITION_PRESENT::g1103::m2111,translation,pos_x,full_reassociation,RIGHT_CENSORED,RIGHT_CENSORED,,,false
END_FACE_TRANSITION_PRESENT,1103,2111,dev::END_FACE_TRANSITION_PRESENT::g1103::m2111,translation,pos_y,frozen_jacobian,RIGHT_CENSORED,RIGHT_CENSORED,,,false
END_FACE_TRANSITION_PRESENT,1103,2111,dev::END_FACE_TRANSITION_PRESENT::g1103::m2111,translation,pos_y,full_reassociation,RIGHT_CENSORED,RIGHT_CENSORED,,,false
END_FACE_TRANSITION_PRESENT,1103,2111,dev::END_FACE_TRANSITION_PRESENT::g1103::m2111,translation,pos_z,frozen_jacobian,RIGHT_CENSORED,RIGHT_CENSORED,,,false
END_FACE_TRANSITION_PRESENT,1103,2111,dev::END_FACE_TRANSITION_PRESENT::g1103::m2111,translation,pos_z,full_reassociation,RIGHT_CENSORED,RIGHT_CENSORED,,,false
END_FACE_TRANSITION_PRESENT,1107,2101,dev::END_FACE_TRANSITION_PRESENT::g1107::m2101,rotation,ico_00,frozen_jacobian,RIGHT_CENSORED,RIGHT_CENSORED,,,false
END_FACE_TRANSITION_PRESENT,1107,2101,dev::END_FACE_TRANSITION_PRESENT::g1107::m2101,rotation,ico_00,full_reassociation,EXACT,EXACT,10.0,10.0,false
END_FACE_TRANSITION_PRESENT,1107,2101,dev::END_FACE_TRANSITION_PRESENT::g1107::m2101,rotation,ico_01,frozen_jacobian,RIGHT_CENSORED,RIGHT_CENSORED,,,false
END_FACE_TRANSITION_PRESENT,1107,2101,dev::END_FACE_TRANSITION_PRESENT::g1107::m2101,rotation,ico_01,full_reassociation,EXACT,EXACT,10.0,10.0,false
END_FACE_TRANSITION_PRESENT,1107,2101,dev::END_FACE_TRANSITION_PRESENT::g1107::m2101,rotation,ico_02,frozen_jacobian,RIGHT_CENSORED,RIGHT_CENSORED,,,false
END_FACE_TRANSITION_PRESENT,1107,2101,dev::END_FACE_TRANSITION_PRESENT::g1107::m2101,rotation,ico_02,full_reassociation,EXACT,EXACT,20.0,10.0,false
END_FACE_TRANSITION_PRESENT,1107,2101,dev::END_FACE_TRANSITION_PRESENT::g1107::m2101,rotation,ico_03,frozen_jacobian,RIGHT_CENSORED,RIGHT_CENSORED,,,false
END_FACE_TRANSITION_PRESENT,1107,2101,dev::END_FACE_TRANSITION_PRESENT::g1107::m2101,rotation,ico_03,full_reassociation,EXACT,EXACT,10.0,10.0,false
END_FACE_TRANSITION_PRESENT,1107,2101,dev::END_FACE_TRANSITION_PRESENT::g1107::m2101,rotation,ico_04,frozen_jacobian,RIGHT_CENSORED,RIGHT_CENSORED,,,false
END_FACE_TRANSITION_PRESENT,1107,2101,dev::END_FACE_TRANSITION_PRESENT::g1107::m2101,rotation,ico_04,full_reassociation,EXACT,EXACT,20.0,20.0,false
END_FACE_TRANSITION_PRESENT,1107,2101,dev::END_FACE_TRANSITION_PRESENT::g1107::m2101,rotation,ico_05,frozen_jacobian,RIGHT_CENSORED,RIGHT_CENSORED,,,false
END_FACE_TRANSITION_PRESENT,1107,2101,dev::END_FACE_TRANSITION_PRESENT::g1107::m2101,rotation,ico_05,full_reassociation,EXACT,EXACT,20.0,20.0,false
END_FACE_TRANSITION_PRESENT,1107,2101,dev::END_FACE_TRANSITION_PRESENT::g1107::m2101,rotation,ico_06,frozen_jacobian,RIGHT_CENSORED,RIGHT_CENSORED,,,false
END_FACE_TRANSITION_PRESENT,1107,2101,dev::END_FACE_TRANSITION_PRESENT::g1107::m2101,rotation,ico_06,full_reassociation,EXACT,EXACT,20.0,20.0,false
END_FACE_TRANSITION_PRESENT,1107,2101,dev::END_FACE_TRANSITION_PRESENT::g1107::m2101,rotation,ico_07,frozen_jacobian,RIGHT_CENSORED,RIGHT_CENSORED,,,false
END_FACE_TRANSITION_PRESENT,1107,2101,dev::END_FACE_TRANSITION_PRESENT::g1107::m2101,rotation,ico_07,full_reassociation,EXACT,EXACT,20.0,20.0,false
END_FACE_TRANSITION_PRESENT,1107,2101,dev::END_FACE_TRANSITION_PRESENT::g1107::m2101,rotation,ico_08,frozen_jacobian,RIGHT_CENSORED,RIGHT_CENSORED,,,false
END_FACE_TRANSITION_PRESENT,1107,2101,dev::END_FACE_TRANSITION_PRESENT::g1107::m2101,rotation,ico_08,full_reassociation,EXACT,EXACT,20.0,20.0,false
END_FACE_TRANSITION_PRESENT,1107,2101,dev::END_FACE_TRANSITION_PRESENT::g1107::m2101,rotation,ico_09,frozen_jacobian,RIGHT_CENSORED,RIGHT_CENSORED,,,false
END_FACE_TRANSITION_PRESENT,1107,2101,dev::END_FACE_TRANSITION_PRESENT::g1107::m2101,rotation,ico_09,full_reassociation,RIGHT_CENSORED,EXACT,,20.0,false
END_FACE_TRANSITION_PRESENT,1107,2101,dev::END_FACE_TRANSITION_PRESENT::g1107::m2101,rotation,ico_10,frozen_jacobian,RIGHT_CENSORED,RIGHT_CENSORED,,,false
END_FACE_TRANSITION_PRESENT,1107,2101,dev::END_FACE_TRANSITION_PRESENT::g1107::m2101,rotation,ico_10,full_reassociation,EXACT,EXACT,20.0,20.0,false
END_FACE_TRANSITION_PRESENT,1107,2101,dev::END_FACE_TRANSITION_PRESENT::g1107::m2101,rotation,ico_11,frozen_jacobian,RIGHT_CENSORED,RIGHT_CENSORED,,,false
END_FACE_TRANSITION_PRESENT,1107,2101,dev::END_FACE_TRANSITION_PRESENT::g1107::m2101,rotation,ico_11,full_reassociation,EXACT,EXACT,20.0,20.0,false
END_FACE_TRANSITION_PRESENT,1107,2101,dev::END_FACE_TRANSITION_PRESENT::g1107::m2101,rotation,neg_x,frozen_jacobian,RIGHT_CENSORED,RIGHT_CENSORED,,,false
END_FACE_TRANSITION_PRESENT,1107,2101,dev::END_FACE_TRANSITION_PRESENT::g1107::m2101,rotation,neg_x,full_reassociation,RIGHT_CENSORED,RIGHT_CENSORED,,,false
END_FACE_TRANSITION_PRESENT,1107,2101,dev::END_FACE_TRANSITION_PRESENT::g1107::m2101,rotation,neg_y,frozen_jacobian,RIGHT_CENSORED,RIGHT_CENSORED,,,false
END_FACE_TRANSITION_PRESENT,1107,2101,dev::END_FACE_TRANSITION_PRESENT::g1107::m2101,rotation,neg_y,full_reassociation,EXACT,EXACT,20.0,20.0,false
END_FACE_TRANSITION_PRESENT,1107,2101,dev::END_FACE_TRANSITION_PRESENT::g1107::m2101,rotation,neg_z,frozen_jacobian,RIGHT_CENSORED,RIGHT_CENSORED,,,false
END_FACE_TRANSITION_PRESENT,1107,2101,dev::END_FACE_TRANSITION_PRESENT::g1107::m2101,rotation,neg_z,full_reassociation,EXACT,EXACT,20.0,20.0,false
END_FACE_TRANSITION_PRESENT,1107,2101,dev::END_FACE_TRANSITION_PRESENT::g1107::m2101,rotation,pos_x,frozen_jacobian,RIGHT_CENSORED,RIGHT_CENSORED,,,false
END_FACE_TRANSITION_PRESENT,1107,2101,dev::END_FACE_TRANSITION_PRESENT::g1107::m2101,rotation,pos_x,full_reassociation,RIGHT_CENSORED,RIGHT_CENSORED,,,false
END_FACE_TRANSITION_PRESENT,1107,2101,dev::END_FACE_TRANSITION_PRESENT::g1107::m2101,rotation,pos_y,frozen_jacobian,RIGHT_CENSORED,RIGHT_CENSORED,,,false
END_FACE_TRANSITION_PRESENT,1107,2101,dev::END_FACE_TRANSITION_PRESENT::g1107::m2101,rotation,pos_y,full_reassociation,EXACT,EXACT,20.0,20.0,false
END_FACE_TRANSITION_PRESENT,1107,2101,dev::END_FACE_TRANSITION_PRESENT::g1107::m2101,rotation,pos_z,frozen_jacobian,RIGHT_CENSORED,RIGHT_CENSORED,,,false
END_FACE_TRANSITION_PRESENT,1107,2101,dev::END_FACE_TRANSITION_PRESENT::g1107::m2101,rotation,pos_z,full_reassociation,EXACT,EXACT,20.0,20.0,false
END_FACE_TRANSITION_PRESENT,1107,2101,dev::END_FACE_TRANSITION_PRESENT::g1107::m2101,translation,ico_00,frozen_jacobian,RIGHT_CENSORED,RIGHT_CENSORED,,,false
END_FACE_TRANSITION_PRESENT,1107,2101,dev::END_FACE_TRANSITION_PRESENT::g1107::m2101,translation,ico_00,full_reassociation,RIGHT_CENSORED,RIGHT_CENSORED,,,false
END_FACE_TRANSITION_PRESENT,1107,2101,dev::END_FACE_TRANSITION_PRESENT::g1107::m2101,translation,ico_01,frozen_jacobian,RIGHT_CENSORED,RIGHT_CENSORED,,,false
END_FACE_TRANSITION_PRESENT,1107,2101,dev::END_FACE_TRANSITION_PRESENT::g1107::m2101,translation,ico_01,full_reassociation,RIGHT_CENSORED,RIGHT_CENSORED,,,false
END_FACE_TRANSITION_PRESENT,1107,2101,dev::END_FACE_TRANSITION_PRESENT::g1107::m2101,translation,ico_02,frozen_jacobian,RIGHT_CENSORED,RIGHT_CENSORED,,,false
END_FACE_TRANSITION_PRESENT,1107,2101,dev::END_FACE_TRANSITION_PRESENT::g1107::m2101,translation,ico_02,full_reassociation,RIGHT_CENSORED,RIGHT_CENSORED,,,false
END_FACE_TRANSITION_PRESENT,1107,2101,dev::END_FACE_TRANSITION_PRESENT::g1107::m2101,translation,ico_03,frozen_jacobian,RIGHT_CENSORED,RIGHT_CENSORED,,,false
END_FACE_TRANSITION_PRESENT,1107,2101,dev::END_FACE_TRANSITION_PRESENT::g1107::m2101,translation,ico_03,full_reassociation,RIGHT_CENSORED,RIGHT_CENSORED,,,false
END_FACE_TRANSITION_PRESENT,1107,2101,dev::END_FACE_TRANSITION_PRESENT::g1107::m2101,translation,ico_04,frozen_jacobian,RIGHT_CENSORED,RIGHT_CENSORED,,,false
END_FACE_TRANSITION_PRESENT,1107,2101,dev::END_FACE_TRANSITION_PRESENT::g1107::m2101,translation,ico_04,full_reassociation,RIGHT_CENSORED,RIGHT_CENSORED,,,false
END_FACE_TRANSITION_PRESENT,1107,2101,dev::END_FACE_TRANSITION_PRESENT::g1107::m2101,translation,ico_05,frozen_jacobian,RIGHT_CENSORED,RIGHT_CENSORED,,,false
END_FACE_TRANSITION_PRESENT,1107,2101,dev::END_FACE_TRANSITION_PRESENT::g1107::m2101,translation,ico_05,full_reassociation,RIGHT_CENSORED,RIGHT_CENSORED,,,false
END_FACE_TRANSITION_PRESENT,1107,2101,dev::END_FACE_TRANSITION_PRESENT::g1107::m2101,translation,ico_06,frozen_jacobian,RIGHT_CENSORED,RIGHT_CENSORED,,,false
END_FACE_TRANSITION_PRESENT,1107,2101,dev::END_FACE_TRANSITION_PRESENT::g1107::m2101,translation,ico_06,full_reassociation,RIGHT_CENSORED,RIGHT_CENSORED,,,false
END_FACE_TRANSITION_PRESENT,1107,2101,dev::END_FACE_TRANSITION_PRESENT::g1107::m2101,translation,ico_07,frozen_jacobian,RIGHT_CENSORED,RIGHT_CENSORED,,,false
END_FACE_TRANSITION_PRESENT,1107,2101,dev::END_FACE_TRANSITION_PRESENT::g1107::m2101,translation,ico_07,full_reassociation,RIGHT_CENSORED,RIGHT_CENSORED,,,false
END_FACE_TRANSITION_PRESENT,1107,2101,dev::END_FACE_TRANSITION_PRESENT::g1107::m2101,translation,ico_08,frozen_jacobian,RIGHT_CENSORED,RIGHT_CENSORED,,,false
END_FACE_TRANSITION_PRESENT,1107,2101,dev::END_FACE_TRANSITION_PRESENT::g1107::m2101,translation,ico_08,full_reassociation,RIGHT_CENSORED,RIGHT_CENSORED,,,false
END_FACE_TRANSITION_PRESENT,1107,2101,dev::END_FACE_TRANSITION_PRESENT::g1107::m2101,translation,ico_09,frozen_jacobian,RIGHT_CENSORED,RIGHT_CENSORED,,,false
END_FACE_TRANSITION_PRESENT,1107,2101,dev::END_FACE_TRANSITION_PRESENT::g1107::m2101,translation,ico_09,full_reassociation,RIGHT_CENSORED,RIGHT_CENSORED,,,false
END_FACE_TRANSITION_PRESENT,1107,2101,dev::END_FACE_TRANSITION_PRESENT::g1107::m2101,translation,ico_10,frozen_jacobian,RIGHT_CENSORED,RIGHT_CENSORED,,,false
END_FACE_TRANSITION_PRESENT,1107,2101,dev::END_FACE_TRANSITION_PRESENT::g1107::m2101,translation,ico_10,full_reassociation,RIGHT_CENSORED,RIGHT_CENSORED,,,false
END_FACE_TRANSITION_PRESENT,1107,2101,dev::END_FACE_TRANSITION_PRESENT::g1107::m2101,translation,ico_11,frozen_jacobian,RIGHT_CENSORED,RIGHT_CENSORED,,,false
END_FACE_TRANSITION_PRESENT,1107,2101,dev::END_FACE_TRANSITION_PRESENT::g1107::m2101,translation,ico_11,full_reassociation,RIGHT_CENSORED,RIGHT_CENSORED,,,false
END_FACE_TRANSITION_PRESENT,1107,2101,dev::END_FACE_TRANSITION_PRESENT::g1107::m2101,translation,neg_x,frozen_jacobian,RIGHT_CENSORED,RIGHT_CENSORED,,,false
END_FACE_TRANSITION_PRESENT,1107,2101,dev::END_FACE_TRANSITION_PRESENT::g1107::m2101,translation,neg_x,full_reassociation,RIGHT_CENSORED,RIGHT_CENSORED,,,false
END_FACE_TRANSITION_PRESENT,1107,2101,dev::END_FACE_TRANSITION_PRESENT::g1107::m2101,translation,neg_y,frozen_jacobian,RIGHT_CENSORED,RIGHT_CENSORED,,,false
END_FACE_TRANSITION_PRESENT,1107,2101,dev::END_FACE_TRANSITION_PRESENT::g1107::m2101,translation,neg_y,full_reassociation,RIGHT_CENSORED,RIGHT_CENSORED,,,false
END_FACE_TRANSITION_PRESENT,1107,2101,dev::END_FACE_TRANSITION_PRESENT::g1107::m2101,translation,neg_z,frozen_jacobian,RIGHT_CENSORED,RIGHT_CENSORED,,,false
END_FACE_TRANSITION_PRESENT,1107,2101,dev::END_FACE_TRANSITION_PRESENT::g1107::m2101,translation,neg_z,full_reassociation,RIGHT_CENSORED,RIGHT_CENSORED,,,false
END_FACE_TRANSITION_PRESENT,1107,2101,dev::END_FACE_TRANSITION_PRESENT::g1107::m2101,translation,pos_x,frozen_jacobian,RIGHT_CENSORED,RIGHT_CENSORED,,,false
END_FACE_TRANSITION_PRESENT,1107,2101,dev::END_FACE_TRANSITION_PRESENT::g1107::m2101,translation,pos_x,full_reassociation,RIGHT_CENSORED,RIGHT_CENSORED,,,false
END_FACE_TRANSITION_PRESENT,1107,2101,dev::END_FACE_TRANSITION_PRESENT::g1107::m2101,translation,pos_y,frozen_jacobian,RIGHT_CENSORED,RIGHT_CENSORED,,,false
END_FACE_TRANSITION_PRESENT,1107,2101,dev::END_FACE_TRANSITION_PRESENT::g1107::m2101,translation,pos_y,full_reassociation,RIGHT_CENSORED,RIGHT_CENSORED,,,false
END_FACE_TRANSITION_PRESENT,1107,2101,dev::END_FACE_TRANSITION_PRESENT::g1107::m2101,translation,pos_z,frozen_jacobian,RIGHT_CENSORED,RIGHT_CENSORED,,,false
END_FACE_TRANSITION_PRESENT,1107,2101,dev::END_FACE_TRANSITION_PRESENT::g1107::m2101,translation,pos_z,full_reassociation,RIGHT_CENSORED,RIGHT_CENSORED,,,false
END_FACE_TRANSITION_PRESENT,1107,2111,dev::END_FACE_TRANSITION_PRESENT::g1107::m2111,rotation,ico_00,frozen_jacobian,RIGHT_CENSORED,RIGHT_CENSORED,,,false
END_FACE_TRANSITION_PRESENT,1107,2111,dev::END_FACE_TRANSITION_PRESENT::g1107::m2111,rotation,ico_00,full_reassociation,EXACT,EXACT,10.0,10.0,false
END_FACE_TRANSITION_PRESENT,1107,2111,dev::END_FACE_TRANSITION_PRESENT::g1107::m2111,rotation,ico_01,frozen_jacobian,RIGHT_CENSORED,RIGHT_CENSORED,,,false
END_FACE_TRANSITION_PRESENT,1107,2111,dev::END_FACE_TRANSITION_PRESENT::g1107::m2111,rotation,ico_01,full_reassociation,EXACT,EXACT,10.0,10.0,false
END_FACE_TRANSITION_PRESENT,1107,2111,dev::END_FACE_TRANSITION_PRESENT::g1107::m2111,rotation,ico_02,frozen_jacobian,RIGHT_CENSORED,RIGHT_CENSORED,,,false
END_FACE_TRANSITION_PRESENT,1107,2111,dev::END_FACE_TRANSITION_PRESENT::g1107::m2111,rotation,ico_02,full_reassociation,EXACT,EXACT,10.0,10.0,false
END_FACE_TRANSITION_PRESENT,1107,2111,dev::END_FACE_TRANSITION_PRESENT::g1107::m2111,rotation,ico_03,frozen_jacobian,RIGHT_CENSORED,RIGHT_CENSORED,,,false
END_FACE_TRANSITION_PRESENT,1107,2111,dev::END_FACE_TRANSITION_PRESENT::g1107::m2111,rotation,ico_03,full_reassociation,EXACT,EXACT,10.0,10.0,false
END_FACE_TRANSITION_PRESENT,1107,2111,dev::END_FACE_TRANSITION_PRESENT::g1107::m2111,rotation,ico_04,frozen_jacobian,RIGHT_CENSORED,RIGHT_CENSORED,,,false
END_FACE_TRANSITION_PRESENT,1107,2111,dev::END_FACE_TRANSITION_PRESENT::g1107::m2111,rotation,ico_04,full_reassociation,EXACT,EXACT,20.0,20.0,false
END_FACE_TRANSITION_PRESENT,1107,2111,dev::END_FACE_TRANSITION_PRESENT::g1107::m2111,rotation,ico_05,frozen_jacobian,RIGHT_CENSORED,RIGHT_CENSORED,,,false
END_FACE_TRANSITION_PRESENT,1107,2111,dev::END_FACE_TRANSITION_PRESENT::g1107::m2111,rotation,ico_05,full_reassociation,EXACT,EXACT,20.0,20.0,false
END_FACE_TRANSITION_PRESENT,1107,2111,dev::END_FACE_TRANSITION_PRESENT::g1107::m2111,rotation,ico_06,frozen_jacobian,RIGHT_CENSORED,RIGHT_CENSORED,,,false
END_FACE_TRANSITION_PRESENT,1107,2111,dev::END_FACE_TRANSITION_PRESENT::g1107::m2111,rotation,ico_06,full_reassociation,EXACT,EXACT,20.0,20.0,false
END_FACE_TRANSITION_PRESENT,1107,2111,dev::END_FACE_TRANSITION_PRESENT::g1107::m2111,rotation,ico_07,frozen_jacobian,RIGHT_CENSORED,RIGHT_CENSORED,,,false
END_FACE_TRANSITION_PRESENT,1107,2111,dev::END_FACE_TRANSITION_PRESENT::g1107::m2111,rotation,ico_07,full_reassociation,EXACT,EXACT,20.0,20.0,false
END_FACE_TRANSITION_PRESENT,1107,2111,dev::END_FACE_TRANSITION_PRESENT::g1107::m2111,rotation,ico_08,frozen_jacobian,RIGHT_CENSORED,RIGHT_CENSORED,,,false
END_FACE_TRANSITION_PRESENT,1107,2111,dev::END_FACE_TRANSITION_PRESENT::g1107::m2111,rotation,ico_08,full_reassociation,EXACT,EXACT,20.0,20.0,false
END_FACE_TRANSITION_PRESENT,1107,2111,dev::END_FACE_TRANSITION_PRESENT::g1107::m2111,rotation,ico_09,frozen_jacobian,RIGHT_CENSORED,RIGHT_CENSORED,,,false
END_FACE_TRANSITION_PRESENT,1107,2111,dev::END_FACE_TRANSITION_PRESENT::g1107::m2111,rotation,ico_09,full_reassociation,RIGHT_CENSORED,RIGHT_CENSORED,,,false
END_FACE_TRANSITION_PRESENT,1107,2111,dev::END_FACE_TRANSITION_PRESENT::g1107::m2111,rotation,ico_10,frozen_jacobian,RIGHT_CENSORED,RIGHT_CENSORED,,,false
END_FACE_TRANSITION_PRESENT,1107,2111,dev::END_FACE_TRANSITION_PRESENT::g1107::m2111,rotation,ico_10,full_reassociation,EXACT,EXACT,20.0,20.0,false
END_FACE_TRANSITION_PRESENT,1107,2111,dev::END_FACE_TRANSITION_PRESENT::g1107::m2111,rotation,ico_11,frozen_jacobian,RIGHT_CENSORED,RIGHT_CENSORED,,,false
END_FACE_TRANSITION_PRESENT,1107,2111,dev::END_FACE_TRANSITION_PRESENT::g1107::m2111,rotation,ico_11,full_reassociation,EXACT,EXACT,20.0,20.0,false
END_FACE_TRANSITION_PRESENT,1107,2111,dev::END_FACE_TRANSITION_PRESENT::g1107::m2111,rotation,neg_x,frozen_jacobian,RIGHT_CENSORED,RIGHT_CENSORED,,,false
END_FACE_TRANSITION_PRESENT,1107,2111,dev::END_FACE_TRANSITION_PRESENT::g1107::m2111,rotation,neg_x,full_reassociation,RIGHT_CENSORED,RIGHT_CENSORED,,,false
END_FACE_TRANSITION_PRESENT,1107,2111,dev::END_FACE_TRANSITION_PRESENT::g1107::m2111,rotation,neg_y,frozen_jacobian,RIGHT_CENSORED,RIGHT_CENSORED,,,false
END_FACE_TRANSITION_PRESENT,1107,2111,dev::END_FACE_TRANSITION_PRESENT::g1107::m2111,rotation,neg_y,full_reassociation,EXACT,EXACT,20.0,20.0,false
END_FACE_TRANSITION_PRESENT,1107,2111,dev::END_FACE_TRANSITION_PRESENT::g1107::m2111,rotation,neg_z,frozen_jacobian,RIGHT_CENSORED,RIGHT_CENSORED,,,false
END_FACE_TRANSITION_PRESENT,1107,2111,dev::END_FACE_TRANSITION_PRESENT::g1107::m2111,rotation,neg_z,full_reassociation,EXACT,EXACT,20.0,20.0,false
END_FACE_TRANSITION_PRESENT,1107,2111,dev::END_FACE_TRANSITION_PRESENT::g1107::m2111,rotation,pos_x,frozen_jacobian,RIGHT_CENSORED,RIGHT_CENSORED,,,false
END_FACE_TRANSITION_PRESENT,1107,2111,dev::END_FACE_TRANSITION_PRESENT::g1107::m2111,rotation,pos_x,full_reassociation,RIGHT_CENSORED,RIGHT_CENSORED,,,false
END_FACE_TRANSITION_PRESENT,1107,2111,dev::END_FACE_TRANSITION_PRESENT::g1107::m2111,rotation,pos_y,frozen_jacobian,RIGHT_CENSORED,RIGHT_CENSORED,,,false
END_FACE_TRANSITION_PRESENT,1107,2111,dev::END_FACE_TRANSITION_PRESENT::g1107::m2111,rotation,pos_y,full_reassociation,EXACT,EXACT,20.0,20.0,false
END_FACE_TRANSITION_PRESENT,1107,2111,dev::END_FACE_TRANSITION_PRESENT::g1107::m2111,rotation,pos_z,frozen_jacobian,RIGHT_CENSORED,RIGHT_CENSORED,,,false
END_FACE_TRANSITION_PRESENT,1107,2111,dev::END_FACE_TRANSITION_PRESENT::g1107::m2111,rotation,pos_z,full_reassociation,EXACT,EXACT,20.0,20.0,false
END_FACE_TRANSITION_PRESENT,1107,2111,dev::END_FACE_TRANSITION_PRESENT::g1107::m2111,translation,ico_00,frozen_jacobian,RIGHT_CENSORED,RIGHT_CENSORED,,,false
END_FACE_TRANSITION_PRESENT,1107,2111,dev::END_FACE_TRANSITION_PRESENT::g1107::m2111,translation,ico_00,full_reassociation,RIGHT_CENSORED,RIGHT_CENSORED,,,false
END_FACE_TRANSITION_PRESENT,1107,2111,dev::END_FACE_TRANSITION_PRESENT::g1107::m2111,translation,ico_01,frozen_jacobian,RIGHT_CENSORED,RIGHT_CENSORED,,,false
END_FACE_TRANSITION_PRESENT,1107,2111,dev::END_FACE_TRANSITION_PRESENT::g1107::m2111,translation,ico_01,full_reassociation,RIGHT_CENSORED,RIGHT_CENSORED,,,false
END_FACE_TRANSITION_PRESENT,1107,2111,dev::END_FACE_TRANSITION_PRESENT::g1107::m2111,translation,ico_02,frozen_jacobian,RIGHT_CENSORED,RIGHT_CENSORED,,,false
END_FACE_TRANSITION_PRESENT,1107,2111,dev::END_FACE_TRANSITION_PRESENT::g1107::m2111,translation,ico_02,full_reassociation,RIGHT_CENSORED,RIGHT_CENSORED,,,false
END_FACE_TRANSITION_PRESENT,1107,2111,dev::END_FACE_TRANSITION_PRESENT::g1107::m2111,translation,ico_03,frozen_jacobian,RIGHT_CENSORED,RIGHT_CENSORED,,,false
END_FACE_TRANSITION_PRESENT,1107,2111,dev::END_FACE_TRANSITION_PRESENT::g1107::m2111,translation,ico_03,full_reassociation,RIGHT_CENSORED,RIGHT_CENSORED,,,false
END_FACE_TRANSITION_PRESENT,1107,2111,dev::END_FACE_TRANSITION_PRESENT::g1107::m2111,translation,ico_04,frozen_jacobian,RIGHT_CENSORED,RIGHT_CENSORED,,,false
END_FACE_TRANSITION_PRESENT,1107,2111,dev::END_FACE_TRANSITION_PRESENT::g1107::m2111,translation,ico_04,full_reassociation,RIGHT_CENSORED,RIGHT_CENSORED,,,false
END_FACE_TRANSITION_PRESENT,1107,2111,dev::END_FACE_TRANSITION_PRESENT::g1107::m2111,translation,ico_05,frozen_jacobian,RIGHT_CENSORED,RIGHT_CENSORED,,,false
END_FACE_TRANSITION_PRESENT,1107,2111,dev::END_FACE_TRANSITION_PRESENT::g1107::m2111,translation,ico_05,full_reassociation,RIGHT_CENSORED,RIGHT_CENSORED,,,false
END_FACE_TRANSITION_PRESENT,1107,2111,dev::END_FACE_TRANSITION_PRESENT::g1107::m2111,translation,ico_06,frozen_jacobian,RIGHT_CENSORED,RIGHT_CENSORED,,,false
END_FACE_TRANSITION_PRESENT,1107,2111,dev::END_FACE_TRANSITION_PRESENT::g1107::m2111,translation,ico_06,full_reassociation,RIGHT_CENSORED,RIGHT_CENSORED,,,false
END_FACE_TRANSITION_PRESENT,1107,2111,dev::END_FACE_TRANSITION_PRESENT::g1107::m2111,translation,ico_07,frozen_jacobian,RIGHT_CENSORED,RIGHT_CENSORED,,,false
END_FACE_TRANSITION_PRESENT,1107,2111,dev::END_FACE_TRANSITION_PRESENT::g1107::m2111,translation,ico_07,full_reassociation,RIGHT_CENSORED,RIGHT_CENSORED,,,false
END_FACE_TRANSITION_PRESENT,1107,2111,dev::END_FACE_TRANSITION_PRESENT::g1107::m2111,translation,ico_08,frozen_jacobian,RIGHT_CENSORED,RIGHT_CENSORED,,,false
END_FACE_TRANSITION_PRESENT,1107,2111,dev::END_FACE_TRANSITION_PRESENT::g1107::m2111,translation,ico_08,full_reassociation,RIGHT_CENSORED,RIGHT_CENSORED,,,false
END_FACE_TRANSITION_PRESENT,1107,2111,dev::END_FACE_TRANSITION_PRESENT::g1107::m2111,translation,ico_09,frozen_jacobian,RIGHT_CENSORED,RIGHT_CENSORED,,,false
END_FACE_TRANSITION_PRESENT,1107,2111,dev::END_FACE_TRANSITION_PRESENT::g1107::m2111,translation,ico_09,full_reassociation,RIGHT_CENSORED,RIGHT_CENSORED,,,false
END_FACE_TRANSITION_PRESENT,1107,2111,dev::END_FACE_TRANSITION_PRESENT::g1107::m2111,translation,ico_10,frozen_jacobian,RIGHT_CENSORED,RIGHT_CENSORED,,,false
END_FACE_TRANSITION_PRESENT,1107,2111,dev::END_FACE_TRANSITION_PRESENT::g1107::m2111,translation,ico_10,full_reassociation,RIGHT_CENSORED,RIGHT_CENSORED,,,false
END_FACE_TRANSITION_PRESENT,1107,2111,dev::END_FACE_TRANSITION_PRESENT::g1107::m2111,translation,ico_11,frozen_jacobian,RIGHT_CENSORED,RIGHT_CENSORED,,,false
END_FACE_TRANSITION_PRESENT,1107,2111,dev::END_FACE_TRANSITION_PRESENT::g1107::m2111,translation,ico_11,full_reassociation,RIGHT_CENSORED,RIGHT_CENSORED,,,false
END_FACE_TRANSITION_PRESENT,1107,2111,dev::END_FACE_TRANSITION_PRESENT::g1107::m2111,translation,neg_x,frozen_jacobian,RIGHT_CENSORED,RIGHT_CENSORED,,,false
END_FACE_TRANSITION_PRESENT,1107,2111,dev::END_FACE_TRANSITION_PRESENT::g1107::m2111,translation,neg_x,full_reassociation,RIGHT_CENSORED,RIGHT_CENSORED,,,false
END_FACE_TRANSITION_PRESENT,1107,2111,dev::END_FACE_TRANSITION_PRESENT::g1107::m2111,translation,neg_y,frozen_jacobian,RIGHT_CENSORED,RIGHT_CENSORED,,,false
END_FACE_TRANSITION_PRESENT,1107,2111,dev::END_FACE_TRANSITION_PRESENT::g1107::m2111,translation,neg_y,full_reassociation,RIGHT_CENSORED,RIGHT_CENSORED,,,false
END_FACE_TRANSITION_PRESENT,1107,2111,dev::END_FACE_TRANSITION_PRESENT::g1107::m2111,translation,neg_z,frozen_jacobian,RIGHT_CENSORED,RIGHT_CENSORED,,,false
END_FACE_TRANSITION_PRESENT,1107,2111,dev::END_FACE_TRANSITION_PRESENT::g1107::m2111,translation,neg_z,full_reassociation,RIGHT_CENSORED,RIGHT_CENSORED,,,false
END_FACE_TRANSITION_PRESENT,1107,2111,dev::END_FACE_TRANSITION_PRESENT::g1107::m2111,translation,pos_x,frozen_jacobian,RIGHT_CENSORED,RIGHT_CENSORED,,,false
END_FACE_TRANSITION_PRESENT,1107,2111,dev::END_FACE_TRANSITION_PRESENT::g1107::m2111,translation,pos_x,full_reassociation,RIGHT_CENSORED,RIGHT_CENSORED,,,false
END_FACE_TRANSITION_PRESENT,1107,2111,dev::END_FACE_TRANSITION_PRESENT::g1107::m2111,translation,pos_y,frozen_jacobian,RIGHT_CENSORED,RIGHT_CENSORED,,,false
END_FACE_TRANSITION_PRESENT,1107,2111,dev::END_FACE_TRANSITION_PRESENT::g1107::m2111,translation,pos_y,full_reassociation,RIGHT_CENSORED,RIGHT_CENSORED,,,false
END_FACE_TRANSITION_PRESENT,1107,2111,dev::END_FACE_TRANSITION_PRESENT::g1107::m2111,translation,pos_z,frozen_jacobian,RIGHT_CENSORED,RIGHT_CENSORED,,,false
END_FACE_TRANSITION_PRESENT,1107,2111,dev::END_FACE_TRANSITION_PRESENT::g1107::m2111,translation,pos_z,full_reassociation,RIGHT_CENSORED,RIGHT_CENSORED,,,false
END_FACE_TRANSITION_WEAK,1101,2101,dev::END_FACE_TRANSITION_WEAK::g1101::m2101,rotation,ico_00,frozen_jacobian,RIGHT_CENSORED,RIGHT_CENSORED,,,false
END_FACE_TRANSITION_WEAK,1101,2101,dev::END_FACE_TRANSITION_WEAK::g1101::m2101,rotation,ico_00,full_reassociation,EXACT,EXACT,0.0,0.0,false
END_FACE_TRANSITION_WEAK,1101,2101,dev::END_FACE_TRANSITION_WEAK::g1101::m2101,rotation,ico_01,frozen_jacobian,RIGHT_CENSORED,RIGHT_CENSORED,,,false
END_FACE_TRANSITION_WEAK,1101,2101,dev::END_FACE_TRANSITION_WEAK::g1101::m2101,rotation,ico_01,full_reassociation,EXACT,EXACT,0.0,0.0,false
END_FACE_TRANSITION_WEAK,1101,2101,dev::END_FACE_TRANSITION_WEAK::g1101::m2101,rotation,ico_02,frozen_jacobian,RIGHT_CENSORED,RIGHT_CENSORED,,,false
END_FACE_TRANSITION_WEAK,1101,2101,dev::END_FACE_TRANSITION_WEAK::g1101::m2101,rotation,ico_02,full_reassociation,EXACT,EXACT,0.0,0.0,false
END_FACE_TRANSITION_WEAK,1101,2101,dev::END_FACE_TRANSITION_WEAK::g1101::m2101,rotation,ico_03,frozen_jacobian,RIGHT_CENSORED,RIGHT_CENSORED,,,false
END_FACE_TRANSITION_WEAK,1101,2101,dev::END_FACE_TRANSITION_WEAK::g1101::m2101,rotation,ico_03,full_reassociation,EXACT,EXACT,0.0,0.0,false
END_FACE_TRANSITION_WEAK,1101,2101,dev::END_FACE_TRANSITION_WEAK::g1101::m2101,rotation,ico_04,frozen_jacobian,RIGHT_CENSORED,RIGHT_CENSORED,,,false
END_FACE_TRANSITION_WEAK,1101,2101,dev::END_FACE_TRANSITION_WEAK::g1101::m2101,rotation,ico_04,full_reassociation,EXACT,EXACT,0.0,0.0,false
END_FACE_TRANSITION_WEAK,1101,2101,dev::END_FACE_TRANSITION_WEAK::g1101::m2101,rotation,ico_05,frozen_jacobian,RIGHT_CENSORED,RIGHT_CENSORED,,,false
END_FACE_TRANSITION_WEAK,1101,2101,dev::END_FACE_TRANSITION_WEAK::g1101::m2101,rotation,ico_05,full_reassociation,EXACT,EXACT,0.0,0.0,false
END_FACE_TRANSITION_WEAK,1101,2101,dev::END_FACE_TRANSITION_WEAK::g1101::m2101,rotation,ico_06,frozen_jacobian,RIGHT_CENSORED,RIGHT_CENSORED,,,false
END_FACE_TRANSITION_WEAK,1101,2101,dev::END_FACE_TRANSITION_WEAK::g1101::m2101,rotation,ico_06,full_reassociation,EXACT,EXACT,0.0,0.0,false
END_FACE_TRANSITION_WEAK,1101,2101,dev::END_FACE_TRANSITION_WEAK::g1101::m2101,rotation,ico_07,frozen_jacobian,RIGHT_CENSORED,RIGHT_CENSORED,,,false
END_FACE_TRANSITION_WEAK,1101,2101,dev::END_FACE_TRANSITION_WEAK::g1101::m2101,rotation,ico_07,full_reassociation,EXACT,EXACT,0.0,0.0,false
END_FACE_TRANSITION_WEAK,1101,2101,dev::END_FACE_TRANSITION_WEAK::g1101::m2101,rotation,ico_08,frozen_jacobian,RIGHT_CENSORED,RIGHT_CENSORED,,,false
END_FACE_TRANSITION_WEAK,1101,2101,dev::END_FACE_TRANSITION_WEAK::g1101::m2101,rotation,ico_08,full_reassociation,EXACT,EXACT,0.0,0.0,false
END_FACE_TRANSITION_WEAK,1101,2101,dev::END_FACE_TRANSITION_WEAK::g1101::m2101,rotation,ico_09,frozen_jacobian,RIGHT_CENSORED,RIGHT_CENSORED,,,false
END_FACE_TRANSITION_WEAK,1101,2101,dev::END_FACE_TRANSITION_WEAK::g1101::m2101,rotation,ico_09,full_reassociation,EXACT,EXACT,0.0,0.0,false
END_FACE_TRANSITION_WEAK,1101,2101,dev::END_FACE_TRANSITION_WEAK::g1101::m2101,rotation,ico_10,frozen_jacobian,RIGHT_CENSORED,RIGHT_CENSORED,,,false
END_FACE_TRANSITION_WEAK,1101,2101,dev::END_FACE_TRANSITION_WEAK::g1101::m2101,rotation,ico_10,full_reassociation,EXACT,EXACT,0.0,0.0,false
END_FACE_TRANSITION_WEAK,1101,2101,dev::END_FACE_TRANSITION_WEAK::g1101::m2101,rotation,ico_11,frozen_jacobian,RIGHT_CENSORED,RIGHT_CENSORED,,,false
END_FACE_TRANSITION_WEAK,1101,2101,dev::END_FACE_TRANSITION_WEAK::g1101::m2101,rotation,ico_11,full_reassociation,EXACT,EXACT,0.0,0.0,false
END_FACE_TRANSITION_WEAK,1101,2101,dev::END_FACE_TRANSITION_WEAK::g1101::m2101,rotation,neg_x,frozen_jacobian,RIGHT_CENSORED,RIGHT_CENSORED,,,false
END_FACE_TRANSITION_WEAK,1101,2101,dev::END_FACE_TRANSITION_WEAK::g1101::m2101,rotation,neg_x,full_reassociation,EXACT,EXACT,0.0,0.0,false
END_FACE_TRANSITION_WEAK,1101,2101,dev::END_FACE_TRANSITION_WEAK::g1101::m2101,rotation,neg_y,frozen_jacobian,RIGHT_CENSORED,RIGHT_CENSORED,,,false
END_FACE_TRANSITION_WEAK,1101,2101,dev::END_FACE_TRANSITION_WEAK::g1101::m2101,rotation,neg_y,full_reassociation,EXACT,EXACT,0.0,0.0,false
END_FACE_TRANSITION_WEAK,1101,2101,dev::END_FACE_TRANSITION_WEAK::g1101::m2101,rotation,neg_z,frozen_jacobian,RIGHT_CENSORED,RIGHT_CENSORED,,,false
END_FACE_TRANSITION_WEAK,1101,2101,dev::END_FACE_TRANSITION_WEAK::g1101::m2101,rotation,neg_z,full_reassociation,EXACT,EXACT,0.0,0.0,false
END_FACE_TRANSITION_WEAK,1101,2101,dev::END_FACE_TRANSITION_WEAK::g1101::m2101,rotation,pos_x,frozen_jacobian,RIGHT_CENSORED,RIGHT_CENSORED,,,false
END_FACE_TRANSITION_WEAK,1101,2101,dev::END_FACE_TRANSITION_WEAK::g1101::m2101,rotation,pos_x,full_reassociation,EXACT,EXACT,0.0,0.0,false
END_FACE_TRANSITION_WEAK,1101,2101,dev::END_FACE_TRANSITION_WEAK::g1101::m2101,rotation,pos_y,frozen_jacobian,RIGHT_CENSORED,RIGHT_CENSORED,,,false
END_FACE_TRANSITION_WEAK,1101,2101,dev::END_FACE_TRANSITION_WEAK::g1101::m2101,rotation,pos_y,full_reassociation,EXACT,EXACT,0.0,0.0,false
END_FACE_TRANSITION_WEAK,1101,2101,dev::END_FACE_TRANSITION_WEAK::g1101::m2101,rotation,pos_z,frozen_jacobian,RIGHT_CENSORED,RIGHT_CENSORED,,,false
END_FACE_TRANSITION_WEAK,1101,2101,dev::END_FACE_TRANSITION_WEAK::g1101::m2101,rotation,pos_z,full_reassociation,EXACT,EXACT,0.0,0.0,false
END_FACE_TRANSITION_WEAK,1101,2101,dev::END_FACE_TRANSITION_WEAK::g1101::m2101,translation,ico_00,frozen_jacobian,RIGHT_CENSORED,RIGHT_CENSORED,,,false
END_FACE_TRANSITION_WEAK,1101,2101,dev::END_FACE_TRANSITION_WEAK::g1101::m2101,translation,ico_00,full_reassociation,EXACT,EXACT,0.0,0.0,false
END_FACE_TRANSITION_WEAK,1101,2101,dev::END_FACE_TRANSITION_WEAK::g1101::m2101,translation,ico_01,frozen_jacobian,RIGHT_CENSORED,RIGHT_CENSORED,,,false
END_FACE_TRANSITION_WEAK,1101,2101,dev::END_FACE_TRANSITION_WEAK::g1101::m2101,translation,ico_01,full_reassociation,EXACT,EXACT,0.0,0.0,false
END_FACE_TRANSITION_WEAK,1101,2101,dev::END_FACE_TRANSITION_WEAK::g1101::m2101,translation,ico_02,frozen_jacobian,RIGHT_CENSORED,RIGHT_CENSORED,,,false
END_FACE_TRANSITION_WEAK,1101,2101,dev::END_FACE_TRANSITION_WEAK::g1101::m2101,translation,ico_02,full_reassociation,EXACT,EXACT,0.0,0.0,false
END_FACE_TRANSITION_WEAK,1101,2101,dev::END_FACE_TRANSITION_WEAK::g1101::m2101,translation,ico_03,frozen_jacobian,RIGHT_CENSORED,RIGHT_CENSORED,,,false
END_FACE_TRANSITION_WEAK,1101,2101,dev::END_FACE_TRANSITION_WEAK::g1101::m2101,translation,ico_03,full_reassociation,EXACT,EXACT,0.0,0.0,false
END_FACE_TRANSITION_WEAK,1101,2101,dev::END_FACE_TRANSITION_WEAK::g1101::m2101,translation,ico_04,frozen_jacobian,RIGHT_CENSORED,RIGHT_CENSORED,,,false
END_FACE_TRANSITION_WEAK,1101,2101,dev::END_FACE_TRANSITION_WEAK::g1101::m2101,translation,ico_04,full_reassociation,EXACT,EXACT,0.0,0.0,false
END_FACE_TRANSITION_WEAK,1101,2101,dev::END_FACE_TRANSITION_WEAK::g1101::m2101,translation,ico_05,frozen_jacobian,RIGHT_CENSORED,RIGHT_CENSORED,,,false
END_FACE_TRANSITION_WEAK,1101,2101,dev::END_FACE_TRANSITION_WEAK::g1101::m2101,translation,ico_05,full_reassociation,EXACT,EXACT,0.0,0.0,false
END_FACE_TRANSITION_WEAK,1101,2101,dev::END_FACE_TRANSITION_WEAK::g1101::m2101,translation,ico_06,frozen_jacobian,RIGHT_CENSORED,RIGHT_CENSORED,,,false
END_FACE_TRANSITION_WEAK,1101,2101,dev::END_FACE_TRANSITION_WEAK::g1101::m2101,translation,ico_06,full_reassociation,EXACT,EXACT,0.0,0.0,false
END_FACE_TRANSITION_WEAK,1101,2101,dev::END_FACE_TRANSITION_WEAK::g1101::m2101,translation,ico_07,frozen_jacobian,RIGHT_CENSORED,RIGHT_CENSORED,,,false
END_FACE_TRANSITION_WEAK,1101,2101,dev::END_FACE_TRANSITION_WEAK::g1101::m2101,translation,ico_07,full_reassociation,EXACT,EXACT,0.0,0.0,false
END_FACE_TRANSITION_WEAK,1101,2101,dev::END_FACE_TRANSITION_WEAK::g1101::m2101,translation,ico_08,frozen_jacobian,RIGHT_CENSORED,RIGHT_CENSORED,,,false
END_FACE_TRANSITION_WEAK,1101,2101,dev::END_FACE_TRANSITION_WEAK::g1101::m2101,translation,ico_08,full_reassociation,EXACT,EXACT,0.0,0.0,false
END_FACE_TRANSITION_WEAK,1101,2101,dev::END_FACE_TRANSITION_WEAK::g1101::m2101,translation,ico_09,frozen_jacobian,RIGHT_CENSORED,RIGHT_CENSORED,,,false
END_FACE_TRANSITION_WEAK,1101,2101,dev::END_FACE_TRANSITION_WEAK::g1101::m2101,translation,ico_09,full_reassociation,EXACT,EXACT,0.0,0.0,false
END_FACE_TRANSITION_WEAK,1101,2101,dev::END_FACE_TRANSITION_WEAK::g1101::m2101,translation,ico_10,frozen_jacobian,RIGHT_CENSORED,RIGHT_CENSORED,,,false
END_FACE_TRANSITION_WEAK,1101,2101,dev::END_FACE_TRANSITION_WEAK::g1101::m2101,translation,ico_10,full_reassociation,EXACT,EXACT,0.0,0.0,false
END_FACE_TRANSITION_WEAK,1101,2101,dev::END_FACE_TRANSITION_WEAK::g1101::m2101,translation,ico_11,frozen_jacobian,RIGHT_CENSORED,RIGHT_CENSORED,,,false
END_FACE_TRANSITION_WEAK,1101,2101,dev::END_FACE_TRANSITION_WEAK::g1101::m2101,translation,ico_11,full_reassociation,EXACT,EXACT,0.0,0.0,false
END_FACE_TRANSITION_WEAK,1101,2101,dev::END_FACE_TRANSITION_WEAK::g1101::m2101,translation,neg_x,frozen_jacobian,RIGHT_CENSORED,RIGHT_CENSORED,,,false
END_FACE_TRANSITION_WEAK,1101,2101,dev::END_FACE_TRANSITION_WEAK::g1101::m2101,translation,neg_x,full_reassociation,EXACT,EXACT,0.0,0.0,false
END_FACE_TRANSITION_WEAK,1101,2101,dev::END_FACE_TRANSITION_WEAK::g1101::m2101,translation,neg_y,frozen_jacobian,RIGHT_CENSORED,RIGHT_CENSORED,,,false
END_FACE_TRANSITION_WEAK,1101,2101,dev::END_FACE_TRANSITION_WEAK::g1101::m2101,translation,neg_y,full_reassociation,EXACT,EXACT,0.0,0.0,false
END_FACE_TRANSITION_WEAK,1101,2101,dev::END_FACE_TRANSITION_WEAK::g1101::m2101,translation,neg_z,frozen_jacobian,RIGHT_CENSORED,RIGHT_CENSORED,,,false
END_FACE_TRANSITION_WEAK,1101,2101,dev::END_FACE_TRANSITION_WEAK::g1101::m2101,translation,neg_z,full_reassociation,EXACT,EXACT,0.0,0.0,false
END_FACE_TRANSITION_WEAK,1101,2101,dev::END_FACE_TRANSITION_WEAK::g1101::m2101,translation,pos_x,frozen_jacobian,RIGHT_CENSORED,RIGHT_CENSORED,,,false
END_FACE_TRANSITION_WEAK,1101,2101,dev::END_FACE_TRANSITION_WEAK::g1101::m2101,translation,pos_x,full_reassociation,EXACT,EXACT,0.0,0.0,false
END_FACE_TRANSITION_WEAK,1101,2101,dev::END_FACE_TRANSITION_WEAK::g1101::m2101,translation,pos_y,frozen_jacobian,RIGHT_CENSORED,RIGHT_CENSORED,,,false
END_FACE_TRANSITION_WEAK,1101,2101,dev::END_FACE_TRANSITION_WEAK::g1101::m2101,translation,pos_y,full_reassociation,EXACT,EXACT,0.0,0.0,false
END_FACE_TRANSITION_WEAK,1101,2101,dev::END_FACE_TRANSITION_WEAK::g1101::m2101,translation,pos_z,frozen_jacobian,RIGHT_CENSORED,RIGHT_CENSORED,,,false
END_FACE_TRANSITION_WEAK,1101,2101,dev::END_FACE_TRANSITION_WEAK::g1101::m2101,translation,pos_z,full_reassociation,EXACT,EXACT,0.0,0.0,false
END_FACE_TRANSITION_WEAK,1101,2111,dev::END_FACE_TRANSITION_WEAK::g1101::m2111,rotation,ico_00,frozen_jacobian,RIGHT_CENSORED,RIGHT_CENSORED,,,false
END_FACE_TRANSITION_WEAK,1101,2111,dev::END_FACE_TRANSITION_WEAK::g1101::m2111,rotation,ico_00,full_reassociation,EXACT,EXACT,0.0,0.0,false
END_FACE_TRANSITION_WEAK,1101,2111,dev::END_FACE_TRANSITION_WEAK::g1101::m2111,rotation,ico_01,frozen_jacobian,RIGHT_CENSORED,RIGHT_CENSORED,,,false
END_FACE_TRANSITION_WEAK,1101,2111,dev::END_FACE_TRANSITION_WEAK::g1101::m2111,rotation,ico_01,full_reassociation,EXACT,EXACT,0.0,0.0,false
END_FACE_TRANSITION_WEAK,1101,2111,dev::END_FACE_TRANSITION_WEAK::g1101::m2111,rotation,ico_02,frozen_jacobian,RIGHT_CENSORED,RIGHT_CENSORED,,,false
END_FACE_TRANSITION_WEAK,1101,2111,dev::END_FACE_TRANSITION_WEAK::g1101::m2111,rotation,ico_02,full_reassociation,EXACT,EXACT,0.0,0.0,false
END_FACE_TRANSITION_WEAK,1101,2111,dev::END_FACE_TRANSITION_WEAK::g1101::m2111,rotation,ico_03,frozen_jacobian,RIGHT_CENSORED,RIGHT_CENSORED,,,false
END_FACE_TRANSITION_WEAK,1101,2111,dev::END_FACE_TRANSITION_WEAK::g1101::m2111,rotation,ico_03,full_reassociation,EXACT,EXACT,0.0,0.0,false
END_FACE_TRANSITION_WEAK,1101,2111,dev::END_FACE_TRANSITION_WEAK::g1101::m2111,rotation,ico_04,frozen_jacobian,RIGHT_CENSORED,RIGHT_CENSORED,,,false
END_FACE_TRANSITION_WEAK,1101,2111,dev::END_FACE_TRANSITION_WEAK::g1101::m2111,rotation,ico_04,full_reassociation,EXACT,EXACT,0.0,0.0,false
END_FACE_TRANSITION_WEAK,1101,2111,dev::END_FACE_TRANSITION_WEAK::g1101::m2111,rotation,ico_05,frozen_jacobian,RIGHT_CENSORED,RIGHT_CENSORED,,,false
END_FACE_TRANSITION_WEAK,1101,2111,dev::END_FACE_TRANSITION_WEAK::g1101::m2111,rotation,ico_05,full_reassociation,EXACT,EXACT,0.0,0.0,false
END_FACE_TRANSITION_WEAK,1101,2111,dev::END_FACE_TRANSITION_WEAK::g1101::m2111,rotation,ico_06,frozen_jacobian,RIGHT_CENSORED,RIGHT_CENSORED,,,false
END_FACE_TRANSITION_WEAK,1101,2111,dev::END_FACE_TRANSITION_WEAK::g1101::m2111,rotation,ico_06,full_reassociation,EXACT,EXACT,0.0,0.0,false
END_FACE_TRANSITION_WEAK,1101,2111,dev::END_FACE_TRANSITION_WEAK::g1101::m2111,rotation,ico_07,frozen_jacobian,RIGHT_CENSORED,RIGHT_CENSORED,,,false
END_FACE_TRANSITION_WEAK,1101,2111,dev::END_FACE_TRANSITION_WEAK::g1101::m2111,rotation,ico_07,full_reassociation,EXACT,EXACT,0.0,0.0,false
END_FACE_TRANSITION_WEAK,1101,2111,dev::END_FACE_TRANSITION_WEAK::g1101::m2111,rotation,ico_08,frozen_jacobian,RIGHT_CENSORED,RIGHT_CENSORED,,,false
END_FACE_TRANSITION_WEAK,1101,2111,dev::END_FACE_TRANSITION_WEAK::g1101::m2111,rotation,ico_08,full_reassociation,EXACT,EXACT,0.0,0.0,false
END_FACE_TRANSITION_WEAK,1101,2111,dev::END_FACE_TRANSITION_WEAK::g1101::m2111,rotation,ico_09,frozen_jacobian,RIGHT_CENSORED,RIGHT_CENSORED,,,false
END_FACE_TRANSITION_WEAK,1101,2111,dev::END_FACE_TRANSITION_WEAK::g1101::m2111,rotation,ico_09,full_reassociation,EXACT,EXACT,0.0,0.0,false
END_FACE_TRANSITION_WEAK,1101,2111,dev::END_FACE_TRANSITION_WEAK::g1101::m2111,rotation,ico_10,frozen_jacobian,RIGHT_CENSORED,RIGHT_CENSORED,,,false
END_FACE_TRANSITION_WEAK,1101,2111,dev::END_FACE_TRANSITION_WEAK::g1101::m2111,rotation,ico_10,full_reassociation,EXACT,EXACT,0.0,0.0,false
END_FACE_TRANSITION_WEAK,1101,2111,dev::END_FACE_TRANSITION_WEAK::g1101::m2111,rotation,ico_11,frozen_jacobian,RIGHT_CENSORED,RIGHT_CENSORED,,,false
END_FACE_TRANSITION_WEAK,1101,2111,dev::END_FACE_TRANSITION_WEAK::g1101::m2111,rotation,ico_11,full_reassociation,EXACT,EXACT,0.0,0.0,false
END_FACE_TRANSITION_WEAK,1101,2111,dev::END_FACE_TRANSITION_WEAK::g1101::m2111,rotation,neg_x,frozen_jacobian,RIGHT_CENSORED,RIGHT_CENSORED,,,false
END_FACE_TRANSITION_WEAK,1101,2111,dev::END_FACE_TRANSITION_WEAK::g1101::m2111,rotation,neg_x,full_reassociation,EXACT,EXACT,0.0,0.0,false
END_FACE_TRANSITION_WEAK,1101,2111,dev::END_FACE_TRANSITION_WEAK::g1101::m2111,rotation,neg_y,frozen_jacobian,RIGHT_CENSORED,RIGHT_CENSORED,,,false
END_FACE_TRANSITION_WEAK,1101,2111,dev::END_FACE_TRANSITION_WEAK::g1101::m2111,rotation,neg_y,full_reassociation,EXACT,EXACT,0.0,0.0,false
END_FACE_TRANSITION_WEAK,1101,2111,dev::END_FACE_TRANSITION_WEAK::g1101::m2111,rotation,neg_z,frozen_jacobian,RIGHT_CENSORED,RIGHT_CENSORED,,,false
END_FACE_TRANSITION_WEAK,1101,2111,dev::END_FACE_TRANSITION_WEAK::g1101::m2111,rotation,neg_z,full_reassociation,EXACT,EXACT,0.0,0.0,false
END_FACE_TRANSITION_WEAK,1101,2111,dev::END_FACE_TRANSITION_WEAK::g1101::m2111,rotation,pos_x,frozen_jacobian,RIGHT_CENSORED,RIGHT_CENSORED,,,false
END_FACE_TRANSITION_WEAK,1101,2111,dev::END_FACE_TRANSITION_WEAK::g1101::m2111,rotation,pos_x,full_reassociation,EXACT,EXACT,0.0,0.0,false
END_FACE_TRANSITION_WEAK,1101,2111,dev::END_FACE_TRANSITION_WEAK::g1101::m2111,rotation,pos_y,frozen_jacobian,RIGHT_CENSORED,RIGHT_CENSORED,,,false
END_FACE_TRANSITION_WEAK,1101,2111,dev::END_FACE_TRANSITION_WEAK::g1101::m2111,rotation,pos_y,full_reassociation,EXACT,EXACT,0.0,0.0,false
END_FACE_TRANSITION_WEAK,1101,2111,dev::END_FACE_TRANSITION_WEAK::g1101::m2111,rotation,pos_z,frozen_jacobian,RIGHT_CENSORED,RIGHT_CENSORED,,,false
END_FACE_TRANSITION_WEAK,1101,2111,dev::END_FACE_TRANSITION_WEAK::g1101::m2111,rotation,pos_z,full_reassociation,EXACT,EXACT,0.0,0.0,false
END_FACE_TRANSITION_WEAK,1101,2111,dev::END_FACE_TRANSITION_WEAK::g1101::m2111,translation,ico_00,frozen_jacobian,RIGHT_CENSORED,RIGHT_CENSORED,,,false
END_FACE_TRANSITION_WEAK,1101,2111,dev::END_FACE_TRANSITION_WEAK::g1101::m2111,translation,ico_00,full_reassociation,EXACT,EXACT,0.0,0.0,false
END_FACE_TRANSITION_WEAK,1101,2111,dev::END_FACE_TRANSITION_WEAK::g1101::m2111,translation,ico_01,frozen_jacobian,RIGHT_CENSORED,RIGHT_CENSORED,,,false
END_FACE_TRANSITION_WEAK,1101,2111,dev::END_FACE_TRANSITION_WEAK::g1101::m2111,translation,ico_01,full_reassociation,EXACT,EXACT,0.0,0.0,false
END_FACE_TRANSITION_WEAK,1101,2111,dev::END_FACE_TRANSITION_WEAK::g1101::m2111,translation,ico_02,frozen_jacobian,RIGHT_CENSORED,RIGHT_CENSORED,,,false
END_FACE_TRANSITION_WEAK,1101,2111,dev::END_FACE_TRANSITION_WEAK::g1101::m2111,translation,ico_02,full_reassociation,EXACT,EXACT,0.0,0.0,false
END_FACE_TRANSITION_WEAK,1101,2111,dev::END_FACE_TRANSITION_WEAK::g1101::m2111,translation,ico_03,frozen_jacobian,RIGHT_CENSORED,RIGHT_CENSORED,,,false
END_FACE_TRANSITION_WEAK,1101,2111,dev::END_FACE_TRANSITION_WEAK::g1101::m2111,translation,ico_03,full_reassociation,EXACT,EXACT,0.0,0.0,false
END_FACE_TRANSITION_WEAK,1101,2111,dev::END_FACE_TRANSITION_WEAK::g1101::m2111,translation,ico_04,frozen_jacobian,RIGHT_CENSORED,RIGHT_CENSORED,,,false
END_FACE_TRANSITION_WEAK,1101,2111,dev::END_FACE_TRANSITION_WEAK::g1101::m2111,translation,ico_04,full_reassociation,EXACT,EXACT,0.0,0.0,false
END_FACE_TRANSITION_WEAK,1101,2111,dev::END_FACE_TRANSITION_WEAK::g1101::m2111,translation,ico_05,frozen_jacobian,RIGHT_CENSORED,RIGHT_CENSORED,,,false
END_FACE_TRANSITION_WEAK,1101,2111,dev::END_FACE_TRANSITION_WEAK::g1101::m2111,translation,ico_05,full_reassociation,EXACT,EXACT,0.0,0.0,false
END_FACE_TRANSITION_WEAK,1101,2111,dev::END_FACE_TRANSITION_WEAK::g1101::m2111,translation,ico_06,frozen_jacobian,RIGHT_CENSORED,RIGHT_CENSORED,,,false
END_FACE_TRANSITION_WEAK,1101,2111,dev::END_FACE_TRANSITION_WEAK::g1101::m2111,translation,ico_06,full_reassociation,EXACT,EXACT,0.0,0.0,false
END_FACE_TRANSITION_WEAK,1101,2111,dev::END_FACE_TRANSITION_WEAK::g1101::m2111,translation,ico_07,frozen_jacobian,RIGHT_CENSORED,RIGHT_CENSORED,,,false
END_FACE_TRANSITION_WEAK,1101,2111,dev::END_FACE_TRANSITION_WEAK::g1101::m2111,translation,ico_07,full_reassociation,EXACT,EXACT,0.0,0.0,false
END_FACE_TRANSITION_WEAK,1101,2111,dev::END_FACE_TRANSITION_WEAK::g1101::m2111,translation,ico_08,frozen_jacobian,RIGHT_CENSORED,RIGHT_CENSORED,,,false
END_FACE_TRANSITION_WEAK,1101,2111,dev::END_FACE_TRANSITION_WEAK::g1101::m2111,translation,ico_08,full_reassociation,EXACT,EXACT,0.0,0.0,false
END_FACE_TRANSITION_WEAK,1101,2111,dev::END_FACE_TRANSITION_WEAK::g1101::m2111,translation,ico_09,frozen_jacobian,RIGHT_CENSORED,RIGHT_CENSORED,,,false
END_FACE_TRANSITION_WEAK,1101,2111,dev::END_FACE_TRANSITION_WEAK::g1101::m2111,translation,ico_09,full_reassociation,EXACT,EXACT,0.0,0.0,false
END_FACE_TRANSITION_WEAK,1101,2111,dev::END_FACE_TRANSITION_WEAK::g1101::m2111,translation,ico_10,frozen_jacobian,RIGHT_CENSORED,RIGHT_CENSORED,,,false
END_FACE_TRANSITION_WEAK,1101,2111,dev::END_FACE_TRANSITION_WEAK::g1101::m2111,translation,ico_10,full_reassociation,EXACT,EXACT,0.0,0.0,false
END_FACE_TRANSITION_WEAK,1101,2111,dev::END_FACE_TRANSITION_WEAK::g1101::m2111,translation,ico_11,frozen_jacobian,RIGHT_CENSORED,RIGHT_CENSORED,,,false
END_FACE_TRANSITION_WEAK,1101,2111,dev::END_FACE_TRANSITION_WEAK::g1101::m2111,translation,ico_11,full_reassociation,EXACT,EXACT,0.0,0.0,false
END_FACE_TRANSITION_WEAK,1101,2111,dev::END_FACE_TRANSITION_WEAK::g1101::m2111,translation,neg_x,frozen_jacobian,RIGHT_CENSORED,RIGHT_CENSORED,,,false
END_FACE_TRANSITION_WEAK,1101,2111,dev::END_FACE_TRANSITION_WEAK::g1101::m2111,translation,neg_x,full_reassociation,EXACT,EXACT,0.0,0.0,false
END_FACE_TRANSITION_WEAK,1101,2111,dev::END_FACE_TRANSITION_WEAK::g1101::m2111,translation,neg_y,frozen_jacobian,RIGHT_CENSORED,RIGHT_CENSORED,,,false
END_FACE_TRANSITION_WEAK,1101,2111,dev::END_FACE_TRANSITION_WEAK::g1101::m2111,translation,neg_y,full_reassociation,EXACT,EXACT,0.0,0.0,false
END_FACE_TRANSITION_WEAK,1101,2111,dev::END_FACE_TRANSITION_WEAK::g1101::m2111,translation,neg_z,frozen_jacobian,RIGHT_CENSORED,RIGHT_CENSORED,,,false
END_FACE_TRANSITION_WEAK,1101,2111,dev::END_FACE_TRANSITION_WEAK::g1101::m2111,translation,neg_z,full_reassociation,EXACT,EXACT,0.0,0.0,false
END_FACE_TRANSITION_WEAK,1101,2111,dev::END_FACE_TRANSITION_WEAK::g1101::m2111,translation,pos_x,frozen_jacobian,RIGHT_CENSORED,RIGHT_CENSORED,,,false
END_FACE_TRANSITION_WEAK,1101,2111,dev::END_FACE_TRANSITION_WEAK::g1101::m2111,translation,pos_x,full_reassociation,EXACT,EXACT,0.0,0.0,false
END_FACE_TRANSITION_WEAK,1101,2111,dev::END_FACE_TRANSITION_WEAK::g1101::m2111,translation,pos_y,frozen_jacobian,RIGHT_CENSORED,RIGHT_CENSORED,,,false
END_FACE_TRANSITION_WEAK,1101,2111,dev::END_FACE_TRANSITION_WEAK::g1101::m2111,translation,pos_y,full_reassociation,EXACT,EXACT,0.0,0.0,false
END_FACE_TRANSITION_WEAK,1101,2111,dev::END_FACE_TRANSITION_WEAK::g1101::m2111,translation,pos_z,frozen_jacobian,RIGHT_CENSORED,RIGHT_CENSORED,,,false
END_FACE_TRANSITION_WEAK,1101,2111,dev::END_FACE_TRANSITION_WEAK::g1101::m2111,translation,pos_z,full_reassociation,EXACT,EXACT,0.0,0.0,false
END_FACE_TRANSITION_WEAK,1103,2101,dev::END_FACE_TRANSITION_WEAK::g1103::m2101,rotation,ico_00,frozen_jacobian,RIGHT_CENSORED,RIGHT_CENSORED,,,false
END_FACE_TRANSITION_WEAK,1103,2101,dev::END_FACE_TRANSITION_WEAK::g1103::m2101,rotation,ico_00,full_reassociation,EXACT,EXACT,0.0,0.0,false
END_FACE_TRANSITION_WEAK,1103,2101,dev::END_FACE_TRANSITION_WEAK::g1103::m2101,rotation,ico_01,frozen_jacobian,RIGHT_CENSORED,RIGHT_CENSORED,,,false
END_FACE_TRANSITION_WEAK,1103,2101,dev::END_FACE_TRANSITION_WEAK::g1103::m2101,rotation,ico_01,full_reassociation,EXACT,EXACT,0.0,0.0,false
END_FACE_TRANSITION_WEAK,1103,2101,dev::END_FACE_TRANSITION_WEAK::g1103::m2101,rotation,ico_02,frozen_jacobian,RIGHT_CENSORED,RIGHT_CENSORED,,,false
END_FACE_TRANSITION_WEAK,1103,2101,dev::END_FACE_TRANSITION_WEAK::g1103::m2101,rotation,ico_02,full_reassociation,EXACT,EXACT,0.0,0.0,false
END_FACE_TRANSITION_WEAK,1103,2101,dev::END_FACE_TRANSITION_WEAK::g1103::m2101,rotation,ico_03,frozen_jacobian,RIGHT_CENSORED,RIGHT_CENSORED,,,false
END_FACE_TRANSITION_WEAK,1103,2101,dev::END_FACE_TRANSITION_WEAK::g1103::m2101,rotation,ico_03,full_reassociation,EXACT,EXACT,0.0,0.0,false
END_FACE_TRANSITION_WEAK,1103,2101,dev::END_FACE_TRANSITION_WEAK::g1103::m2101,rotation,ico_04,frozen_jacobian,RIGHT_CENSORED,RIGHT_CENSORED,,,false
END_FACE_TRANSITION_WEAK,1103,2101,dev::END_FACE_TRANSITION_WEAK::g1103::m2101,rotation,ico_04,full_reassociation,EXACT,EXACT,0.0,0.0,false
END_FACE_TRANSITION_WEAK,1103,2101,dev::END_FACE_TRANSITION_WEAK::g1103::m2101,rotation,ico_05,frozen_jacobian,RIGHT_CENSORED,RIGHT_CENSORED,,,false
END_FACE_TRANSITION_WEAK,1103,2101,dev::END_FACE_TRANSITION_WEAK::g1103::m2101,rotation,ico_05,full_reassociation,EXACT,EXACT,0.0,0.0,false
END_FACE_TRANSITION_WEAK,1103,2101,dev::END_FACE_TRANSITION_WEAK::g1103::m2101,rotation,ico_06,frozen_jacobian,RIGHT_CENSORED,RIGHT_CENSORED,,,false
END_FACE_TRANSITION_WEAK,1103,2101,dev::END_FACE_TRANSITION_WEAK::g1103::m2101,rotation,ico_06,full_reassociation,EXACT,EXACT,0.0,0.0,false
END_FACE_TRANSITION_WEAK,1103,2101,dev::END_FACE_TRANSITION_WEAK::g1103::m2101,rotation,ico_07,frozen_jacobian,RIGHT_CENSORED,RIGHT_CENSORED,,,false
END_FACE_TRANSITION_WEAK,1103,2101,dev::END_FACE_TRANSITION_WEAK::g1103::m2101,rotation,ico_07,full_reassociation,EXACT,EXACT,0.0,0.0,false
END_FACE_TRANSITION_WEAK,1103,2101,dev::END_FACE_TRANSITION_WEAK::g1103::m2101,rotation,ico_08,frozen_jacobian,RIGHT_CENSORED,RIGHT_CENSORED,,,false
END_FACE_TRANSITION_WEAK,1103,2101,dev::END_FACE_TRANSITION_WEAK::g1103::m2101,rotation,ico_08,full_reassociation,EXACT,EXACT,0.0,0.0,false
END_FACE_TRANSITION_WEAK,1103,2101,dev::END_FACE_TRANSITION_WEAK::g1103::m2101,rotation,ico_09,frozen_jacobian,RIGHT_CENSORED,RIGHT_CENSORED,,,false
END_FACE_TRANSITION_WEAK,1103,2101,dev::END_FACE_TRANSITION_WEAK::g1103::m2101,rotation,ico_09,full_reassociation,EXACT,EXACT,0.0,0.0,false
END_FACE_TRANSITION_WEAK,1103,2101,dev::END_FACE_TRANSITION_WEAK::g1103::m2101,rotation,ico_10,frozen_jacobian,RIGHT_CENSORED,RIGHT_CENSORED,,,false
END_FACE_TRANSITION_WEAK,1103,2101,dev::END_FACE_TRANSITION_WEAK::g1103::m2101,rotation,ico_10,full_reassociation,EXACT,EXACT,0.0,0.0,false
END_FACE_TRANSITION_WEAK,1103,2101,dev::END_FACE_TRANSITION_WEAK::g1103::m2101,rotation,ico_11,frozen_jacobian,RIGHT_CENSORED,RIGHT_CENSORED,,,false
END_FACE_TRANSITION_WEAK,1103,2101,dev::END_FACE_TRANSITION_WEAK::g1103::m2101,rotation,ico_11,full_reassociation,EXACT,EXACT,0.0,0.0,false
END_FACE_TRANSITION_WEAK,1103,2101,dev::END_FACE_TRANSITION_WEAK::g1103::m2101,rotation,neg_x,frozen_jacobian,RIGHT_CENSORED,RIGHT_CENSORED,,,false
END_FACE_TRANSITION_WEAK,1103,2101,dev::END_FACE_TRANSITION_WEAK::g1103::m2101,rotation,neg_x,full_reassociation,EXACT,EXACT,0.0,0.0,false
END_FACE_TRANSITION_WEAK,1103,2101,dev::END_FACE_TRANSITION_WEAK::g1103::m2101,rotation,neg_y,frozen_jacobian,RIGHT_CENSORED,RIGHT_CENSORED,,,false
END_FACE_TRANSITION_WEAK,1103,2101,dev::END_FACE_TRANSITION_WEAK::g1103::m2101,rotation,neg_y,full_reassociation,EXACT,EXACT,0.0,0.0,false
END_FACE_TRANSITION_WEAK,1103,2101,dev::END_FACE_TRANSITION_WEAK::g1103::m2101,rotation,neg_z,frozen_jacobian,RIGHT_CENSORED,RIGHT_CENSORED,,,false
END_FACE_TRANSITION_WEAK,1103,2101,dev::END_FACE_TRANSITION_WEAK::g1103::m2101,rotation,neg_z,full_reassociation,EXACT,EXACT,0.0,0.0,false
END_FACE_TRANSITION_WEAK,1103,2101,dev::END_FACE_TRANSITION_WEAK::g1103::m2101,rotation,pos_x,frozen_jacobian,RIGHT_CENSORED,RIGHT_CENSORED,,,false
END_FACE_TRANSITION_WEAK,1103,2101,dev::END_FACE_TRANSITION_WEAK::g1103::m2101,rotation,pos_x,full_reassociation,EXACT,EXACT,0.0,0.0,false
END_FACE_TRANSITION_WEAK,1103,2101,dev::END_FACE_TRANSITION_WEAK::g1103::m2101,rotation,pos_y,frozen_jacobian,RIGHT_CENSORED,RIGHT_CENSORED,,,false
END_FACE_TRANSITION_WEAK,1103,2101,dev::END_FACE_TRANSITION_WEAK::g1103::m2101,rotation,pos_y,full_reassociation,EXACT,EXACT,0.0,0.0,false
END_FACE_TRANSITION_WEAK,1103,2101,dev::END_FACE_TRANSITION_WEAK::g1103::m2101,rotation,pos_z,frozen_jacobian,RIGHT_CENSORED,RIGHT_CENSORED,,,false
END_FACE_TRANSITION_WEAK,1103,2101,dev::END_FACE_TRANSITION_WEAK::g1103::m2101,rotation,pos_z,full_reassociation,EXACT,EXACT,0.0,0.0,false
END_FACE_TRANSITION_WEAK,1103,2101,dev::END_FACE_TRANSITION_WEAK::g1103::m2101,translation,ico_00,frozen_jacobian,RIGHT_CENSORED,RIGHT_CENSORED,,,false
END_FACE_TRANSITION_WEAK,1103,2101,dev::END_FACE_TRANSITION_WEAK::g1103::m2101,translation,ico_00,full_reassociation,EXACT,EXACT,0.0,0.0,false
END_FACE_TRANSITION_WEAK,1103,2101,dev::END_FACE_TRANSITION_WEAK::g1103::m2101,translation,ico_01,frozen_jacobian,RIGHT_CENSORED,RIGHT_CENSORED,,,false
END_FACE_TRANSITION_WEAK,1103,2101,dev::END_FACE_TRANSITION_WEAK::g1103::m2101,translation,ico_01,full_reassociation,EXACT,EXACT,0.0,0.0,false
END_FACE_TRANSITION_WEAK,1103,2101,dev::END_FACE_TRANSITION_WEAK::g1103::m2101,translation,ico_02,frozen_jacobian,RIGHT_CENSORED,RIGHT_CENSORED,,,false
END_FACE_TRANSITION_WEAK,1103,2101,dev::END_FACE_TRANSITION_WEAK::g1103::m2101,translation,ico_02,full_reassociation,EXACT,EXACT,0.0,0.0,false
END_FACE_TRANSITION_WEAK,1103,2101,dev::END_FACE_TRANSITION_WEAK::g1103::m2101,translation,ico_03,frozen_jacobian,RIGHT_CENSORED,RIGHT_CENSORED,,,false
END_FACE_TRANSITION_WEAK,1103,2101,dev::END_FACE_TRANSITION_WEAK::g1103::m2101,translation,ico_03,full_reassociation,EXACT,EXACT,0.0,0.0,false
END_FACE_TRANSITION_WEAK,1103,2101,dev::END_FACE_TRANSITION_WEAK::g1103::m2101,translation,ico_04,frozen_jacobian,RIGHT_CENSORED,RIGHT_CENSORED,,,false
END_FACE_TRANSITION_WEAK,1103,2101,dev::END_FACE_TRANSITION_WEAK::g1103::m2101,translation,ico_04,full_reassociation,EXACT,EXACT,0.0,0.0,false
END_FACE_TRANSITION_WEAK,1103,2101,dev::END_FACE_TRANSITION_WEAK::g1103::m2101,translation,ico_05,frozen_jacobian,RIGHT_CENSORED,RIGHT_CENSORED,,,false
END_FACE_TRANSITION_WEAK,1103,2101,dev::END_FACE_TRANSITION_WEAK::g1103::m2101,translation,ico_05,full_reassociation,EXACT,EXACT,0.0,0.0,false
END_FACE_TRANSITION_WEAK,1103,2101,dev::END_FACE_TRANSITION_WEAK::g1103::m2101,translation,ico_06,frozen_jacobian,RIGHT_CENSORED,RIGHT_CENSORED,,,false
END_FACE_TRANSITION_WEAK,1103,2101,dev::END_FACE_TRANSITION_WEAK::g1103::m2101,translation,ico_06,full_reassociation,EXACT,EXACT,0.0,0.0,false
END_FACE_TRANSITION_WEAK,1103,2101,dev::END_FACE_TRANSITION_WEAK::g1103::m2101,translation,ico_07,frozen_jacobian,RIGHT_CENSORED,RIGHT_CENSORED,,,false
END_FACE_TRANSITION_WEAK,1103,2101,dev::END_FACE_TRANSITION_WEAK::g1103::m2101,translation,ico_07,full_reassociation,EXACT,EXACT,0.0,0.0,false
END_FACE_TRANSITION_WEAK,1103,2101,dev::END_FACE_TRANSITION_WEAK::g1103::m2101,translation,ico_08,frozen_jacobian,RIGHT_CENSORED,RIGHT_CENSORED,,,false
END_FACE_TRANSITION_WEAK,1103,2101,dev::END_FACE_TRANSITION_WEAK::g1103::m2101,translation,ico_08,full_reassociation,EXACT,EXACT,0.0,0.0,false
END_FACE_TRANSITION_WEAK,1103,2101,dev::END_FACE_TRANSITION_WEAK::g1103::m2101,translation,ico_09,frozen_jacobian,RIGHT_CENSORED,RIGHT_CENSORED,,,false
END_FACE_TRANSITION_WEAK,1103,2101,dev::END_FACE_TRANSITION_WEAK::g1103::m2101,translation,ico_09,full_reassociation,EXACT,EXACT,0.0,0.0,false
END_FACE_TRANSITION_WEAK,1103,2101,dev::END_FACE_TRANSITION_WEAK::g1103::m2101,translation,ico_10,frozen_jacobian,RIGHT_CENSORED,RIGHT_CENSORED,,,false
END_FACE_TRANSITION_WEAK,1103,2101,dev::END_FACE_TRANSITION_WEAK::g1103::m2101,translation,ico_10,full_reassociation,EXACT,EXACT,0.0,0.0,false
END_FACE_TRANSITION_WEAK,1103,2101,dev::END_FACE_TRANSITION_WEAK::g1103::m2101,translation,ico_11,frozen_jacobian,RIGHT_CENSORED,RIGHT_CENSORED,,,false
END_FACE_TRANSITION_WEAK,1103,2101,dev::END_FACE_TRANSITION_WEAK::g1103::m2101,translation,ico_11,full_reassociation,EXACT,EXACT,0.0,0.0,false
END_FACE_TRANSITION_WEAK,1103,2101,dev::END_FACE_TRANSITION_WEAK::g1103::m2101,translation,neg_x,frozen_jacobian,RIGHT_CENSORED,RIGHT_CENSORED,,,false
END_FACE_TRANSITION_WEAK,1103,2101,dev::END_FACE_TRANSITION_WEAK::g1103::m2101,translation,neg_x,full_reassociation,EXACT,EXACT,0.0,0.0,false
END_FACE_TRANSITION_WEAK,1103,2101,dev::END_FACE_TRANSITION_WEAK::g1103::m2101,translation,neg_y,frozen_jacobian,RIGHT_CENSORED,RIGHT_CENSORED,,,false
END_FACE_TRANSITION_WEAK,1103,2101,dev::END_FACE_TRANSITION_WEAK::g1103::m2101,translation,neg_y,full_reassociation,EXACT,EXACT,0.0,0.0,false
END_FACE_TRANSITION_WEAK,1103,2101,dev::END_FACE_TRANSITION_WEAK::g1103::m2101,translation,neg_z,frozen_jacobian,RIGHT_CENSORED,RIGHT_CENSORED,,,false
END_FACE_TRANSITION_WEAK,1103,2101,dev::END_FACE_TRANSITION_WEAK::g1103::m2101,translation,neg_z,full_reassociation,EXACT,EXACT,0.0,0.0,false
END_FACE_TRANSITION_WEAK,1103,2101,dev::END_FACE_TRANSITION_WEAK::g1103::m2101,translation,pos_x,frozen_jacobian,RIGHT_CENSORED,RIGHT_CENSORED,,,false
END_FACE_TRANSITION_WEAK,1103,2101,dev::END_FACE_TRANSITION_WEAK::g1103::m2101,translation,pos_x,full_reassociation,EXACT,EXACT,0.0,0.0,false
END_FACE_TRANSITION_WEAK,1103,2101,dev::END_FACE_TRANSITION_WEAK::g1103::m2101,translation,pos_y,frozen_jacobian,RIGHT_CENSORED,RIGHT_CENSORED,,,false
END_FACE_TRANSITION_WEAK,1103,2101,dev::END_FACE_TRANSITION_WEAK::g1103::m2101,translation,pos_y,full_reassociation,EXACT,EXACT,0.0,0.0,false
END_FACE_TRANSITION_WEAK,1103,2101,dev::END_FACE_TRANSITION_WEAK::g1103::m2101,translation,pos_z,frozen_jacobian,RIGHT_CENSORED,RIGHT_CENSORED,,,false
END_FACE_TRANSITION_WEAK,1103,2101,dev::END_FACE_TRANSITION_WEAK::g1103::m2101,translation,pos_z,full_reassociation,EXACT,EXACT,0.0,0.0,false
END_FACE_TRANSITION_WEAK,1103,2111,dev::END_FACE_TRANSITION_WEAK::g1103::m2111,rotation,ico_00,frozen_jacobian,RIGHT_CENSORED,RIGHT_CENSORED,,,false
END_FACE_TRANSITION_WEAK,1103,2111,dev::END_FACE_TRANSITION_WEAK::g1103::m2111,rotation,ico_00,full_reassociation,EXACT,EXACT,0.0,0.0,false
END_FACE_TRANSITION_WEAK,1103,2111,dev::END_FACE_TRANSITION_WEAK::g1103::m2111,rotation,ico_01,frozen_jacobian,RIGHT_CENSORED,RIGHT_CENSORED,,,false
END_FACE_TRANSITION_WEAK,1103,2111,dev::END_FACE_TRANSITION_WEAK::g1103::m2111,rotation,ico_01,full_reassociation,EXACT,EXACT,0.0,0.0,false
END_FACE_TRANSITION_WEAK,1103,2111,dev::END_FACE_TRANSITION_WEAK::g1103::m2111,rotation,ico_02,frozen_jacobian,RIGHT_CENSORED,RIGHT_CENSORED,,,false
END_FACE_TRANSITION_WEAK,1103,2111,dev::END_FACE_TRANSITION_WEAK::g1103::m2111,rotation,ico_02,full_reassociation,EXACT,EXACT,0.0,0.0,false
END_FACE_TRANSITION_WEAK,1103,2111,dev::END_FACE_TRANSITION_WEAK::g1103::m2111,rotation,ico_03,frozen_jacobian,RIGHT_CENSORED,RIGHT_CENSORED,,,false
END_FACE_TRANSITION_WEAK,1103,2111,dev::END_FACE_TRANSITION_WEAK::g1103::m2111,rotation,ico_03,full_reassociation,EXACT,EXACT,0.0,0.0,false
END_FACE_TRANSITION_WEAK,1103,2111,dev::END_FACE_TRANSITION_WEAK::g1103::m2111,rotation,ico_04,frozen_jacobian,RIGHT_CENSORED,RIGHT_CENSORED,,,false
END_FACE_TRANSITION_WEAK,1103,2111,dev::END_FACE_TRANSITION_WEAK::g1103::m2111,rotation,ico_04,full_reassociation,EXACT,EXACT,0.0,0.0,false
END_FACE_TRANSITION_WEAK,1103,2111,dev::END_FACE_TRANSITION_WEAK::g1103::m2111,rotation,ico_05,frozen_jacobian,RIGHT_CENSORED,RIGHT_CENSORED,,,false
END_FACE_TRANSITION_WEAK,1103,2111,dev::END_FACE_TRANSITION_WEAK::g1103::m2111,rotation,ico_05,full_reassociation,EXACT,EXACT,0.0,0.0,false
END_FACE_TRANSITION_WEAK,1103,2111,dev::END_FACE_TRANSITION_WEAK::g1103::m2111,rotation,ico_06,frozen_jacobian,RIGHT_CENSORED,RIGHT_CENSORED,,,false
END_FACE_TRANSITION_WEAK,1103,2111,dev::END_FACE_TRANSITION_WEAK::g1103::m2111,rotation,ico_06,full_reassociation,EXACT,EXACT,0.0,0.0,false
END_FACE_TRANSITION_WEAK,1103,2111,dev::END_FACE_TRANSITION_WEAK::g1103::m2111,rotation,ico_07,frozen_jacobian,RIGHT_CENSORED,RIGHT_CENSORED,,,false
END_FACE_TRANSITION_WEAK,1103,2111,dev::END_FACE_TRANSITION_WEAK::g1103::m2111,rotation,ico_07,full_reassociation,EXACT,EXACT,0.0,0.0,false
END_FACE_TRANSITION_WEAK,1103,2111,dev::END_FACE_TRANSITION_WEAK::g1103::m2111,rotation,ico_08,frozen_jacobian,RIGHT_CENSORED,RIGHT_CENSORED,,,false
END_FACE_TRANSITION_WEAK,1103,2111,dev::END_FACE_TRANSITION_WEAK::g1103::m2111,rotation,ico_08,full_reassociation,EXACT,EXACT,0.0,0.0,false
END_FACE_TRANSITION_WEAK,1103,2111,dev::END_FACE_TRANSITION_WEAK::g1103::m2111,rotation,ico_09,frozen_jacobian,RIGHT_CENSORED,RIGHT_CENSORED,,,false
END_FACE_TRANSITION_WEAK,1103,2111,dev::END_FACE_TRANSITION_WEAK::g1103::m2111,rotation,ico_09,full_reassociation,EXACT,EXACT,0.0,0.0,false
END_FACE_TRANSITION_WEAK,1103,2111,dev::END_FACE_TRANSITION_WEAK::g1103::m2111,rotation,ico_10,frozen_jacobian,RIGHT_CENSORED,RIGHT_CENSORED,,,false
END_FACE_TRANSITION_WEAK,1103,2111,dev::END_FACE_TRANSITION_WEAK::g1103::m2111,rotation,ico_10,full_reassociation,EXACT,EXACT,0.0,0.0,false
END_FACE_TRANSITION_WEAK,1103,2111,dev::END_FACE_TRANSITION_WEAK::g1103::m2111,rotation,ico_11,frozen_jacobian,RIGHT_CENSORED,RIGHT_CENSORED,,,false
END_FACE_TRANSITION_WEAK,1103,2111,dev::END_FACE_TRANSITION_WEAK::g1103::m2111,rotation,ico_11,full_reassociation,EXACT,EXACT,0.0,0.0,false
END_FACE_TRANSITION_WEAK,1103,2111,dev::END_FACE_TRANSITION_WEAK::g1103::m2111,rotation,neg_x,frozen_jacobian,RIGHT_CENSORED,RIGHT_CENSORED,,,false
END_FACE_TRANSITION_WEAK,1103,2111,dev::END_FACE_TRANSITION_WEAK::g1103::m2111,rotation,neg_x,full_reassociation,EXACT,EXACT,0.0,0.0,false
END_FACE_TRANSITION_WEAK,1103,2111,dev::END_FACE_TRANSITION_WEAK::g1103::m2111,rotation,neg_y,frozen_jacobian,RIGHT_CENSORED,RIGHT_CENSORED,,,false
END_FACE_TRANSITION_WEAK,1103,2111,dev::END_FACE_TRANSITION_WEAK::g1103::m2111,rotation,neg_y,full_reassociation,EXACT,EXACT,0.0,0.0,false
END_FACE_TRANSITION_WEAK,1103,2111,dev::END_FACE_TRANSITION_WEAK::g1103::m2111,rotation,neg_z,frozen_jacobian,RIGHT_CENSORED,RIGHT_CENSORED,,,false
END_FACE_TRANSITION_WEAK,1103,2111,dev::END_FACE_TRANSITION_WEAK::g1103::m2111,rotation,neg_z,full_reassociation,EXACT,EXACT,0.0,0.0,false
END_FACE_TRANSITION_WEAK,1103,2111,dev::END_FACE_TRANSITION_WEAK::g1103::m2111,rotation,pos_x,frozen_jacobian,RIGHT_CENSORED,RIGHT_CENSORED,,,false
END_FACE_TRANSITION_WEAK,1103,2111,dev::END_FACE_TRANSITION_WEAK::g1103::m2111,rotation,pos_x,full_reassociation,EXACT,EXACT,0.0,0.0,false
END_FACE_TRANSITION_WEAK,1103,2111,dev::END_FACE_TRANSITION_WEAK::g1103::m2111,rotation,pos_y,frozen_jacobian,RIGHT_CENSORED,RIGHT_CENSORED,,,false
END_FACE_TRANSITION_WEAK,1103,2111,dev::END_FACE_TRANSITION_WEAK::g1103::m2111,rotation,pos_y,full_reassociation,EXACT,EXACT,0.0,0.0,false
END_FACE_TRANSITION_WEAK,1103,2111,dev::END_FACE_TRANSITION_WEAK::g1103::m2111,rotation,pos_z,frozen_jacobian,RIGHT_CENSORED,RIGHT_CENSORED,,,false
END_FACE_TRANSITION_WEAK,1103,2111,dev::END_FACE_TRANSITION_WEAK::g1103::m2111,rotation,pos_z,full_reassociation,EXACT,EXACT,0.0,0.0,false
END_FACE_TRANSITION_WEAK,1103,2111,dev::END_FACE_TRANSITION_WEAK::g1103::m2111,translation,ico_00,frozen_jacobian,RIGHT_CENSORED,RIGHT_CENSORED,,,false
END_FACE_TRANSITION_WEAK,1103,2111,dev::END_FACE_TRANSITION_WEAK::g1103::m2111,translation,ico_00,full_reassociation,EXACT,EXACT,0.0,0.0,false
END_FACE_TRANSITION_WEAK,1103,2111,dev::END_FACE_TRANSITION_WEAK::g1103::m2111,translation,ico_01,frozen_jacobian,RIGHT_CENSORED,RIGHT_CENSORED,,,false
END_FACE_TRANSITION_WEAK,1103,2111,dev::END_FACE_TRANSITION_WEAK::g1103::m2111,translation,ico_01,full_reassociation,EXACT,EXACT,0.0,0.0,false
END_FACE_TRANSITION_WEAK,1103,2111,dev::END_FACE_TRANSITION_WEAK::g1103::m2111,translation,ico_02,frozen_jacobian,RIGHT_CENSORED,RIGHT_CENSORED,,,false
END_FACE_TRANSITION_WEAK,1103,2111,dev::END_FACE_TRANSITION_WEAK::g1103::m2111,translation,ico_02,full_reassociation,EXACT,EXACT,0.0,0.0,false
END_FACE_TRANSITION_WEAK,1103,2111,dev::END_FACE_TRANSITION_WEAK::g1103::m2111,translation,ico_03,frozen_jacobian,RIGHT_CENSORED,RIGHT_CENSORED,,,false
END_FACE_TRANSITION_WEAK,1103,2111,dev::END_FACE_TRANSITION_WEAK::g1103::m2111,translation,ico_03,full_reassociation,EXACT,EXACT,0.0,0.0,false
END_FACE_TRANSITION_WEAK,1103,2111,dev::END_FACE_TRANSITION_WEAK::g1103::m2111,translation,ico_04,frozen_jacobian,RIGHT_CENSORED,RIGHT_CENSORED,,,false
END_FACE_TRANSITION_WEAK,1103,2111,dev::END_FACE_TRANSITION_WEAK::g1103::m2111,translation,ico_04,full_reassociation,EXACT,EXACT,0.0,0.0,false
END_FACE_TRANSITION_WEAK,1103,2111,dev::END_FACE_TRANSITION_WEAK::g1103::m2111,translation,ico_05,frozen_jacobian,RIGHT_CENSORED,RIGHT_CENSORED,,,false
END_FACE_TRANSITION_WEAK,1103,2111,dev::END_FACE_TRANSITION_WEAK::g1103::m2111,translation,ico_05,full_reassociation,EXACT,EXACT,0.0,0.0,false
END_FACE_TRANSITION_WEAK,1103,2111,dev::END_FACE_TRANSITION_WEAK::g1103::m2111,translation,ico_06,frozen_jacobian,RIGHT_CENSORED,RIGHT_CENSORED,,,false
END_FACE_TRANSITION_WEAK,1103,2111,dev::END_FACE_TRANSITION_WEAK::g1103::m2111,translation,ico_06,full_reassociation,EXACT,EXACT,0.0,0.0,false
END_FACE_TRANSITION_WEAK,1103,2111,dev::END_FACE_TRANSITION_WEAK::g1103::m2111,translation,ico_07,frozen_jacobian,RIGHT_CENSORED,RIGHT_CENSORED,,,false
END_FACE_TRANSITION_WEAK,1103,2111,dev::END_FACE_TRANSITION_WEAK::g1103::m2111,translation,ico_07,full_reassociation,EXACT,EXACT,0.0,0.0,false
END_FACE_TRANSITION_WEAK,1103,2111,dev::END_FACE_TRANSITION_WEAK::g1103::m2111,translation,ico_08,frozen_jacobian,RIGHT_CENSORED,RIGHT_CENSORED,,,false
END_FACE_TRANSITION_WEAK,1103,2111,dev::END_FACE_TRANSITION_WEAK::g1103::m2111,translation,ico_08,full_reassociation,EXACT,EXACT,0.0,0.0,false
END_FACE_TRANSITION_WEAK,1103,2111,dev::END_FACE_TRANSITION_WEAK::g1103::m2111,translation,ico_09,frozen_jacobian,RIGHT_CENSORED,RIGHT_CENSORED,,,false
END_FACE_TRANSITION_WEAK,1103,2111,dev::END_FACE_TRANSITION_WEAK::g1103::m2111,translation,ico_09,full_reassociation,EXACT,EXACT,0.0,0.0,false
END_FACE_TRANSITION_WEAK,1103,2111,dev::END_FACE_TRANSITION_WEAK::g1103::m2111,translation,ico_10,frozen_jacobian,RIGHT_CENSORED,RIGHT_CENSORED,,,false
END_FACE_TRANSITION_WEAK,1103,2111,dev::END_FACE_TRANSITION_WEAK::g1103::m2111,translation,ico_10,full_reassociation,EXACT,EXACT,0.0,0.0,false
END_FACE_TRANSITION_WEAK,1103,2111,dev::END_FACE_TRANSITION_WEAK::g1103::m2111,translation,ico_11,frozen_jacobian,RIGHT_CENSORED,RIGHT_CENSORED,,,false
END_FACE_TRANSITION_WEAK,1103,2111,dev::END_FACE_TRANSITION_WEAK::g1103::m2111,translation,ico_11,full_reassociation,EXACT,EXACT,0.0,0.0,false
END_FACE_TRANSITION_WEAK,1103,2111,dev::END_FACE_TRANSITION_WEAK::g1103::m2111,translation,neg_x,frozen_jacobian,RIGHT_CENSORED,RIGHT_CENSORED,,,false
END_FACE_TRANSITION_WEAK,1103,2111,dev::END_FACE_TRANSITION_WEAK::g1103::m2111,translation,neg_x,full_reassociation,EXACT,EXACT,0.0,0.0,false
END_FACE_TRANSITION_WEAK,1103,2111,dev::END_FACE_TRANSITION_WEAK::g1103::m2111,translation,neg_y,frozen_jacobian,RIGHT_CENSORED,RIGHT_CENSORED,,,false
END_FACE_TRANSITION_WEAK,1103,2111,dev::END_FACE_TRANSITION_WEAK::g1103::m2111,translation,neg_y,full_reassociation,EXACT,EXACT,0.0,0.0,false
END_FACE_TRANSITION_WEAK,1103,2111,dev::END_FACE_TRANSITION_WEAK::g1103::m2111,translation,neg_z,frozen_jacobian,RIGHT_CENSORED,RIGHT_CENSORED,,,false
END_FACE_TRANSITION_WEAK,1103,2111,dev::END_FACE_TRANSITION_WEAK::g1103::m2111,translation,neg_z,full_reassociation,EXACT,EXACT,0.0,0.0,false
END_FACE_TRANSITION_WEAK,1103,2111,dev::END_FACE_TRANSITION_WEAK::g1103::m2111,translation,pos_x,frozen_jacobian,RIGHT_CENSORED,RIGHT_CENSORED,,,false
END_FACE_TRANSITION_WEAK,1103,2111,dev::END_FACE_TRANSITION_WEAK::g1103::m2111,translation,pos_x,full_reassociation,EXACT,EXACT,0.0,0.0,false
END_FACE_TRANSITION_WEAK,1103,2111,dev::END_FACE_TRANSITION_WEAK::g1103::m2111,translation,pos_y,frozen_jacobian,RIGHT_CENSORED,RIGHT_CENSORED,,,false
END_FACE_TRANSITION_WEAK,1103,2111,dev::END_FACE_TRANSITION_WEAK::g1103::m2111,translation,pos_y,full_reassociation,EXACT,EXACT,0.0,0.0,false
END_FACE_TRANSITION_WEAK,1103,2111,dev::END_FACE_TRANSITION_WEAK::g1103::m2111,translation,pos_z,frozen_jacobian,RIGHT_CENSORED,RIGHT_CENSORED,,,false
END_FACE_TRANSITION_WEAK,1103,2111,dev::END_FACE_TRANSITION_WEAK::g1103::m2111,translation,pos_z,full_reassociation,EXACT,EXACT,0.0,0.0,false
END_FACE_TRANSITION_WEAK,1107,2101,dev::END_FACE_TRANSITION_WEAK::g1107::m2101,rotation,ico_00,frozen_jacobian,RIGHT_CENSORED,EXACT,,0.0,false
END_FACE_TRANSITION_WEAK,1107,2101,dev::END_FACE_TRANSITION_WEAK::g1107::m2101,rotation,ico_00,full_reassociation,EXACT,EXACT,0.0,0.0,false
END_FACE_TRANSITION_WEAK,1107,2101,dev::END_FACE_TRANSITION_WEAK::g1107::m2101,rotation,ico_01,frozen_jacobian,RIGHT_CENSORED,EXACT,,0.0,false
END_FACE_TRANSITION_WEAK,1107,2101,dev::END_FACE_TRANSITION_WEAK::g1107::m2101,rotation,ico_01,full_reassociation,EXACT,EXACT,0.0,0.0,false
END_FACE_TRANSITION_WEAK,1107,2101,dev::END_FACE_TRANSITION_WEAK::g1107::m2101,rotation,ico_02,frozen_jacobian,RIGHT_CENSORED,EXACT,,0.0,false
END_FACE_TRANSITION_WEAK,1107,2101,dev::END_FACE_TRANSITION_WEAK::g1107::m2101,rotation,ico_02,full_reassociation,EXACT,EXACT,0.0,0.0,false
END_FACE_TRANSITION_WEAK,1107,2101,dev::END_FACE_TRANSITION_WEAK::g1107::m2101,rotation,ico_03,frozen_jacobian,RIGHT_CENSORED,EXACT,,0.0,false
END_FACE_TRANSITION_WEAK,1107,2101,dev::END_FACE_TRANSITION_WEAK::g1107::m2101,rotation,ico_03,full_reassociation,EXACT,EXACT,0.0,0.0,false
END_FACE_TRANSITION_WEAK,1107,2101,dev::END_FACE_TRANSITION_WEAK::g1107::m2101,rotation,ico_04,frozen_jacobian,RIGHT_CENSORED,EXACT,,0.0,false
END_FACE_TRANSITION_WEAK,1107,2101,dev::END_FACE_TRANSITION_WEAK::g1107::m2101,rotation,ico_04,full_reassociation,EXACT,EXACT,0.0,0.0,false
END_FACE_TRANSITION_WEAK,1107,2101,dev::END_FACE_TRANSITION_WEAK::g1107::m2101,rotation,ico_05,frozen_jacobian,RIGHT_CENSORED,EXACT,,0.0,false
END_FACE_TRANSITION_WEAK,1107,2101,dev::END_FACE_TRANSITION_WEAK::g1107::m2101,rotation,ico_05,full_reassociation,EXACT,EXACT,0.0,0.0,false
END_FACE_TRANSITION_WEAK,1107,2101,dev::END_FACE_TRANSITION_WEAK::g1107::m2101,rotation,ico_06,frozen_jacobian,RIGHT_CENSORED,EXACT,,0.0,false
END_FACE_TRANSITION_WEAK,1107,2101,dev::END_FACE_TRANSITION_WEAK::g1107::m2101,rotation,ico_06,full_reassociation,EXACT,EXACT,0.0,0.0,false
END_FACE_TRANSITION_WEAK,1107,2101,dev::END_FACE_TRANSITION_WEAK::g1107::m2101,rotation,ico_07,frozen_jacobian,RIGHT_CENSORED,EXACT,,0.0,false
END_FACE_TRANSITION_WEAK,1107,2101,dev::END_FACE_TRANSITION_WEAK::g1107::m2101,rotation,ico_07,full_reassociation,EXACT,EXACT,0.0,0.0,false
END_FACE_TRANSITION_WEAK,1107,2101,dev::END_FACE_TRANSITION_WEAK::g1107::m2101,rotation,ico_08,frozen_jacobian,RIGHT_CENSORED,EXACT,,0.0,false
END_FACE_TRANSITION_WEAK,1107,2101,dev::END_FACE_TRANSITION_WEAK::g1107::m2101,rotation,ico_08,full_reassociation,EXACT,EXACT,0.0,0.0,false
END_FACE_TRANSITION_WEAK,1107,2101,dev::END_FACE_TRANSITION_WEAK::g1107::m2101,rotation,ico_09,frozen_jacobian,RIGHT_CENSORED,EXACT,,0.0,false
END_FACE_TRANSITION_WEAK,1107,2101,dev::END_FACE_TRANSITION_WEAK::g1107::m2101,rotation,ico_09,full_reassociation,EXACT,EXACT,0.0,0.0,false
END_FACE_TRANSITION_WEAK,1107,2101,dev::END_FACE_TRANSITION_WEAK::g1107::m2101,rotation,ico_10,frozen_jacobian,RIGHT_CENSORED,EXACT,,0.0,false
END_FACE_TRANSITION_WEAK,1107,2101,dev::END_FACE_TRANSITION_WEAK::g1107::m2101,rotation,ico_10,full_reassociation,EXACT,EXACT,0.0,0.0,false
END_FACE_TRANSITION_WEAK,1107,2101,dev::END_FACE_TRANSITION_WEAK::g1107::m2101,rotation,ico_11,frozen_jacobian,RIGHT_CENSORED,EXACT,,0.0,false
END_FACE_TRANSITION_WEAK,1107,2101,dev::END_FACE_TRANSITION_WEAK::g1107::m2101,rotation,ico_11,full_reassociation,EXACT,EXACT,0.0,0.0,false
END_FACE_TRANSITION_WEAK,1107,2101,dev::END_FACE_TRANSITION_WEAK::g1107::m2101,rotation,neg_x,frozen_jacobian,RIGHT_CENSORED,EXACT,,0.0,false
END_FACE_TRANSITION_WEAK,1107,2101,dev::END_FACE_TRANSITION_WEAK::g1107::m2101,rotation,neg_x,full_reassociation,EXACT,EXACT,0.0,0.0,false
END_FACE_TRANSITION_WEAK,1107,2101,dev::END_FACE_TRANSITION_WEAK::g1107::m2101,rotation,neg_y,frozen_jacobian,RIGHT_CENSORED,EXACT,,0.0,false
END_FACE_TRANSITION_WEAK,1107,2101,dev::END_FACE_TRANSITION_WEAK::g1107::m2101,rotation,neg_y,full_reassociation,EXACT,EXACT,0.0,0.0,false
END_FACE_TRANSITION_WEAK,1107,2101,dev::END_FACE_TRANSITION_WEAK::g1107::m2101,rotation,neg_z,frozen_jacobian,RIGHT_CENSORED,EXACT,,0.0,false
END_FACE_TRANSITION_WEAK,1107,2101,dev::END_FACE_TRANSITION_WEAK::g1107::m2101,rotation,neg_z,full_reassociation,EXACT,EXACT,0.0,0.0,false
END_FACE_TRANSITION_WEAK,1107,2101,dev::END_FACE_TRANSITION_WEAK::g1107::m2101,rotation,pos_x,frozen_jacobian,RIGHT_CENSORED,EXACT,,0.0,false
END_FACE_TRANSITION_WEAK,1107,2101,dev::END_FACE_TRANSITION_WEAK::g1107::m2101,rotation,pos_x,full_reassociation,EXACT,EXACT,0.0,0.0,false
END_FACE_TRANSITION_WEAK,1107,2101,dev::END_FACE_TRANSITION_WEAK::g1107::m2101,rotation,pos_y,frozen_jacobian,RIGHT_CENSORED,EXACT,,0.0,false
END_FACE_TRANSITION_WEAK,1107,2101,dev::END_FACE_TRANSITION_WEAK::g1107::m2101,rotation,pos_y,full_reassociation,EXACT,EXACT,0.0,0.0,false
END_FACE_TRANSITION_WEAK,1107,2101,dev::END_FACE_TRANSITION_WEAK::g1107::m2101,rotation,pos_z,frozen_jacobian,RIGHT_CENSORED,EXACT,,0.0,false
END_FACE_TRANSITION_WEAK,1107,2101,dev::END_FACE_TRANSITION_WEAK::g1107::m2101,rotation,pos_z,full_reassociation,EXACT,EXACT,0.0,0.0,false
END_FACE_TRANSITION_WEAK,1107,2101,dev::END_FACE_TRANSITION_WEAK::g1107::m2101,translation,ico_00,frozen_jacobian,RIGHT_CENSORED,EXACT,,0.0,false
END_FACE_TRANSITION_WEAK,1107,2101,dev::END_FACE_TRANSITION_WEAK::g1107::m2101,translation,ico_00,full_reassociation,EXACT,EXACT,0.0,0.0,false
END_FACE_TRANSITION_WEAK,1107,2101,dev::END_FACE_TRANSITION_WEAK::g1107::m2101,translation,ico_01,frozen_jacobian,RIGHT_CENSORED,EXACT,,0.0,false
END_FACE_TRANSITION_WEAK,1107,2101,dev::END_FACE_TRANSITION_WEAK::g1107::m2101,translation,ico_01,full_reassociation,EXACT,EXACT,0.0,0.0,false
END_FACE_TRANSITION_WEAK,1107,2101,dev::END_FACE_TRANSITION_WEAK::g1107::m2101,translation,ico_02,frozen_jacobian,RIGHT_CENSORED,EXACT,,0.0,false
END_FACE_TRANSITION_WEAK,1107,2101,dev::END_FACE_TRANSITION_WEAK::g1107::m2101,translation,ico_02,full_reassociation,EXACT,EXACT,0.0,0.0,false
END_FACE_TRANSITION_WEAK,1107,2101,dev::END_FACE_TRANSITION_WEAK::g1107::m2101,translation,ico_03,frozen_jacobian,RIGHT_CENSORED,EXACT,,0.0,false
END_FACE_TRANSITION_WEAK,1107,2101,dev::END_FACE_TRANSITION_WEAK::g1107::m2101,translation,ico_03,full_reassociation,EXACT,EXACT,0.0,0.0,false
END_FACE_TRANSITION_WEAK,1107,2101,dev::END_FACE_TRANSITION_WEAK::g1107::m2101,translation,ico_04,frozen_jacobian,RIGHT_CENSORED,EXACT,,0.0,false
END_FACE_TRANSITION_WEAK,1107,2101,dev::END_FACE_TRANSITION_WEAK::g1107::m2101,translation,ico_04,full_reassociation,EXACT,EXACT,0.0,0.0,false
END_FACE_TRANSITION_WEAK,1107,2101,dev::END_FACE_TRANSITION_WEAK::g1107::m2101,translation,ico_05,frozen_jacobian,RIGHT_CENSORED,EXACT,,0.0,false
END_FACE_TRANSITION_WEAK,1107,2101,dev::END_FACE_TRANSITION_WEAK::g1107::m2101,translation,ico_05,full_reassociation,EXACT,EXACT,0.0,0.0,false
END_FACE_TRANSITION_WEAK,1107,2101,dev::END_FACE_TRANSITION_WEAK::g1107::m2101,translation,ico_06,frozen_jacobian,RIGHT_CENSORED,EXACT,,0.0,false
END_FACE_TRANSITION_WEAK,1107,2101,dev::END_FACE_TRANSITION_WEAK::g1107::m2101,translation,ico_06,full_reassociation,EXACT,EXACT,0.0,0.0,false
END_FACE_TRANSITION_WEAK,1107,2101,dev::END_FACE_TRANSITION_WEAK::g1107::m2101,translation,ico_07,frozen_jacobian,RIGHT_CENSORED,EXACT,,0.0,false
END_FACE_TRANSITION_WEAK,1107,2101,dev::END_FACE_TRANSITION_WEAK::g1107::m2101,translation,ico_07,full_reassociation,EXACT,EXACT,0.0,0.0,false
END_FACE_TRANSITION_WEAK,1107,2101,dev::END_FACE_TRANSITION_WEAK::g1107::m2101,translation,ico_08,frozen_jacobian,RIGHT_CENSORED,EXACT,,0.0,false
END_FACE_TRANSITION_WEAK,1107,2101,dev::END_FACE_TRANSITION_WEAK::g1107::m2101,translation,ico_08,full_reassociation,EXACT,EXACT,0.0,0.0,false
END_FACE_TRANSITION_WEAK,1107,2101,dev::END_FACE_TRANSITION_WEAK::g1107::m2101,translation,ico_09,frozen_jacobian,RIGHT_CENSORED,EXACT,,0.0,false
END_FACE_TRANSITION_WEAK,1107,2101,dev::END_FACE_TRANSITION_WEAK::g1107::m2101,translation,ico_09,full_reassociation,EXACT,EXACT,0.0,0.0,false
END_FACE_TRANSITION_WEAK,1107,2101,dev::END_FACE_TRANSITION_WEAK::g1107::m2101,translation,ico_10,frozen_jacobian,RIGHT_CENSORED,EXACT,,0.0,false
END_FACE_TRANSITION_WEAK,1107,2101,dev::END_FACE_TRANSITION_WEAK::g1107::m2101,translation,ico_10,full_reassociation,EXACT,EXACT,0.0,0.0,false
END_FACE_TRANSITION_WEAK,1107,2101,dev::END_FACE_TRANSITION_WEAK::g1107::m2101,translation,ico_11,frozen_jacobian,RIGHT_CENSORED,EXACT,,0.0,false
END_FACE_TRANSITION_WEAK,1107,2101,dev::END_FACE_TRANSITION_WEAK::g1107::m2101,translation,ico_11,full_reassociation,EXACT,EXACT,0.0,0.0,false
END_FACE_TRANSITION_WEAK,1107,2101,dev::END_FACE_TRANSITION_WEAK::g1107::m2101,translation,neg_x,frozen_jacobian,RIGHT_CENSORED,EXACT,,0.0,false
END_FACE_TRANSITION_WEAK,1107,2101,dev::END_FACE_TRANSITION_WEAK::g1107::m2101,translation,neg_x,full_reassociation,EXACT,EXACT,0.0,0.0,false
END_FACE_TRANSITION_WEAK,1107,2101,dev::END_FACE_TRANSITION_WEAK::g1107::m2101,translation,neg_y,frozen_jacobian,RIGHT_CENSORED,EXACT,,0.0,false
END_FACE_TRANSITION_WEAK,1107,2101,dev::END_FACE_TRANSITION_WEAK::g1107::m2101,translation,neg_y,full_reassociation,EXACT,EXACT,0.0,0.0,false
END_FACE_TRANSITION_WEAK,1107,2101,dev::END_FACE_TRANSITION_WEAK::g1107::m2101,translation,neg_z,frozen_jacobian,RIGHT_CENSORED,EXACT,,0.0,false
END_FACE_TRANSITION_WEAK,1107,2101,dev::END_FACE_TRANSITION_WEAK::g1107::m2101,translation,neg_z,full_reassociation,EXACT,EXACT,0.0,0.0,false
END_FACE_TRANSITION_WEAK,1107,2101,dev::END_FACE_TRANSITION_WEAK::g1107::m2101,translation,pos_x,frozen_jacobian,RIGHT_CENSORED,EXACT,,0.0,false
END_FACE_TRANSITION_WEAK,1107,2101,dev::END_FACE_TRANSITION_WEAK::g1107::m2101,translation,pos_x,full_reassociation,EXACT,EXACT,0.0,0.0,false
END_FACE_TRANSITION_WEAK,1107,2101,dev::END_FACE_TRANSITION_WEAK::g1107::m2101,translation,pos_y,frozen_jacobian,RIGHT_CENSORED,EXACT,,0.0,false
END_FACE_TRANSITION_WEAK,1107,2101,dev::END_FACE_TRANSITION_WEAK::g1107::m2101,translation,pos_y,full_reassociation,EXACT,EXACT,0.0,0.0,false
END_FACE_TRANSITION_WEAK,1107,2101,dev::END_FACE_TRANSITION_WEAK::g1107::m2101,translation,pos_z,frozen_jacobian,RIGHT_CENSORED,EXACT,,0.0,false
END_FACE_TRANSITION_WEAK,1107,2101,dev::END_FACE_TRANSITION_WEAK::g1107::m2101,translation,pos_z,full_reassociation,EXACT,EXACT,0.0,0.0,false
END_FACE_TRANSITION_WEAK,1107,2111,dev::END_FACE_TRANSITION_WEAK::g1107::m2111,rotation,ico_00,frozen_jacobian,RIGHT_CENSORED,RIGHT_CENSORED,,,false
END_FACE_TRANSITION_WEAK,1107,2111,dev::END_FACE_TRANSITION_WEAK::g1107::m2111,rotation,ico_00,full_reassociation,EXACT,EXACT,0.0,0.0,false
END_FACE_TRANSITION_WEAK,1107,2111,dev::END_FACE_TRANSITION_WEAK::g1107::m2111,rotation,ico_01,frozen_jacobian,RIGHT_CENSORED,RIGHT_CENSORED,,,false
END_FACE_TRANSITION_WEAK,1107,2111,dev::END_FACE_TRANSITION_WEAK::g1107::m2111,rotation,ico_01,full_reassociation,EXACT,EXACT,0.0,0.0,false
END_FACE_TRANSITION_WEAK,1107,2111,dev::END_FACE_TRANSITION_WEAK::g1107::m2111,rotation,ico_02,frozen_jacobian,RIGHT_CENSORED,RIGHT_CENSORED,,,false
END_FACE_TRANSITION_WEAK,1107,2111,dev::END_FACE_TRANSITION_WEAK::g1107::m2111,rotation,ico_02,full_reassociation,EXACT,EXACT,0.0,0.0,false
END_FACE_TRANSITION_WEAK,1107,2111,dev::END_FACE_TRANSITION_WEAK::g1107::m2111,rotation,ico_03,frozen_jacobian,RIGHT_CENSORED,RIGHT_CENSORED,,,false
END_FACE_TRANSITION_WEAK,1107,2111,dev::END_FACE_TRANSITION_WEAK::g1107::m2111,rotation,ico_03,full_reassociation,EXACT,EXACT,0.0,0.0,false
END_FACE_TRANSITION_WEAK,1107,2111,dev::END_FACE_TRANSITION_WEAK::g1107::m2111,rotation,ico_04,frozen_jacobian,RIGHT_CENSORED,RIGHT_CENSORED,,,false
END_FACE_TRANSITION_WEAK,1107,2111,dev::END_FACE_TRANSITION_WEAK::g1107::m2111,rotation,ico_04,full_reassociation,EXACT,EXACT,0.0,0.0,false
END_FACE_TRANSITION_WEAK,1107,2111,dev::END_FACE_TRANSITION_WEAK::g1107::m2111,rotation,ico_05,frozen_jacobian,RIGHT_CENSORED,RIGHT_CENSORED,,,false
END_FACE_TRANSITION_WEAK,1107,2111,dev::END_FACE_TRANSITION_WEAK::g1107::m2111,rotation,ico_05,full_reassociation,EXACT,EXACT,0.0,0.0,false
END_FACE_TRANSITION_WEAK,1107,2111,dev::END_FACE_TRANSITION_WEAK::g1107::m2111,rotation,ico_06,frozen_jacobian,RIGHT_CENSORED,RIGHT_CENSORED,,,false
END_FACE_TRANSITION_WEAK,1107,2111,dev::END_FACE_TRANSITION_WEAK::g1107::m2111,rotation,ico_06,full_reassociation,EXACT,EXACT,0.0,0.0,false
END_FACE_TRANSITION_WEAK,1107,2111,dev::END_FACE_TRANSITION_WEAK::g1107::m2111,rotation,ico_07,frozen_jacobian,RIGHT_CENSORED,RIGHT_CENSORED,,,false
END_FACE_TRANSITION_WEAK,1107,2111,dev::END_FACE_TRANSITION_WEAK::g1107::m2111,rotation,ico_07,full_reassociation,EXACT,EXACT,0.0,0.0,false
END_FACE_TRANSITION_WEAK,1107,2111,dev::END_FACE_TRANSITION_WEAK::g1107::m2111,rotation,ico_08,frozen_jacobian,RIGHT_CENSORED,RIGHT_CENSORED,,,false
END_FACE_TRANSITION_WEAK,1107,2111,dev::END_FACE_TRANSITION_WEAK::g1107::m2111,rotation,ico_08,full_reassociation,EXACT,EXACT,0.0,0.0,false
END_FACE_TRANSITION_WEAK,1107,2111,dev::END_FACE_TRANSITION_WEAK::g1107::m2111,rotation,ico_09,frozen_jacobian,RIGHT_CENSORED,RIGHT_CENSORED,,,false
END_FACE_TRANSITION_WEAK,1107,2111,dev::END_FACE_TRANSITION_WEAK::g1107::m2111,rotation,ico_09,full_reassociation,EXACT,EXACT,0.0,0.0,false
END_FACE_TRANSITION_WEAK,1107,2111,dev::END_FACE_TRANSITION_WEAK::g1107::m2111,rotation,ico_10,frozen_jacobian,RIGHT_CENSORED,RIGHT_CENSORED,,,false
END_FACE_TRANSITION_WEAK,1107,2111,dev::END_FACE_TRANSITION_WEAK::g1107::m2111,rotation,ico_10,full_reassociation,EXACT,EXACT,0.0,0.0,false
END_FACE_TRANSITION_WEAK,1107,2111,dev::END_FACE_TRANSITION_WEAK::g1107::m2111,rotation,ico_11,frozen_jacobian,RIGHT_CENSORED,RIGHT_CENSORED,,,false
END_FACE_TRANSITION_WEAK,1107,2111,dev::END_FACE_TRANSITION_WEAK::g1107::m2111,rotation,ico_11,full_reassociation,EXACT,EXACT,0.0,0.0,false
END_FACE_TRANSITION_WEAK,1107,2111,dev::END_FACE_TRANSITION_WEAK::g1107::m2111,rotation,neg_x,frozen_jacobian,RIGHT_CENSORED,RIGHT_CENSORED,,,false
END_FACE_TRANSITION_WEAK,1107,2111,dev::END_FACE_TRANSITION_WEAK::g1107::m2111,rotation,neg_x,full_reassociation,EXACT,EXACT,0.0,0.0,false
END_FACE_TRANSITION_WEAK,1107,2111,dev::END_FACE_TRANSITION_WEAK::g1107::m2111,rotation,neg_y,frozen_jacobian,RIGHT_CENSORED,RIGHT_CENSORED,,,false
END_FACE_TRANSITION_WEAK,1107,2111,dev::END_FACE_TRANSITION_WEAK::g1107::m2111,rotation,neg_y,full_reassociation,EXACT,EXACT,0.0,0.0,false
END_FACE_TRANSITION_WEAK,1107,2111,dev::END_FACE_TRANSITION_WEAK::g1107::m2111,rotation,neg_z,frozen_jacobian,RIGHT_CENSORED,RIGHT_CENSORED,,,false
END_FACE_TRANSITION_WEAK,1107,2111,dev::END_FACE_TRANSITION_WEAK::g1107::m2111,rotation,neg_z,full_reassociation,EXACT,EXACT,0.0,0.0,false
END_FACE_TRANSITION_WEAK,1107,2111,dev::END_FACE_TRANSITION_WEAK::g1107::m2111,rotation,pos_x,frozen_jacobian,RIGHT_CENSORED,RIGHT_CENSORED,,,false
END_FACE_TRANSITION_WEAK,1107,2111,dev::END_FACE_TRANSITION_WEAK::g1107::m2111,rotation,pos_x,full_reassociation,EXACT,EXACT,0.0,0.0,false
END_FACE_TRANSITION_WEAK,1107,2111,dev::END_FACE_TRANSITION_WEAK::g1107::m2111,rotation,pos_y,frozen_jacobian,RIGHT_CENSORED,RIGHT_CENSORED,,,false
END_FACE_TRANSITION_WEAK,1107,2111,dev::END_FACE_TRANSITION_WEAK::g1107::m2111,rotation,pos_y,full_reassociation,EXACT,EXACT,0.0,0.0,false
END_FACE_TRANSITION_WEAK,1107,2111,dev::END_FACE_TRANSITION_WEAK::g1107::m2111,rotation,pos_z,frozen_jacobian,RIGHT_CENSORED,RIGHT_CENSORED,,,false
END_FACE_TRANSITION_WEAK,1107,2111,dev::END_FACE_TRANSITION_WEAK::g1107::m2111,rotation,pos_z,full_reassociation,EXACT,EXACT,0.0,0.0,false
END_FACE_TRANSITION_WEAK,1107,2111,dev::END_FACE_TRANSITION_WEAK::g1107::m2111,translation,ico_00,frozen_jacobian,RIGHT_CENSORED,RIGHT_CENSORED,,,false
END_FACE_TRANSITION_WEAK,1107,2111,dev::END_FACE_TRANSITION_WEAK::g1107::m2111,translation,ico_00,full_reassociation,EXACT,EXACT,0.0,0.0,false
END_FACE_TRANSITION_WEAK,1107,2111,dev::END_FACE_TRANSITION_WEAK::g1107::m2111,translation,ico_01,frozen_jacobian,RIGHT_CENSORED,RIGHT_CENSORED,,,false
END_FACE_TRANSITION_WEAK,1107,2111,dev::END_FACE_TRANSITION_WEAK::g1107::m2111,translation,ico_01,full_reassociation,EXACT,EXACT,0.0,0.0,false
END_FACE_TRANSITION_WEAK,1107,2111,dev::END_FACE_TRANSITION_WEAK::g1107::m2111,translation,ico_02,frozen_jacobian,RIGHT_CENSORED,RIGHT_CENSORED,,,false
END_FACE_TRANSITION_WEAK,1107,2111,dev::END_FACE_TRANSITION_WEAK::g1107::m2111,translation,ico_02,full_reassociation,EXACT,EXACT,0.0,0.0,false
END_FACE_TRANSITION_WEAK,1107,2111,dev::END_FACE_TRANSITION_WEAK::g1107::m2111,translation,ico_03,frozen_jacobian,RIGHT_CENSORED,RIGHT_CENSORED,,,false
END_FACE_TRANSITION_WEAK,1107,2111,dev::END_FACE_TRANSITION_WEAK::g1107::m2111,translation,ico_03,full_reassociation,EXACT,EXACT,0.0,0.0,false
END_FACE_TRANSITION_WEAK,1107,2111,dev::END_FACE_TRANSITION_WEAK::g1107::m2111,translation,ico_04,frozen_jacobian,RIGHT_CENSORED,RIGHT_CENSORED,,,false
END_FACE_TRANSITION_WEAK,1107,2111,dev::END_FACE_TRANSITION_WEAK::g1107::m2111,translation,ico_04,full_reassociation,EXACT,EXACT,0.0,0.0,false
END_FACE_TRANSITION_WEAK,1107,2111,dev::END_FACE_TRANSITION_WEAK::g1107::m2111,translation,ico_05,frozen_jacobian,RIGHT_CENSORED,RIGHT_CENSORED,,,false
END_FACE_TRANSITION_WEAK,1107,2111,dev::END_FACE_TRANSITION_WEAK::g1107::m2111,translation,ico_05,full_reassociation,EXACT,EXACT,0.0,0.0,false
END_FACE_TRANSITION_WEAK,1107,2111,dev::END_FACE_TRANSITION_WEAK::g1107::m2111,translation,ico_06,frozen_jacobian,RIGHT_CENSORED,RIGHT_CENSORED,,,false
END_FACE_TRANSITION_WEAK,1107,2111,dev::END_FACE_TRANSITION_WEAK::g1107::m2111,translation,ico_06,full_reassociation,EXACT,EXACT,0.0,0.0,false
END_FACE_TRANSITION_WEAK,1107,2111,dev::END_FACE_TRANSITION_WEAK::g1107::m2111,translation,ico_07,frozen_jacobian,RIGHT_CENSORED,RIGHT_CENSORED,,,false
END_FACE_TRANSITION_WEAK,1107,2111,dev::END_FACE_TRANSITION_WEAK::g1107::m2111,translation,ico_07,full_reassociation,EXACT,EXACT,0.0,0.0,false
END_FACE_TRANSITION_WEAK,1107,2111,dev::END_FACE_TRANSITION_WEAK::g1107::m2111,translation,ico_08,frozen_jacobian,RIGHT_CENSORED,RIGHT_CENSORED,,,false
END_FACE_TRANSITION_WEAK,1107,2111,dev::END_FACE_TRANSITION_WEAK::g1107::m2111,translation,ico_08,full_reassociation,EXACT,EXACT,0.0,0.0,false
END_FACE_TRANSITION_WEAK,1107,2111,dev::END_FACE_TRANSITION_WEAK::g1107::m2111,translation,ico_09,frozen_jacobian,RIGHT_CENSORED,RIGHT_CENSORED,,,false
END_FACE_TRANSITION_WEAK,1107,2111,dev::END_FACE_TRANSITION_WEAK::g1107::m2111,translation,ico_09,full_reassociation,EXACT,EXACT,0.0,0.0,false
END_FACE_TRANSITION_WEAK,1107,2111,dev::END_FACE_TRANSITION_WEAK::g1107::m2111,translation,ico_10,frozen_jacobian,RIGHT_CENSORED,RIGHT_CENSORED,,,false
END_FACE_TRANSITION_WEAK,1107,2111,dev::END_FACE_TRANSITION_WEAK::g1107::m2111,translation,ico_10,full_reassociation,EXACT,EXACT,0.0,0.0,false
END_FACE_TRANSITION_WEAK,1107,2111,dev::END_FACE_TRANSITION_WEAK::g1107::m2111,translation,ico_11,frozen_jacobian,RIGHT_CENSORED,RIGHT_CENSORED,,,false
END_FACE_TRANSITION_WEAK,1107,2111,dev::END_FACE_TRANSITION_WEAK::g1107::m2111,translation,ico_11,full_reassociation,EXACT,EXACT,0.0,0.0,false
END_FACE_TRANSITION_WEAK,1107,2111,dev::END_FACE_TRANSITION_WEAK::g1107::m2111,translation,neg_x,frozen_jacobian,RIGHT_CENSORED,RIGHT_CENSORED,,,false
END_FACE_TRANSITION_WEAK,1107,2111,dev::END_FACE_TRANSITION_WEAK::g1107::m2111,translation,neg_x,full_reassociation,EXACT,EXACT,0.0,0.0,false
END_FACE_TRANSITION_WEAK,1107,2111,dev::END_FACE_TRANSITION_WEAK::g1107::m2111,translation,neg_y,frozen_jacobian,RIGHT_CENSORED,RIGHT_CENSORED,,,false
END_FACE_TRANSITION_WEAK,1107,2111,dev::END_FACE_TRANSITION_WEAK::g1107::m2111,translation,neg_y,full_reassociation,EXACT,EXACT,0.0,0.0,false
END_FACE_TRANSITION_WEAK,1107,2111,dev::END_FACE_TRANSITION_WEAK::g1107::m2111,translation,neg_z,frozen_jacobian,RIGHT_CENSORED,RIGHT_CENSORED,,,false
END_FACE_TRANSITION_WEAK,1107,2111,dev::END_FACE_TRANSITION_WEAK::g1107::m2111,translation,neg_z,full_reassociation,EXACT,EXACT,0.0,0.0,false
END_FACE_TRANSITION_WEAK,1107,2111,dev::END_FACE_TRANSITION_WEAK::g1107::m2111,translation,pos_x,frozen_jacobian,RIGHT_CENSORED,RIGHT_CENSORED,,,false
END_FACE_TRANSITION_WEAK,1107,2111,dev::END_FACE_TRANSITION_WEAK::g1107::m2111,translation,pos_x,full_reassociation,EXACT,EXACT,0.0,0.0,false
END_FACE_TRANSITION_WEAK,1107,2111,dev::END_FACE_TRANSITION_WEAK::g1107::m2111,translation,pos_y,frozen_jacobian,RIGHT_CENSORED,RIGHT_CENSORED,,,false
END_FACE_TRANSITION_WEAK,1107,2111,dev::END_FACE_TRANSITION_WEAK::g1107::m2111,translation,pos_y,full_reassociation,EXACT,EXACT,0.0,0.0,false
END_FACE_TRANSITION_WEAK,1107,2111,dev::END_FACE_TRANSITION_WEAK::g1107::m2111,translation,pos_z,frozen_jacobian,RIGHT_CENSORED,RIGHT_CENSORED,,,false
END_FACE_TRANSITION_WEAK,1107,2111,dev::END_FACE_TRANSITION_WEAK::g1107::m2111,translation,pos_z,full_reassociation,EXACT,EXACT,0.0,0.0,false
GEOMETRY_RICH_ROOM,1101,2101,dev::GEOMETRY_RICH_ROOM::g1101::m2101,rotation,ico_00,frozen_jacobian,RIGHT_CENSORED,RIGHT_CENSORED,,,false
GEOMETRY_RICH_ROOM,1101,2101,dev::GEOMETRY_RICH_ROOM::g1101::m2101,rotation,ico_00,full_reassociation,RIGHT_CENSORED,RIGHT_CENSORED,,,false
GEOMETRY_RICH_ROOM,1101,2101,dev::GEOMETRY_RICH_ROOM::g1101::m2101,rotation,ico_01,frozen_jacobian,RIGHT_CENSORED,RIGHT_CENSORED,,,false
GEOMETRY_RICH_ROOM,1101,2101,dev::GEOMETRY_RICH_ROOM::g1101::m2101,rotation,ico_01,full_reassociation,RIGHT_CENSORED,RIGHT_CENSORED,,,false
GEOMETRY_RICH_ROOM,1101,2101,dev::GEOMETRY_RICH_ROOM::g1101::m2101,rotation,ico_02,frozen_jacobian,RIGHT_CENSORED,RIGHT_CENSORED,,,false
GEOMETRY_RICH_ROOM,1101,2101,dev::GEOMETRY_RICH_ROOM::g1101::m2101,rotation,ico_02,full_reassociation,RIGHT_CENSORED,RIGHT_CENSORED,,,false
GEOMETRY_RICH_ROOM,1101,2101,dev::GEOMETRY_RICH_ROOM::g1101::m2101,rotation,ico_03,frozen_jacobian,RIGHT_CENSORED,RIGHT_CENSORED,,,false
GEOMETRY_RICH_ROOM,1101,2101,dev::GEOMETRY_RICH_ROOM::g1101::m2101,rotation,ico_03,full_reassociation,RIGHT_CENSORED,RIGHT_CENSORED,,,false
GEOMETRY_RICH_ROOM,1101,2101,dev::GEOMETRY_RICH_ROOM::g1101::m2101,rotation,ico_04,frozen_jacobian,RIGHT_CENSORED,RIGHT_CENSORED,,,false
GEOMETRY_RICH_ROOM,1101,2101,dev::GEOMETRY_RICH_ROOM::g1101::m2101,rotation,ico_04,full_reassociation,RIGHT_CENSORED,RIGHT_CENSORED,,,false
GEOMETRY_RICH_ROOM,1101,2101,dev::GEOMETRY_RICH_ROOM::g1101::m2101,rotation,ico_05,frozen_jacobian,RIGHT_CENSORED,RIGHT_CENSORED,,,false
GEOMETRY_RICH_ROOM,1101,2101,dev::GEOMETRY_RICH_ROOM::g1101::m2101,rotation,ico_05,full_reassociation,RIGHT_CENSORED,RIGHT_CENSORED,,,false
GEOMETRY_RICH_ROOM,1101,2101,dev::GEOMETRY_RICH_ROOM::g1101::m2101,rotation,ico_06,frozen_jacobian,RIGHT_CENSORED,RIGHT_CENSORED,,,false
GEOMETRY_RICH_ROOM,1101,2101,dev::GEOMETRY_RICH_ROOM::g1101::m2101,rotation,ico_06,full_reassociation,RIGHT_CENSORED,RIGHT_CENSORED,,,false
GEOMETRY_RICH_ROOM,1101,2101,dev::GEOMETRY_RICH_ROOM::g1101::m2101,rotation,ico_07,frozen_jacobian,RIGHT_CENSORED,RIGHT_CENSORED,,,false
GEOMETRY_RICH_ROOM,1101,2101,dev::GEOMETRY_RICH_ROOM::g1101::m2101,rotation,ico_07,full_reassociation,RIGHT_CENSORED,RIGHT_CENSORED,,,false
GEOMETRY_RICH_ROOM,1101,2101,dev::GEOMETRY_RICH_ROOM::g1101::m2101,rotation,ico_08,frozen_jacobian,RIGHT_CENSORED,RIGHT_CENSORED,,,false
GEOMETRY_RICH_ROOM,1101,2101,dev::GEOMETRY_RICH_ROOM::g1101::m2101,rotation,ico_08,full_reassociation,RIGHT_CENSORED,RIGHT_CENSORED,,,false
GEOMETRY_RICH_ROOM,1101,2101,dev::GEOMETRY_RICH_ROOM::g1101::m2101,rotation,ico_09,frozen_jacobian,RIGHT_CENSORED,RIGHT_CENSORED,,,false
GEOMETRY_RICH_ROOM,1101,2101,dev::GEOMETRY_RICH_ROOM::g1101::m2101,rotation,ico_09,full_reassociation,RIGHT_CENSORED,RIGHT_CENSORED,,,false
GEOMETRY_RICH_ROOM,1101,2101,dev::GEOMETRY_RICH_ROOM::g1101::m2101,rotation,ico_10,frozen_jacobian,RIGHT_CENSORED,RIGHT_CENSORED,,,false
GEOMETRY_RICH_ROOM,1101,2101,dev::GEOMETRY_RICH_ROOM::g1101::m2101,rotation,ico_10,full_reassociation,RIGHT_CENSORED,RIGHT_CENSORED,,,false
GEOMETRY_RICH_ROOM,1101,2101,dev::GEOMETRY_RICH_ROOM::g1101::m2101,rotation,ico_11,frozen_jacobian,RIGHT_CENSORED,RIGHT_CENSORED,,,false
GEOMETRY_RICH_ROOM,1101,2101,dev::GEOMETRY_RICH_ROOM::g1101::m2101,rotation,ico_11,full_reassociation,RIGHT_CENSORED,RIGHT_CENSORED,,,false
GEOMETRY_RICH_ROOM,1101,2101,dev::GEOMETRY_RICH_ROOM::g1101::m2101,rotation,neg_x,frozen_jacobian,RIGHT_CENSORED,RIGHT_CENSORED,,,false
GEOMETRY_RICH_ROOM,1101,2101,dev::GEOMETRY_RICH_ROOM::g1101::m2101,rotation,neg_x,full_reassociation,RIGHT_CENSORED,RIGHT_CENSORED,,,false
GEOMETRY_RICH_ROOM,1101,2101,dev::GEOMETRY_RICH_ROOM::g1101::m2101,rotation,neg_y,frozen_jacobian,RIGHT_CENSORED,RIGHT_CENSORED,,,false
GEOMETRY_RICH_ROOM,1101,2101,dev::GEOMETRY_RICH_ROOM::g1101::m2101,rotation,neg_y,full_reassociation,RIGHT_CENSORED,RIGHT_CENSORED,,,false
GEOMETRY_RICH_ROOM,1101,2101,dev::GEOMETRY_RICH_ROOM::g1101::m2101,rotation,neg_z,frozen_jacobian,RIGHT_CENSORED,RIGHT_CENSORED,,,false
GEOMETRY_RICH_ROOM,1101,2101,dev::GEOMETRY_RICH_ROOM::g1101::m2101,rotation,neg_z,full_reassociation,RIGHT_CENSORED,RIGHT_CENSORED,,,false
GEOMETRY_RICH_ROOM,1101,2101,dev::GEOMETRY_RICH_ROOM::g1101::m2101,rotation,pos_x,frozen_jacobian,RIGHT_CENSORED,RIGHT_CENSORED,,,false
GEOMETRY_RICH_ROOM,1101,2101,dev::GEOMETRY_RICH_ROOM::g1101::m2101,rotation,pos_x,full_reassociation,RIGHT_CENSORED,RIGHT_CENSORED,,,false
GEOMETRY_RICH_ROOM,1101,2101,dev::GEOMETRY_RICH_ROOM::g1101::m2101,rotation,pos_y,frozen_jacobian,RIGHT_CENSORED,RIGHT_CENSORED,,,false
GEOMETRY_RICH_ROOM,1101,2101,dev::GEOMETRY_RICH_ROOM::g1101::m2101,rotation,pos_y,full_reassociation,RIGHT_CENSORED,RIGHT_CENSORED,,,false
GEOMETRY_RICH_ROOM,1101,2101,dev::GEOMETRY_RICH_ROOM::g1101::m2101,rotation,pos_z,frozen_jacobian,RIGHT_CENSORED,RIGHT_CENSORED,,,false
GEOMETRY_RICH_ROOM,1101,2101,dev::GEOMETRY_RICH_ROOM::g1101::m2101,rotation,pos_z,full_reassociation,RIGHT_CENSORED,RIGHT_CENSORED,,,false
GEOMETRY_RICH_ROOM,1101,2101,dev::GEOMETRY_RICH_ROOM::g1101::m2101,translation,ico_00,frozen_jacobian,RIGHT_CENSORED,RIGHT_CENSORED,,,false
GEOMETRY_RICH_ROOM,1101,2101,dev::GEOMETRY_RICH_ROOM::g1101::m2101,translation,ico_00,full_reassociation,RIGHT_CENSORED,RIGHT_CENSORED,,,false
GEOMETRY_RICH_ROOM,1101,2101,dev::GEOMETRY_RICH_ROOM::g1101::m2101,translation,ico_01,frozen_jacobian,RIGHT_CENSORED,RIGHT_CENSORED,,,false
GEOMETRY_RICH_ROOM,1101,2101,dev::GEOMETRY_RICH_ROOM::g1101::m2101,translation,ico_01,full_reassociation,RIGHT_CENSORED,RIGHT_CENSORED,,,false
GEOMETRY_RICH_ROOM,1101,2101,dev::GEOMETRY_RICH_ROOM::g1101::m2101,translation,ico_02,frozen_jacobian,RIGHT_CENSORED,RIGHT_CENSORED,,,false
GEOMETRY_RICH_ROOM,1101,2101,dev::GEOMETRY_RICH_ROOM::g1101::m2101,translation,ico_02,full_reassociation,RIGHT_CENSORED,RIGHT_CENSORED,,,false
GEOMETRY_RICH_ROOM,1101,2101,dev::GEOMETRY_RICH_ROOM::g1101::m2101,translation,ico_03,frozen_jacobian,RIGHT_CENSORED,RIGHT_CENSORED,,,false
GEOMETRY_RICH_ROOM,1101,2101,dev::GEOMETRY_RICH_ROOM::g1101::m2101,translation,ico_03,full_reassociation,RIGHT_CENSORED,RIGHT_CENSORED,,,false
GEOMETRY_RICH_ROOM,1101,2101,dev::GEOMETRY_RICH_ROOM::g1101::m2101,translation,ico_04,frozen_jacobian,RIGHT_CENSORED,RIGHT_CENSORED,,,false
GEOMETRY_RICH_ROOM,1101,2101,dev::GEOMETRY_RICH_ROOM::g1101::m2101,translation,ico_04,full_reassociation,RIGHT_CENSORED,RIGHT_CENSORED,,,false
GEOMETRY_RICH_ROOM,1101,2101,dev::GEOMETRY_RICH_ROOM::g1101::m2101,translation,ico_05,frozen_jacobian,RIGHT_CENSORED,RIGHT_CENSORED,,,false
GEOMETRY_RICH_ROOM,1101,2101,dev::GEOMETRY_RICH_ROOM::g1101::m2101,translation,ico_05,full_reassociation,RIGHT_CENSORED,RIGHT_CENSORED,,,false
GEOMETRY_RICH_ROOM,1101,2101,dev::GEOMETRY_RICH_ROOM::g1101::m2101,translation,ico_06,frozen_jacobian,RIGHT_CENSORED,RIGHT_CENSORED,,,false
GEOMETRY_RICH_ROOM,1101,2101,dev::GEOMETRY_RICH_ROOM::g1101::m2101,translation,ico_06,full_reassociation,RIGHT_CENSORED,RIGHT_CENSORED,,,false
GEOMETRY_RICH_ROOM,1101,2101,dev::GEOMETRY_RICH_ROOM::g1101::m2101,translation,ico_07,frozen_jacobian,RIGHT_CENSORED,RIGHT_CENSORED,,,false
GEOMETRY_RICH_ROOM,1101,2101,dev::GEOMETRY_RICH_ROOM::g1101::m2101,translation,ico_07,full_reassociation,RIGHT_CENSORED,RIGHT_CENSORED,,,false
GEOMETRY_RICH_ROOM,1101,2101,dev::GEOMETRY_RICH_ROOM::g1101::m2101,translation,ico_08,frozen_jacobian,RIGHT_CENSORED,RIGHT_CENSORED,,,false
GEOMETRY_RICH_ROOM,1101,2101,dev::GEOMETRY_RICH_ROOM::g1101::m2101,translation,ico_08,full_reassociation,RIGHT_CENSORED,RIGHT_CENSORED,,,false
GEOMETRY_RICH_ROOM,1101,2101,dev::GEOMETRY_RICH_ROOM::g1101::m2101,translation,ico_09,frozen_jacobian,RIGHT_CENSORED,RIGHT_CENSORED,,,false
GEOMETRY_RICH_ROOM,1101,2101,dev::GEOMETRY_RICH_ROOM::g1101::m2101,translation,ico_09,full_reassociation,RIGHT_CENSORED,RIGHT_CENSORED,,,false
GEOMETRY_RICH_ROOM,1101,2101,dev::GEOMETRY_RICH_ROOM::g1101::m2101,translation,ico_10,frozen_jacobian,RIGHT_CENSORED,RIGHT_CENSORED,,,false
GEOMETRY_RICH_ROOM,1101,2101,dev::GEOMETRY_RICH_ROOM::g1101::m2101,translation,ico_10,full_reassociation,RIGHT_CENSORED,RIGHT_CENSORED,,,false
GEOMETRY_RICH_ROOM,1101,2101,dev::GEOMETRY_RICH_ROOM::g1101::m2101,translation,ico_11,frozen_jacobian,RIGHT_CENSORED,RIGHT_CENSORED,,,false
GEOMETRY_RICH_ROOM,1101,2101,dev::GEOMETRY_RICH_ROOM::g1101::m2101,translation,ico_11,full_reassociation,RIGHT_CENSORED,RIGHT_CENSORED,,,false
GEOMETRY_RICH_ROOM,1101,2101,dev::GEOMETRY_RICH_ROOM::g1101::m2101,translation,neg_x,frozen_jacobian,RIGHT_CENSORED,RIGHT_CENSORED,,,false
GEOMETRY_RICH_ROOM,1101,2101,dev::GEOMETRY_RICH_ROOM::g1101::m2101,translation,neg_x,full_reassociation,RIGHT_CENSORED,RIGHT_CENSORED,,,false
GEOMETRY_RICH_ROOM,1101,2101,dev::GEOMETRY_RICH_ROOM::g1101::m2101,translation,neg_y,frozen_jacobian,RIGHT_CENSORED,RIGHT_CENSORED,,,false
GEOMETRY_RICH_ROOM,1101,2101,dev::GEOMETRY_RICH_ROOM::g1101::m2101,translation,neg_y,full_reassociation,RIGHT_CENSORED,RIGHT_CENSORED,,,false
GEOMETRY_RICH_ROOM,1101,2101,dev::GEOMETRY_RICH_ROOM::g1101::m2101,translation,neg_z,frozen_jacobian,RIGHT_CENSORED,RIGHT_CENSORED,,,false
GEOMETRY_RICH_ROOM,1101,2101,dev::GEOMETRY_RICH_ROOM::g1101::m2101,translation,neg_z,full_reassociation,RIGHT_CENSORED,RIGHT_CENSORED,,,false
GEOMETRY_RICH_ROOM,1101,2101,dev::GEOMETRY_RICH_ROOM::g1101::m2101,translation,pos_x,frozen_jacobian,RIGHT_CENSORED,RIGHT_CENSORED,,,false
GEOMETRY_RICH_ROOM,1101,2101,dev::GEOMETRY_RICH_ROOM::g1101::m2101,translation,pos_x,full_reassociation,RIGHT_CENSORED,RIGHT_CENSORED,,,false
GEOMETRY_RICH_ROOM,1101,2101,dev::GEOMETRY_RICH_ROOM::g1101::m2101,translation,pos_y,frozen_jacobian,RIGHT_CENSORED,RIGHT_CENSORED,,,false
GEOMETRY_RICH_ROOM,1101,2101,dev::GEOMETRY_RICH_ROOM::g1101::m2101,translation,pos_y,full_reassociation,RIGHT_CENSORED,RIGHT_CENSORED,,,false
GEOMETRY_RICH_ROOM,1101,2101,dev::GEOMETRY_RICH_ROOM::g1101::m2101,translation,pos_z,frozen_jacobian,RIGHT_CENSORED,RIGHT_CENSORED,,,false
GEOMETRY_RICH_ROOM,1101,2101,dev::GEOMETRY_RICH_ROOM::g1101::m2101,translation,pos_z,full_reassociation,RIGHT_CENSORED,RIGHT_CENSORED,,,false
GEOMETRY_RICH_ROOM,1101,2111,dev::GEOMETRY_RICH_ROOM::g1101::m2111,rotation,ico_00,frozen_jacobian,RIGHT_CENSORED,RIGHT_CENSORED,,,false
GEOMETRY_RICH_ROOM,1101,2111,dev::GEOMETRY_RICH_ROOM::g1101::m2111,rotation,ico_00,full_reassociation,RIGHT_CENSORED,RIGHT_CENSORED,,,false
GEOMETRY_RICH_ROOM,1101,2111,dev::GEOMETRY_RICH_ROOM::g1101::m2111,rotation,ico_01,frozen_jacobian,RIGHT_CENSORED,RIGHT_CENSORED,,,false
GEOMETRY_RICH_ROOM,1101,2111,dev::GEOMETRY_RICH_ROOM::g1101::m2111,rotation,ico_01,full_reassociation,RIGHT_CENSORED,RIGHT_CENSORED,,,false
GEOMETRY_RICH_ROOM,1101,2111,dev::GEOMETRY_RICH_ROOM::g1101::m2111,rotation,ico_02,frozen_jacobian,RIGHT_CENSORED,RIGHT_CENSORED,,,false
GEOMETRY_RICH_ROOM,1101,2111,dev::GEOMETRY_RICH_ROOM::g1101::m2111,rotation,ico_02,full_reassociation,RIGHT_CENSORED,RIGHT_CENSORED,,,false
GEOMETRY_RICH_ROOM,1101,2111,dev::GEOMETRY_RICH_ROOM::g1101::m2111,rotation,ico_03,frozen_jacobian,RIGHT_CENSORED,RIGHT_CENSORED,,,false
GEOMETRY_RICH_ROOM,1101,2111,dev::GEOMETRY_RICH_ROOM::g1101::m2111,rotation,ico_03,full_reassociation,RIGHT_CENSORED,RIGHT_CENSORED,,,false
GEOMETRY_RICH_ROOM,1101,2111,dev::GEOMETRY_RICH_ROOM::g1101::m2111,rotation,ico_04,frozen_jacobian,RIGHT_CENSORED,RIGHT_CENSORED,,,false
GEOMETRY_RICH_ROOM,1101,2111,dev::GEOMETRY_RICH_ROOM::g1101::m2111,rotation,ico_04,full_reassociation,RIGHT_CENSORED,RIGHT_CENSORED,,,false
GEOMETRY_RICH_ROOM,1101,2111,dev::GEOMETRY_RICH_ROOM::g1101::m2111,rotation,ico_05,frozen_jacobian,RIGHT_CENSORED,RIGHT_CENSORED,,,false
GEOMETRY_RICH_ROOM,1101,2111,dev::GEOMETRY_RICH_ROOM::g1101::m2111,rotation,ico_05,full_reassociation,RIGHT_CENSORED,RIGHT_CENSORED,,,false
GEOMETRY_RICH_ROOM,1101,2111,dev::GEOMETRY_RICH_ROOM::g1101::m2111,rotation,ico_06,frozen_jacobian,RIGHT_CENSORED,RIGHT_CENSORED,,,false
GEOMETRY_RICH_ROOM,1101,2111,dev::GEOMETRY_RICH_ROOM::g1101::m2111,rotation,ico_06,full_reassociation,RIGHT_CENSORED,RIGHT_CENSORED,,,false
GEOMETRY_RICH_ROOM,1101,2111,dev::GEOMETRY_RICH_ROOM::g1101::m2111,rotation,ico_07,frozen_jacobian,RIGHT_CENSORED,RIGHT_CENSORED,,,false
GEOMETRY_RICH_ROOM,1101,2111,dev::GEOMETRY_RICH_ROOM::g1101::m2111,rotation,ico_07,full_reassociation,RIGHT_CENSORED,RIGHT_CENSORED,,,false
GEOMETRY_RICH_ROOM,1101,2111,dev::GEOMETRY_RICH_ROOM::g1101::m2111,rotation,ico_08,frozen_jacobian,RIGHT_CENSORED,RIGHT_CENSORED,,,false
GEOMETRY_RICH_ROOM,1101,2111,dev::GEOMETRY_RICH_ROOM::g1101::m2111,rotation,ico_08,full_reassociation,RIGHT_CENSORED,RIGHT_CENSORED,,,false
GEOMETRY_RICH_ROOM,1101,2111,dev::GEOMETRY_RICH_ROOM::g1101::m2111,rotation,ico_09,frozen_jacobian,RIGHT_CENSORED,RIGHT_CENSORED,,,false
GEOMETRY_RICH_ROOM,1101,2111,dev::GEOMETRY_RICH_ROOM::g1101::m2111,rotation,ico_09,full_reassociation,RIGHT_CENSORED,RIGHT_CENSORED,,,false
GEOMETRY_RICH_ROOM,1101,2111,dev::GEOMETRY_RICH_ROOM::g1101::m2111,rotation,ico_10,frozen_jacobian,RIGHT_CENSORED,RIGHT_CENSORED,,,false
GEOMETRY_RICH_ROOM,1101,2111,dev::GEOMETRY_RICH_ROOM::g1101::m2111,rotation,ico_10,full_reassociation,RIGHT_CENSORED,RIGHT_CENSORED,,,false
GEOMETRY_RICH_ROOM,1101,2111,dev::GEOMETRY_RICH_ROOM::g1101::m2111,rotation,ico_11,frozen_jacobian,RIGHT_CENSORED,RIGHT_CENSORED,,,false
GEOMETRY_RICH_ROOM,1101,2111,dev::GEOMETRY_RICH_ROOM::g1101::m2111,rotation,ico_11,full_reassociation,RIGHT_CENSORED,RIGHT_CENSORED,,,false
GEOMETRY_RICH_ROOM,1101,2111,dev::GEOMETRY_RICH_ROOM::g1101::m2111,rotation,neg_x,frozen_jacobian,RIGHT_CENSORED,RIGHT_CENSORED,,,false
GEOMETRY_RICH_ROOM,1101,2111,dev::GEOMETRY_RICH_ROOM::g1101::m2111,rotation,neg_x,full_reassociation,RIGHT_CENSORED,RIGHT_CENSORED,,,false
GEOMETRY_RICH_ROOM,1101,2111,dev::GEOMETRY_RICH_ROOM::g1101::m2111,rotation,neg_y,frozen_jacobian,RIGHT_CENSORED,RIGHT_CENSORED,,,false
GEOMETRY_RICH_ROOM,1101,2111,dev::GEOMETRY_RICH_ROOM::g1101::m2111,rotation,neg_y,full_reassociation,RIGHT_CENSORED,RIGHT_CENSORED,,,false
GEOMETRY_RICH_ROOM,1101,2111,dev::GEOMETRY_RICH_ROOM::g1101::m2111,rotation,neg_z,frozen_jacobian,RIGHT_CENSORED,RIGHT_CENSORED,,,false
GEOMETRY_RICH_ROOM,1101,2111,dev::GEOMETRY_RICH_ROOM::g1101::m2111,rotation,neg_z,full_reassociation,RIGHT_CENSORED,RIGHT_CENSORED,,,false
GEOMETRY_RICH_ROOM,1101,2111,dev::GEOMETRY_RICH_ROOM::g1101::m2111,rotation,pos_x,frozen_jacobian,RIGHT_CENSORED,RIGHT_CENSORED,,,false
GEOMETRY_RICH_ROOM,1101,2111,dev::GEOMETRY_RICH_ROOM::g1101::m2111,rotation,pos_x,full_reassociation,RIGHT_CENSORED,RIGHT_CENSORED,,,false
GEOMETRY_RICH_ROOM,1101,2111,dev::GEOMETRY_RICH_ROOM::g1101::m2111,rotation,pos_y,frozen_jacobian,RIGHT_CENSORED,RIGHT_CENSORED,,,false
GEOMETRY_RICH_ROOM,1101,2111,dev::GEOMETRY_RICH_ROOM::g1101::m2111,rotation,pos_y,full_reassociation,RIGHT_CENSORED,RIGHT_CENSORED,,,false
GEOMETRY_RICH_ROOM,1101,2111,dev::GEOMETRY_RICH_ROOM::g1101::m2111,rotation,pos_z,frozen_jacobian,RIGHT_CENSORED,RIGHT_CENSORED,,,false
GEOMETRY_RICH_ROOM,1101,2111,dev::GEOMETRY_RICH_ROOM::g1101::m2111,rotation,pos_z,full_reassociation,RIGHT_CENSORED,RIGHT_CENSORED,,,false
GEOMETRY_RICH_ROOM,1101,2111,dev::GEOMETRY_RICH_ROOM::g1101::m2111,translation,ico_00,frozen_jacobian,RIGHT_CENSORED,RIGHT_CENSORED,,,false
GEOMETRY_RICH_ROOM,1101,2111,dev::GEOMETRY_RICH_ROOM::g1101::m2111,translation,ico_00,full_reassociation,RIGHT_CENSORED,RIGHT_CENSORED,,,false
GEOMETRY_RICH_ROOM,1101,2111,dev::GEOMETRY_RICH_ROOM::g1101::m2111,translation,ico_01,frozen_jacobian,RIGHT_CENSORED,RIGHT_CENSORED,,,false
GEOMETRY_RICH_ROOM,1101,2111,dev::GEOMETRY_RICH_ROOM::g1101::m2111,translation,ico_01,full_reassociation,RIGHT_CENSORED,RIGHT_CENSORED,,,false
GEOMETRY_RICH_ROOM,1101,2111,dev::GEOMETRY_RICH_ROOM::g1101::m2111,translation,ico_02,frozen_jacobian,RIGHT_CENSORED,RIGHT_CENSORED,,,false
GEOMETRY_RICH_ROOM,1101,2111,dev::GEOMETRY_RICH_ROOM::g1101::m2111,translation,ico_02,full_reassociation,RIGHT_CENSORED,RIGHT_CENSORED,,,false
GEOMETRY_RICH_ROOM,1101,2111,dev::GEOMETRY_RICH_ROOM::g1101::m2111,translation,ico_03,frozen_jacobian,RIGHT_CENSORED,RIGHT_CENSORED,,,false
GEOMETRY_RICH_ROOM,1101,2111,dev::GEOMETRY_RICH_ROOM::g1101::m2111,translation,ico_03,full_reassociation,RIGHT_CENSORED,RIGHT_CENSORED,,,false
GEOMETRY_RICH_ROOM,1101,2111,dev::GEOMETRY_RICH_ROOM::g1101::m2111,translation,ico_04,frozen_jacobian,RIGHT_CENSORED,RIGHT_CENSORED,,,false
GEOMETRY_RICH_ROOM,1101,2111,dev::GEOMETRY_RICH_ROOM::g1101::m2111,translation,ico_04,full_reassociation,RIGHT_CENSORED,RIGHT_CENSORED,,,false
GEOMETRY_RICH_ROOM,1101,2111,dev::GEOMETRY_RICH_ROOM::g1101::m2111,translation,ico_05,frozen_jacobian,RIGHT_CENSORED,RIGHT_CENSORED,,,false
GEOMETRY_RICH_ROOM,1101,2111,dev::GEOMETRY_RICH_ROOM::g1101::m2111,translation,ico_05,full_reassociation,RIGHT_CENSORED,RIGHT_CENSORED,,,false
GEOMETRY_RICH_ROOM,1101,2111,dev::GEOMETRY_RICH_ROOM::g1101::m2111,translation,ico_06,frozen_jacobian,RIGHT_CENSORED,RIGHT_CENSORED,,,false
GEOMETRY_RICH_ROOM,1101,2111,dev::GEOMETRY_RICH_ROOM::g1101::m2111,translation,ico_06,full_reassociation,RIGHT_CENSORED,RIGHT_CENSORED,,,false
GEOMETRY_RICH_ROOM,1101,2111,dev::GEOMETRY_RICH_ROOM::g1101::m2111,translation,ico_07,frozen_jacobian,RIGHT_CENSORED,RIGHT_CENSORED,,,false
GEOMETRY_RICH_ROOM,1101,2111,dev::GEOMETRY_RICH_ROOM::g1101::m2111,translation,ico_07,full_reassociation,RIGHT_CENSORED,RIGHT_CENSORED,,,false
GEOMETRY_RICH_ROOM,1101,2111,dev::GEOMETRY_RICH_ROOM::g1101::m2111,translation,ico_08,frozen_jacobian,RIGHT_CENSORED,RIGHT_CENSORED,,,false
GEOMETRY_RICH_ROOM,1101,2111,dev::GEOMETRY_RICH_ROOM::g1101::m2111,translation,ico_08,full_reassociation,RIGHT_CENSORED,RIGHT_CENSORED,,,false
GEOMETRY_RICH_ROOM,1101,2111,dev::GEOMETRY_RICH_ROOM::g1101::m2111,translation,ico_09,frozen_jacobian,RIGHT_CENSORED,RIGHT_CENSORED,,,false
GEOMETRY_RICH_ROOM,1101,2111,dev::GEOMETRY_RICH_ROOM::g1101::m2111,translation,ico_09,full_reassociation,RIGHT_CENSORED,RIGHT_CENSORED,,,false
GEOMETRY_RICH_ROOM,1101,2111,dev::GEOMETRY_RICH_ROOM::g1101::m2111,translation,ico_10,frozen_jacobian,RIGHT_CENSORED,RIGHT_CENSORED,,,false
GEOMETRY_RICH_ROOM,1101,2111,dev::GEOMETRY_RICH_ROOM::g1101::m2111,translation,ico_10,full_reassociation,RIGHT_CENSORED,RIGHT_CENSORED,,,false
GEOMETRY_RICH_ROOM,1101,2111,dev::GEOMETRY_RICH_ROOM::g1101::m2111,translation,ico_11,frozen_jacobian,RIGHT_CENSORED,RIGHT_CENSORED,,,false
GEOMETRY_RICH_ROOM,1101,2111,dev::GEOMETRY_RICH_ROOM::g1101::m2111,translation,ico_11,full_reassociation,RIGHT_CENSORED,RIGHT_CENSORED,,,false
GEOMETRY_RICH_ROOM,1101,2111,dev::GEOMETRY_RICH_ROOM::g1101::m2111,translation,neg_x,frozen_jacobian,RIGHT_CENSORED,RIGHT_CENSORED,,,false
GEOMETRY_RICH_ROOM,1101,2111,dev::GEOMETRY_RICH_ROOM::g1101::m2111,translation,neg_x,full_reassociation,RIGHT_CENSORED,RIGHT_CENSORED,,,false
GEOMETRY_RICH_ROOM,1101,2111,dev::GEOMETRY_RICH_ROOM::g1101::m2111,translation,neg_y,frozen_jacobian,RIGHT_CENSORED,RIGHT_CENSORED,,,false
GEOMETRY_RICH_ROOM,1101,2111,dev::GEOMETRY_RICH_ROOM::g1101::m2111,translation,neg_y,full_reassociation,RIGHT_CENSORED,RIGHT_CENSORED,,,false
GEOMETRY_RICH_ROOM,1101,2111,dev::GEOMETRY_RICH_ROOM::g1101::m2111,translation,neg_z,frozen_jacobian,RIGHT_CENSORED,RIGHT_CENSORED,,,false
GEOMETRY_RICH_ROOM,1101,2111,dev::GEOMETRY_RICH_ROOM::g1101::m2111,translation,neg_z,full_reassociation,RIGHT_CENSORED,RIGHT_CENSORED,,,false
GEOMETRY_RICH_ROOM,1101,2111,dev::GEOMETRY_RICH_ROOM::g1101::m2111,translation,pos_x,frozen_jacobian,RIGHT_CENSORED,RIGHT_CENSORED,,,false
GEOMETRY_RICH_ROOM,1101,2111,dev::GEOMETRY_RICH_ROOM::g1101::m2111,translation,pos_x,full_reassociation,RIGHT_CENSORED,RIGHT_CENSORED,,,false
GEOMETRY_RICH_ROOM,1101,2111,dev::GEOMETRY_RICH_ROOM::g1101::m2111,translation,pos_y,frozen_jacobian,RIGHT_CENSORED,RIGHT_CENSORED,,,false
GEOMETRY_RICH_ROOM,1101,2111,dev::GEOMETRY_RICH_ROOM::g1101::m2111,translation,pos_y,full_reassociation,RIGHT_CENSORED,RIGHT_CENSORED,,,false
GEOMETRY_RICH_ROOM,1101,2111,dev::GEOMETRY_RICH_ROOM::g1101::m2111,translation,pos_z,frozen_jacobian,RIGHT_CENSORED,RIGHT_CENSORED,,,false
GEOMETRY_RICH_ROOM,1101,2111,dev::GEOMETRY_RICH_ROOM::g1101::m2111,translation,pos_z,full_reassociation,RIGHT_CENSORED,RIGHT_CENSORED,,,false
GEOMETRY_RICH_ROOM,1103,2101,dev::GEOMETRY_RICH_ROOM::g1103::m2101,rotation,ico_00,frozen_jacobian,RIGHT_CENSORED,RIGHT_CENSORED,,,false
GEOMETRY_RICH_ROOM,1103,2101,dev::GEOMETRY_RICH_ROOM::g1103::m2101,rotation,ico_00,full_reassociation,RIGHT_CENSORED,RIGHT_CENSORED,,,false
GEOMETRY_RICH_ROOM,1103,2101,dev::GEOMETRY_RICH_ROOM::g1103::m2101,rotation,ico_01,frozen_jacobian,RIGHT_CENSORED,RIGHT_CENSORED,,,false
GEOMETRY_RICH_ROOM,1103,2101,dev::GEOMETRY_RICH_ROOM::g1103::m2101,rotation,ico_01,full_reassociation,RIGHT_CENSORED,RIGHT_CENSORED,,,false
GEOMETRY_RICH_ROOM,1103,2101,dev::GEOMETRY_RICH_ROOM::g1103::m2101,rotation,ico_02,frozen_jacobian,RIGHT_CENSORED,RIGHT_CENSORED,,,false
GEOMETRY_RICH_ROOM,1103,2101,dev::GEOMETRY_RICH_ROOM::g1103::m2101,rotation,ico_02,full_reassociation,RIGHT_CENSORED,RIGHT_CENSORED,,,false
GEOMETRY_RICH_ROOM,1103,2101,dev::GEOMETRY_RICH_ROOM::g1103::m2101,rotation,ico_03,frozen_jacobian,RIGHT_CENSORED,RIGHT_CENSORED,,,false
GEOMETRY_RICH_ROOM,1103,2101,dev::GEOMETRY_RICH_ROOM::g1103::m2101,rotation,ico_03,full_reassociation,RIGHT_CENSORED,RIGHT_CENSORED,,,false
GEOMETRY_RICH_ROOM,1103,2101,dev::GEOMETRY_RICH_ROOM::g1103::m2101,rotation,ico_04,frozen_jacobian,RIGHT_CENSORED,RIGHT_CENSORED,,,false
GEOMETRY_RICH_ROOM,1103,2101,dev::GEOMETRY_RICH_ROOM::g1103::m2101,rotation,ico_04,full_reassociation,RIGHT_CENSORED,RIGHT_CENSORED,,,false
GEOMETRY_RICH_ROOM,1103,2101,dev::GEOMETRY_RICH_ROOM::g1103::m2101,rotation,ico_05,frozen_jacobian,RIGHT_CENSORED,RIGHT_CENSORED,,,false
GEOMETRY_RICH_ROOM,1103,2101,dev::GEOMETRY_RICH_ROOM::g1103::m2101,rotation,ico_05,full_reassociation,RIGHT_CENSORED,RIGHT_CENSORED,,,false
GEOMETRY_RICH_ROOM,1103,2101,dev::GEOMETRY_RICH_ROOM::g1103::m2101,rotation,ico_06,frozen_jacobian,RIGHT_CENSORED,RIGHT_CENSORED,,,false
GEOMETRY_RICH_ROOM,1103,2101,dev::GEOMETRY_RICH_ROOM::g1103::m2101,rotation,ico_06,full_reassociation,RIGHT_CENSORED,RIGHT_CENSORED,,,false
GEOMETRY_RICH_ROOM,1103,2101,dev::GEOMETRY_RICH_ROOM::g1103::m2101,rotation,ico_07,frozen_jacobian,RIGHT_CENSORED,RIGHT_CENSORED,,,false
GEOMETRY_RICH_ROOM,1103,2101,dev::GEOMETRY_RICH_ROOM::g1103::m2101,rotation,ico_07,full_reassociation,RIGHT_CENSORED,RIGHT_CENSORED,,,false
GEOMETRY_RICH_ROOM,1103,2101,dev::GEOMETRY_RICH_ROOM::g1103::m2101,rotation,ico_08,frozen_jacobian,RIGHT_CENSORED,RIGHT_CENSORED,,,false
GEOMETRY_RICH_ROOM,1103,2101,dev::GEOMETRY_RICH_ROOM::g1103::m2101,rotation,ico_08,full_reassociation,RIGHT_CENSORED,RIGHT_CENSORED,,,false
GEOMETRY_RICH_ROOM,1103,2101,dev::GEOMETRY_RICH_ROOM::g1103::m2101,rotation,ico_09,frozen_jacobian,RIGHT_CENSORED,RIGHT_CENSORED,,,false
GEOMETRY_RICH_ROOM,1103,2101,dev::GEOMETRY_RICH_ROOM::g1103::m2101,rotation,ico_09,full_reassociation,RIGHT_CENSORED,RIGHT_CENSORED,,,false
GEOMETRY_RICH_ROOM,1103,2101,dev::GEOMETRY_RICH_ROOM::g1103::m2101,rotation,ico_10,frozen_jacobian,RIGHT_CENSORED,RIGHT_CENSORED,,,false
GEOMETRY_RICH_ROOM,1103,2101,dev::GEOMETRY_RICH_ROOM::g1103::m2101,rotation,ico_10,full_reassociation,RIGHT_CENSORED,RIGHT_CENSORED,,,false
GEOMETRY_RICH_ROOM,1103,2101,dev::GEOMETRY_RICH_ROOM::g1103::m2101,rotation,ico_11,frozen_jacobian,RIGHT_CENSORED,RIGHT_CENSORED,,,false
GEOMETRY_RICH_ROOM,1103,2101,dev::GEOMETRY_RICH_ROOM::g1103::m2101,rotation,ico_11,full_reassociation,RIGHT_CENSORED,RIGHT_CENSORED,,,false
GEOMETRY_RICH_ROOM,1103,2101,dev::GEOMETRY_RICH_ROOM::g1103::m2101,rotation,neg_x,frozen_jacobian,RIGHT_CENSORED,RIGHT_CENSORED,,,false
GEOMETRY_RICH_ROOM,1103,2101,dev::GEOMETRY_RICH_ROOM::g1103::m2101,rotation,neg_x,full_reassociation,RIGHT_CENSORED,RIGHT_CENSORED,,,false
GEOMETRY_RICH_ROOM,1103,2101,dev::GEOMETRY_RICH_ROOM::g1103::m2101,rotation,neg_y,frozen_jacobian,RIGHT_CENSORED,RIGHT_CENSORED,,,false
GEOMETRY_RICH_ROOM,1103,2101,dev::GEOMETRY_RICH_ROOM::g1103::m2101,rotation,neg_y,full_reassociation,RIGHT_CENSORED,RIGHT_CENSORED,,,false
GEOMETRY_RICH_ROOM,1103,2101,dev::GEOMETRY_RICH_ROOM::g1103::m2101,rotation,neg_z,frozen_jacobian,RIGHT_CENSORED,RIGHT_CENSORED,,,false
GEOMETRY_RICH_ROOM,1103,2101,dev::GEOMETRY_RICH_ROOM::g1103::m2101,rotation,neg_z,full_reassociation,RIGHT_CENSORED,RIGHT_CENSORED,,,false
GEOMETRY_RICH_ROOM,1103,2101,dev::GEOMETRY_RICH_ROOM::g1103::m2101,rotation,pos_x,frozen_jacobian,RIGHT_CENSORED,RIGHT_CENSORED,,,false
GEOMETRY_RICH_ROOM,1103,2101,dev::GEOMETRY_RICH_ROOM::g1103::m2101,rotation,pos_x,full_reassociation,RIGHT_CENSORED,RIGHT_CENSORED,,,false
GEOMETRY_RICH_ROOM,1103,2101,dev::GEOMETRY_RICH_ROOM::g1103::m2101,rotation,pos_y,frozen_jacobian,RIGHT_CENSORED,RIGHT_CENSORED,,,false
GEOMETRY_RICH_ROOM,1103,2101,dev::GEOMETRY_RICH_ROOM::g1103::m2101,rotation,pos_y,full_reassociation,RIGHT_CENSORED,RIGHT_CENSORED,,,false
GEOMETRY_RICH_ROOM,1103,2101,dev::GEOMETRY_RICH_ROOM::g1103::m2101,rotation,pos_z,frozen_jacobian,RIGHT_CENSORED,RIGHT_CENSORED,,,false
GEOMETRY_RICH_ROOM,1103,2101,dev::GEOMETRY_RICH_ROOM::g1103::m2101,rotation,pos_z,full_reassociation,RIGHT_CENSORED,RIGHT_CENSORED,,,false
GEOMETRY_RICH_ROOM,1103,2101,dev::GEOMETRY_RICH_ROOM::g1103::m2101,translation,ico_00,frozen_jacobian,RIGHT_CENSORED,RIGHT_CENSORED,,,false
GEOMETRY_RICH_ROOM,1103,2101,dev::GEOMETRY_RICH_ROOM::g1103::m2101,translation,ico_00,full_reassociation,RIGHT_CENSORED,RIGHT_CENSORED,,,false
GEOMETRY_RICH_ROOM,1103,2101,dev::GEOMETRY_RICH_ROOM::g1103::m2101,translation,ico_01,frozen_jacobian,RIGHT_CENSORED,RIGHT_CENSORED,,,false
GEOMETRY_RICH_ROOM,1103,2101,dev::GEOMETRY_RICH_ROOM::g1103::m2101,translation,ico_01,full_reassociation,RIGHT_CENSORED,RIGHT_CENSORED,,,false
GEOMETRY_RICH_ROOM,1103,2101,dev::GEOMETRY_RICH_ROOM::g1103::m2101,translation,ico_02,frozen_jacobian,RIGHT_CENSORED,RIGHT_CENSORED,,,false
GEOMETRY_RICH_ROOM,1103,2101,dev::GEOMETRY_RICH_ROOM::g1103::m2101,translation,ico_02,full_reassociation,RIGHT_CENSORED,RIGHT_CENSORED,,,false
GEOMETRY_RICH_ROOM,1103,2101,dev::GEOMETRY_RICH_ROOM::g1103::m2101,translation,ico_03,frozen_jacobian,RIGHT_CENSORED,RIGHT_CENSORED,,,false
GEOMETRY_RICH_ROOM,1103,2101,dev::GEOMETRY_RICH_ROOM::g1103::m2101,translation,ico_03,full_reassociation,RIGHT_CENSORED,RIGHT_CENSORED,,,false
GEOMETRY_RICH_ROOM,1103,2101,dev::GEOMETRY_RICH_ROOM::g1103::m2101,translation,ico_04,frozen_jacobian,RIGHT_CENSORED,RIGHT_CENSORED,,,false
GEOMETRY_RICH_ROOM,1103,2101,dev::GEOMETRY_RICH_ROOM::g1103::m2101,translation,ico_04,full_reassociation,RIGHT_CENSORED,RIGHT_CENSORED,,,false
GEOMETRY_RICH_ROOM,1103,2101,dev::GEOMETRY_RICH_ROOM::g1103::m2101,translation,ico_05,frozen_jacobian,RIGHT_CENSORED,RIGHT_CENSORED,,,false
GEOMETRY_RICH_ROOM,1103,2101,dev::GEOMETRY_RICH_ROOM::g1103::m2101,translation,ico_05,full_reassociation,RIGHT_CENSORED,RIGHT_CENSORED,,,false
GEOMETRY_RICH_ROOM,1103,2101,dev::GEOMETRY_RICH_ROOM::g1103::m2101,translation,ico_06,frozen_jacobian,RIGHT_CENSORED,RIGHT_CENSORED,,,false
GEOMETRY_RICH_ROOM,1103,2101,dev::GEOMETRY_RICH_ROOM::g1103::m2101,translation,ico_06,full_reassociation,RIGHT_CENSORED,RIGHT_CENSORED,,,false
GEOMETRY_RICH_ROOM,1103,2101,dev::GEOMETRY_RICH_ROOM::g1103::m2101,translation,ico_07,frozen_jacobian,RIGHT_CENSORED,RIGHT_CENSORED,,,false
GEOMETRY_RICH_ROOM,1103,2101,dev::GEOMETRY_RICH_ROOM::g1103::m2101,translation,ico_07,full_reassociation,RIGHT_CENSORED,RIGHT_CENSORED,,,false
GEOMETRY_RICH_ROOM,1103,2101,dev::GEOMETRY_RICH_ROOM::g1103::m2101,translation,ico_08,frozen_jacobian,RIGHT_CENSORED,RIGHT_CENSORED,,,false
GEOMETRY_RICH_ROOM,1103,2101,dev::GEOMETRY_RICH_ROOM::g1103::m2101,translation,ico_08,full_reassociation,RIGHT_CENSORED,RIGHT_CENSORED,,,false
GEOMETRY_RICH_ROOM,1103,2101,dev::GEOMETRY_RICH_ROOM::g1103::m2101,translation,ico_09,frozen_jacobian,RIGHT_CENSORED,RIGHT_CENSORED,,,false
GEOMETRY_RICH_ROOM,1103,2101,dev::GEOMETRY_RICH_ROOM::g1103::m2101,translation,ico_09,full_reassociation,RIGHT_CENSORED,RIGHT_CENSORED,,,false
GEOMETRY_RICH_ROOM,1103,2101,dev::GEOMETRY_RICH_ROOM::g1103::m2101,translation,ico_10,frozen_jacobian,RIGHT_CENSORED,RIGHT_CENSORED,,,false
GEOMETRY_RICH_ROOM,1103,2101,dev::GEOMETRY_RICH_ROOM::g1103::m2101,translation,ico_10,full_reassociation,RIGHT_CENSORED,RIGHT_CENSORED,,,false
GEOMETRY_RICH_ROOM,1103,2101,dev::GEOMETRY_RICH_ROOM::g1103::m2101,translation,ico_11,frozen_jacobian,RIGHT_CENSORED,RIGHT_CENSORED,,,false
GEOMETRY_RICH_ROOM,1103,2101,dev::GEOMETRY_RICH_ROOM::g1103::m2101,translation,ico_11,full_reassociation,RIGHT_CENSORED,RIGHT_CENSORED,,,false
GEOMETRY_RICH_ROOM,1103,2101,dev::GEOMETRY_RICH_ROOM::g1103::m2101,translation,neg_x,frozen_jacobian,RIGHT_CENSORED,RIGHT_CENSORED,,,false
GEOMETRY_RICH_ROOM,1103,2101,dev::GEOMETRY_RICH_ROOM::g1103::m2101,translation,neg_x,full_reassociation,RIGHT_CENSORED,RIGHT_CENSORED,,,false
GEOMETRY_RICH_ROOM,1103,2101,dev::GEOMETRY_RICH_ROOM::g1103::m2101,translation,neg_y,frozen_jacobian,RIGHT_CENSORED,RIGHT_CENSORED,,,false
GEOMETRY_RICH_ROOM,1103,2101,dev::GEOMETRY_RICH_ROOM::g1103::m2101,translation,neg_y,full_reassociation,RIGHT_CENSORED,RIGHT_CENSORED,,,false
GEOMETRY_RICH_ROOM,1103,2101,dev::GEOMETRY_RICH_ROOM::g1103::m2101,translation,neg_z,frozen_jacobian,RIGHT_CENSORED,RIGHT_CENSORED,,,false
GEOMETRY_RICH_ROOM,1103,2101,dev::GEOMETRY_RICH_ROOM::g1103::m2101,translation,neg_z,full_reassociation,RIGHT_CENSORED,RIGHT_CENSORED,,,false
GEOMETRY_RICH_ROOM,1103,2101,dev::GEOMETRY_RICH_ROOM::g1103::m2101,translation,pos_x,frozen_jacobian,RIGHT_CENSORED,RIGHT_CENSORED,,,false
GEOMETRY_RICH_ROOM,1103,2101,dev::GEOMETRY_RICH_ROOM::g1103::m2101,translation,pos_x,full_reassociation,RIGHT_CENSORED,RIGHT_CENSORED,,,false
GEOMETRY_RICH_ROOM,1103,2101,dev::GEOMETRY_RICH_ROOM::g1103::m2101,translation,pos_y,frozen_jacobian,RIGHT_CENSORED,RIGHT_CENSORED,,,false
GEOMETRY_RICH_ROOM,1103,2101,dev::GEOMETRY_RICH_ROOM::g1103::m2101,translation,pos_y,full_reassociation,RIGHT_CENSORED,RIGHT_CENSORED,,,false
GEOMETRY_RICH_ROOM,1103,2101,dev::GEOMETRY_RICH_ROOM::g1103::m2101,translation,pos_z,frozen_jacobian,RIGHT_CENSORED,RIGHT_CENSORED,,,false
GEOMETRY_RICH_ROOM,1103,2101,dev::GEOMETRY_RICH_ROOM::g1103::m2101,translation,pos_z,full_reassociation,RIGHT_CENSORED,RIGHT_CENSORED,,,false
GEOMETRY_RICH_ROOM,1103,2111,dev::GEOMETRY_RICH_ROOM::g1103::m2111,rotation,ico_00,frozen_jacobian,RIGHT_CENSORED,RIGHT_CENSORED,,,false
GEOMETRY_RICH_ROOM,1103,2111,dev::GEOMETRY_RICH_ROOM::g1103::m2111,rotation,ico_00,full_reassociation,RIGHT_CENSORED,RIGHT_CENSORED,,,false
GEOMETRY_RICH_ROOM,1103,2111,dev::GEOMETRY_RICH_ROOM::g1103::m2111,rotation,ico_01,frozen_jacobian,RIGHT_CENSORED,RIGHT_CENSORED,,,false
GEOMETRY_RICH_ROOM,1103,2111,dev::GEOMETRY_RICH_ROOM::g1103::m2111,rotation,ico_01,full_reassociation,RIGHT_CENSORED,RIGHT_CENSORED,,,false
GEOMETRY_RICH_ROOM,1103,2111,dev::GEOMETRY_RICH_ROOM::g1103::m2111,rotation,ico_02,frozen_jacobian,RIGHT_CENSORED,RIGHT_CENSORED,,,false
GEOMETRY_RICH_ROOM,1103,2111,dev::GEOMETRY_RICH_ROOM::g1103::m2111,rotation,ico_02,full_reassociation,RIGHT_CENSORED,RIGHT_CENSORED,,,false
GEOMETRY_RICH_ROOM,1103,2111,dev::GEOMETRY_RICH_ROOM::g1103::m2111,rotation,ico_03,frozen_jacobian,RIGHT_CENSORED,RIGHT_CENSORED,,,false
GEOMETRY_RICH_ROOM,1103,2111,dev::GEOMETRY_RICH_ROOM::g1103::m2111,rotation,ico_03,full_reassociation,RIGHT_CENSORED,RIGHT_CENSORED,,,false
GEOMETRY_RICH_ROOM,1103,2111,dev::GEOMETRY_RICH_ROOM::g1103::m2111,rotation,ico_04,frozen_jacobian,RIGHT_CENSORED,RIGHT_CENSORED,,,false
GEOMETRY_RICH_ROOM,1103,2111,dev::GEOMETRY_RICH_ROOM::g1103::m2111,rotation,ico_04,full_reassociation,RIGHT_CENSORED,RIGHT_CENSORED,,,false
GEOMETRY_RICH_ROOM,1103,2111,dev::GEOMETRY_RICH_ROOM::g1103::m2111,rotation,ico_05,frozen_jacobian,RIGHT_CENSORED,RIGHT_CENSORED,,,false
GEOMETRY_RICH_ROOM,1103,2111,dev::GEOMETRY_RICH_ROOM::g1103::m2111,rotation,ico_05,full_reassociation,RIGHT_CENSORED,RIGHT_CENSORED,,,false
GEOMETRY_RICH_ROOM,1103,2111,dev::GEOMETRY_RICH_ROOM::g1103::m2111,rotation,ico_06,frozen_jacobian,RIGHT_CENSORED,RIGHT_CENSORED,,,false
GEOMETRY_RICH_ROOM,1103,2111,dev::GEOMETRY_RICH_ROOM::g1103::m2111,rotation,ico_06,full_reassociation,RIGHT_CENSORED,RIGHT_CENSORED,,,false
GEOMETRY_RICH_ROOM,1103,2111,dev::GEOMETRY_RICH_ROOM::g1103::m2111,rotation,ico_07,frozen_jacobian,RIGHT_CENSORED,RIGHT_CENSORED,,,false
GEOMETRY_RICH_ROOM,1103,2111,dev::GEOMETRY_RICH_ROOM::g1103::m2111,rotation,ico_07,full_reassociation,RIGHT_CENSORED,RIGHT_CENSORED,,,false
GEOMETRY_RICH_ROOM,1103,2111,dev::GEOMETRY_RICH_ROOM::g1103::m2111,rotation,ico_08,frozen_jacobian,RIGHT_CENSORED,RIGHT_CENSORED,,,false
GEOMETRY_RICH_ROOM,1103,2111,dev::GEOMETRY_RICH_ROOM::g1103::m2111,rotation,ico_08,full_reassociation,RIGHT_CENSORED,RIGHT_CENSORED,,,false
GEOMETRY_RICH_ROOM,1103,2111,dev::GEOMETRY_RICH_ROOM::g1103::m2111,rotation,ico_09,frozen_jacobian,RIGHT_CENSORED,RIGHT_CENSORED,,,false
GEOMETRY_RICH_ROOM,1103,2111,dev::GEOMETRY_RICH_ROOM::g1103::m2111,rotation,ico_09,full_reassociation,RIGHT_CENSORED,RIGHT_CENSORED,,,false
GEOMETRY_RICH_ROOM,1103,2111,dev::GEOMETRY_RICH_ROOM::g1103::m2111,rotation,ico_10,frozen_jacobian,RIGHT_CENSORED,RIGHT_CENSORED,,,false
GEOMETRY_RICH_ROOM,1103,2111,dev::GEOMETRY_RICH_ROOM::g1103::m2111,rotation,ico_10,full_reassociation,RIGHT_CENSORED,RIGHT_CENSORED,,,false
GEOMETRY_RICH_ROOM,1103,2111,dev::GEOMETRY_RICH_ROOM::g1103::m2111,rotation,ico_11,frozen_jacobian,RIGHT_CENSORED,RIGHT_CENSORED,,,false
GEOMETRY_RICH_ROOM,1103,2111,dev::GEOMETRY_RICH_ROOM::g1103::m2111,rotation,ico_11,full_reassociation,RIGHT_CENSORED,RIGHT_CENSORED,,,false
GEOMETRY_RICH_ROOM,1103,2111,dev::GEOMETRY_RICH_ROOM::g1103::m2111,rotation,neg_x,frozen_jacobian,RIGHT_CENSORED,RIGHT_CENSORED,,,false
GEOMETRY_RICH_ROOM,1103,2111,dev::GEOMETRY_RICH_ROOM::g1103::m2111,rotation,neg_x,full_reassociation,RIGHT_CENSORED,RIGHT_CENSORED,,,false
GEOMETRY_RICH_ROOM,1103,2111,dev::GEOMETRY_RICH_ROOM::g1103::m2111,rotation,neg_y,frozen_jacobian,RIGHT_CENSORED,RIGHT_CENSORED,,,false
GEOMETRY_RICH_ROOM,1103,2111,dev::GEOMETRY_RICH_ROOM::g1103::m2111,rotation,neg_y,full_reassociation,RIGHT_CENSORED,RIGHT_CENSORED,,,false
GEOMETRY_RICH_ROOM,1103,2111,dev::GEOMETRY_RICH_ROOM::g1103::m2111,rotation,neg_z,frozen_jacobian,RIGHT_CENSORED,RIGHT_CENSORED,,,false
GEOMETRY_RICH_ROOM,1103,2111,dev::GEOMETRY_RICH_ROOM::g1103::m2111,rotation,neg_z,full_reassociation,RIGHT_CENSORED,RIGHT_CENSORED,,,false
GEOMETRY_RICH_ROOM,1103,2111,dev::GEOMETRY_RICH_ROOM::g1103::m2111,rotation,pos_x,frozen_jacobian,RIGHT_CENSORED,RIGHT_CENSORED,,,false
GEOMETRY_RICH_ROOM,1103,2111,dev::GEOMETRY_RICH_ROOM::g1103::m2111,rotation,pos_x,full_reassociation,RIGHT_CENSORED,RIGHT_CENSORED,,,false
GEOMETRY_RICH_ROOM,1103,2111,dev::GEOMETRY_RICH_ROOM::g1103::m2111,rotation,pos_y,frozen_jacobian,RIGHT_CENSORED,RIGHT_CENSORED,,,false
GEOMETRY_RICH_ROOM,1103,2111,dev::GEOMETRY_RICH_ROOM::g1103::m2111,rotation,pos_y,full_reassociation,RIGHT_CENSORED,RIGHT_CENSORED,,,false
GEOMETRY_RICH_ROOM,1103,2111,dev::GEOMETRY_RICH_ROOM::g1103::m2111,rotation,pos_z,frozen_jacobian,RIGHT_CENSORED,RIGHT_CENSORED,,,false
GEOMETRY_RICH_ROOM,1103,2111,dev::GEOMETRY_RICH_ROOM::g1103::m2111,rotation,pos_z,full_reassociation,RIGHT_CENSORED,RIGHT_CENSORED,,,false
GEOMETRY_RICH_ROOM,1103,2111,dev::GEOMETRY_RICH_ROOM::g1103::m2111,translation,ico_00,frozen_jacobian,RIGHT_CENSORED,RIGHT_CENSORED,,,false
GEOMETRY_RICH_ROOM,1103,2111,dev::GEOMETRY_RICH_ROOM::g1103::m2111,translation,ico_00,full_reassociation,RIGHT_CENSORED,RIGHT_CENSORED,,,false
GEOMETRY_RICH_ROOM,1103,2111,dev::GEOMETRY_RICH_ROOM::g1103::m2111,translation,ico_01,frozen_jacobian,RIGHT_CENSORED,RIGHT_CENSORED,,,false
GEOMETRY_RICH_ROOM,1103,2111,dev::GEOMETRY_RICH_ROOM::g1103::m2111,translation,ico_01,full_reassociation,RIGHT_CENSORED,RIGHT_CENSORED,,,false
GEOMETRY_RICH_ROOM,1103,2111,dev::GEOMETRY_RICH_ROOM::g1103::m2111,translation,ico_02,frozen_jacobian,RIGHT_CENSORED,RIGHT_CENSORED,,,false
GEOMETRY_RICH_ROOM,1103,2111,dev::GEOMETRY_RICH_ROOM::g1103::m2111,translation,ico_02,full_reassociation,RIGHT_CENSORED,RIGHT_CENSORED,,,false
GEOMETRY_RICH_ROOM,1103,2111,dev::GEOMETRY_RICH_ROOM::g1103::m2111,translation,ico_03,frozen_jacobian,RIGHT_CENSORED,RIGHT_CENSORED,,,false
GEOMETRY_RICH_ROOM,1103,2111,dev::GEOMETRY_RICH_ROOM::g1103::m2111,translation,ico_03,full_reassociation,RIGHT_CENSORED,RIGHT_CENSORED,,,false
GEOMETRY_RICH_ROOM,1103,2111,dev::GEOMETRY_RICH_ROOM::g1103::m2111,translation,ico_04,frozen_jacobian,RIGHT_CENSORED,RIGHT_CENSORED,,,false
GEOMETRY_RICH_ROOM,1103,2111,dev::GEOMETRY_RICH_ROOM::g1103::m2111,translation,ico_04,full_reassociation,RIGHT_CENSORED,RIGHT_CENSORED,,,false
GEOMETRY_RICH_ROOM,1103,2111,dev::GEOMETRY_RICH_ROOM::g1103::m2111,translation,ico_05,frozen_jacobian,RIGHT_CENSORED,RIGHT_CENSORED,,,false
GEOMETRY_RICH_ROOM,1103,2111,dev::GEOMETRY_RICH_ROOM::g1103::m2111,translation,ico_05,full_reassociation,RIGHT_CENSORED,RIGHT_CENSORED,,,false
GEOMETRY_RICH_ROOM,1103,2111,dev::GEOMETRY_RICH_ROOM::g1103::m2111,translation,ico_06,frozen_jacobian,RIGHT_CENSORED,RIGHT_CENSORED,,,false
GEOMETRY_RICH_ROOM,1103,2111,dev::GEOMETRY_RICH_ROOM::g1103::m2111,translation,ico_06,full_reassociation,RIGHT_CENSORED,RIGHT_CENSORED,,,false
GEOMETRY_RICH_ROOM,1103,2111,dev::GEOMETRY_RICH_ROOM::g1103::m2111,translation,ico_07,frozen_jacobian,RIGHT_CENSORED,RIGHT_CENSORED,,,false
GEOMETRY_RICH_ROOM,1103,2111,dev::GEOMETRY_RICH_ROOM::g1103::m2111,translation,ico_07,full_reassociation,RIGHT_CENSORED,RIGHT_CENSORED,,,false
GEOMETRY_RICH_ROOM,1103,2111,dev::GEOMETRY_RICH_ROOM::g1103::m2111,translation,ico_08,frozen_jacobian,RIGHT_CENSORED,RIGHT_CENSORED,,,false
GEOMETRY_RICH_ROOM,1103,2111,dev::GEOMETRY_RICH_ROOM::g1103::m2111,translation,ico_08,full_reassociation,RIGHT_CENSORED,RIGHT_CENSORED,,,false
GEOMETRY_RICH_ROOM,1103,2111,dev::GEOMETRY_RICH_ROOM::g1103::m2111,translation,ico_09,frozen_jacobian,RIGHT_CENSORED,RIGHT_CENSORED,,,false
GEOMETRY_RICH_ROOM,1103,2111,dev::GEOMETRY_RICH_ROOM::g1103::m2111,translation,ico_09,full_reassociation,RIGHT_CENSORED,RIGHT_CENSORED,,,false
GEOMETRY_RICH_ROOM,1103,2111,dev::GEOMETRY_RICH_ROOM::g1103::m2111,translation,ico_10,frozen_jacobian,RIGHT_CENSORED,RIGHT_CENSORED,,,false
GEOMETRY_RICH_ROOM,1103,2111,dev::GEOMETRY_RICH_ROOM::g1103::m2111,translation,ico_10,full_reassociation,RIGHT_CENSORED,RIGHT_CENSORED,,,false
GEOMETRY_RICH_ROOM,1103,2111,dev::GEOMETRY_RICH_ROOM::g1103::m2111,translation,ico_11,frozen_jacobian,RIGHT_CENSORED,RIGHT_CENSORED,,,false
GEOMETRY_RICH_ROOM,1103,2111,dev::GEOMETRY_RICH_ROOM::g1103::m2111,translation,ico_11,full_reassociation,RIGHT_CENSORED,RIGHT_CENSORED,,,false
GEOMETRY_RICH_ROOM,1103,2111,dev::GEOMETRY_RICH_ROOM::g1103::m2111,translation,neg_x,frozen_jacobian,RIGHT_CENSORED,RIGHT_CENSORED,,,false
GEOMETRY_RICH_ROOM,1103,2111,dev::GEOMETRY_RICH_ROOM::g1103::m2111,translation,neg_x,full_reassociation,RIGHT_CENSORED,RIGHT_CENSORED,,,false
GEOMETRY_RICH_ROOM,1103,2111,dev::GEOMETRY_RICH_ROOM::g1103::m2111,translation,neg_y,frozen_jacobian,RIGHT_CENSORED,RIGHT_CENSORED,,,false
GEOMETRY_RICH_ROOM,1103,2111,dev::GEOMETRY_RICH_ROOM::g1103::m2111,translation,neg_y,full_reassociation,RIGHT_CENSORED,RIGHT_CENSORED,,,false
GEOMETRY_RICH_ROOM,1103,2111,dev::GEOMETRY_RICH_ROOM::g1103::m2111,translation,neg_z,frozen_jacobian,RIGHT_CENSORED,RIGHT_CENSORED,,,false
GEOMETRY_RICH_ROOM,1103,2111,dev::GEOMETRY_RICH_ROOM::g1103::m2111,translation,neg_z,full_reassociation,RIGHT_CENSORED,RIGHT_CENSORED,,,false
GEOMETRY_RICH_ROOM,1103,2111,dev::GEOMETRY_RICH_ROOM::g1103::m2111,translation,pos_x,frozen_jacobian,RIGHT_CENSORED,RIGHT_CENSORED,,,false
GEOMETRY_RICH_ROOM,1103,2111,dev::GEOMETRY_RICH_ROOM::g1103::m2111,translation,pos_x,full_reassociation,RIGHT_CENSORED,RIGHT_CENSORED,,,false
GEOMETRY_RICH_ROOM,1103,2111,dev::GEOMETRY_RICH_ROOM::g1103::m2111,translation,pos_y,frozen_jacobian,RIGHT_CENSORED,RIGHT_CENSORED,,,false
GEOMETRY_RICH_ROOM,1103,2111,dev::GEOMETRY_RICH_ROOM::g1103::m2111,translation,pos_y,full_reassociation,RIGHT_CENSORED,RIGHT_CENSORED,,,false
GEOMETRY_RICH_ROOM,1103,2111,dev::GEOMETRY_RICH_ROOM::g1103::m2111,translation,pos_z,frozen_jacobian,RIGHT_CENSORED,RIGHT_CENSORED,,,false
GEOMETRY_RICH_ROOM,1103,2111,dev::GEOMETRY_RICH_ROOM::g1103::m2111,translation,pos_z,full_reassociation,RIGHT_CENSORED,RIGHT_CENSORED,,,false
GEOMETRY_RICH_ROOM,1107,2101,dev::GEOMETRY_RICH_ROOM::g1107::m2101,rotation,ico_00,frozen_jacobian,RIGHT_CENSORED,RIGHT_CENSORED,,,false
GEOMETRY_RICH_ROOM,1107,2101,dev::GEOMETRY_RICH_ROOM::g1107::m2101,rotation,ico_00,full_reassociation,RIGHT_CENSORED,RIGHT_CENSORED,,,false
GEOMETRY_RICH_ROOM,1107,2101,dev::GEOMETRY_RICH_ROOM::g1107::m2101,rotation,ico_01,frozen_jacobian,RIGHT_CENSORED,RIGHT_CENSORED,,,false
GEOMETRY_RICH_ROOM,1107,2101,dev::GEOMETRY_RICH_ROOM::g1107::m2101,rotation,ico_01,full_reassociation,RIGHT_CENSORED,RIGHT_CENSORED,,,false
GEOMETRY_RICH_ROOM,1107,2101,dev::GEOMETRY_RICH_ROOM::g1107::m2101,rotation,ico_02,frozen_jacobian,RIGHT_CENSORED,RIGHT_CENSORED,,,false
GEOMETRY_RICH_ROOM,1107,2101,dev::GEOMETRY_RICH_ROOM::g1107::m2101,rotation,ico_02,full_reassociation,RIGHT_CENSORED,RIGHT_CENSORED,,,false
GEOMETRY_RICH_ROOM,1107,2101,dev::GEOMETRY_RICH_ROOM::g1107::m2101,rotation,ico_03,frozen_jacobian,RIGHT_CENSORED,RIGHT_CENSORED,,,false
GEOMETRY_RICH_ROOM,1107,2101,dev::GEOMETRY_RICH_ROOM::g1107::m2101,rotation,ico_03,full_reassociation,RIGHT_CENSORED,RIGHT_CENSORED,,,false
GEOMETRY_RICH_ROOM,1107,2101,dev::GEOMETRY_RICH_ROOM::g1107::m2101,rotation,ico_04,frozen_jacobian,RIGHT_CENSORED,RIGHT_CENSORED,,,false
GEOMETRY_RICH_ROOM,1107,2101,dev::GEOMETRY_RICH_ROOM::g1107::m2101,rotation,ico_04,full_reassociation,RIGHT_CENSORED,RIGHT_CENSORED,,,false
GEOMETRY_RICH_ROOM,1107,2101,dev::GEOMETRY_RICH_ROOM::g1107::m2101,rotation,ico_05,frozen_jacobian,RIGHT_CENSORED,RIGHT_CENSORED,,,false
GEOMETRY_RICH_ROOM,1107,2101,dev::GEOMETRY_RICH_ROOM::g1107::m2101,rotation,ico_05,full_reassociation,RIGHT_CENSORED,RIGHT_CENSORED,,,false
GEOMETRY_RICH_ROOM,1107,2101,dev::GEOMETRY_RICH_ROOM::g1107::m2101,rotation,ico_06,frozen_jacobian,RIGHT_CENSORED,RIGHT_CENSORED,,,false
GEOMETRY_RICH_ROOM,1107,2101,dev::GEOMETRY_RICH_ROOM::g1107::m2101,rotation,ico_06,full_reassociation,RIGHT_CENSORED,RIGHT_CENSORED,,,false
GEOMETRY_RICH_ROOM,1107,2101,dev::GEOMETRY_RICH_ROOM::g1107::m2101,rotation,ico_07,frozen_jacobian,RIGHT_CENSORED,RIGHT_CENSORED,,,false
GEOMETRY_RICH_ROOM,1107,2101,dev::GEOMETRY_RICH_ROOM::g1107::m2101,rotation,ico_07,full_reassociation,RIGHT_CENSORED,RIGHT_CENSORED,,,false
GEOMETRY_RICH_ROOM,1107,2101,dev::GEOMETRY_RICH_ROOM::g1107::m2101,rotation,ico_08,frozen_jacobian,RIGHT_CENSORED,RIGHT_CENSORED,,,false
GEOMETRY_RICH_ROOM,1107,2101,dev::GEOMETRY_RICH_ROOM::g1107::m2101,rotation,ico_08,full_reassociation,RIGHT_CENSORED,RIGHT_CENSORED,,,false
GEOMETRY_RICH_ROOM,1107,2101,dev::GEOMETRY_RICH_ROOM::g1107::m2101,rotation,ico_09,frozen_jacobian,RIGHT_CENSORED,RIGHT_CENSORED,,,false
GEOMETRY_RICH_ROOM,1107,2101,dev::GEOMETRY_RICH_ROOM::g1107::m2101,rotation,ico_09,full_reassociation,RIGHT_CENSORED,RIGHT_CENSORED,,,false
GEOMETRY_RICH_ROOM,1107,2101,dev::GEOMETRY_RICH_ROOM::g1107::m2101,rotation,ico_10,frozen_jacobian,RIGHT_CENSORED,RIGHT_CENSORED,,,false
GEOMETRY_RICH_ROOM,1107,2101,dev::GEOMETRY_RICH_ROOM::g1107::m2101,rotation,ico_10,full_reassociation,RIGHT_CENSORED,RIGHT_CENSORED,,,false
GEOMETRY_RICH_ROOM,1107,2101,dev::GEOMETRY_RICH_ROOM::g1107::m2101,rotation,ico_11,frozen_jacobian,RIGHT_CENSORED,RIGHT_CENSORED,,,false
GEOMETRY_RICH_ROOM,1107,2101,dev::GEOMETRY_RICH_ROOM::g1107::m2101,rotation,ico_11,full_reassociation,RIGHT_CENSORED,RIGHT_CENSORED,,,false
GEOMETRY_RICH_ROOM,1107,2101,dev::GEOMETRY_RICH_ROOM::g1107::m2101,rotation,neg_x,frozen_jacobian,RIGHT_CENSORED,RIGHT_CENSORED,,,false
GEOMETRY_RICH_ROOM,1107,2101,dev::GEOMETRY_RICH_ROOM::g1107::m2101,rotation,neg_x,full_reassociation,RIGHT_CENSORED,RIGHT_CENSORED,,,false
GEOMETRY_RICH_ROOM,1107,2101,dev::GEOMETRY_RICH_ROOM::g1107::m2101,rotation,neg_y,frozen_jacobian,RIGHT_CENSORED,RIGHT_CENSORED,,,false
GEOMETRY_RICH_ROOM,1107,2101,dev::GEOMETRY_RICH_ROOM::g1107::m2101,rotation,neg_y,full_reassociation,RIGHT_CENSORED,RIGHT_CENSORED,,,false
GEOMETRY_RICH_ROOM,1107,2101,dev::GEOMETRY_RICH_ROOM::g1107::m2101,rotation,neg_z,frozen_jacobian,RIGHT_CENSORED,RIGHT_CENSORED,,,false
GEOMETRY_RICH_ROOM,1107,2101,dev::GEOMETRY_RICH_ROOM::g1107::m2101,rotation,neg_z,full_reassociation,RIGHT_CENSORED,RIGHT_CENSORED,,,false
GEOMETRY_RICH_ROOM,1107,2101,dev::GEOMETRY_RICH_ROOM::g1107::m2101,rotation,pos_x,frozen_jacobian,RIGHT_CENSORED,RIGHT_CENSORED,,,false
GEOMETRY_RICH_ROOM,1107,2101,dev::GEOMETRY_RICH_ROOM::g1107::m2101,rotation,pos_x,full_reassociation,RIGHT_CENSORED,RIGHT_CENSORED,,,false
GEOMETRY_RICH_ROOM,1107,2101,dev::GEOMETRY_RICH_ROOM::g1107::m2101,rotation,pos_y,frozen_jacobian,RIGHT_CENSORED,RIGHT_CENSORED,,,false
GEOMETRY_RICH_ROOM,1107,2101,dev::GEOMETRY_RICH_ROOM::g1107::m2101,rotation,pos_y,full_reassociation,RIGHT_CENSORED,RIGHT_CENSORED,,,false
GEOMETRY_RICH_ROOM,1107,2101,dev::GEOMETRY_RICH_ROOM::g1107::m2101,rotation,pos_z,frozen_jacobian,RIGHT_CENSORED,RIGHT_CENSORED,,,false
GEOMETRY_RICH_ROOM,1107,2101,dev::GEOMETRY_RICH_ROOM::g1107::m2101,rotation,pos_z,full_reassociation,RIGHT_CENSORED,RIGHT_CENSORED,,,false
GEOMETRY_RICH_ROOM,1107,2101,dev::GEOMETRY_RICH_ROOM::g1107::m2101,translation,ico_00,frozen_jacobian,RIGHT_CENSORED,RIGHT_CENSORED,,,false
GEOMETRY_RICH_ROOM,1107,2101,dev::GEOMETRY_RICH_ROOM::g1107::m2101,translation,ico_00,full_reassociation,RIGHT_CENSORED,RIGHT_CENSORED,,,false
GEOMETRY_RICH_ROOM,1107,2101,dev::GEOMETRY_RICH_ROOM::g1107::m2101,translation,ico_01,frozen_jacobian,RIGHT_CENSORED,RIGHT_CENSORED,,,false
GEOMETRY_RICH_ROOM,1107,2101,dev::GEOMETRY_RICH_ROOM::g1107::m2101,translation,ico_01,full_reassociation,RIGHT_CENSORED,RIGHT_CENSORED,,,false
GEOMETRY_RICH_ROOM,1107,2101,dev::GEOMETRY_RICH_ROOM::g1107::m2101,translation,ico_02,frozen_jacobian,RIGHT_CENSORED,RIGHT_CENSORED,,,false
GEOMETRY_RICH_ROOM,1107,2101,dev::GEOMETRY_RICH_ROOM::g1107::m2101,translation,ico_02,full_reassociation,RIGHT_CENSORED,RIGHT_CENSORED,,,false
GEOMETRY_RICH_ROOM,1107,2101,dev::GEOMETRY_RICH_ROOM::g1107::m2101,translation,ico_03,frozen_jacobian,RIGHT_CENSORED,RIGHT_CENSORED,,,false
GEOMETRY_RICH_ROOM,1107,2101,dev::GEOMETRY_RICH_ROOM::g1107::m2101,translation,ico_03,full_reassociation,RIGHT_CENSORED,RIGHT_CENSORED,,,false
GEOMETRY_RICH_ROOM,1107,2101,dev::GEOMETRY_RICH_ROOM::g1107::m2101,translation,ico_04,frozen_jacobian,RIGHT_CENSORED,RIGHT_CENSORED,,,false
GEOMETRY_RICH_ROOM,1107,2101,dev::GEOMETRY_RICH_ROOM::g1107::m2101,translation,ico_04,full_reassociation,RIGHT_CENSORED,RIGHT_CENSORED,,,false
GEOMETRY_RICH_ROOM,1107,2101,dev::GEOMETRY_RICH_ROOM::g1107::m2101,translation,ico_05,frozen_jacobian,RIGHT_CENSORED,RIGHT_CENSORED,,,false
GEOMETRY_RICH_ROOM,1107,2101,dev::GEOMETRY_RICH_ROOM::g1107::m2101,translation,ico_05,full_reassociation,RIGHT_CENSORED,RIGHT_CENSORED,,,false
GEOMETRY_RICH_ROOM,1107,2101,dev::GEOMETRY_RICH_ROOM::g1107::m2101,translation,ico_06,frozen_jacobian,RIGHT_CENSORED,RIGHT_CENSORED,,,false
GEOMETRY_RICH_ROOM,1107,2101,dev::GEOMETRY_RICH_ROOM::g1107::m2101,translation,ico_06,full_reassociation,RIGHT_CENSORED,RIGHT_CENSORED,,,false
GEOMETRY_RICH_ROOM,1107,2101,dev::GEOMETRY_RICH_ROOM::g1107::m2101,translation,ico_07,frozen_jacobian,RIGHT_CENSORED,RIGHT_CENSORED,,,false
GEOMETRY_RICH_ROOM,1107,2101,dev::GEOMETRY_RICH_ROOM::g1107::m2101,translation,ico_07,full_reassociation,RIGHT_CENSORED,RIGHT_CENSORED,,,false
GEOMETRY_RICH_ROOM,1107,2101,dev::GEOMETRY_RICH_ROOM::g1107::m2101,translation,ico_08,frozen_jacobian,RIGHT_CENSORED,RIGHT_CENSORED,,,false
GEOMETRY_RICH_ROOM,1107,2101,dev::GEOMETRY_RICH_ROOM::g1107::m2101,translation,ico_08,full_reassociation,RIGHT_CENSORED,RIGHT_CENSORED,,,false
GEOMETRY_RICH_ROOM,1107,2101,dev::GEOMETRY_RICH_ROOM::g1107::m2101,translation,ico_09,frozen_jacobian,RIGHT_CENSORED,RIGHT_CENSORED,,,false
GEOMETRY_RICH_ROOM,1107,2101,dev::GEOMETRY_RICH_ROOM::g1107::m2101,translation,ico_09,full_reassociation,RIGHT_CENSORED,RIGHT_CENSORED,,,false
GEOMETRY_RICH_ROOM,1107,2101,dev::GEOMETRY_RICH_ROOM::g1107::m2101,translation,ico_10,frozen_jacobian,RIGHT_CENSORED,RIGHT_CENSORED,,,false
GEOMETRY_RICH_ROOM,1107,2101,dev::GEOMETRY_RICH_ROOM::g1107::m2101,translation,ico_10,full_reassociation,RIGHT_CENSORED,RIGHT_CENSORED,,,false
GEOMETRY_RICH_ROOM,1107,2101,dev::GEOMETRY_RICH_ROOM::g1107::m2101,translation,ico_11,frozen_jacobian,RIGHT_CENSORED,RIGHT_CENSORED,,,false
GEOMETRY_RICH_ROOM,1107,2101,dev::GEOMETRY_RICH_ROOM::g1107::m2101,translation,ico_11,full_reassociation,RIGHT_CENSORED,RIGHT_CENSORED,,,false
GEOMETRY_RICH_ROOM,1107,2101,dev::GEOMETRY_RICH_ROOM::g1107::m2101,translation,neg_x,frozen_jacobian,RIGHT_CENSORED,RIGHT_CENSORED,,,false
GEOMETRY_RICH_ROOM,1107,2101,dev::GEOMETRY_RICH_ROOM::g1107::m2101,translation,neg_x,full_reassociation,RIGHT_CENSORED,RIGHT_CENSORED,,,false
GEOMETRY_RICH_ROOM,1107,2101,dev::GEOMETRY_RICH_ROOM::g1107::m2101,translation,neg_y,frozen_jacobian,RIGHT_CENSORED,RIGHT_CENSORED,,,false
GEOMETRY_RICH_ROOM,1107,2101,dev::GEOMETRY_RICH_ROOM::g1107::m2101,translation,neg_y,full_reassociation,RIGHT_CENSORED,RIGHT_CENSORED,,,false
GEOMETRY_RICH_ROOM,1107,2101,dev::GEOMETRY_RICH_ROOM::g1107::m2101,translation,neg_z,frozen_jacobian,RIGHT_CENSORED,RIGHT_CENSORED,,,false
GEOMETRY_RICH_ROOM,1107,2101,dev::GEOMETRY_RICH_ROOM::g1107::m2101,translation,neg_z,full_reassociation,RIGHT_CENSORED,RIGHT_CENSORED,,,false
GEOMETRY_RICH_ROOM,1107,2101,dev::GEOMETRY_RICH_ROOM::g1107::m2101,translation,pos_x,frozen_jacobian,RIGHT_CENSORED,RIGHT_CENSORED,,,false
GEOMETRY_RICH_ROOM,1107,2101,dev::GEOMETRY_RICH_ROOM::g1107::m2101,translation,pos_x,full_reassociation,RIGHT_CENSORED,RIGHT_CENSORED,,,false
GEOMETRY_RICH_ROOM,1107,2101,dev::GEOMETRY_RICH_ROOM::g1107::m2101,translation,pos_y,frozen_jacobian,RIGHT_CENSORED,RIGHT_CENSORED,,,false
GEOMETRY_RICH_ROOM,1107,2101,dev::GEOMETRY_RICH_ROOM::g1107::m2101,translation,pos_y,full_reassociation,RIGHT_CENSORED,RIGHT_CENSORED,,,false
GEOMETRY_RICH_ROOM,1107,2101,dev::GEOMETRY_RICH_ROOM::g1107::m2101,translation,pos_z,frozen_jacobian,RIGHT_CENSORED,RIGHT_CENSORED,,,false
GEOMETRY_RICH_ROOM,1107,2101,dev::GEOMETRY_RICH_ROOM::g1107::m2101,translation,pos_z,full_reassociation,RIGHT_CENSORED,RIGHT_CENSORED,,,false
GEOMETRY_RICH_ROOM,1107,2111,dev::GEOMETRY_RICH_ROOM::g1107::m2111,rotation,ico_00,frozen_jacobian,RIGHT_CENSORED,RIGHT_CENSORED,,,false
GEOMETRY_RICH_ROOM,1107,2111,dev::GEOMETRY_RICH_ROOM::g1107::m2111,rotation,ico_00,full_reassociation,RIGHT_CENSORED,RIGHT_CENSORED,,,false
GEOMETRY_RICH_ROOM,1107,2111,dev::GEOMETRY_RICH_ROOM::g1107::m2111,rotation,ico_01,frozen_jacobian,RIGHT_CENSORED,RIGHT_CENSORED,,,false
GEOMETRY_RICH_ROOM,1107,2111,dev::GEOMETRY_RICH_ROOM::g1107::m2111,rotation,ico_01,full_reassociation,RIGHT_CENSORED,RIGHT_CENSORED,,,false
GEOMETRY_RICH_ROOM,1107,2111,dev::GEOMETRY_RICH_ROOM::g1107::m2111,rotation,ico_02,frozen_jacobian,RIGHT_CENSORED,RIGHT_CENSORED,,,false
GEOMETRY_RICH_ROOM,1107,2111,dev::GEOMETRY_RICH_ROOM::g1107::m2111,rotation,ico_02,full_reassociation,RIGHT_CENSORED,RIGHT_CENSORED,,,false
GEOMETRY_RICH_ROOM,1107,2111,dev::GEOMETRY_RICH_ROOM::g1107::m2111,rotation,ico_03,frozen_jacobian,RIGHT_CENSORED,RIGHT_CENSORED,,,false
GEOMETRY_RICH_ROOM,1107,2111,dev::GEOMETRY_RICH_ROOM::g1107::m2111,rotation,ico_03,full_reassociation,RIGHT_CENSORED,RIGHT_CENSORED,,,false
GEOMETRY_RICH_ROOM,1107,2111,dev::GEOMETRY_RICH_ROOM::g1107::m2111,rotation,ico_04,frozen_jacobian,RIGHT_CENSORED,RIGHT_CENSORED,,,false
GEOMETRY_RICH_ROOM,1107,2111,dev::GEOMETRY_RICH_ROOM::g1107::m2111,rotation,ico_04,full_reassociation,RIGHT_CENSORED,RIGHT_CENSORED,,,false
GEOMETRY_RICH_ROOM,1107,2111,dev::GEOMETRY_RICH_ROOM::g1107::m2111,rotation,ico_05,frozen_jacobian,RIGHT_CENSORED,RIGHT_CENSORED,,,false
GEOMETRY_RICH_ROOM,1107,2111,dev::GEOMETRY_RICH_ROOM::g1107::m2111,rotation,ico_05,full_reassociation,RIGHT_CENSORED,RIGHT_CENSORED,,,false
GEOMETRY_RICH_ROOM,1107,2111,dev::GEOMETRY_RICH_ROOM::g1107::m2111,rotation,ico_06,frozen_jacobian,RIGHT_CENSORED,RIGHT_CENSORED,,,false
GEOMETRY_RICH_ROOM,1107,2111,dev::GEOMETRY_RICH_ROOM::g1107::m2111,rotation,ico_06,full_reassociation,RIGHT_CENSORED,RIGHT_CENSORED,,,false
GEOMETRY_RICH_ROOM,1107,2111,dev::GEOMETRY_RICH_ROOM::g1107::m2111,rotation,ico_07,frozen_jacobian,RIGHT_CENSORED,RIGHT_CENSORED,,,false
GEOMETRY_RICH_ROOM,1107,2111,dev::GEOMETRY_RICH_ROOM::g1107::m2111,rotation,ico_07,full_reassociation,RIGHT_CENSORED,RIGHT_CENSORED,,,false
GEOMETRY_RICH_ROOM,1107,2111,dev::GEOMETRY_RICH_ROOM::g1107::m2111,rotation,ico_08,frozen_jacobian,RIGHT_CENSORED,RIGHT_CENSORED,,,false
GEOMETRY_RICH_ROOM,1107,2111,dev::GEOMETRY_RICH_ROOM::g1107::m2111,rotation,ico_08,full_reassociation,RIGHT_CENSORED,RIGHT_CENSORED,,,false
GEOMETRY_RICH_ROOM,1107,2111,dev::GEOMETRY_RICH_ROOM::g1107::m2111,rotation,ico_09,frozen_jacobian,RIGHT_CENSORED,RIGHT_CENSORED,,,false
GEOMETRY_RICH_ROOM,1107,2111,dev::GEOMETRY_RICH_ROOM::g1107::m2111,rotation,ico_09,full_reassociation,RIGHT_CENSORED,RIGHT_CENSORED,,,false
GEOMETRY_RICH_ROOM,1107,2111,dev::GEOMETRY_RICH_ROOM::g1107::m2111,rotation,ico_10,frozen_jacobian,RIGHT_CENSORED,RIGHT_CENSORED,,,false
GEOMETRY_RICH_ROOM,1107,2111,dev::GEOMETRY_RICH_ROOM::g1107::m2111,rotation,ico_10,full_reassociation,RIGHT_CENSORED,RIGHT_CENSORED,,,false
GEOMETRY_RICH_ROOM,1107,2111,dev::GEOMETRY_RICH_ROOM::g1107::m2111,rotation,ico_11,frozen_jacobian,RIGHT_CENSORED,RIGHT_CENSORED,,,false
GEOMETRY_RICH_ROOM,1107,2111,dev::GEOMETRY_RICH_ROOM::g1107::m2111,rotation,ico_11,full_reassociation,RIGHT_CENSORED,RIGHT_CENSORED,,,false
GEOMETRY_RICH_ROOM,1107,2111,dev::GEOMETRY_RICH_ROOM::g1107::m2111,rotation,neg_x,frozen_jacobian,RIGHT_CENSORED,RIGHT_CENSORED,,,false
GEOMETRY_RICH_ROOM,1107,2111,dev::GEOMETRY_RICH_ROOM::g1107::m2111,rotation,neg_x,full_reassociation,RIGHT_CENSORED,RIGHT_CENSORED,,,false
GEOMETRY_RICH_ROOM,1107,2111,dev::GEOMETRY_RICH_ROOM::g1107::m2111,rotation,neg_y,frozen_jacobian,RIGHT_CENSORED,RIGHT_CENSORED,,,false
GEOMETRY_RICH_ROOM,1107,2111,dev::GEOMETRY_RICH_ROOM::g1107::m2111,rotation,neg_y,full_reassociation,RIGHT_CENSORED,RIGHT_CENSORED,,,false
GEOMETRY_RICH_ROOM,1107,2111,dev::GEOMETRY_RICH_ROOM::g1107::m2111,rotation,neg_z,frozen_jacobian,RIGHT_CENSORED,RIGHT_CENSORED,,,false
GEOMETRY_RICH_ROOM,1107,2111,dev::GEOMETRY_RICH_ROOM::g1107::m2111,rotation,neg_z,full_reassociation,RIGHT_CENSORED,RIGHT_CENSORED,,,false
GEOMETRY_RICH_ROOM,1107,2111,dev::GEOMETRY_RICH_ROOM::g1107::m2111,rotation,pos_x,frozen_jacobian,RIGHT_CENSORED,RIGHT_CENSORED,,,false
GEOMETRY_RICH_ROOM,1107,2111,dev::GEOMETRY_RICH_ROOM::g1107::m2111,rotation,pos_x,full_reassociation,RIGHT_CENSORED,RIGHT_CENSORED,,,false
GEOMETRY_RICH_ROOM,1107,2111,dev::GEOMETRY_RICH_ROOM::g1107::m2111,rotation,pos_y,frozen_jacobian,RIGHT_CENSORED,RIGHT_CENSORED,,,false
GEOMETRY_RICH_ROOM,1107,2111,dev::GEOMETRY_RICH_ROOM::g1107::m2111,rotation,pos_y,full_reassociation,RIGHT_CENSORED,RIGHT_CENSORED,,,false
GEOMETRY_RICH_ROOM,1107,2111,dev::GEOMETRY_RICH_ROOM::g1107::m2111,rotation,pos_z,frozen_jacobian,RIGHT_CENSORED,RIGHT_CENSORED,,,false
GEOMETRY_RICH_ROOM,1107,2111,dev::GEOMETRY_RICH_ROOM::g1107::m2111,rotation,pos_z,full_reassociation,RIGHT_CENSORED,RIGHT_CENSORED,,,false
GEOMETRY_RICH_ROOM,1107,2111,dev::GEOMETRY_RICH_ROOM::g1107::m2111,translation,ico_00,frozen_jacobian,RIGHT_CENSORED,RIGHT_CENSORED,,,false
GEOMETRY_RICH_ROOM,1107,2111,dev::GEOMETRY_RICH_ROOM::g1107::m2111,translation,ico_00,full_reassociation,RIGHT_CENSORED,RIGHT_CENSORED,,,false
GEOMETRY_RICH_ROOM,1107,2111,dev::GEOMETRY_RICH_ROOM::g1107::m2111,translation,ico_01,frozen_jacobian,RIGHT_CENSORED,RIGHT_CENSORED,,,false
GEOMETRY_RICH_ROOM,1107,2111,dev::GEOMETRY_RICH_ROOM::g1107::m2111,translation,ico_01,full_reassociation,RIGHT_CENSORED,RIGHT_CENSORED,,,false
GEOMETRY_RICH_ROOM,1107,2111,dev::GEOMETRY_RICH_ROOM::g1107::m2111,translation,ico_02,frozen_jacobian,RIGHT_CENSORED,RIGHT_CENSORED,,,false
GEOMETRY_RICH_ROOM,1107,2111,dev::GEOMETRY_RICH_ROOM::g1107::m2111,translation,ico_02,full_reassociation,RIGHT_CENSORED,RIGHT_CENSORED,,,false
GEOMETRY_RICH_ROOM,1107,2111,dev::GEOMETRY_RICH_ROOM::g1107::m2111,translation,ico_03,frozen_jacobian,RIGHT_CENSORED,RIGHT_CENSORED,,,false
GEOMETRY_RICH_ROOM,1107,2111,dev::GEOMETRY_RICH_ROOM::g1107::m2111,translation,ico_03,full_reassociation,RIGHT_CENSORED,RIGHT_CENSORED,,,false
GEOMETRY_RICH_ROOM,1107,2111,dev::GEOMETRY_RICH_ROOM::g1107::m2111,translation,ico_04,frozen_jacobian,RIGHT_CENSORED,RIGHT_CENSORED,,,false
GEOMETRY_RICH_ROOM,1107,2111,dev::GEOMETRY_RICH_ROOM::g1107::m2111,translation,ico_04,full_reassociation,RIGHT_CENSORED,RIGHT_CENSORED,,,false
GEOMETRY_RICH_ROOM,1107,2111,dev::GEOMETRY_RICH_ROOM::g1107::m2111,translation,ico_05,frozen_jacobian,RIGHT_CENSORED,RIGHT_CENSORED,,,false
GEOMETRY_RICH_ROOM,1107,2111,dev::GEOMETRY_RICH_ROOM::g1107::m2111,translation,ico_05,full_reassociation,RIGHT_CENSORED,RIGHT_CENSORED,,,false
GEOMETRY_RICH_ROOM,1107,2111,dev::GEOMETRY_RICH_ROOM::g1107::m2111,translation,ico_06,frozen_jacobian,RIGHT_CENSORED,RIGHT_CENSORED,,,false
GEOMETRY_RICH_ROOM,1107,2111,dev::GEOMETRY_RICH_ROOM::g1107::m2111,translation,ico_06,full_reassociation,RIGHT_CENSORED,RIGHT_CENSORED,,,false
GEOMETRY_RICH_ROOM,1107,2111,dev::GEOMETRY_RICH_ROOM::g1107::m2111,translation,ico_07,frozen_jacobian,RIGHT_CENSORED,RIGHT_CENSORED,,,false
GEOMETRY_RICH_ROOM,1107,2111,dev::GEOMETRY_RICH_ROOM::g1107::m2111,translation,ico_07,full_reassociation,RIGHT_CENSORED,RIGHT_CENSORED,,,false
GEOMETRY_RICH_ROOM,1107,2111,dev::GEOMETRY_RICH_ROOM::g1107::m2111,translation,ico_08,frozen_jacobian,RIGHT_CENSORED,RIGHT_CENSORED,,,false
GEOMETRY_RICH_ROOM,1107,2111,dev::GEOMETRY_RICH_ROOM::g1107::m2111,translation,ico_08,full_reassociation,RIGHT_CENSORED,RIGHT_CENSORED,,,false
GEOMETRY_RICH_ROOM,1107,2111,dev::GEOMETRY_RICH_ROOM::g1107::m2111,translation,ico_09,frozen_jacobian,RIGHT_CENSORED,RIGHT_CENSORED,,,false
GEOMETRY_RICH_ROOM,1107,2111,dev::GEOMETRY_RICH_ROOM::g1107::m2111,translation,ico_09,full_reassociation,RIGHT_CENSORED,RIGHT_CENSORED,,,false
GEOMETRY_RICH_ROOM,1107,2111,dev::GEOMETRY_RICH_ROOM::g1107::m2111,translation,ico_10,frozen_jacobian,RIGHT_CENSORED,RIGHT_CENSORED,,,false
GEOMETRY_RICH_ROOM,1107,2111,dev::GEOMETRY_RICH_ROOM::g1107::m2111,translation,ico_10,full_reassociation,RIGHT_CENSORED,RIGHT_CENSORED,,,false
GEOMETRY_RICH_ROOM,1107,2111,dev::GEOMETRY_RICH_ROOM::g1107::m2111,translation,ico_11,frozen_jacobian,RIGHT_CENSORED,RIGHT_CENSORED,,,false
GEOMETRY_RICH_ROOM,1107,2111,dev::GEOMETRY_RICH_ROOM::g1107::m2111,translation,ico_11,full_reassociation,RIGHT_CENSORED,RIGHT_CENSORED,,,false
GEOMETRY_RICH_ROOM,1107,2111,dev::GEOMETRY_RICH_ROOM::g1107::m2111,translation,neg_x,frozen_jacobian,RIGHT_CENSORED,RIGHT_CENSORED,,,false
GEOMETRY_RICH_ROOM,1107,2111,dev::GEOMETRY_RICH_ROOM::g1107::m2111,translation,neg_x,full_reassociation,RIGHT_CENSORED,RIGHT_CENSORED,,,false
GEOMETRY_RICH_ROOM,1107,2111,dev::GEOMETRY_RICH_ROOM::g1107::m2111,translation,neg_y,frozen_jacobian,RIGHT_CENSORED,RIGHT_CENSORED,,,false
GEOMETRY_RICH_ROOM,1107,2111,dev::GEOMETRY_RICH_ROOM::g1107::m2111,translation,neg_y,full_reassociation,RIGHT_CENSORED,RIGHT_CENSORED,,,false
GEOMETRY_RICH_ROOM,1107,2111,dev::GEOMETRY_RICH_ROOM::g1107::m2111,translation,neg_z,frozen_jacobian,RIGHT_CENSORED,RIGHT_CENSORED,,,false
GEOMETRY_RICH_ROOM,1107,2111,dev::GEOMETRY_RICH_ROOM::g1107::m2111,translation,neg_z,full_reassociation,RIGHT_CENSORED,RIGHT_CENSORED,,,false
GEOMETRY_RICH_ROOM,1107,2111,dev::GEOMETRY_RICH_ROOM::g1107::m2111,translation,pos_x,frozen_jacobian,RIGHT_CENSORED,RIGHT_CENSORED,,,false
GEOMETRY_RICH_ROOM,1107,2111,dev::GEOMETRY_RICH_ROOM::g1107::m2111,translation,pos_x,full_reassociation,RIGHT_CENSORED,RIGHT_CENSORED,,,false
GEOMETRY_RICH_ROOM,1107,2111,dev::GEOMETRY_RICH_ROOM::g1107::m2111,translation,pos_y,frozen_jacobian,RIGHT_CENSORED,RIGHT_CENSORED,,,false
GEOMETRY_RICH_ROOM,1107,2111,dev::GEOMETRY_RICH_ROOM::g1107::m2111,translation,pos_y,full_reassociation,RIGHT_CENSORED,RIGHT_CENSORED,,,false
GEOMETRY_RICH_ROOM,1107,2111,dev::GEOMETRY_RICH_ROOM::g1107::m2111,translation,pos_z,frozen_jacobian,RIGHT_CENSORED,RIGHT_CENSORED,,,false
GEOMETRY_RICH_ROOM,1107,2111,dev::GEOMETRY_RICH_ROOM::g1107::m2111,translation,pos_z,full_reassociation,RIGHT_CENSORED,RIGHT_CENSORED,,,false
LONG_CORRIDOR,1101,2101,dev::LONG_CORRIDOR::g1101::m2101,rotation,ico_00,frozen_jacobian,EXACT,EXACT,0.0,0.0,false
LONG_CORRIDOR,1101,2101,dev::LONG_CORRIDOR::g1101::m2101,rotation,ico_00,full_reassociation,EXACT,EXACT,0.0,0.0,false
LONG_CORRIDOR,1101,2101,dev::LONG_CORRIDOR::g1101::m2101,rotation,ico_01,frozen_jacobian,EXACT,EXACT,0.0,0.0,false
LONG_CORRIDOR,1101,2101,dev::LONG_CORRIDOR::g1101::m2101,rotation,ico_01,full_reassociation,EXACT,EXACT,0.0,0.0,false
LONG_CORRIDOR,1101,2101,dev::LONG_CORRIDOR::g1101::m2101,rotation,ico_02,frozen_jacobian,EXACT,EXACT,0.0,0.0,false
LONG_CORRIDOR,1101,2101,dev::LONG_CORRIDOR::g1101::m2101,rotation,ico_02,full_reassociation,EXACT,EXACT,0.0,0.0,false
LONG_CORRIDOR,1101,2101,dev::LONG_CORRIDOR::g1101::m2101,rotation,ico_03,frozen_jacobian,EXACT,EXACT,0.0,0.0,false
LONG_CORRIDOR,1101,2101,dev::LONG_CORRIDOR::g1101::m2101,rotation,ico_03,full_reassociation,EXACT,EXACT,0.0,0.0,false
LONG_CORRIDOR,1101,2101,dev::LONG_CORRIDOR::g1101::m2101,rotation,ico_04,frozen_jacobian,EXACT,EXACT,0.0,0.0,false
LONG_CORRIDOR,1101,2101,dev::LONG_CORRIDOR::g1101::m2101,rotation,ico_04,full_reassociation,EXACT,EXACT,0.0,0.0,false
LONG_CORRIDOR,1101,2101,dev::LONG_CORRIDOR::g1101::m2101,rotation,ico_05,frozen_jacobian,EXACT,EXACT,0.0,0.0,false
LONG_CORRIDOR,1101,2101,dev::LONG_CORRIDOR::g1101::m2101,rotation,ico_05,full_reassociation,EXACT,EXACT,0.0,0.0,false
LONG_CORRIDOR,1101,2101,dev::LONG_CORRIDOR::g1101::m2101,rotation,ico_06,frozen_jacobian,EXACT,EXACT,0.0,0.0,false
LONG_CORRIDOR,1101,2101,dev::LONG_CORRIDOR::g1101::m2101,rotation,ico_06,full_reassociation,EXACT,EXACT,0.0,0.0,false
LONG_CORRIDOR,1101,2101,dev::LONG_CORRIDOR::g1101::m2101,rotation,ico_07,frozen_jacobian,EXACT,EXACT,0.0,0.0,false
LONG_CORRIDOR,1101,2101,dev::LONG_CORRIDOR::g1101::m2101,rotation,ico_07,full_reassociation,EXACT,EXACT,0.0,0.0,false
LONG_CORRIDOR,1101,2101,dev::LONG_CORRIDOR::g1101::m2101,rotation,ico_08,frozen_jacobian,EXACT,EXACT,0.0,0.0,false
LONG_CORRIDOR,1101,2101,dev::LONG_CORRIDOR::g1101::m2101,rotation,ico_08,full_reassociation,EXACT,EXACT,0.0,0.0,false
LONG_CORRIDOR,1101,2101,dev::LONG_CORRIDOR::g1101::m2101,rotation,ico_09,frozen_jacobian,EXACT,EXACT,0.0,0.0,false
LONG_CORRIDOR,1101,2101,dev::LONG_CORRIDOR::g1101::m2101,rotation,ico_09,full_reassociation,EXACT,EXACT,0.0,0.0,false
LONG_CORRIDOR,1101,2101,dev::LONG_CORRIDOR::g1101::m2101,rotation,ico_10,frozen_jacobian,EXACT,EXACT,0.0,0.0,false
LONG_CORRIDOR,1101,2101,dev::LONG_CORRIDOR::g1101::m2101,rotation,ico_10,full_reassociation,EXACT,EXACT,0.0,0.0,false
LONG_CORRIDOR,1101,2101,dev::LONG_CORRIDOR::g1101::m2101,rotation,ico_11,frozen_jacobian,EXACT,EXACT,0.0,0.0,false
LONG_CORRIDOR,1101,2101,dev::LONG_CORRIDOR::g1101::m2101,rotation,ico_11,full_reassociation,EXACT,EXACT,0.0,0.0,false
LONG_CORRIDOR,1101,2101,dev::LONG_CORRIDOR::g1101::m2101,rotation,neg_x,frozen_jacobian,EXACT,EXACT,0.0,0.0,false
LONG_CORRIDOR,1101,2101,dev::LONG_CORRIDOR::g1101::m2101,rotation,neg_x,full_reassociation,EXACT,EXACT,0.0,0.0,false
LONG_CORRIDOR,1101,2101,dev::LONG_CORRIDOR::g1101::m2101,rotation,neg_y,frozen_jacobian,EXACT,EXACT,0.0,0.0,false
LONG_CORRIDOR,1101,2101,dev::LONG_CORRIDOR::g1101::m2101,rotation,neg_y,full_reassociation,EXACT,EXACT,0.0,0.0,false
LONG_CORRIDOR,1101,2101,dev::LONG_CORRIDOR::g1101::m2101,rotation,neg_z,frozen_jacobian,EXACT,EXACT,0.0,0.0,false
LONG_CORRIDOR,1101,2101,dev::LONG_CORRIDOR::g1101::m2101,rotation,neg_z,full_reassociation,EXACT,EXACT,0.0,0.0,false
LONG_CORRIDOR,1101,2101,dev::LONG_CORRIDOR::g1101::m2101,rotation,pos_x,frozen_jacobian,EXACT,EXACT,0.0,0.0,false
LONG_CORRIDOR,1101,2101,dev::LONG_CORRIDOR::g1101::m2101,rotation,pos_x,full_reassociation,EXACT,EXACT,0.0,0.0,false
LONG_CORRIDOR,1101,2101,dev::LONG_CORRIDOR::g1101::m2101,rotation,pos_y,frozen_jacobian,EXACT,EXACT,0.0,0.0,false
LONG_CORRIDOR,1101,2101,dev::LONG_CORRIDOR::g1101::m2101,rotation,pos_y,full_reassociation,EXACT,EXACT,0.0,0.0,false
LONG_CORRIDOR,1101,2101,dev::LONG_CORRIDOR::g1101::m2101,rotation,pos_z,frozen_jacobian,EXACT,EXACT,0.0,0.0,false
LONG_CORRIDOR,1101,2101,dev::LONG_CORRIDOR::g1101::m2101,rotation,pos_z,full_reassociation,EXACT,EXACT,0.0,0.0,false
LONG_CORRIDOR,1101,2101,dev::LONG_CORRIDOR::g1101::m2101,translation,ico_00,frozen_jacobian,EXACT,EXACT,0.0,0.0,false
LONG_CORRIDOR,1101,2101,dev::LONG_CORRIDOR::g1101::m2101,translation,ico_00,full_reassociation,EXACT,EXACT,0.0,0.0,false
LONG_CORRIDOR,1101,2101,dev::LONG_CORRIDOR::g1101::m2101,translation,ico_01,frozen_jacobian,EXACT,EXACT,0.0,0.0,false
LONG_CORRIDOR,1101,2101,dev::LONG_CORRIDOR::g1101::m2101,translation,ico_01,full_reassociation,EXACT,EXACT,0.0,0.0,false
LONG_CORRIDOR,1101,2101,dev::LONG_CORRIDOR::g1101::m2101,translation,ico_02,frozen_jacobian,EXACT,EXACT,0.0,0.0,false
LONG_CORRIDOR,1101,2101,dev::LONG_CORRIDOR::g1101::m2101,translation,ico_02,full_reassociation,EXACT,EXACT,0.0,0.0,false
LONG_CORRIDOR,1101,2101,dev::LONG_CORRIDOR::g1101::m2101,translation,ico_03,frozen_jacobian,EXACT,EXACT,0.0,0.0,false
LONG_CORRIDOR,1101,2101,dev::LONG_CORRIDOR::g1101::m2101,translation,ico_03,full_reassociation,EXACT,EXACT,0.0,0.0,false
LONG_CORRIDOR,1101,2101,dev::LONG_CORRIDOR::g1101::m2101,translation,ico_04,frozen_jacobian,EXACT,EXACT,0.0,0.0,false
LONG_CORRIDOR,1101,2101,dev::LONG_CORRIDOR::g1101::m2101,translation,ico_04,full_reassociation,EXACT,EXACT,0.0,0.0,false
LONG_CORRIDOR,1101,2101,dev::LONG_CORRIDOR::g1101::m2101,translation,ico_05,frozen_jacobian,EXACT,EXACT,0.0,0.0,false
LONG_CORRIDOR,1101,2101,dev::LONG_CORRIDOR::g1101::m2101,translation,ico_05,full_reassociation,EXACT,EXACT,0.0,0.0,false
LONG_CORRIDOR,1101,2101,dev::LONG_CORRIDOR::g1101::m2101,translation,ico_06,frozen_jacobian,EXACT,EXACT,0.0,0.0,false
LONG_CORRIDOR,1101,2101,dev::LONG_CORRIDOR::g1101::m2101,translation,ico_06,full_reassociation,EXACT,EXACT,0.0,0.0,false
LONG_CORRIDOR,1101,2101,dev::LONG_CORRIDOR::g1101::m2101,translation,ico_07,frozen_jacobian,EXACT,EXACT,0.0,0.0,false
LONG_CORRIDOR,1101,2101,dev::LONG_CORRIDOR::g1101::m2101,translation,ico_07,full_reassociation,EXACT,EXACT,0.0,0.0,false
LONG_CORRIDOR,1101,2101,dev::LONG_CORRIDOR::g1101::m2101,translation,ico_08,frozen_jacobian,EXACT,EXACT,0.0,0.0,false
LONG_CORRIDOR,1101,2101,dev::LONG_CORRIDOR::g1101::m2101,translation,ico_08,full_reassociation,EXACT,EXACT,0.0,0.0,false
LONG_CORRIDOR,1101,2101,dev::LONG_CORRIDOR::g1101::m2101,translation,ico_09,frozen_jacobian,EXACT,EXACT,0.0,0.0,false
LONG_CORRIDOR,1101,2101,dev::LONG_CORRIDOR::g1101::m2101,translation,ico_09,full_reassociation,EXACT,EXACT,0.0,0.0,false
LONG_CORRIDOR,1101,2101,dev::LONG_CORRIDOR::g1101::m2101,translation,ico_10,frozen_jacobian,EXACT,EXACT,0.0,0.0,false
LONG_CORRIDOR,1101,2101,dev::LONG_CORRIDOR::g1101::m2101,translation,ico_10,full_reassociation,EXACT,EXACT,0.0,0.0,false
LONG_CORRIDOR,1101,2101,dev::LONG_CORRIDOR::g1101::m2101,translation,ico_11,frozen_jacobian,EXACT,EXACT,0.0,0.0,false
LONG_CORRIDOR,1101,2101,dev::LONG_CORRIDOR::g1101::m2101,translation,ico_11,full_reassociation,EXACT,EXACT,0.0,0.0,false
LONG_CORRIDOR,1101,2101,dev::LONG_CORRIDOR::g1101::m2101,translation,neg_x,frozen_jacobian,EXACT,EXACT,0.0,0.0,false
LONG_CORRIDOR,1101,2101,dev::LONG_CORRIDOR::g1101::m2101,translation,neg_x,full_reassociation,EXACT,EXACT,0.0,0.0,false
LONG_CORRIDOR,1101,2101,dev::LONG_CORRIDOR::g1101::m2101,translation,neg_y,frozen_jacobian,EXACT,EXACT,0.0,0.0,false
LONG_CORRIDOR,1101,2101,dev::LONG_CORRIDOR::g1101::m2101,translation,neg_y,full_reassociation,EXACT,EXACT,0.0,0.0,false
LONG_CORRIDOR,1101,2101,dev::LONG_CORRIDOR::g1101::m2101,translation,neg_z,frozen_jacobian,EXACT,EXACT,0.0,0.0,false
LONG_CORRIDOR,1101,2101,dev::LONG_CORRIDOR::g1101::m2101,translation,neg_z,full_reassociation,EXACT,EXACT,0.0,0.0,false
LONG_CORRIDOR,1101,2101,dev::LONG_CORRIDOR::g1101::m2101,translation,pos_x,frozen_jacobian,EXACT,EXACT,0.0,0.0,false
LONG_CORRIDOR,1101,2101,dev::LONG_CORRIDOR::g1101::m2101,translation,pos_x,full_reassociation,EXACT,EXACT,0.0,0.0,false
LONG_CORRIDOR,1101,2101,dev::LONG_CORRIDOR::g1101::m2101,translation,pos_y,frozen_jacobian,EXACT,EXACT,0.0,0.0,false
LONG_CORRIDOR,1101,2101,dev::LONG_CORRIDOR::g1101::m2101,translation,pos_y,full_reassociation,EXACT,EXACT,0.0,0.0,false
LONG_CORRIDOR,1101,2101,dev::LONG_CORRIDOR::g1101::m2101,translation,pos_z,frozen_jacobian,EXACT,EXACT,0.0,0.0,false
LONG_CORRIDOR,1101,2101,dev::LONG_CORRIDOR::g1101::m2101,translation,pos_z,full_reassociation,EXACT,EXACT,0.0,0.0,false
LONG_CORRIDOR,1101,2111,dev::LONG_CORRIDOR::g1101::m2111,rotation,ico_00,frozen_jacobian,EXACT,EXACT,0.0,0.0,false
LONG_CORRIDOR,1101,2111,dev::LONG_CORRIDOR::g1101::m2111,rotation,ico_00,full_reassociation,EXACT,EXACT,0.0,0.0,false
LONG_CORRIDOR,1101,2111,dev::LONG_CORRIDOR::g1101::m2111,rotation,ico_01,frozen_jacobian,EXACT,EXACT,0.0,0.0,false
LONG_CORRIDOR,1101,2111,dev::LONG_CORRIDOR::g1101::m2111,rotation,ico_01,full_reassociation,EXACT,EXACT,0.0,0.0,false
LONG_CORRIDOR,1101,2111,dev::LONG_CORRIDOR::g1101::m2111,rotation,ico_02,frozen_jacobian,EXACT,EXACT,0.0,0.0,false
LONG_CORRIDOR,1101,2111,dev::LONG_CORRIDOR::g1101::m2111,rotation,ico_02,full_reassociation,EXACT,EXACT,0.0,0.0,false
LONG_CORRIDOR,1101,2111,dev::LONG_CORRIDOR::g1101::m2111,rotation,ico_03,frozen_jacobian,EXACT,EXACT,0.0,0.0,false
LONG_CORRIDOR,1101,2111,dev::LONG_CORRIDOR::g1101::m2111,rotation,ico_03,full_reassociation,EXACT,EXACT,0.0,0.0,false
LONG_CORRIDOR,1101,2111,dev::LONG_CORRIDOR::g1101::m2111,rotation,ico_04,frozen_jacobian,EXACT,EXACT,0.0,0.0,false
LONG_CORRIDOR,1101,2111,dev::LONG_CORRIDOR::g1101::m2111,rotation,ico_04,full_reassociation,EXACT,EXACT,0.0,0.0,false
LONG_CORRIDOR,1101,2111,dev::LONG_CORRIDOR::g1101::m2111,rotation,ico_05,frozen_jacobian,EXACT,EXACT,0.0,0.0,false
LONG_CORRIDOR,1101,2111,dev::LONG_CORRIDOR::g1101::m2111,rotation,ico_05,full_reassociation,EXACT,EXACT,0.0,0.0,false
LONG_CORRIDOR,1101,2111,dev::LONG_CORRIDOR::g1101::m2111,rotation,ico_06,frozen_jacobian,EXACT,EXACT,0.0,0.0,false
LONG_CORRIDOR,1101,2111,dev::LONG_CORRIDOR::g1101::m2111,rotation,ico_06,full_reassociation,EXACT,EXACT,0.0,0.0,false
LONG_CORRIDOR,1101,2111,dev::LONG_CORRIDOR::g1101::m2111,rotation,ico_07,frozen_jacobian,EXACT,EXACT,0.0,0.0,false
LONG_CORRIDOR,1101,2111,dev::LONG_CORRIDOR::g1101::m2111,rotation,ico_07,full_reassociation,EXACT,EXACT,0.0,0.0,false
LONG_CORRIDOR,1101,2111,dev::LONG_CORRIDOR::g1101::m2111,rotation,ico_08,frozen_jacobian,EXACT,EXACT,0.0,0.0,false
LONG_CORRIDOR,1101,2111,dev::LONG_CORRIDOR::g1101::m2111,rotation,ico_08,full_reassociation,EXACT,EXACT,0.0,0.0,false
LONG_CORRIDOR,1101,2111,dev::LONG_CORRIDOR::g1101::m2111,rotation,ico_09,frozen_jacobian,EXACT,EXACT,0.0,0.0,false
LONG_CORRIDOR,1101,2111,dev::LONG_CORRIDOR::g1101::m2111,rotation,ico_09,full_reassociation,EXACT,EXACT,0.0,0.0,false
LONG_CORRIDOR,1101,2111,dev::LONG_CORRIDOR::g1101::m2111,rotation,ico_10,frozen_jacobian,EXACT,EXACT,0.0,0.0,false
LONG_CORRIDOR,1101,2111,dev::LONG_CORRIDOR::g1101::m2111,rotation,ico_10,full_reassociation,EXACT,EXACT,0.0,0.0,false
LONG_CORRIDOR,1101,2111,dev::LONG_CORRIDOR::g1101::m2111,rotation,ico_11,frozen_jacobian,EXACT,EXACT,0.0,0.0,false
LONG_CORRIDOR,1101,2111,dev::LONG_CORRIDOR::g1101::m2111,rotation,ico_11,full_reassociation,EXACT,EXACT,0.0,0.0,false
LONG_CORRIDOR,1101,2111,dev::LONG_CORRIDOR::g1101::m2111,rotation,neg_x,frozen_jacobian,EXACT,EXACT,0.0,0.0,false
LONG_CORRIDOR,1101,2111,dev::LONG_CORRIDOR::g1101::m2111,rotation,neg_x,full_reassociation,EXACT,EXACT,0.0,0.0,false
LONG_CORRIDOR,1101,2111,dev::LONG_CORRIDOR::g1101::m2111,rotation,neg_y,frozen_jacobian,EXACT,EXACT,0.0,0.0,false
LONG_CORRIDOR,1101,2111,dev::LONG_CORRIDOR::g1101::m2111,rotation,neg_y,full_reassociation,EXACT,EXACT,0.0,0.0,false
LONG_CORRIDOR,1101,2111,dev::LONG_CORRIDOR::g1101::m2111,rotation,neg_z,frozen_jacobian,EXACT,EXACT,0.0,0.0,false
LONG_CORRIDOR,1101,2111,dev::LONG_CORRIDOR::g1101::m2111,rotation,neg_z,full_reassociation,EXACT,EXACT,0.0,0.0,false
LONG_CORRIDOR,1101,2111,dev::LONG_CORRIDOR::g1101::m2111,rotation,pos_x,frozen_jacobian,EXACT,EXACT,0.0,0.0,false
LONG_CORRIDOR,1101,2111,dev::LONG_CORRIDOR::g1101::m2111,rotation,pos_x,full_reassociation,EXACT,EXACT,0.0,0.0,false
LONG_CORRIDOR,1101,2111,dev::LONG_CORRIDOR::g1101::m2111,rotation,pos_y,frozen_jacobian,EXACT,EXACT,0.0,0.0,false
LONG_CORRIDOR,1101,2111,dev::LONG_CORRIDOR::g1101::m2111,rotation,pos_y,full_reassociation,EXACT,EXACT,0.0,0.0,false
LONG_CORRIDOR,1101,2111,dev::LONG_CORRIDOR::g1101::m2111,rotation,pos_z,frozen_jacobian,EXACT,EXACT,0.0,0.0,false
LONG_CORRIDOR,1101,2111,dev::LONG_CORRIDOR::g1101::m2111,rotation,pos_z,full_reassociation,EXACT,EXACT,0.0,0.0,false
LONG_CORRIDOR,1101,2111,dev::LONG_CORRIDOR::g1101::m2111,translation,ico_00,frozen_jacobian,EXACT,EXACT,0.0,0.0,false
LONG_CORRIDOR,1101,2111,dev::LONG_CORRIDOR::g1101::m2111,translation,ico_00,full_reassociation,EXACT,EXACT,0.0,0.0,false
LONG_CORRIDOR,1101,2111,dev::LONG_CORRIDOR::g1101::m2111,translation,ico_01,frozen_jacobian,EXACT,EXACT,0.0,0.0,false
LONG_CORRIDOR,1101,2111,dev::LONG_CORRIDOR::g1101::m2111,translation,ico_01,full_reassociation,EXACT,EXACT,0.0,0.0,false
LONG_CORRIDOR,1101,2111,dev::LONG_CORRIDOR::g1101::m2111,translation,ico_02,frozen_jacobian,EXACT,EXACT,0.0,0.0,false
LONG_CORRIDOR,1101,2111,dev::LONG_CORRIDOR::g1101::m2111,translation,ico_02,full_reassociation,EXACT,EXACT,0.0,0.0,false
LONG_CORRIDOR,1101,2111,dev::LONG_CORRIDOR::g1101::m2111,translation,ico_03,frozen_jacobian,EXACT,EXACT,0.0,0.0,false
LONG_CORRIDOR,1101,2111,dev::LONG_CORRIDOR::g1101::m2111,translation,ico_03,full_reassociation,EXACT,EXACT,0.0,0.0,false
LONG_CORRIDOR,1101,2111,dev::LONG_CORRIDOR::g1101::m2111,translation,ico_04,frozen_jacobian,EXACT,EXACT,0.0,0.0,false
LONG_CORRIDOR,1101,2111,dev::LONG_CORRIDOR::g1101::m2111,translation,ico_04,full_reassociation,EXACT,EXACT,0.0,0.0,false
LONG_CORRIDOR,1101,2111,dev::LONG_CORRIDOR::g1101::m2111,translation,ico_05,frozen_jacobian,EXACT,EXACT,0.0,0.0,false
LONG_CORRIDOR,1101,2111,dev::LONG_CORRIDOR::g1101::m2111,translation,ico_05,full_reassociation,EXACT,EXACT,0.0,0.0,false
LONG_CORRIDOR,1101,2111,dev::LONG_CORRIDOR::g1101::m2111,translation,ico_06,frozen_jacobian,EXACT,EXACT,0.0,0.0,false
LONG_CORRIDOR,1101,2111,dev::LONG_CORRIDOR::g1101::m2111,translation,ico_06,full_reassociation,EXACT,EXACT,0.0,0.0,false
LONG_CORRIDOR,1101,2111,dev::LONG_CORRIDOR::g1101::m2111,translation,ico_07,frozen_jacobian,EXACT,EXACT,0.0,0.0,false
LONG_CORRIDOR,1101,2111,dev::LONG_CORRIDOR::g1101::m2111,translation,ico_07,full_reassociation,EXACT,EXACT,0.0,0.0,false
LONG_CORRIDOR,1101,2111,dev::LONG_CORRIDOR::g1101::m2111,translation,ico_08,frozen_jacobian,EXACT,EXACT,0.0,0.0,false
LONG_CORRIDOR,1101,2111,dev::LONG_CORRIDOR::g1101::m2111,translation,ico_08,full_reassociation,EXACT,EXACT,0.0,0.0,false
LONG_CORRIDOR,1101,2111,dev::LONG_CORRIDOR::g1101::m2111,translation,ico_09,frozen_jacobian,EXACT,EXACT,0.0,0.0,false
LONG_CORRIDOR,1101,2111,dev::LONG_CORRIDOR::g1101::m2111,translation,ico_09,full_reassociation,EXACT,EXACT,0.0,0.0,false
LONG_CORRIDOR,1101,2111,dev::LONG_CORRIDOR::g1101::m2111,translation,ico_10,frozen_jacobian,EXACT,EXACT,0.0,0.0,false
LONG_CORRIDOR,1101,2111,dev::LONG_CORRIDOR::g1101::m2111,translation,ico_10,full_reassociation,EXACT,EXACT,0.0,0.0,false
LONG_CORRIDOR,1101,2111,dev::LONG_CORRIDOR::g1101::m2111,translation,ico_11,frozen_jacobian,EXACT,EXACT,0.0,0.0,false
LONG_CORRIDOR,1101,2111,dev::LONG_CORRIDOR::g1101::m2111,translation,ico_11,full_reassociation,EXACT,EXACT,0.0,0.0,false
LONG_CORRIDOR,1101,2111,dev::LONG_CORRIDOR::g1101::m2111,translation,neg_x,frozen_jacobian,EXACT,EXACT,0.0,0.0,false
LONG_CORRIDOR,1101,2111,dev::LONG_CORRIDOR::g1101::m2111,translation,neg_x,full_reassociation,EXACT,EXACT,0.0,0.0,false
LONG_CORRIDOR,1101,2111,dev::LONG_CORRIDOR::g1101::m2111,translation,neg_y,frozen_jacobian,EXACT,EXACT,0.0,0.0,false
LONG_CORRIDOR,1101,2111,dev::LONG_CORRIDOR::g1101::m2111,translation,neg_y,full_reassociation,EXACT,EXACT,0.0,0.0,false
LONG_CORRIDOR,1101,2111,dev::LONG_CORRIDOR::g1101::m2111,translation,neg_z,frozen_jacobian,EXACT,EXACT,0.0,0.0,false
LONG_CORRIDOR,1101,2111,dev::LONG_CORRIDOR::g1101::m2111,translation,neg_z,full_reassociation,EXACT,EXACT,0.0,0.0,false
LONG_CORRIDOR,1101,2111,dev::LONG_CORRIDOR::g1101::m2111,translation,pos_x,frozen_jacobian,EXACT,EXACT,0.0,0.0,false
LONG_CORRIDOR,1101,2111,dev::LONG_CORRIDOR::g1101::m2111,translation,pos_x,full_reassociation,EXACT,EXACT,0.0,0.0,false
LONG_CORRIDOR,1101,2111,dev::LONG_CORRIDOR::g1101::m2111,translation,pos_y,frozen_jacobian,EXACT,EXACT,0.0,0.0,false
LONG_CORRIDOR,1101,2111,dev::LONG_CORRIDOR::g1101::m2111,translation,pos_y,full_reassociation,EXACT,EXACT,0.0,0.0,false
LONG_CORRIDOR,1101,2111,dev::LONG_CORRIDOR::g1101::m2111,translation,pos_z,frozen_jacobian,EXACT,EXACT,0.0,0.0,false
LONG_CORRIDOR,1101,2111,dev::LONG_CORRIDOR::g1101::m2111,translation,pos_z,full_reassociation,EXACT,EXACT,0.0,0.0,false
LONG_CORRIDOR,1103,2101,dev::LONG_CORRIDOR::g1103::m2101,rotation,ico_00,frozen_jacobian,EXACT,EXACT,0.0,0.0,false
LONG_CORRIDOR,1103,2101,dev::LONG_CORRIDOR::g1103::m2101,rotation,ico_00,full_reassociation,EXACT,EXACT,0.0,0.0,false
LONG_CORRIDOR,1103,2101,dev::LONG_CORRIDOR::g1103::m2101,rotation,ico_01,frozen_jacobian,EXACT,EXACT,0.0,0.0,false
LONG_CORRIDOR,1103,2101,dev::LONG_CORRIDOR::g1103::m2101,rotation,ico_01,full_reassociation,EXACT,EXACT,0.0,0.0,false
LONG_CORRIDOR,1103,2101,dev::LONG_CORRIDOR::g1103::m2101,rotation,ico_02,frozen_jacobian,EXACT,EXACT,0.0,0.0,false
LONG_CORRIDOR,1103,2101,dev::LONG_CORRIDOR::g1103::m2101,rotation,ico_02,full_reassociation,EXACT,EXACT,0.0,0.0,false
LONG_CORRIDOR,1103,2101,dev::LONG_CORRIDOR::g1103::m2101,rotation,ico_03,frozen_jacobian,EXACT,EXACT,0.0,0.0,false
LONG_CORRIDOR,1103,2101,dev::LONG_CORRIDOR::g1103::m2101,rotation,ico_03,full_reassociation,EXACT,EXACT,0.0,0.0,false
LONG_CORRIDOR,1103,2101,dev::LONG_CORRIDOR::g1103::m2101,rotation,ico_04,frozen_jacobian,EXACT,EXACT,0.0,0.0,false
LONG_CORRIDOR,1103,2101,dev::LONG_CORRIDOR::g1103::m2101,rotation,ico_04,full_reassociation,EXACT,EXACT,0.0,0.0,false
LONG_CORRIDOR,1103,2101,dev::LONG_CORRIDOR::g1103::m2101,rotation,ico_05,frozen_jacobian,EXACT,EXACT,0.0,0.0,false
LONG_CORRIDOR,1103,2101,dev::LONG_CORRIDOR::g1103::m2101,rotation,ico_05,full_reassociation,EXACT,EXACT,0.0,0.0,false
LONG_CORRIDOR,1103,2101,dev::LONG_CORRIDOR::g1103::m2101,rotation,ico_06,frozen_jacobian,EXACT,EXACT,0.0,0.0,false
LONG_CORRIDOR,1103,2101,dev::LONG_CORRIDOR::g1103::m2101,rotation,ico_06,full_reassociation,EXACT,EXACT,0.0,0.0,false
LONG_CORRIDOR,1103,2101,dev::LONG_CORRIDOR::g1103::m2101,rotation,ico_07,frozen_jacobian,EXACT,EXACT,0.0,0.0,false
LONG_CORRIDOR,1103,2101,dev::LONG_CORRIDOR::g1103::m2101,rotation,ico_07,full_reassociation,EXACT,EXACT,0.0,0.0,false
LONG_CORRIDOR,1103,2101,dev::LONG_CORRIDOR::g1103::m2101,rotation,ico_08,frozen_jacobian,EXACT,EXACT,0.0,0.0,false
LONG_CORRIDOR,1103,2101,dev::LONG_CORRIDOR::g1103::m2101,rotation,ico_08,full_reassociation,EXACT,EXACT,0.0,0.0,false
LONG_CORRIDOR,1103,2101,dev::LONG_CORRIDOR::g1103::m2101,rotation,ico_09,frozen_jacobian,EXACT,EXACT,0.0,0.0,false
LONG_CORRIDOR,1103,2101,dev::LONG_CORRIDOR::g1103::m2101,rotation,ico_09,full_reassociation,EXACT,EXACT,0.0,0.0,false
LONG_CORRIDOR,1103,2101,dev::LONG_CORRIDOR::g1103::m2101,rotation,ico_10,frozen_jacobian,EXACT,EXACT,0.0,0.0,false
LONG_CORRIDOR,1103,2101,dev::LONG_CORRIDOR::g1103::m2101,rotation,ico_10,full_reassociation,EXACT,EXACT,0.0,0.0,false
LONG_CORRIDOR,1103,2101,dev::LONG_CORRIDOR::g1103::m2101,rotation,ico_11,frozen_jacobian,EXACT,EXACT,0.0,0.0,false
LONG_CORRIDOR,1103,2101,dev::LONG_CORRIDOR::g1103::m2101,rotation,ico_11,full_reassociation,EXACT,EXACT,0.0,0.0,false
LONG_CORRIDOR,1103,2101,dev::LONG_CORRIDOR::g1103::m2101,rotation,neg_x,frozen_jacobian,EXACT,EXACT,0.0,0.0,false
LONG_CORRIDOR,1103,2101,dev::LONG_CORRIDOR::g1103::m2101,rotation,neg_x,full_reassociation,EXACT,EXACT,0.0,0.0,false
LONG_CORRIDOR,1103,2101,dev::LONG_CORRIDOR::g1103::m2101,rotation,neg_y,frozen_jacobian,EXACT,EXACT,0.0,0.0,false
LONG_CORRIDOR,1103,2101,dev::LONG_CORRIDOR::g1103::m2101,rotation,neg_y,full_reassociation,EXACT,EXACT,0.0,0.0,false
LONG_CORRIDOR,1103,2101,dev::LONG_CORRIDOR::g1103::m2101,rotation,neg_z,frozen_jacobian,EXACT,EXACT,0.0,0.0,false
LONG_CORRIDOR,1103,2101,dev::LONG_CORRIDOR::g1103::m2101,rotation,neg_z,full_reassociation,EXACT,EXACT,0.0,0.0,false
LONG_CORRIDOR,1103,2101,dev::LONG_CORRIDOR::g1103::m2101,rotation,pos_x,frozen_jacobian,EXACT,EXACT,0.0,0.0,false
LONG_CORRIDOR,1103,2101,dev::LONG_CORRIDOR::g1103::m2101,rotation,pos_x,full_reassociation,EXACT,EXACT,0.0,0.0,false
LONG_CORRIDOR,1103,2101,dev::LONG_CORRIDOR::g1103::m2101,rotation,pos_y,frozen_jacobian,EXACT,EXACT,0.0,0.0,false
LONG_CORRIDOR,1103,2101,dev::LONG_CORRIDOR::g1103::m2101,rotation,pos_y,full_reassociation,EXACT,EXACT,0.0,0.0,false
LONG_CORRIDOR,1103,2101,dev::LONG_CORRIDOR::g1103::m2101,rotation,pos_z,frozen_jacobian,EXACT,EXACT,0.0,0.0,false
LONG_CORRIDOR,1103,2101,dev::LONG_CORRIDOR::g1103::m2101,rotation,pos_z,full_reassociation,EXACT,EXACT,0.0,0.0,false
LONG_CORRIDOR,1103,2101,dev::LONG_CORRIDOR::g1103::m2101,translation,ico_00,frozen_jacobian,EXACT,EXACT,0.0,0.0,false
LONG_CORRIDOR,1103,2101,dev::LONG_CORRIDOR::g1103::m2101,translation,ico_00,full_reassociation,EXACT,EXACT,0.0,0.0,false
LONG_CORRIDOR,1103,2101,dev::LONG_CORRIDOR::g1103::m2101,translation,ico_01,frozen_jacobian,EXACT,EXACT,0.0,0.0,false
LONG_CORRIDOR,1103,2101,dev::LONG_CORRIDOR::g1103::m2101,translation,ico_01,full_reassociation,EXACT,EXACT,0.0,0.0,false
LONG_CORRIDOR,1103,2101,dev::LONG_CORRIDOR::g1103::m2101,translation,ico_02,frozen_jacobian,EXACT,EXACT,0.0,0.0,false
LONG_CORRIDOR,1103,2101,dev::LONG_CORRIDOR::g1103::m2101,translation,ico_02,full_reassociation,EXACT,EXACT,0.0,0.0,false
LONG_CORRIDOR,1103,2101,dev::LONG_CORRIDOR::g1103::m2101,translation,ico_03,frozen_jacobian,EXACT,EXACT,0.0,0.0,false
LONG_CORRIDOR,1103,2101,dev::LONG_CORRIDOR::g1103::m2101,translation,ico_03,full_reassociation,EXACT,EXACT,0.0,0.0,false
LONG_CORRIDOR,1103,2101,dev::LONG_CORRIDOR::g1103::m2101,translation,ico_04,frozen_jacobian,EXACT,EXACT,0.0,0.0,false
LONG_CORRIDOR,1103,2101,dev::LONG_CORRIDOR::g1103::m2101,translation,ico_04,full_reassociation,EXACT,EXACT,0.0,0.0,false
LONG_CORRIDOR,1103,2101,dev::LONG_CORRIDOR::g1103::m2101,translation,ico_05,frozen_jacobian,EXACT,EXACT,0.0,0.0,false
LONG_CORRIDOR,1103,2101,dev::LONG_CORRIDOR::g1103::m2101,translation,ico_05,full_reassociation,EXACT,EXACT,0.0,0.0,false
LONG_CORRIDOR,1103,2101,dev::LONG_CORRIDOR::g1103::m2101,translation,ico_06,frozen_jacobian,EXACT,EXACT,0.0,0.0,false
LONG_CORRIDOR,1103,2101,dev::LONG_CORRIDOR::g1103::m2101,translation,ico_06,full_reassociation,EXACT,EXACT,0.0,0.0,false
LONG_CORRIDOR,1103,2101,dev::LONG_CORRIDOR::g1103::m2101,translation,ico_07,frozen_jacobian,EXACT,EXACT,0.0,0.0,false
LONG_CORRIDOR,1103,2101,dev::LONG_CORRIDOR::g1103::m2101,translation,ico_07,full_reassociation,EXACT,EXACT,0.0,0.0,false
LONG_CORRIDOR,1103,2101,dev::LONG_CORRIDOR::g1103::m2101,translation,ico_08,frozen_jacobian,EXACT,EXACT,0.0,0.0,false
LONG_CORRIDOR,1103,2101,dev::LONG_CORRIDOR::g1103::m2101,translation,ico_08,full_reassociation,EXACT,EXACT,0.0,0.0,false
LONG_CORRIDOR,1103,2101,dev::LONG_CORRIDOR::g1103::m2101,translation,ico_09,frozen_jacobian,EXACT,EXACT,0.0,0.0,false
LONG_CORRIDOR,1103,2101,dev::LONG_CORRIDOR::g1103::m2101,translation,ico_09,full_reassociation,EXACT,EXACT,0.0,0.0,false
LONG_CORRIDOR,1103,2101,dev::LONG_CORRIDOR::g1103::m2101,translation,ico_10,frozen_jacobian,EXACT,EXACT,0.0,0.0,false
LONG_CORRIDOR,1103,2101,dev::LONG_CORRIDOR::g1103::m2101,translation,ico_10,full_reassociation,EXACT,EXACT,0.05,0.0,false
LONG_CORRIDOR,1103,2101,dev::LONG_CORRIDOR::g1103::m2101,translation,ico_11,frozen_jacobian,EXACT,EXACT,0.0,0.0,false
LONG_CORRIDOR,1103,2101,dev::LONG_CORRIDOR::g1103::m2101,translation,ico_11,full_reassociation,EXACT,EXACT,0.0,0.0,false
LONG_CORRIDOR,1103,2101,dev::LONG_CORRIDOR::g1103::m2101,translation,neg_x,frozen_jacobian,EXACT,EXACT,0.0,0.0,false
LONG_CORRIDOR,1103,2101,dev::LONG_CORRIDOR::g1103::m2101,translation,neg_x,full_reassociation,EXACT,EXACT,0.0,0.0,false
LONG_CORRIDOR,1103,2101,dev::LONG_CORRIDOR::g1103::m2101,translation,neg_y,frozen_jacobian,EXACT,EXACT,0.0,0.0,false
LONG_CORRIDOR,1103,2101,dev::LONG_CORRIDOR::g1103::m2101,translation,neg_y,full_reassociation,EXACT,EXACT,0.0,0.0,false
LONG_CORRIDOR,1103,2101,dev::LONG_CORRIDOR::g1103::m2101,translation,neg_z,frozen_jacobian,EXACT,EXACT,0.0,0.0,false
LONG_CORRIDOR,1103,2101,dev::LONG_CORRIDOR::g1103::m2101,translation,neg_z,full_reassociation,EXACT,EXACT,0.0,0.0,false
LONG_CORRIDOR,1103,2101,dev::LONG_CORRIDOR::g1103::m2101,translation,pos_x,frozen_jacobian,EXACT,EXACT,0.0,0.0,false
LONG_CORRIDOR,1103,2101,dev::LONG_CORRIDOR::g1103::m2101,translation,pos_x,full_reassociation,EXACT,EXACT,0.0,0.0,false
LONG_CORRIDOR,1103,2101,dev::LONG_CORRIDOR::g1103::m2101,translation,pos_y,frozen_jacobian,EXACT,EXACT,0.0,0.0,false
LONG_CORRIDOR,1103,2101,dev::LONG_CORRIDOR::g1103::m2101,translation,pos_y,full_reassociation,EXACT,EXACT,0.0,0.0,false
LONG_CORRIDOR,1103,2101,dev::LONG_CORRIDOR::g1103::m2101,translation,pos_z,frozen_jacobian,EXACT,EXACT,0.0,0.0,false
LONG_CORRIDOR,1103,2101,dev::LONG_CORRIDOR::g1103::m2101,translation,pos_z,full_reassociation,EXACT,EXACT,0.0,0.0,false
LONG_CORRIDOR,1103,2111,dev::LONG_CORRIDOR::g1103::m2111,rotation,ico_00,frozen_jacobian,EXACT,EXACT,0.0,0.0,false
LONG_CORRIDOR,1103,2111,dev::LONG_CORRIDOR::g1103::m2111,rotation,ico_00,full_reassociation,EXACT,EXACT,0.0,0.0,false
LONG_CORRIDOR,1103,2111,dev::LONG_CORRIDOR::g1103::m2111,rotation,ico_01,frozen_jacobian,EXACT,EXACT,0.0,0.0,false
LONG_CORRIDOR,1103,2111,dev::LONG_CORRIDOR::g1103::m2111,rotation,ico_01,full_reassociation,EXACT,EXACT,0.0,0.0,false
LONG_CORRIDOR,1103,2111,dev::LONG_CORRIDOR::g1103::m2111,rotation,ico_02,frozen_jacobian,EXACT,EXACT,0.0,0.0,false
LONG_CORRIDOR,1103,2111,dev::LONG_CORRIDOR::g1103::m2111,rotation,ico_02,full_reassociation,EXACT,EXACT,0.0,0.0,false
LONG_CORRIDOR,1103,2111,dev::LONG_CORRIDOR::g1103::m2111,rotation,ico_03,frozen_jacobian,EXACT,EXACT,0.0,0.0,false
LONG_CORRIDOR,1103,2111,dev::LONG_CORRIDOR::g1103::m2111,rotation,ico_03,full_reassociation,EXACT,EXACT,0.0,0.0,false
LONG_CORRIDOR,1103,2111,dev::LONG_CORRIDOR::g1103::m2111,rotation,ico_04,frozen_jacobian,EXACT,EXACT,0.0,0.0,false
LONG_CORRIDOR,1103,2111,dev::LONG_CORRIDOR::g1103::m2111,rotation,ico_04,full_reassociation,EXACT,EXACT,0.0,0.0,false
LONG_CORRIDOR,1103,2111,dev::LONG_CORRIDOR::g1103::m2111,rotation,ico_05,frozen_jacobian,EXACT,EXACT,0.0,0.0,false
LONG_CORRIDOR,1103,2111,dev::LONG_CORRIDOR::g1103::m2111,rotation,ico_05,full_reassociation,EXACT,EXACT,0.0,0.0,false
LONG_CORRIDOR,1103,2111,dev::LONG_CORRIDOR::g1103::m2111,rotation,ico_06,frozen_jacobian,EXACT,EXACT,0.0,0.0,false
LONG_CORRIDOR,1103,2111,dev::LONG_CORRIDOR::g1103::m2111,rotation,ico_06,full_reassociation,EXACT,EXACT,0.0,0.0,false
LONG_CORRIDOR,1103,2111,dev::LONG_CORRIDOR::g1103::m2111,rotation,ico_07,frozen_jacobian,EXACT,EXACT,0.0,0.0,false
LONG_CORRIDOR,1103,2111,dev::LONG_CORRIDOR::g1103::m2111,rotation,ico_07,full_reassociation,EXACT,EXACT,0.0,0.0,false
LONG_CORRIDOR,1103,2111,dev::LONG_CORRIDOR::g1103::m2111,rotation,ico_08,frozen_jacobian,EXACT,EXACT,0.0,0.0,false
LONG_CORRIDOR,1103,2111,dev::LONG_CORRIDOR::g1103::m2111,rotation,ico_08,full_reassociation,EXACT,EXACT,0.0,0.0,false
LONG_CORRIDOR,1103,2111,dev::LONG_CORRIDOR::g1103::m2111,rotation,ico_09,frozen_jacobian,EXACT,EXACT,0.0,0.0,false
LONG_CORRIDOR,1103,2111,dev::LONG_CORRIDOR::g1103::m2111,rotation,ico_09,full_reassociation,EXACT,EXACT,0.0,0.0,false
LONG_CORRIDOR,1103,2111,dev::LONG_CORRIDOR::g1103::m2111,rotation,ico_10,frozen_jacobian,EXACT,EXACT,0.0,0.0,false
LONG_CORRIDOR,1103,2111,dev::LONG_CORRIDOR::g1103::m2111,rotation,ico_10,full_reassociation,EXACT,EXACT,0.0,0.0,false
LONG_CORRIDOR,1103,2111,dev::LONG_CORRIDOR::g1103::m2111,rotation,ico_11,frozen_jacobian,EXACT,EXACT,0.0,0.0,false
LONG_CORRIDOR,1103,2111,dev::LONG_CORRIDOR::g1103::m2111,rotation,ico_11,full_reassociation,EXACT,EXACT,0.0,0.0,false
LONG_CORRIDOR,1103,2111,dev::LONG_CORRIDOR::g1103::m2111,rotation,neg_x,frozen_jacobian,EXACT,EXACT,0.0,0.0,false
LONG_CORRIDOR,1103,2111,dev::LONG_CORRIDOR::g1103::m2111,rotation,neg_x,full_reassociation,EXACT,EXACT,0.0,0.0,false
LONG_CORRIDOR,1103,2111,dev::LONG_CORRIDOR::g1103::m2111,rotation,neg_y,frozen_jacobian,EXACT,EXACT,0.0,0.0,false
LONG_CORRIDOR,1103,2111,dev::LONG_CORRIDOR::g1103::m2111,rotation,neg_y,full_reassociation,EXACT,EXACT,0.0,0.0,false
LONG_CORRIDOR,1103,2111,dev::LONG_CORRIDOR::g1103::m2111,rotation,neg_z,frozen_jacobian,EXACT,EXACT,0.0,0.0,false
LONG_CORRIDOR,1103,2111,dev::LONG_CORRIDOR::g1103::m2111,rotation,neg_z,full_reassociation,EXACT,EXACT,0.0,0.0,false
LONG_CORRIDOR,1103,2111,dev::LONG_CORRIDOR::g1103::m2111,rotation,pos_x,frozen_jacobian,EXACT,EXACT,0.0,0.0,false
LONG_CORRIDOR,1103,2111,dev::LONG_CORRIDOR::g1103::m2111,rotation,pos_x,full_reassociation,EXACT,EXACT,0.0,0.0,false
LONG_CORRIDOR,1103,2111,dev::LONG_CORRIDOR::g1103::m2111,rotation,pos_y,frozen_jacobian,EXACT,EXACT,0.0,0.0,false
LONG_CORRIDOR,1103,2111,dev::LONG_CORRIDOR::g1103::m2111,rotation,pos_y,full_reassociation,EXACT,EXACT,0.0,0.0,false
LONG_CORRIDOR,1103,2111,dev::LONG_CORRIDOR::g1103::m2111,rotation,pos_z,frozen_jacobian,EXACT,EXACT,0.0,0.0,false
LONG_CORRIDOR,1103,2111,dev::LONG_CORRIDOR::g1103::m2111,rotation,pos_z,full_reassociation,EXACT,EXACT,0.0,0.0,false
LONG_CORRIDOR,1103,2111,dev::LONG_CORRIDOR::g1103::m2111,translation,ico_00,frozen_jacobian,EXACT,EXACT,0.0,0.0,false
LONG_CORRIDOR,1103,2111,dev::LONG_CORRIDOR::g1103::m2111,translation,ico_00,full_reassociation,EXACT,EXACT,0.0,0.0,false
LONG_CORRIDOR,1103,2111,dev::LONG_CORRIDOR::g1103::m2111,translation,ico_01,frozen_jacobian,EXACT,EXACT,0.0,0.0,false
LONG_CORRIDOR,1103,2111,dev::LONG_CORRIDOR::g1103::m2111,translation,ico_01,full_reassociation,EXACT,EXACT,0.0,0.0,false
LONG_CORRIDOR,1103,2111,dev::LONG_CORRIDOR::g1103::m2111,translation,ico_02,frozen_jacobian,EXACT,EXACT,0.0,0.0,false
LONG_CORRIDOR,1103,2111,dev::LONG_CORRIDOR::g1103::m2111,translation,ico_02,full_reassociation,EXACT,EXACT,0.0,0.0,false
LONG_CORRIDOR,1103,2111,dev::LONG_CORRIDOR::g1103::m2111,translation,ico_03,frozen_jacobian,EXACT,EXACT,0.0,0.0,false
LONG_CORRIDOR,1103,2111,dev::LONG_CORRIDOR::g1103::m2111,translation,ico_03,full_reassociation,EXACT,EXACT,0.0,0.0,false
LONG_CORRIDOR,1103,2111,dev::LONG_CORRIDOR::g1103::m2111,translation,ico_04,frozen_jacobian,EXACT,EXACT,0.0,0.0,false
LONG_CORRIDOR,1103,2111,dev::LONG_CORRIDOR::g1103::m2111,translation,ico_04,full_reassociation,EXACT,EXACT,0.0,0.0,false
LONG_CORRIDOR,1103,2111,dev::LONG_CORRIDOR::g1103::m2111,translation,ico_05,frozen_jacobian,EXACT,EXACT,0.0,0.0,false
LONG_CORRIDOR,1103,2111,dev::LONG_CORRIDOR::g1103::m2111,translation,ico_05,full_reassociation,EXACT,EXACT,0.0,0.0,false
LONG_CORRIDOR,1103,2111,dev::LONG_CORRIDOR::g1103::m2111,translation,ico_06,frozen_jacobian,EXACT,EXACT,0.0,0.0,false
LONG_CORRIDOR,1103,2111,dev::LONG_CORRIDOR::g1103::m2111,translation,ico_06,full_reassociation,EXACT,EXACT,0.0,0.0,false
LONG_CORRIDOR,1103,2111,dev::LONG_CORRIDOR::g1103::m2111,translation,ico_07,frozen_jacobian,EXACT,EXACT,0.0,0.0,false
LONG_CORRIDOR,1103,2111,dev::LONG_CORRIDOR::g1103::m2111,translation,ico_07,full_reassociation,EXACT,EXACT,0.0,0.0,false
LONG_CORRIDOR,1103,2111,dev::LONG_CORRIDOR::g1103::m2111,translation,ico_08,frozen_jacobian,EXACT,EXACT,0.0,0.0,false
LONG_CORRIDOR,1103,2111,dev::LONG_CORRIDOR::g1103::m2111,translation,ico_08,full_reassociation,EXACT,EXACT,0.0,0.0,false
LONG_CORRIDOR,1103,2111,dev::LONG_CORRIDOR::g1103::m2111,translation,ico_09,frozen_jacobian,EXACT,EXACT,0.0,0.0,false
LONG_CORRIDOR,1103,2111,dev::LONG_CORRIDOR::g1103::m2111,translation,ico_09,full_reassociation,EXACT,EXACT,0.0,0.0,false
LONG_CORRIDOR,1103,2111,dev::LONG_CORRIDOR::g1103::m2111,translation,ico_10,frozen_jacobian,EXACT,EXACT,0.0,0.0,false
LONG_CORRIDOR,1103,2111,dev::LONG_CORRIDOR::g1103::m2111,translation,ico_10,full_reassociation,EXACT,EXACT,0.0,0.0,false
LONG_CORRIDOR,1103,2111,dev::LONG_CORRIDOR::g1103::m2111,translation,ico_11,frozen_jacobian,EXACT,EXACT,0.0,0.0,false
LONG_CORRIDOR,1103,2111,dev::LONG_CORRIDOR::g1103::m2111,translation,ico_11,full_reassociation,EXACT,EXACT,0.0,0.0,false
LONG_CORRIDOR,1103,2111,dev::LONG_CORRIDOR::g1103::m2111,translation,neg_x,frozen_jacobian,EXACT,EXACT,0.0,0.0,false
LONG_CORRIDOR,1103,2111,dev::LONG_CORRIDOR::g1103::m2111,translation,neg_x,full_reassociation,EXACT,EXACT,0.0,0.0,false
LONG_CORRIDOR,1103,2111,dev::LONG_CORRIDOR::g1103::m2111,translation,neg_y,frozen_jacobian,EXACT,EXACT,0.0,0.0,false
LONG_CORRIDOR,1103,2111,dev::LONG_CORRIDOR::g1103::m2111,translation,neg_y,full_reassociation,EXACT,EXACT,0.0,0.0,false
LONG_CORRIDOR,1103,2111,dev::LONG_CORRIDOR::g1103::m2111,translation,neg_z,frozen_jacobian,EXACT,EXACT,0.0,0.0,false
LONG_CORRIDOR,1103,2111,dev::LONG_CORRIDOR::g1103::m2111,translation,neg_z,full_reassociation,EXACT,EXACT,0.0,0.0,false
LONG_CORRIDOR,1103,2111,dev::LONG_CORRIDOR::g1103::m2111,translation,pos_x,frozen_jacobian,EXACT,EXACT,0.0,0.0,false
LONG_CORRIDOR,1103,2111,dev::LONG_CORRIDOR::g1103::m2111,translation,pos_x,full_reassociation,EXACT,EXACT,0.0,0.0,false
LONG_CORRIDOR,1103,2111,dev::LONG_CORRIDOR::g1103::m2111,translation,pos_y,frozen_jacobian,EXACT,EXACT,0.0,0.0,false
LONG_CORRIDOR,1103,2111,dev::LONG_CORRIDOR::g1103::m2111,translation,pos_y,full_reassociation,EXACT,EXACT,0.0,0.0,false
LONG_CORRIDOR,1103,2111,dev::LONG_CORRIDOR::g1103::m2111,translation,pos_z,frozen_jacobian,EXACT,EXACT,0.0,0.0,false
LONG_CORRIDOR,1103,2111,dev::LONG_CORRIDOR::g1103::m2111,translation,pos_z,full_reassociation,EXACT,EXACT,0.0,0.0,false
LONG_CORRIDOR,1107,2101,dev::LONG_CORRIDOR::g1107::m2101,rotation,ico_00,frozen_jacobian,EXACT,EXACT,0.0,0.0,false
LONG_CORRIDOR,1107,2101,dev::LONG_CORRIDOR::g1107::m2101,rotation,ico_00,full_reassociation,EXACT,EXACT,0.0,0.0,false
LONG_CORRIDOR,1107,2101,dev::LONG_CORRIDOR::g1107::m2101,rotation,ico_01,frozen_jacobian,EXACT,EXACT,0.0,0.0,false
LONG_CORRIDOR,1107,2101,dev::LONG_CORRIDOR::g1107::m2101,rotation,ico_01,full_reassociation,EXACT,EXACT,0.0,0.0,false
LONG_CORRIDOR,1107,2101,dev::LONG_CORRIDOR::g1107::m2101,rotation,ico_02,frozen_jacobian,EXACT,EXACT,0.0,0.0,false
LONG_CORRIDOR,1107,2101,dev::LONG_CORRIDOR::g1107::m2101,rotation,ico_02,full_reassociation,EXACT,EXACT,0.0,0.0,false
LONG_CORRIDOR,1107,2101,dev::LONG_CORRIDOR::g1107::m2101,rotation,ico_03,frozen_jacobian,EXACT,EXACT,0.0,0.0,false
LONG_CORRIDOR,1107,2101,dev::LONG_CORRIDOR::g1107::m2101,rotation,ico_03,full_reassociation,EXACT,EXACT,0.0,0.0,false
LONG_CORRIDOR,1107,2101,dev::LONG_CORRIDOR::g1107::m2101,rotation,ico_04,frozen_jacobian,EXACT,EXACT,0.0,0.0,false
LONG_CORRIDOR,1107,2101,dev::LONG_CORRIDOR::g1107::m2101,rotation,ico_04,full_reassociation,EXACT,EXACT,0.0,0.0,false
LONG_CORRIDOR,1107,2101,dev::LONG_CORRIDOR::g1107::m2101,rotation,ico_05,frozen_jacobian,EXACT,EXACT,0.0,0.0,false
LONG_CORRIDOR,1107,2101,dev::LONG_CORRIDOR::g1107::m2101,rotation,ico_05,full_reassociation,EXACT,EXACT,0.0,0.0,false
LONG_CORRIDOR,1107,2101,dev::LONG_CORRIDOR::g1107::m2101,rotation,ico_06,frozen_jacobian,EXACT,EXACT,0.0,0.0,false
LONG_CORRIDOR,1107,2101,dev::LONG_CORRIDOR::g1107::m2101,rotation,ico_06,full_reassociation,EXACT,EXACT,0.0,0.0,false
LONG_CORRIDOR,1107,2101,dev::LONG_CORRIDOR::g1107::m2101,rotation,ico_07,frozen_jacobian,EXACT,EXACT,0.0,0.0,false
LONG_CORRIDOR,1107,2101,dev::LONG_CORRIDOR::g1107::m2101,rotation,ico_07,full_reassociation,EXACT,EXACT,0.0,0.0,false
LONG_CORRIDOR,1107,2101,dev::LONG_CORRIDOR::g1107::m2101,rotation,ico_08,frozen_jacobian,EXACT,EXACT,0.0,0.0,false
LONG_CORRIDOR,1107,2101,dev::LONG_CORRIDOR::g1107::m2101,rotation,ico_08,full_reassociation,EXACT,EXACT,0.0,0.0,false
LONG_CORRIDOR,1107,2101,dev::LONG_CORRIDOR::g1107::m2101,rotation,ico_09,frozen_jacobian,EXACT,EXACT,0.0,0.0,false
LONG_CORRIDOR,1107,2101,dev::LONG_CORRIDOR::g1107::m2101,rotation,ico_09,full_reassociation,EXACT,EXACT,0.0,0.0,false
LONG_CORRIDOR,1107,2101,dev::LONG_CORRIDOR::g1107::m2101,rotation,ico_10,frozen_jacobian,EXACT,EXACT,0.0,0.0,false
LONG_CORRIDOR,1107,2101,dev::LONG_CORRIDOR::g1107::m2101,rotation,ico_10,full_reassociation,EXACT,EXACT,0.0,0.0,false
LONG_CORRIDOR,1107,2101,dev::LONG_CORRIDOR::g1107::m2101,rotation,ico_11,frozen_jacobian,EXACT,EXACT,0.0,0.0,false
LONG_CORRIDOR,1107,2101,dev::LONG_CORRIDOR::g1107::m2101,rotation,ico_11,full_reassociation,EXACT,EXACT,0.0,0.0,false
LONG_CORRIDOR,1107,2101,dev::LONG_CORRIDOR::g1107::m2101,rotation,neg_x,frozen_jacobian,EXACT,EXACT,0.0,0.0,false
LONG_CORRIDOR,1107,2101,dev::LONG_CORRIDOR::g1107::m2101,rotation,neg_x,full_reassociation,EXACT,EXACT,0.0,0.0,false
LONG_CORRIDOR,1107,2101,dev::LONG_CORRIDOR::g1107::m2101,rotation,neg_y,frozen_jacobian,EXACT,EXACT,0.0,0.0,false
LONG_CORRIDOR,1107,2101,dev::LONG_CORRIDOR::g1107::m2101,rotation,neg_y,full_reassociation,EXACT,EXACT,0.0,0.0,false
LONG_CORRIDOR,1107,2101,dev::LONG_CORRIDOR::g1107::m2101,rotation,neg_z,frozen_jacobian,EXACT,EXACT,0.0,0.0,false
LONG_CORRIDOR,1107,2101,dev::LONG_CORRIDOR::g1107::m2101,rotation,neg_z,full_reassociation,EXACT,EXACT,0.0,0.0,false
LONG_CORRIDOR,1107,2101,dev::LONG_CORRIDOR::g1107::m2101,rotation,pos_x,frozen_jacobian,EXACT,EXACT,0.0,0.0,false
LONG_CORRIDOR,1107,2101,dev::LONG_CORRIDOR::g1107::m2101,rotation,pos_x,full_reassociation,EXACT,EXACT,0.0,0.0,false
LONG_CORRIDOR,1107,2101,dev::LONG_CORRIDOR::g1107::m2101,rotation,pos_y,frozen_jacobian,EXACT,EXACT,0.0,0.0,false
LONG_CORRIDOR,1107,2101,dev::LONG_CORRIDOR::g1107::m2101,rotation,pos_y,full_reassociation,EXACT,EXACT,0.0,0.0,false
LONG_CORRIDOR,1107,2101,dev::LONG_CORRIDOR::g1107::m2101,rotation,pos_z,frozen_jacobian,EXACT,EXACT,0.0,0.0,false
LONG_CORRIDOR,1107,2101,dev::LONG_CORRIDOR::g1107::m2101,rotation,pos_z,full_reassociation,EXACT,EXACT,0.0,0.0,false
LONG_CORRIDOR,1107,2101,dev::LONG_CORRIDOR::g1107::m2101,translation,ico_00,frozen_jacobian,EXACT,EXACT,0.0,0.0,false
LONG_CORRIDOR,1107,2101,dev::LONG_CORRIDOR::g1107::m2101,translation,ico_00,full_reassociation,EXACT,EXACT,0.0,0.0,false
LONG_CORRIDOR,1107,2101,dev::LONG_CORRIDOR::g1107::m2101,translation,ico_01,frozen_jacobian,EXACT,EXACT,0.0,0.0,false
LONG_CORRIDOR,1107,2101,dev::LONG_CORRIDOR::g1107::m2101,translation,ico_01,full_reassociation,EXACT,EXACT,0.0,0.0,false
LONG_CORRIDOR,1107,2101,dev::LONG_CORRIDOR::g1107::m2101,translation,ico_02,frozen_jacobian,EXACT,EXACT,0.0,0.0,false
LONG_CORRIDOR,1107,2101,dev::LONG_CORRIDOR::g1107::m2101,translation,ico_02,full_reassociation,EXACT,EXACT,0.0,0.0,false
LONG_CORRIDOR,1107,2101,dev::LONG_CORRIDOR::g1107::m2101,translation,ico_03,frozen_jacobian,EXACT,EXACT,0.0,0.0,false
LONG_CORRIDOR,1107,2101,dev::LONG_CORRIDOR::g1107::m2101,translation,ico_03,full_reassociation,EXACT,EXACT,0.0,0.0,false
LONG_CORRIDOR,1107,2101,dev::LONG_CORRIDOR::g1107::m2101,translation,ico_04,frozen_jacobian,EXACT,EXACT,0.0,0.0,false
LONG_CORRIDOR,1107,2101,dev::LONG_CORRIDOR::g1107::m2101,translation,ico_04,full_reassociation,EXACT,EXACT,0.0,0.0,false
LONG_CORRIDOR,1107,2101,dev::LONG_CORRIDOR::g1107::m2101,translation,ico_05,frozen_jacobian,EXACT,EXACT,0.0,0.0,false
LONG_CORRIDOR,1107,2101,dev::LONG_CORRIDOR::g1107::m2101,translation,ico_05,full_reassociation,EXACT,EXACT,0.0,0.0,false
LONG_CORRIDOR,1107,2101,dev::LONG_CORRIDOR::g1107::m2101,translation,ico_06,frozen_jacobian,EXACT,EXACT,0.0,0.0,false
LONG_CORRIDOR,1107,2101,dev::LONG_CORRIDOR::g1107::m2101,translation,ico_06,full_reassociation,EXACT,EXACT,0.0,0.0,false
LONG_CORRIDOR,1107,2101,dev::LONG_CORRIDOR::g1107::m2101,translation,ico_07,frozen_jacobian,EXACT,EXACT,0.0,0.0,false
LONG_CORRIDOR,1107,2101,dev::LONG_CORRIDOR::g1107::m2101,translation,ico_07,full_reassociation,EXACT,EXACT,0.0,0.0,false
LONG_CORRIDOR,1107,2101,dev::LONG_CORRIDOR::g1107::m2101,translation,ico_08,frozen_jacobian,EXACT,EXACT,0.0,0.0,false
LONG_CORRIDOR,1107,2101,dev::LONG_CORRIDOR::g1107::m2101,translation,ico_08,full_reassociation,EXACT,EXACT,0.0,0.0,false
LONG_CORRIDOR,1107,2101,dev::LONG_CORRIDOR::g1107::m2101,translation,ico_09,frozen_jacobian,EXACT,EXACT,0.0,0.0,false
LONG_CORRIDOR,1107,2101,dev::LONG_CORRIDOR::g1107::m2101,translation,ico_09,full_reassociation,EXACT,EXACT,0.0,0.0,false
LONG_CORRIDOR,1107,2101,dev::LONG_CORRIDOR::g1107::m2101,translation,ico_10,frozen_jacobian,EXACT,EXACT,0.0,0.0,false
LONG_CORRIDOR,1107,2101,dev::LONG_CORRIDOR::g1107::m2101,translation,ico_10,full_reassociation,EXACT,EXACT,0.0,0.0,false
LONG_CORRIDOR,1107,2101,dev::LONG_CORRIDOR::g1107::m2101,translation,ico_11,frozen_jacobian,EXACT,EXACT,0.0,0.0,false
LONG_CORRIDOR,1107,2101,dev::LONG_CORRIDOR::g1107::m2101,translation,ico_11,full_reassociation,EXACT,EXACT,0.0,0.0,false
LONG_CORRIDOR,1107,2101,dev::LONG_CORRIDOR::g1107::m2101,translation,neg_x,frozen_jacobian,EXACT,EXACT,0.0,0.0,false
LONG_CORRIDOR,1107,2101,dev::LONG_CORRIDOR::g1107::m2101,translation,neg_x,full_reassociation,EXACT,EXACT,0.0,0.0,false
LONG_CORRIDOR,1107,2101,dev::LONG_CORRIDOR::g1107::m2101,translation,neg_y,frozen_jacobian,EXACT,EXACT,0.0,0.0,false
LONG_CORRIDOR,1107,2101,dev::LONG_CORRIDOR::g1107::m2101,translation,neg_y,full_reassociation,EXACT,EXACT,0.0,0.0,false
LONG_CORRIDOR,1107,2101,dev::LONG_CORRIDOR::g1107::m2101,translation,neg_z,frozen_jacobian,EXACT,EXACT,0.0,0.0,false
LONG_CORRIDOR,1107,2101,dev::LONG_CORRIDOR::g1107::m2101,translation,neg_z,full_reassociation,EXACT,EXACT,0.0,0.0,false
LONG_CORRIDOR,1107,2101,dev::LONG_CORRIDOR::g1107::m2101,translation,pos_x,frozen_jacobian,EXACT,EXACT,0.0,0.0,false
LONG_CORRIDOR,1107,2101,dev::LONG_CORRIDOR::g1107::m2101,translation,pos_x,full_reassociation,EXACT,EXACT,0.0,0.0,false
LONG_CORRIDOR,1107,2101,dev::LONG_CORRIDOR::g1107::m2101,translation,pos_y,frozen_jacobian,EXACT,EXACT,0.0,0.0,false
LONG_CORRIDOR,1107,2101,dev::LONG_CORRIDOR::g1107::m2101,translation,pos_y,full_reassociation,EXACT,EXACT,0.0,0.0,false
LONG_CORRIDOR,1107,2101,dev::LONG_CORRIDOR::g1107::m2101,translation,pos_z,frozen_jacobian,EXACT,EXACT,0.0,0.0,false
LONG_CORRIDOR,1107,2101,dev::LONG_CORRIDOR::g1107::m2101,translation,pos_z,full_reassociation,EXACT,EXACT,0.0,0.0,false
LONG_CORRIDOR,1107,2111,dev::LONG_CORRIDOR::g1107::m2111,rotation,ico_00,frozen_jacobian,EXACT,EXACT,0.0,0.0,false
LONG_CORRIDOR,1107,2111,dev::LONG_CORRIDOR::g1107::m2111,rotation,ico_00,full_reassociation,EXACT,EXACT,0.0,0.0,false
LONG_CORRIDOR,1107,2111,dev::LONG_CORRIDOR::g1107::m2111,rotation,ico_01,frozen_jacobian,EXACT,EXACT,0.0,0.0,false
LONG_CORRIDOR,1107,2111,dev::LONG_CORRIDOR::g1107::m2111,rotation,ico_01,full_reassociation,EXACT,EXACT,0.0,0.0,false
LONG_CORRIDOR,1107,2111,dev::LONG_CORRIDOR::g1107::m2111,rotation,ico_02,frozen_jacobian,EXACT,EXACT,0.0,0.0,false
LONG_CORRIDOR,1107,2111,dev::LONG_CORRIDOR::g1107::m2111,rotation,ico_02,full_reassociation,EXACT,EXACT,0.0,0.0,false
LONG_CORRIDOR,1107,2111,dev::LONG_CORRIDOR::g1107::m2111,rotation,ico_03,frozen_jacobian,EXACT,EXACT,0.0,0.0,false
LONG_CORRIDOR,1107,2111,dev::LONG_CORRIDOR::g1107::m2111,rotation,ico_03,full_reassociation,EXACT,EXACT,0.0,0.0,false
LONG_CORRIDOR,1107,2111,dev::LONG_CORRIDOR::g1107::m2111,rotation,ico_04,frozen_jacobian,EXACT,EXACT,0.0,0.0,false
LONG_CORRIDOR,1107,2111,dev::LONG_CORRIDOR::g1107::m2111,rotation,ico_04,full_reassociation,EXACT,EXACT,0.0,0.0,false
LONG_CORRIDOR,1107,2111,dev::LONG_CORRIDOR::g1107::m2111,rotation,ico_05,frozen_jacobian,EXACT,EXACT,0.0,0.0,false
LONG_CORRIDOR,1107,2111,dev::LONG_CORRIDOR::g1107::m2111,rotation,ico_05,full_reassociation,EXACT,EXACT,0.0,0.0,false
LONG_CORRIDOR,1107,2111,dev::LONG_CORRIDOR::g1107::m2111,rotation,ico_06,frozen_jacobian,EXACT,EXACT,0.0,0.0,false
LONG_CORRIDOR,1107,2111,dev::LONG_CORRIDOR::g1107::m2111,rotation,ico_06,full_reassociation,EXACT,EXACT,0.0,0.0,false
LONG_CORRIDOR,1107,2111,dev::LONG_CORRIDOR::g1107::m2111,rotation,ico_07,frozen_jacobian,EXACT,EXACT,0.0,0.0,false
LONG_CORRIDOR,1107,2111,dev::LONG_CORRIDOR::g1107::m2111,rotation,ico_07,full_reassociation,EXACT,EXACT,0.0,0.0,false
LONG_CORRIDOR,1107,2111,dev::LONG_CORRIDOR::g1107::m2111,rotation,ico_08,frozen_jacobian,EXACT,EXACT,0.0,0.0,false
LONG_CORRIDOR,1107,2111,dev::LONG_CORRIDOR::g1107::m2111,rotation,ico_08,full_reassociation,EXACT,EXACT,0.0,0.0,false
LONG_CORRIDOR,1107,2111,dev::LONG_CORRIDOR::g1107::m2111,rotation,ico_09,frozen_jacobian,EXACT,EXACT,0.0,0.0,false
LONG_CORRIDOR,1107,2111,dev::LONG_CORRIDOR::g1107::m2111,rotation,ico_09,full_reassociation,EXACT,EXACT,0.0,0.0,false
LONG_CORRIDOR,1107,2111,dev::LONG_CORRIDOR::g1107::m2111,rotation,ico_10,frozen_jacobian,EXACT,EXACT,0.0,0.0,false
LONG_CORRIDOR,1107,2111,dev::LONG_CORRIDOR::g1107::m2111,rotation,ico_10,full_reassociation,EXACT,EXACT,0.0,0.0,false
LONG_CORRIDOR,1107,2111,dev::LONG_CORRIDOR::g1107::m2111,rotation,ico_11,frozen_jacobian,EXACT,EXACT,0.0,0.0,false
LONG_CORRIDOR,1107,2111,dev::LONG_CORRIDOR::g1107::m2111,rotation,ico_11,full_reassociation,EXACT,EXACT,0.0,0.0,false
LONG_CORRIDOR,1107,2111,dev::LONG_CORRIDOR::g1107::m2111,rotation,neg_x,frozen_jacobian,EXACT,EXACT,0.0,0.0,false
LONG_CORRIDOR,1107,2111,dev::LONG_CORRIDOR::g1107::m2111,rotation,neg_x,full_reassociation,EXACT,EXACT,0.0,0.0,false
LONG_CORRIDOR,1107,2111,dev::LONG_CORRIDOR::g1107::m2111,rotation,neg_y,frozen_jacobian,EXACT,EXACT,0.0,0.0,false
LONG_CORRIDOR,1107,2111,dev::LONG_CORRIDOR::g1107::m2111,rotation,neg_y,full_reassociation,EXACT,EXACT,0.0,0.0,false
LONG_CORRIDOR,1107,2111,dev::LONG_CORRIDOR::g1107::m2111,rotation,neg_z,frozen_jacobian,EXACT,EXACT,0.0,0.0,false
LONG_CORRIDOR,1107,2111,dev::LONG_CORRIDOR::g1107::m2111,rotation,neg_z,full_reassociation,EXACT,EXACT,0.0,0.0,false
LONG_CORRIDOR,1107,2111,dev::LONG_CORRIDOR::g1107::m2111,rotation,pos_x,frozen_jacobian,EXACT,EXACT,0.0,0.0,false
LONG_CORRIDOR,1107,2111,dev::LONG_CORRIDOR::g1107::m2111,rotation,pos_x,full_reassociation,EXACT,EXACT,0.0,0.0,false
LONG_CORRIDOR,1107,2111,dev::LONG_CORRIDOR::g1107::m2111,rotation,pos_y,frozen_jacobian,EXACT,EXACT,0.0,0.0,false
LONG_CORRIDOR,1107,2111,dev::LONG_CORRIDOR::g1107::m2111,rotation,pos_y,full_reassociation,EXACT,EXACT,0.0,0.0,false
LONG_CORRIDOR,1107,2111,dev::LONG_CORRIDOR::g1107::m2111,rotation,pos_z,frozen_jacobian,EXACT,EXACT,0.0,0.0,false
LONG_CORRIDOR,1107,2111,dev::LONG_CORRIDOR::g1107::m2111,rotation,pos_z,full_reassociation,EXACT,EXACT,0.0,0.0,false
LONG_CORRIDOR,1107,2111,dev::LONG_CORRIDOR::g1107::m2111,translation,ico_00,frozen_jacobian,EXACT,EXACT,0.0,0.0,false
LONG_CORRIDOR,1107,2111,dev::LONG_CORRIDOR::g1107::m2111,translation,ico_00,full_reassociation,EXACT,EXACT,0.0,0.0,false
LONG_CORRIDOR,1107,2111,dev::LONG_CORRIDOR::g1107::m2111,translation,ico_01,frozen_jacobian,EXACT,EXACT,0.0,0.0,false
LONG_CORRIDOR,1107,2111,dev::LONG_CORRIDOR::g1107::m2111,translation,ico_01,full_reassociation,EXACT,EXACT,0.0,0.0,false
LONG_CORRIDOR,1107,2111,dev::LONG_CORRIDOR::g1107::m2111,translation,ico_02,frozen_jacobian,EXACT,EXACT,0.0,0.0,false
LONG_CORRIDOR,1107,2111,dev::LONG_CORRIDOR::g1107::m2111,translation,ico_02,full_reassociation,EXACT,EXACT,0.0,0.0,false
LONG_CORRIDOR,1107,2111,dev::LONG_CORRIDOR::g1107::m2111,translation,ico_03,frozen_jacobian,EXACT,EXACT,0.0,0.0,false
LONG_CORRIDOR,1107,2111,dev::LONG_CORRIDOR::g1107::m2111,translation,ico_03,full_reassociation,EXACT,EXACT,0.0,0.0,false
LONG_CORRIDOR,1107,2111,dev::LONG_CORRIDOR::g1107::m2111,translation,ico_04,frozen_jacobian,EXACT,EXACT,0.0,0.0,false
LONG_CORRIDOR,1107,2111,dev::LONG_CORRIDOR::g1107::m2111,translation,ico_04,full_reassociation,EXACT,EXACT,0.0,0.0,false
LONG_CORRIDOR,1107,2111,dev::LONG_CORRIDOR::g1107::m2111,translation,ico_05,frozen_jacobian,EXACT,EXACT,0.0,0.0,false
LONG_CORRIDOR,1107,2111,dev::LONG_CORRIDOR::g1107::m2111,translation,ico_05,full_reassociation,EXACT,EXACT,0.0,0.0,false
LONG_CORRIDOR,1107,2111,dev::LONG_CORRIDOR::g1107::m2111,translation,ico_06,frozen_jacobian,EXACT,EXACT,0.0,0.0,false
LONG_CORRIDOR,1107,2111,dev::LONG_CORRIDOR::g1107::m2111,translation,ico_06,full_reassociation,EXACT,EXACT,0.0,0.0,false
LONG_CORRIDOR,1107,2111,dev::LONG_CORRIDOR::g1107::m2111,translation,ico_07,frozen_jacobian,EXACT,EXACT,0.0,0.0,false
LONG_CORRIDOR,1107,2111,dev::LONG_CORRIDOR::g1107::m2111,translation,ico_07,full_reassociation,EXACT,EXACT,0.0,0.0,false
LONG_CORRIDOR,1107,2111,dev::LONG_CORRIDOR::g1107::m2111,translation,ico_08,frozen_jacobian,EXACT,EXACT,0.0,0.0,false
LONG_CORRIDOR,1107,2111,dev::LONG_CORRIDOR::g1107::m2111,translation,ico_08,full_reassociation,EXACT,EXACT,0.0,0.0,false
LONG_CORRIDOR,1107,2111,dev::LONG_CORRIDOR::g1107::m2111,translation,ico_09,frozen_jacobian,EXACT,EXACT,0.0,0.0,false
LONG_CORRIDOR,1107,2111,dev::LONG_CORRIDOR::g1107::m2111,translation,ico_09,full_reassociation,EXACT,EXACT,0.0,0.0,false
LONG_CORRIDOR,1107,2111,dev::LONG_CORRIDOR::g1107::m2111,translation,ico_10,frozen_jacobian,EXACT,EXACT,0.0,0.0,false
LONG_CORRIDOR,1107,2111,dev::LONG_CORRIDOR::g1107::m2111,translation,ico_10,full_reassociation,EXACT,EXACT,0.0,0.0,false
LONG_CORRIDOR,1107,2111,dev::LONG_CORRIDOR::g1107::m2111,translation,ico_11,frozen_jacobian,EXACT,EXACT,0.0,0.0,false
LONG_CORRIDOR,1107,2111,dev::LONG_CORRIDOR::g1107::m2111,translation,ico_11,full_reassociation,EXACT,EXACT,0.0,0.0,false
LONG_CORRIDOR,1107,2111,dev::LONG_CORRIDOR::g1107::m2111,translation,neg_x,frozen_jacobian,EXACT,EXACT,0.0,0.0,false
LONG_CORRIDOR,1107,2111,dev::LONG_CORRIDOR::g1107::m2111,translation,neg_x,full_reassociation,EXACT,EXACT,0.0,0.0,false
LONG_CORRIDOR,1107,2111,dev::LONG_CORRIDOR::g1107::m2111,translation,neg_y,frozen_jacobian,EXACT,EXACT,0.0,0.0,false
LONG_CORRIDOR,1107,2111,dev::LONG_CORRIDOR::g1107::m2111,translation,neg_y,full_reassociation,EXACT,EXACT,0.0,0.0,false
LONG_CORRIDOR,1107,2111,dev::LONG_CORRIDOR::g1107::m2111,translation,neg_z,frozen_jacobian,EXACT,EXACT,0.0,0.0,false
LONG_CORRIDOR,1107,2111,dev::LONG_CORRIDOR::g1107::m2111,translation,neg_z,full_reassociation,EXACT,EXACT,0.0,0.0,false
LONG_CORRIDOR,1107,2111,dev::LONG_CORRIDOR::g1107::m2111,translation,pos_x,frozen_jacobian,EXACT,EXACT,0.0,0.0,false
LONG_CORRIDOR,1107,2111,dev::LONG_CORRIDOR::g1107::m2111,translation,pos_x,full_reassociation,EXACT,EXACT,0.0,0.0,false
LONG_CORRIDOR,1107,2111,dev::LONG_CORRIDOR::g1107::m2111,translation,pos_y,frozen_jacobian,EXACT,EXACT,0.0,0.0,false
LONG_CORRIDOR,1107,2111,dev::LONG_CORRIDOR::g1107::m2111,translation,pos_y,full_reassociation,EXACT,EXACT,0.0,0.0,false
LONG_CORRIDOR,1107,2111,dev::LONG_CORRIDOR::g1107::m2111,translation,pos_z,frozen_jacobian,EXACT,EXACT,0.0,0.0,false
LONG_CORRIDOR,1107,2111,dev::LONG_CORRIDOR::g1107::m2111,translation,pos_z,full_reassociation,EXACT,EXACT,0.0,0.0,false
PARALLEL_WALLS,1101,2101,dev::PARALLEL_WALLS::g1101::m2101,rotation,ico_00,frozen_jacobian,RIGHT_CENSORED,RIGHT_CENSORED,,,false
PARALLEL_WALLS,1101,2101,dev::PARALLEL_WALLS::g1101::m2101,rotation,ico_00,full_reassociation,EXACT,EXACT,0.0,0.0,false
PARALLEL_WALLS,1101,2101,dev::PARALLEL_WALLS::g1101::m2101,rotation,ico_01,frozen_jacobian,RIGHT_CENSORED,RIGHT_CENSORED,,,false
PARALLEL_WALLS,1101,2101,dev::PARALLEL_WALLS::g1101::m2101,rotation,ico_01,full_reassociation,EXACT,EXACT,0.0,0.0,false
PARALLEL_WALLS,1101,2101,dev::PARALLEL_WALLS::g1101::m2101,rotation,ico_02,frozen_jacobian,RIGHT_CENSORED,RIGHT_CENSORED,,,false
PARALLEL_WALLS,1101,2101,dev::PARALLEL_WALLS::g1101::m2101,rotation,ico_02,full_reassociation,EXACT,EXACT,0.0,0.0,false
PARALLEL_WALLS,1101,2101,dev::PARALLEL_WALLS::g1101::m2101,rotation,ico_03,frozen_jacobian,RIGHT_CENSORED,RIGHT_CENSORED,,,false
PARALLEL_WALLS,1101,2101,dev::PARALLEL_WALLS::g1101::m2101,rotation,ico_03,full_reassociation,EXACT,EXACT,0.0,0.0,false
PARALLEL_WALLS,1101,2101,dev::PARALLEL_WALLS::g1101::m2101,rotation,ico_04,frozen_jacobian,RIGHT_CENSORED,RIGHT_CENSORED,,,false
PARALLEL_WALLS,1101,2101,dev::PARALLEL_WALLS::g1101::m2101,rotation,ico_04,full_reassociation,EXACT,EXACT,0.0,0.0,false
PARALLEL_WALLS,1101,2101,dev::PARALLEL_WALLS::g1101::m2101,rotation,ico_05,frozen_jacobian,RIGHT_CENSORED,RIGHT_CENSORED,,,false
PARALLEL_WALLS,1101,2101,dev::PARALLEL_WALLS::g1101::m2101,rotation,ico_05,full_reassociation,EXACT,EXACT,0.0,0.0,false
PARALLEL_WALLS,1101,2101,dev::PARALLEL_WALLS::g1101::m2101,rotation,ico_06,frozen_jacobian,RIGHT_CENSORED,RIGHT_CENSORED,,,false
PARALLEL_WALLS,1101,2101,dev::PARALLEL_WALLS::g1101::m2101,rotation,ico_06,full_reassociation,EXACT,EXACT,0.0,0.0,false
PARALLEL_WALLS,1101,2101,dev::PARALLEL_WALLS::g1101::m2101,rotation,ico_07,frozen_jacobian,RIGHT_CENSORED,RIGHT_CENSORED,,,false
PARALLEL_WALLS,1101,2101,dev::PARALLEL_WALLS::g1101::m2101,rotation,ico_07,full_reassociation,EXACT,EXACT,0.0,0.0,false
PARALLEL_WALLS,1101,2101,dev::PARALLEL_WALLS::g1101::m2101,rotation,ico_08,frozen_jacobian,RIGHT_CENSORED,RIGHT_CENSORED,,,false
PARALLEL_WALLS,1101,2101,dev::PARALLEL_WALLS::g1101::m2101,rotation,ico_08,full_reassociation,EXACT,EXACT,0.0,0.0,false
PARALLEL_WALLS,1101,2101,dev::PARALLEL_WALLS::g1101::m2101,rotation,ico_09,frozen_jacobian,RIGHT_CENSORED,RIGHT_CENSORED,,,false
PARALLEL_WALLS,1101,2101,dev::PARALLEL_WALLS::g1101::m2101,rotation,ico_09,full_reassociation,EXACT,EXACT,0.0,0.0,false
PARALLEL_WALLS,1101,2101,dev::PARALLEL_WALLS::g1101::m2101,rotation,ico_10,frozen_jacobian,RIGHT_CENSORED,RIGHT_CENSORED,,,false
PARALLEL_WALLS,1101,2101,dev::PARALLEL_WALLS::g1101::m2101,rotation,ico_10,full_reassociation,EXACT,EXACT,0.0,0.0,false
PARALLEL_WALLS,1101,2101,dev::PARALLEL_WALLS::g1101::m2101,rotation,ico_11,frozen_jacobian,RIGHT_CENSORED,RIGHT_CENSORED,,,false
PARALLEL_WALLS,1101,2101,dev::PARALLEL_WALLS::g1101::m2101,rotation,ico_11,full_reassociation,EXACT,EXACT,0.0,0.0,false
PARALLEL_WALLS,1101,2101,dev::PARALLEL_WALLS::g1101::m2101,rotation,neg_x,frozen_jacobian,RIGHT_CENSORED,RIGHT_CENSORED,,,false
PARALLEL_WALLS,1101,2101,dev::PARALLEL_WALLS::g1101::m2101,rotation,neg_x,full_reassociation,EXACT,EXACT,0.0,0.0,false
PARALLEL_WALLS,1101,2101,dev::PARALLEL_WALLS::g1101::m2101,rotation,neg_y,frozen_jacobian,RIGHT_CENSORED,RIGHT_CENSORED,,,false
PARALLEL_WALLS,1101,2101,dev::PARALLEL_WALLS::g1101::m2101,rotation,neg_y,full_reassociation,EXACT,EXACT,0.0,0.0,false
PARALLEL_WALLS,1101,2101,dev::PARALLEL_WALLS::g1101::m2101,rotation,neg_z,frozen_jacobian,RIGHT_CENSORED,RIGHT_CENSORED,,,false
PARALLEL_WALLS,1101,2101,dev::PARALLEL_WALLS::g1101::m2101,rotation,neg_z,full_reassociation,EXACT,EXACT,0.0,0.0,false
PARALLEL_WALLS,1101,2101,dev::PARALLEL_WALLS::g1101::m2101,rotation,pos_x,frozen_jacobian,RIGHT_CENSORED,RIGHT_CENSORED,,,false
PARALLEL_WALLS,1101,2101,dev::PARALLEL_WALLS::g1101::m2101,rotation,pos_x,full_reassociation,EXACT,EXACT,0.0,0.0,false
PARALLEL_WALLS,1101,2101,dev::PARALLEL_WALLS::g1101::m2101,rotation,pos_y,frozen_jacobian,RIGHT_CENSORED,RIGHT_CENSORED,,,false
PARALLEL_WALLS,1101,2101,dev::PARALLEL_WALLS::g1101::m2101,rotation,pos_y,full_reassociation,EXACT,EXACT,0.0,0.0,false
PARALLEL_WALLS,1101,2101,dev::PARALLEL_WALLS::g1101::m2101,rotation,pos_z,frozen_jacobian,RIGHT_CENSORED,RIGHT_CENSORED,,,false
PARALLEL_WALLS,1101,2101,dev::PARALLEL_WALLS::g1101::m2101,rotation,pos_z,full_reassociation,EXACT,EXACT,0.0,0.0,false
PARALLEL_WALLS,1101,2101,dev::PARALLEL_WALLS::g1101::m2101,translation,ico_00,frozen_jacobian,RIGHT_CENSORED,RIGHT_CENSORED,,,false
PARALLEL_WALLS,1101,2101,dev::PARALLEL_WALLS::g1101::m2101,translation,ico_00,full_reassociation,EXACT,EXACT,0.0,0.0,false
PARALLEL_WALLS,1101,2101,dev::PARALLEL_WALLS::g1101::m2101,translation,ico_01,frozen_jacobian,RIGHT_CENSORED,RIGHT_CENSORED,,,false
PARALLEL_WALLS,1101,2101,dev::PARALLEL_WALLS::g1101::m2101,translation,ico_01,full_reassociation,EXACT,EXACT,0.0,0.0,false
PARALLEL_WALLS,1101,2101,dev::PARALLEL_WALLS::g1101::m2101,translation,ico_02,frozen_jacobian,RIGHT_CENSORED,RIGHT_CENSORED,,,false
PARALLEL_WALLS,1101,2101,dev::PARALLEL_WALLS::g1101::m2101,translation,ico_02,full_reassociation,EXACT,EXACT,0.0,0.0,false
PARALLEL_WALLS,1101,2101,dev::PARALLEL_WALLS::g1101::m2101,translation,ico_03,frozen_jacobian,RIGHT_CENSORED,RIGHT_CENSORED,,,false
PARALLEL_WALLS,1101,2101,dev::PARALLEL_WALLS::g1101::m2101,translation,ico_03,full_reassociation,EXACT,EXACT,0.0,0.0,false
PARALLEL_WALLS,1101,2101,dev::PARALLEL_WALLS::g1101::m2101,translation,ico_04,frozen_jacobian,RIGHT_CENSORED,RIGHT_CENSORED,,,false
PARALLEL_WALLS,1101,2101,dev::PARALLEL_WALLS::g1101::m2101,translation,ico_04,full_reassociation,EXACT,EXACT,0.0,0.0,false
PARALLEL_WALLS,1101,2101,dev::PARALLEL_WALLS::g1101::m2101,translation,ico_05,frozen_jacobian,RIGHT_CENSORED,RIGHT_CENSORED,,,false
PARALLEL_WALLS,1101,2101,dev::PARALLEL_WALLS::g1101::m2101,translation,ico_05,full_reassociation,EXACT,EXACT,0.0,0.0,false
PARALLEL_WALLS,1101,2101,dev::PARALLEL_WALLS::g1101::m2101,translation,ico_06,frozen_jacobian,RIGHT_CENSORED,RIGHT_CENSORED,,,false
PARALLEL_WALLS,1101,2101,dev::PARALLEL_WALLS::g1101::m2101,translation,ico_06,full_reassociation,EXACT,EXACT,0.0,0.0,false
PARALLEL_WALLS,1101,2101,dev::PARALLEL_WALLS::g1101::m2101,translation,ico_07,frozen_jacobian,RIGHT_CENSORED,RIGHT_CENSORED,,,false
PARALLEL_WALLS,1101,2101,dev::PARALLEL_WALLS::g1101::m2101,translation,ico_07,full_reassociation,EXACT,EXACT,0.0,0.0,false
PARALLEL_WALLS,1101,2101,dev::PARALLEL_WALLS::g1101::m2101,translation,ico_08,frozen_jacobian,RIGHT_CENSORED,RIGHT_CENSORED,,,false
PARALLEL_WALLS,1101,2101,dev::PARALLEL_WALLS::g1101::m2101,translation,ico_08,full_reassociation,EXACT,EXACT,0.0,0.0,false
PARALLEL_WALLS,1101,2101,dev::PARALLEL_WALLS::g1101::m2101,translation,ico_09,frozen_jacobian,RIGHT_CENSORED,RIGHT_CENSORED,,,false
PARALLEL_WALLS,1101,2101,dev::PARALLEL_WALLS::g1101::m2101,translation,ico_09,full_reassociation,EXACT,EXACT,0.0,0.0,false
PARALLEL_WALLS,1101,2101,dev::PARALLEL_WALLS::g1101::m2101,translation,ico_10,frozen_jacobian,RIGHT_CENSORED,RIGHT_CENSORED,,,false
PARALLEL_WALLS,1101,2101,dev::PARALLEL_WALLS::g1101::m2101,translation,ico_10,full_reassociation,EXACT,EXACT,0.0,0.0,false
PARALLEL_WALLS,1101,2101,dev::PARALLEL_WALLS::g1101::m2101,translation,ico_11,frozen_jacobian,RIGHT_CENSORED,RIGHT_CENSORED,,,false
PARALLEL_WALLS,1101,2101,dev::PARALLEL_WALLS::g1101::m2101,translation,ico_11,full_reassociation,EXACT,EXACT,0.0,0.0,false
PARALLEL_WALLS,1101,2101,dev::PARALLEL_WALLS::g1101::m2101,translation,neg_x,frozen_jacobian,RIGHT_CENSORED,RIGHT_CENSORED,,,false
PARALLEL_WALLS,1101,2101,dev::PARALLEL_WALLS::g1101::m2101,translation,neg_x,full_reassociation,EXACT,EXACT,0.0,0.0,false
PARALLEL_WALLS,1101,2101,dev::PARALLEL_WALLS::g1101::m2101,translation,neg_y,frozen_jacobian,RIGHT_CENSORED,RIGHT_CENSORED,,,false
PARALLEL_WALLS,1101,2101,dev::PARALLEL_WALLS::g1101::m2101,translation,neg_y,full_reassociation,EXACT,EXACT,0.0,0.0,false
PARALLEL_WALLS,1101,2101,dev::PARALLEL_WALLS::g1101::m2101,translation,neg_z,frozen_jacobian,RIGHT_CENSORED,RIGHT_CENSORED,,,false
PARALLEL_WALLS,1101,2101,dev::PARALLEL_WALLS::g1101::m2101,translation,neg_z,full_reassociation,EXACT,EXACT,0.0,0.0,false
PARALLEL_WALLS,1101,2101,dev::PARALLEL_WALLS::g1101::m2101,translation,pos_x,frozen_jacobian,RIGHT_CENSORED,RIGHT_CENSORED,,,false
PARALLEL_WALLS,1101,2101,dev::PARALLEL_WALLS::g1101::m2101,translation,pos_x,full_reassociation,EXACT,EXACT,0.0,0.0,false
PARALLEL_WALLS,1101,2101,dev::PARALLEL_WALLS::g1101::m2101,translation,pos_y,frozen_jacobian,RIGHT_CENSORED,RIGHT_CENSORED,,,false
PARALLEL_WALLS,1101,2101,dev::PARALLEL_WALLS::g1101::m2101,translation,pos_y,full_reassociation,EXACT,EXACT,0.0,0.0,false
PARALLEL_WALLS,1101,2101,dev::PARALLEL_WALLS::g1101::m2101,translation,pos_z,frozen_jacobian,RIGHT_CENSORED,RIGHT_CENSORED,,,false
PARALLEL_WALLS,1101,2101,dev::PARALLEL_WALLS::g1101::m2101,translation,pos_z,full_reassociation,EXACT,EXACT,0.0,0.0,false
PARALLEL_WALLS,1101,2111,dev::PARALLEL_WALLS::g1101::m2111,rotation,ico_00,frozen_jacobian,RIGHT_CENSORED,RIGHT_CENSORED,,,false
PARALLEL_WALLS,1101,2111,dev::PARALLEL_WALLS::g1101::m2111,rotation,ico_00,full_reassociation,EXACT,EXACT,0.0,0.0,false
PARALLEL_WALLS,1101,2111,dev::PARALLEL_WALLS::g1101::m2111,rotation,ico_01,frozen_jacobian,RIGHT_CENSORED,RIGHT_CENSORED,,,false
PARALLEL_WALLS,1101,2111,dev::PARALLEL_WALLS::g1101::m2111,rotation,ico_01,full_reassociation,EXACT,EXACT,0.0,0.0,false
PARALLEL_WALLS,1101,2111,dev::PARALLEL_WALLS::g1101::m2111,rotation,ico_02,frozen_jacobian,RIGHT_CENSORED,RIGHT_CENSORED,,,false
PARALLEL_WALLS,1101,2111,dev::PARALLEL_WALLS::g1101::m2111,rotation,ico_02,full_reassociation,EXACT,EXACT,0.0,0.0,false
PARALLEL_WALLS,1101,2111,dev::PARALLEL_WALLS::g1101::m2111,rotation,ico_03,frozen_jacobian,RIGHT_CENSORED,RIGHT_CENSORED,,,false
PARALLEL_WALLS,1101,2111,dev::PARALLEL_WALLS::g1101::m2111,rotation,ico_03,full_reassociation,EXACT,EXACT,0.0,0.0,false
PARALLEL_WALLS,1101,2111,dev::PARALLEL_WALLS::g1101::m2111,rotation,ico_04,frozen_jacobian,RIGHT_CENSORED,RIGHT_CENSORED,,,false
PARALLEL_WALLS,1101,2111,dev::PARALLEL_WALLS::g1101::m2111,rotation,ico_04,full_reassociation,EXACT,EXACT,0.0,0.0,false
PARALLEL_WALLS,1101,2111,dev::PARALLEL_WALLS::g1101::m2111,rotation,ico_05,frozen_jacobian,RIGHT_CENSORED,RIGHT_CENSORED,,,false
PARALLEL_WALLS,1101,2111,dev::PARALLEL_WALLS::g1101::m2111,rotation,ico_05,full_reassociation,EXACT,EXACT,0.0,0.0,false
PARALLEL_WALLS,1101,2111,dev::PARALLEL_WALLS::g1101::m2111,rotation,ico_06,frozen_jacobian,RIGHT_CENSORED,RIGHT_CENSORED,,,false
PARALLEL_WALLS,1101,2111,dev::PARALLEL_WALLS::g1101::m2111,rotation,ico_06,full_reassociation,EXACT,EXACT,0.0,0.0,false
PARALLEL_WALLS,1101,2111,dev::PARALLEL_WALLS::g1101::m2111,rotation,ico_07,frozen_jacobian,RIGHT_CENSORED,RIGHT_CENSORED,,,false
PARALLEL_WALLS,1101,2111,dev::PARALLEL_WALLS::g1101::m2111,rotation,ico_07,full_reassociation,EXACT,EXACT,0.0,0.0,false
PARALLEL_WALLS,1101,2111,dev::PARALLEL_WALLS::g1101::m2111,rotation,ico_08,frozen_jacobian,RIGHT_CENSORED,RIGHT_CENSORED,,,false
PARALLEL_WALLS,1101,2111,dev::PARALLEL_WALLS::g1101::m2111,rotation,ico_08,full_reassociation,EXACT,EXACT,0.0,0.0,false
PARALLEL_WALLS,1101,2111,dev::PARALLEL_WALLS::g1101::m2111,rotation,ico_09,frozen_jacobian,RIGHT_CENSORED,RIGHT_CENSORED,,,false
PARALLEL_WALLS,1101,2111,dev::PARALLEL_WALLS::g1101::m2111,rotation,ico_09,full_reassociation,EXACT,EXACT,0.0,0.0,false
PARALLEL_WALLS,1101,2111,dev::PARALLEL_WALLS::g1101::m2111,rotation,ico_10,frozen_jacobian,RIGHT_CENSORED,RIGHT_CENSORED,,,false
PARALLEL_WALLS,1101,2111,dev::PARALLEL_WALLS::g1101::m2111,rotation,ico_10,full_reassociation,EXACT,EXACT,0.0,0.0,false
PARALLEL_WALLS,1101,2111,dev::PARALLEL_WALLS::g1101::m2111,rotation,ico_11,frozen_jacobian,RIGHT_CENSORED,RIGHT_CENSORED,,,false
PARALLEL_WALLS,1101,2111,dev::PARALLEL_WALLS::g1101::m2111,rotation,ico_11,full_reassociation,EXACT,EXACT,0.0,0.0,false
PARALLEL_WALLS,1101,2111,dev::PARALLEL_WALLS::g1101::m2111,rotation,neg_x,frozen_jacobian,RIGHT_CENSORED,RIGHT_CENSORED,,,false
PARALLEL_WALLS,1101,2111,dev::PARALLEL_WALLS::g1101::m2111,rotation,neg_x,full_reassociation,EXACT,EXACT,0.0,0.0,false
PARALLEL_WALLS,1101,2111,dev::PARALLEL_WALLS::g1101::m2111,rotation,neg_y,frozen_jacobian,RIGHT_CENSORED,RIGHT_CENSORED,,,false
PARALLEL_WALLS,1101,2111,dev::PARALLEL_WALLS::g1101::m2111,rotation,neg_y,full_reassociation,EXACT,EXACT,0.0,0.0,false
PARALLEL_WALLS,1101,2111,dev::PARALLEL_WALLS::g1101::m2111,rotation,neg_z,frozen_jacobian,RIGHT_CENSORED,RIGHT_CENSORED,,,false
PARALLEL_WALLS,1101,2111,dev::PARALLEL_WALLS::g1101::m2111,rotation,neg_z,full_reassociation,EXACT,EXACT,0.0,0.0,false
PARALLEL_WALLS,1101,2111,dev::PARALLEL_WALLS::g1101::m2111,rotation,pos_x,frozen_jacobian,RIGHT_CENSORED,RIGHT_CENSORED,,,false
PARALLEL_WALLS,1101,2111,dev::PARALLEL_WALLS::g1101::m2111,rotation,pos_x,full_reassociation,EXACT,EXACT,0.0,0.0,false
PARALLEL_WALLS,1101,2111,dev::PARALLEL_WALLS::g1101::m2111,rotation,pos_y,frozen_jacobian,RIGHT_CENSORED,RIGHT_CENSORED,,,false
PARALLEL_WALLS,1101,2111,dev::PARALLEL_WALLS::g1101::m2111,rotation,pos_y,full_reassociation,EXACT,EXACT,0.0,0.0,false
PARALLEL_WALLS,1101,2111,dev::PARALLEL_WALLS::g1101::m2111,rotation,pos_z,frozen_jacobian,RIGHT_CENSORED,RIGHT_CENSORED,,,false
PARALLEL_WALLS,1101,2111,dev::PARALLEL_WALLS::g1101::m2111,rotation,pos_z,full_reassociation,EXACT,EXACT,0.0,0.0,false
PARALLEL_WALLS,1101,2111,dev::PARALLEL_WALLS::g1101::m2111,translation,ico_00,frozen_jacobian,RIGHT_CENSORED,RIGHT_CENSORED,,,false
PARALLEL_WALLS,1101,2111,dev::PARALLEL_WALLS::g1101::m2111,translation,ico_00,full_reassociation,EXACT,EXACT,0.0,0.0,false
PARALLEL_WALLS,1101,2111,dev::PARALLEL_WALLS::g1101::m2111,translation,ico_01,frozen_jacobian,RIGHT_CENSORED,RIGHT_CENSORED,,,false
PARALLEL_WALLS,1101,2111,dev::PARALLEL_WALLS::g1101::m2111,translation,ico_01,full_reassociation,EXACT,EXACT,0.0,0.0,false
PARALLEL_WALLS,1101,2111,dev::PARALLEL_WALLS::g1101::m2111,translation,ico_02,frozen_jacobian,RIGHT_CENSORED,RIGHT_CENSORED,,,false
PARALLEL_WALLS,1101,2111,dev::PARALLEL_WALLS::g1101::m2111,translation,ico_02,full_reassociation,EXACT,EXACT,0.0,0.0,false
PARALLEL_WALLS,1101,2111,dev::PARALLEL_WALLS::g1101::m2111,translation,ico_03,frozen_jacobian,RIGHT_CENSORED,RIGHT_CENSORED,,,false
PARALLEL_WALLS,1101,2111,dev::PARALLEL_WALLS::g1101::m2111,translation,ico_03,full_reassociation,EXACT,EXACT,0.0,0.0,false
PARALLEL_WALLS,1101,2111,dev::PARALLEL_WALLS::g1101::m2111,translation,ico_04,frozen_jacobian,RIGHT_CENSORED,RIGHT_CENSORED,,,false
PARALLEL_WALLS,1101,2111,dev::PARALLEL_WALLS::g1101::m2111,translation,ico_04,full_reassociation,EXACT,EXACT,0.0,0.0,false
PARALLEL_WALLS,1101,2111,dev::PARALLEL_WALLS::g1101::m2111,translation,ico_05,frozen_jacobian,RIGHT_CENSORED,RIGHT_CENSORED,,,false
PARALLEL_WALLS,1101,2111,dev::PARALLEL_WALLS::g1101::m2111,translation,ico_05,full_reassociation,EXACT,EXACT,0.0,0.0,false
PARALLEL_WALLS,1101,2111,dev::PARALLEL_WALLS::g1101::m2111,translation,ico_06,frozen_jacobian,RIGHT_CENSORED,RIGHT_CENSORED,,,false
PARALLEL_WALLS,1101,2111,dev::PARALLEL_WALLS::g1101::m2111,translation,ico_06,full_reassociation,EXACT,EXACT,0.0,0.0,false
PARALLEL_WALLS,1101,2111,dev::PARALLEL_WALLS::g1101::m2111,translation,ico_07,frozen_jacobian,RIGHT_CENSORED,RIGHT_CENSORED,,,false
PARALLEL_WALLS,1101,2111,dev::PARALLEL_WALLS::g1101::m2111,translation,ico_07,full_reassociation,EXACT,EXACT,0.0,0.0,false
PARALLEL_WALLS,1101,2111,dev::PARALLEL_WALLS::g1101::m2111,translation,ico_08,frozen_jacobian,RIGHT_CENSORED,RIGHT_CENSORED,,,false
PARALLEL_WALLS,1101,2111,dev::PARALLEL_WALLS::g1101::m2111,translation,ico_08,full_reassociation,EXACT,EXACT,0.0,0.0,false
PARALLEL_WALLS,1101,2111,dev::PARALLEL_WALLS::g1101::m2111,translation,ico_09,frozen_jacobian,RIGHT_CENSORED,RIGHT_CENSORED,,,false
PARALLEL_WALLS,1101,2111,dev::PARALLEL_WALLS::g1101::m2111,translation,ico_09,full_reassociation,EXACT,EXACT,0.0,0.0,false
PARALLEL_WALLS,1101,2111,dev::PARALLEL_WALLS::g1101::m2111,translation,ico_10,frozen_jacobian,RIGHT_CENSORED,RIGHT_CENSORED,,,false
PARALLEL_WALLS,1101,2111,dev::PARALLEL_WALLS::g1101::m2111,translation,ico_10,full_reassociation,EXACT,EXACT,0.0,0.0,false
PARALLEL_WALLS,1101,2111,dev::PARALLEL_WALLS::g1101::m2111,translation,ico_11,frozen_jacobian,RIGHT_CENSORED,RIGHT_CENSORED,,,false
PARALLEL_WALLS,1101,2111,dev::PARALLEL_WALLS::g1101::m2111,translation,ico_11,full_reassociation,EXACT,EXACT,0.0,0.0,false
PARALLEL_WALLS,1101,2111,dev::PARALLEL_WALLS::g1101::m2111,translation,neg_x,frozen_jacobian,RIGHT_CENSORED,RIGHT_CENSORED,,,false
PARALLEL_WALLS,1101,2111,dev::PARALLEL_WALLS::g1101::m2111,translation,neg_x,full_reassociation,EXACT,EXACT,0.0,0.0,false
PARALLEL_WALLS,1101,2111,dev::PARALLEL_WALLS::g1101::m2111,translation,neg_y,frozen_jacobian,RIGHT_CENSORED,RIGHT_CENSORED,,,false
PARALLEL_WALLS,1101,2111,dev::PARALLEL_WALLS::g1101::m2111,translation,neg_y,full_reassociation,EXACT,EXACT,0.0,0.0,false
PARALLEL_WALLS,1101,2111,dev::PARALLEL_WALLS::g1101::m2111,translation,neg_z,frozen_jacobian,RIGHT_CENSORED,RIGHT_CENSORED,,,false
PARALLEL_WALLS,1101,2111,dev::PARALLEL_WALLS::g1101::m2111,translation,neg_z,full_reassociation,EXACT,EXACT,0.0,0.0,false
PARALLEL_WALLS,1101,2111,dev::PARALLEL_WALLS::g1101::m2111,translation,pos_x,frozen_jacobian,RIGHT_CENSORED,RIGHT_CENSORED,,,false
PARALLEL_WALLS,1101,2111,dev::PARALLEL_WALLS::g1101::m2111,translation,pos_x,full_reassociation,EXACT,EXACT,0.0,0.0,false
PARALLEL_WALLS,1101,2111,dev::PARALLEL_WALLS::g1101::m2111,translation,pos_y,frozen_jacobian,RIGHT_CENSORED,RIGHT_CENSORED,,,false
PARALLEL_WALLS,1101,2111,dev::PARALLEL_WALLS::g1101::m2111,translation,pos_y,full_reassociation,EXACT,EXACT,0.0,0.0,false
PARALLEL_WALLS,1101,2111,dev::PARALLEL_WALLS::g1101::m2111,translation,pos_z,frozen_jacobian,RIGHT_CENSORED,RIGHT_CENSORED,,,false
PARALLEL_WALLS,1101,2111,dev::PARALLEL_WALLS::g1101::m2111,translation,pos_z,full_reassociation,EXACT,EXACT,0.0,0.0,false
PARALLEL_WALLS,1103,2101,dev::PARALLEL_WALLS::g1103::m2101,rotation,ico_00,frozen_jacobian,EXACT,EXACT,0.0,0.0,false
PARALLEL_WALLS,1103,2101,dev::PARALLEL_WALLS::g1103::m2101,rotation,ico_00,full_reassociation,EXACT,EXACT,0.0,0.0,false
PARALLEL_WALLS,1103,2101,dev::PARALLEL_WALLS::g1103::m2101,rotation,ico_01,frozen_jacobian,EXACT,EXACT,0.0,0.0,false
PARALLEL_WALLS,1103,2101,dev::PARALLEL_WALLS::g1103::m2101,rotation,ico_01,full_reassociation,EXACT,EXACT,0.0,0.0,false
PARALLEL_WALLS,1103,2101,dev::PARALLEL_WALLS::g1103::m2101,rotation,ico_02,frozen_jacobian,EXACT,EXACT,0.0,0.0,false
PARALLEL_WALLS,1103,2101,dev::PARALLEL_WALLS::g1103::m2101,rotation,ico_02,full_reassociation,EXACT,EXACT,0.0,0.0,false
PARALLEL_WALLS,1103,2101,dev::PARALLEL_WALLS::g1103::m2101,rotation,ico_03,frozen_jacobian,EXACT,EXACT,0.0,0.0,false
PARALLEL_WALLS,1103,2101,dev::PARALLEL_WALLS::g1103::m2101,rotation,ico_03,full_reassociation,EXACT,EXACT,0.0,0.0,false
PARALLEL_WALLS,1103,2101,dev::PARALLEL_WALLS::g1103::m2101,rotation,ico_04,frozen_jacobian,EXACT,EXACT,0.0,0.0,false
PARALLEL_WALLS,1103,2101,dev::PARALLEL_WALLS::g1103::m2101,rotation,ico_04,full_reassociation,EXACT,EXACT,0.0,0.0,false
PARALLEL_WALLS,1103,2101,dev::PARALLEL_WALLS::g1103::m2101,rotation,ico_05,frozen_jacobian,EXACT,EXACT,0.0,0.0,false
PARALLEL_WALLS,1103,2101,dev::PARALLEL_WALLS::g1103::m2101,rotation,ico_05,full_reassociation,EXACT,EXACT,0.0,0.0,false
PARALLEL_WALLS,1103,2101,dev::PARALLEL_WALLS::g1103::m2101,rotation,ico_06,frozen_jacobian,EXACT,EXACT,0.0,0.0,false
PARALLEL_WALLS,1103,2101,dev::PARALLEL_WALLS::g1103::m2101,rotation,ico_06,full_reassociation,EXACT,EXACT,0.0,0.0,false
PARALLEL_WALLS,1103,2101,dev::PARALLEL_WALLS::g1103::m2101,rotation,ico_07,frozen_jacobian,EXACT,EXACT,0.0,0.0,false
PARALLEL_WALLS,1103,2101,dev::PARALLEL_WALLS::g1103::m2101,rotation,ico_07,full_reassociation,EXACT,EXACT,0.0,0.0,false
PARALLEL_WALLS,1103,2101,dev::PARALLEL_WALLS::g1103::m2101,rotation,ico_08,frozen_jacobian,EXACT,EXACT,0.0,0.0,false
PARALLEL_WALLS,1103,2101,dev::PARALLEL_WALLS::g1103::m2101,rotation,ico_08,full_reassociation,EXACT,EXACT,0.0,0.0,false
PARALLEL_WALLS,1103,2101,dev::PARALLEL_WALLS::g1103::m2101,rotation,ico_09,frozen_jacobian,EXACT,EXACT,0.0,0.0,false
PARALLEL_WALLS,1103,2101,dev::PARALLEL_WALLS::g1103::m2101,rotation,ico_09,full_reassociation,EXACT,EXACT,0.0,0.0,false
PARALLEL_WALLS,1103,2101,dev::PARALLEL_WALLS::g1103::m2101,rotation,ico_10,frozen_jacobian,EXACT,EXACT,0.0,0.0,false
PARALLEL_WALLS,1103,2101,dev::PARALLEL_WALLS::g1103::m2101,rotation,ico_10,full_reassociation,EXACT,EXACT,0.0,0.0,false
PARALLEL_WALLS,1103,2101,dev::PARALLEL_WALLS::g1103::m2101,rotation,ico_11,frozen_jacobian,EXACT,EXACT,0.0,0.0,false
PARALLEL_WALLS,1103,2101,dev::PARALLEL_WALLS::g1103::m2101,rotation,ico_11,full_reassociation,EXACT,EXACT,0.0,0.0,false
PARALLEL_WALLS,1103,2101,dev::PARALLEL_WALLS::g1103::m2101,rotation,neg_x,frozen_jacobian,EXACT,EXACT,0.0,0.0,false
PARALLEL_WALLS,1103,2101,dev::PARALLEL_WALLS::g1103::m2101,rotation,neg_x,full_reassociation,EXACT,EXACT,0.0,0.0,false
PARALLEL_WALLS,1103,2101,dev::PARALLEL_WALLS::g1103::m2101,rotation,neg_y,frozen_jacobian,EXACT,EXACT,0.0,0.0,false
PARALLEL_WALLS,1103,2101,dev::PARALLEL_WALLS::g1103::m2101,rotation,neg_y,full_reassociation,EXACT,EXACT,0.0,0.0,false
PARALLEL_WALLS,1103,2101,dev::PARALLEL_WALLS::g1103::m2101,rotation,neg_z,frozen_jacobian,EXACT,EXACT,0.0,0.0,false
PARALLEL_WALLS,1103,2101,dev::PARALLEL_WALLS::g1103::m2101,rotation,neg_z,full_reassociation,EXACT,EXACT,0.0,0.0,false
PARALLEL_WALLS,1103,2101,dev::PARALLEL_WALLS::g1103::m2101,rotation,pos_x,frozen_jacobian,EXACT,EXACT,0.0,0.0,false
PARALLEL_WALLS,1103,2101,dev::PARALLEL_WALLS::g1103::m2101,rotation,pos_x,full_reassociation,EXACT,EXACT,0.0,0.0,false
PARALLEL_WALLS,1103,2101,dev::PARALLEL_WALLS::g1103::m2101,rotation,pos_y,frozen_jacobian,EXACT,EXACT,0.0,0.0,false
PARALLEL_WALLS,1103,2101,dev::PARALLEL_WALLS::g1103::m2101,rotation,pos_y,full_reassociation,EXACT,EXACT,0.0,0.0,false
PARALLEL_WALLS,1103,2101,dev::PARALLEL_WALLS::g1103::m2101,rotation,pos_z,frozen_jacobian,EXACT,EXACT,0.0,0.0,false
PARALLEL_WALLS,1103,2101,dev::PARALLEL_WALLS::g1103::m2101,rotation,pos_z,full_reassociation,EXACT,EXACT,0.0,0.0,false
PARALLEL_WALLS,1103,2101,dev::PARALLEL_WALLS::g1103::m2101,translation,ico_00,frozen_jacobian,EXACT,EXACT,0.0,0.0,false
PARALLEL_WALLS,1103,2101,dev::PARALLEL_WALLS::g1103::m2101,translation,ico_00,full_reassociation,EXACT,EXACT,0.0,0.0,false
PARALLEL_WALLS,1103,2101,dev::PARALLEL_WALLS::g1103::m2101,translation,ico_01,frozen_jacobian,EXACT,EXACT,0.0,0.0,false
PARALLEL_WALLS,1103,2101,dev::PARALLEL_WALLS::g1103::m2101,translation,ico_01,full_reassociation,EXACT,EXACT,0.0,0.0,false
PARALLEL_WALLS,1103,2101,dev::PARALLEL_WALLS::g1103::m2101,translation,ico_02,frozen_jacobian,EXACT,EXACT,0.0,0.0,false
PARALLEL_WALLS,1103,2101,dev::PARALLEL_WALLS::g1103::m2101,translation,ico_02,full_reassociation,EXACT,EXACT,0.0,0.0,false
PARALLEL_WALLS,1103,2101,dev::PARALLEL_WALLS::g1103::m2101,translation,ico_03,frozen_jacobian,EXACT,EXACT,0.0,0.0,false
PARALLEL_WALLS,1103,2101,dev::PARALLEL_WALLS::g1103::m2101,translation,ico_03,full_reassociation,EXACT,EXACT,0.0,0.0,false
PARALLEL_WALLS,1103,2101,dev::PARALLEL_WALLS::g1103::m2101,translation,ico_04,frozen_jacobian,EXACT,EXACT,0.0,0.0,false
PARALLEL_WALLS,1103,2101,dev::PARALLEL_WALLS::g1103::m2101,translation,ico_04,full_reassociation,EXACT,EXACT,0.0,0.0,false
PARALLEL_WALLS,1103,2101,dev::PARALLEL_WALLS::g1103::m2101,translation,ico_05,frozen_jacobian,EXACT,EXACT,0.0,0.0,false
PARALLEL_WALLS,1103,2101,dev::PARALLEL_WALLS::g1103::m2101,translation,ico_05,full_reassociation,EXACT,EXACT,0.0,0.0,false
PARALLEL_WALLS,1103,2101,dev::PARALLEL_WALLS::g1103::m2101,translation,ico_06,frozen_jacobian,EXACT,EXACT,0.0,0.0,false
PARALLEL_WALLS,1103,2101,dev::PARALLEL_WALLS::g1103::m2101,translation,ico_06,full_reassociation,EXACT,EXACT,0.0,0.0,false
PARALLEL_WALLS,1103,2101,dev::PARALLEL_WALLS::g1103::m2101,translation,ico_07,frozen_jacobian,EXACT,EXACT,0.0,0.0,false
PARALLEL_WALLS,1103,2101,dev::PARALLEL_WALLS::g1103::m2101,translation,ico_07,full_reassociation,EXACT,EXACT,0.0,0.0,false
PARALLEL_WALLS,1103,2101,dev::PARALLEL_WALLS::g1103::m2101,translation,ico_08,frozen_jacobian,EXACT,EXACT,0.0,0.0,false
PARALLEL_WALLS,1103,2101,dev::PARALLEL_WALLS::g1103::m2101,translation,ico_08,full_reassociation,EXACT,EXACT,0.0,0.0,false
PARALLEL_WALLS,1103,2101,dev::PARALLEL_WALLS::g1103::m2101,translation,ico_09,frozen_jacobian,EXACT,EXACT,0.0,0.0,false
PARALLEL_WALLS,1103,2101,dev::PARALLEL_WALLS::g1103::m2101,translation,ico_09,full_reassociation,EXACT,EXACT,0.0,0.0,false
PARALLEL_WALLS,1103,2101,dev::PARALLEL_WALLS::g1103::m2101,translation,ico_10,frozen_jacobian,EXACT,EXACT,0.0,0.0,false
PARALLEL_WALLS,1103,2101,dev::PARALLEL_WALLS::g1103::m2101,translation,ico_10,full_reassociation,EXACT,EXACT,0.0,0.0,false
PARALLEL_WALLS,1103,2101,dev::PARALLEL_WALLS::g1103::m2101,translation,ico_11,frozen_jacobian,EXACT,EXACT,0.0,0.0,false
PARALLEL_WALLS,1103,2101,dev::PARALLEL_WALLS::g1103::m2101,translation,ico_11,full_reassociation,EXACT,EXACT,0.0,0.0,false
PARALLEL_WALLS,1103,2101,dev::PARALLEL_WALLS::g1103::m2101,translation,neg_x,frozen_jacobian,EXACT,EXACT,0.0,0.0,false
PARALLEL_WALLS,1103,2101,dev::PARALLEL_WALLS::g1103::m2101,translation,neg_x,full_reassociation,EXACT,EXACT,0.0,0.0,false
PARALLEL_WALLS,1103,2101,dev::PARALLEL_WALLS::g1103::m2101,translation,neg_y,frozen_jacobian,EXACT,EXACT,0.0,0.0,false
PARALLEL_WALLS,1103,2101,dev::PARALLEL_WALLS::g1103::m2101,translation,neg_y,full_reassociation,EXACT,EXACT,0.0,0.0,false
PARALLEL_WALLS,1103,2101,dev::PARALLEL_WALLS::g1103::m2101,translation,neg_z,frozen_jacobian,EXACT,EXACT,0.0,0.0,false
PARALLEL_WALLS,1103,2101,dev::PARALLEL_WALLS::g1103::m2101,translation,neg_z,full_reassociation,EXACT,EXACT,0.0,0.0,false
PARALLEL_WALLS,1103,2101,dev::PARALLEL_WALLS::g1103::m2101,translation,pos_x,frozen_jacobian,EXACT,EXACT,0.0,0.0,false
PARALLEL_WALLS,1103,2101,dev::PARALLEL_WALLS::g1103::m2101,translation,pos_x,full_reassociation,EXACT,EXACT,0.0,0.0,false
PARALLEL_WALLS,1103,2101,dev::PARALLEL_WALLS::g1103::m2101,translation,pos_y,frozen_jacobian,EXACT,EXACT,0.0,0.0,false
PARALLEL_WALLS,1103,2101,dev::PARALLEL_WALLS::g1103::m2101,translation,pos_y,full_reassociation,EXACT,EXACT,0.0,0.0,false
PARALLEL_WALLS,1103,2101,dev::PARALLEL_WALLS::g1103::m2101,translation,pos_z,frozen_jacobian,EXACT,EXACT,0.0,0.0,false
PARALLEL_WALLS,1103,2101,dev::PARALLEL_WALLS::g1103::m2101,translation,pos_z,full_reassociation,EXACT,EXACT,0.0,0.0,false
PARALLEL_WALLS,1103,2111,dev::PARALLEL_WALLS::g1103::m2111,rotation,ico_00,frozen_jacobian,EXACT,EXACT,0.0,0.0,false
PARALLEL_WALLS,1103,2111,dev::PARALLEL_WALLS::g1103::m2111,rotation,ico_00,full_reassociation,EXACT,EXACT,0.0,0.0,false
PARALLEL_WALLS,1103,2111,dev::PARALLEL_WALLS::g1103::m2111,rotation,ico_01,frozen_jacobian,EXACT,EXACT,0.0,0.0,false
PARALLEL_WALLS,1103,2111,dev::PARALLEL_WALLS::g1103::m2111,rotation,ico_01,full_reassociation,EXACT,EXACT,0.0,0.0,false
PARALLEL_WALLS,1103,2111,dev::PARALLEL_WALLS::g1103::m2111,rotation,ico_02,frozen_jacobian,EXACT,EXACT,0.0,0.0,false
PARALLEL_WALLS,1103,2111,dev::PARALLEL_WALLS::g1103::m2111,rotation,ico_02,full_reassociation,EXACT,EXACT,0.0,0.0,false
PARALLEL_WALLS,1103,2111,dev::PARALLEL_WALLS::g1103::m2111,rotation,ico_03,frozen_jacobian,EXACT,EXACT,0.0,0.0,false
PARALLEL_WALLS,1103,2111,dev::PARALLEL_WALLS::g1103::m2111,rotation,ico_03,full_reassociation,EXACT,EXACT,0.0,0.0,false
PARALLEL_WALLS,1103,2111,dev::PARALLEL_WALLS::g1103::m2111,rotation,ico_04,frozen_jacobian,EXACT,EXACT,0.0,0.0,false
PARALLEL_WALLS,1103,2111,dev::PARALLEL_WALLS::g1103::m2111,rotation,ico_04,full_reassociation,EXACT,EXACT,0.0,0.0,false
PARALLEL_WALLS,1103,2111,dev::PARALLEL_WALLS::g1103::m2111,rotation,ico_05,frozen_jacobian,EXACT,EXACT,0.0,0.0,false
PARALLEL_WALLS,1103,2111,dev::PARALLEL_WALLS::g1103::m2111,rotation,ico_05,full_reassociation,EXACT,EXACT,0.0,0.0,false
PARALLEL_WALLS,1103,2111,dev::PARALLEL_WALLS::g1103::m2111,rotation,ico_06,frozen_jacobian,EXACT,EXACT,0.0,0.0,false
PARALLEL_WALLS,1103,2111,dev::PARALLEL_WALLS::g1103::m2111,rotation,ico_06,full_reassociation,EXACT,EXACT,0.0,0.0,false
PARALLEL_WALLS,1103,2111,dev::PARALLEL_WALLS::g1103::m2111,rotation,ico_07,frozen_jacobian,EXACT,EXACT,0.0,0.0,false
PARALLEL_WALLS,1103,2111,dev::PARALLEL_WALLS::g1103::m2111,rotation,ico_07,full_reassociation,EXACT,EXACT,0.0,0.0,false
PARALLEL_WALLS,1103,2111,dev::PARALLEL_WALLS::g1103::m2111,rotation,ico_08,frozen_jacobian,EXACT,EXACT,0.0,0.0,false
PARALLEL_WALLS,1103,2111,dev::PARALLEL_WALLS::g1103::m2111,rotation,ico_08,full_reassociation,EXACT,EXACT,0.0,0.0,false
PARALLEL_WALLS,1103,2111,dev::PARALLEL_WALLS::g1103::m2111,rotation,ico_09,frozen_jacobian,EXACT,EXACT,0.0,0.0,false
PARALLEL_WALLS,1103,2111,dev::PARALLEL_WALLS::g1103::m2111,rotation,ico_09,full_reassociation,EXACT,EXACT,0.0,0.0,false
PARALLEL_WALLS,1103,2111,dev::PARALLEL_WALLS::g1103::m2111,rotation,ico_10,frozen_jacobian,EXACT,EXACT,0.0,0.0,false
PARALLEL_WALLS,1103,2111,dev::PARALLEL_WALLS::g1103::m2111,rotation,ico_10,full_reassociation,EXACT,EXACT,0.0,0.0,false
PARALLEL_WALLS,1103,2111,dev::PARALLEL_WALLS::g1103::m2111,rotation,ico_11,frozen_jacobian,EXACT,EXACT,0.0,0.0,false
PARALLEL_WALLS,1103,2111,dev::PARALLEL_WALLS::g1103::m2111,rotation,ico_11,full_reassociation,EXACT,EXACT,0.0,0.0,false
PARALLEL_WALLS,1103,2111,dev::PARALLEL_WALLS::g1103::m2111,rotation,neg_x,frozen_jacobian,EXACT,EXACT,0.0,0.0,false
PARALLEL_WALLS,1103,2111,dev::PARALLEL_WALLS::g1103::m2111,rotation,neg_x,full_reassociation,EXACT,EXACT,0.0,0.0,false
PARALLEL_WALLS,1103,2111,dev::PARALLEL_WALLS::g1103::m2111,rotation,neg_y,frozen_jacobian,EXACT,EXACT,0.0,0.0,false
PARALLEL_WALLS,1103,2111,dev::PARALLEL_WALLS::g1103::m2111,rotation,neg_y,full_reassociation,EXACT,EXACT,0.0,0.0,false
PARALLEL_WALLS,1103,2111,dev::PARALLEL_WALLS::g1103::m2111,rotation,neg_z,frozen_jacobian,EXACT,EXACT,0.0,0.0,false
PARALLEL_WALLS,1103,2111,dev::PARALLEL_WALLS::g1103::m2111,rotation,neg_z,full_reassociation,EXACT,EXACT,0.0,0.0,false
PARALLEL_WALLS,1103,2111,dev::PARALLEL_WALLS::g1103::m2111,rotation,pos_x,frozen_jacobian,EXACT,EXACT,0.0,0.0,false
PARALLEL_WALLS,1103,2111,dev::PARALLEL_WALLS::g1103::m2111,rotation,pos_x,full_reassociation,EXACT,EXACT,0.0,0.0,false
PARALLEL_WALLS,1103,2111,dev::PARALLEL_WALLS::g1103::m2111,rotation,pos_y,frozen_jacobian,EXACT,EXACT,0.0,0.0,false
PARALLEL_WALLS,1103,2111,dev::PARALLEL_WALLS::g1103::m2111,rotation,pos_y,full_reassociation,EXACT,EXACT,0.0,0.0,false
PARALLEL_WALLS,1103,2111,dev::PARALLEL_WALLS::g1103::m2111,rotation,pos_z,frozen_jacobian,EXACT,EXACT,0.0,0.0,false
PARALLEL_WALLS,1103,2111,dev::PARALLEL_WALLS::g1103::m2111,rotation,pos_z,full_reassociation,EXACT,EXACT,0.0,0.0,false
PARALLEL_WALLS,1103,2111,dev::PARALLEL_WALLS::g1103::m2111,translation,ico_00,frozen_jacobian,EXACT,EXACT,0.0,0.0,false
PARALLEL_WALLS,1103,2111,dev::PARALLEL_WALLS::g1103::m2111,translation,ico_00,full_reassociation,EXACT,EXACT,0.0,0.0,false
PARALLEL_WALLS,1103,2111,dev::PARALLEL_WALLS::g1103::m2111,translation,ico_01,frozen_jacobian,EXACT,EXACT,0.0,0.0,false
PARALLEL_WALLS,1103,2111,dev::PARALLEL_WALLS::g1103::m2111,translation,ico_01,full_reassociation,EXACT,EXACT,0.0,0.0,false
PARALLEL_WALLS,1103,2111,dev::PARALLEL_WALLS::g1103::m2111,translation,ico_02,frozen_jacobian,EXACT,EXACT,0.0,0.0,false
PARALLEL_WALLS,1103,2111,dev::PARALLEL_WALLS::g1103::m2111,translation,ico_02,full_reassociation,EXACT,EXACT,0.0,0.0,false
PARALLEL_WALLS,1103,2111,dev::PARALLEL_WALLS::g1103::m2111,translation,ico_03,frozen_jacobian,EXACT,EXACT,0.0,0.0,false
PARALLEL_WALLS,1103,2111,dev::PARALLEL_WALLS::g1103::m2111,translation,ico_03,full_reassociation,EXACT,EXACT,0.0,0.0,false
PARALLEL_WALLS,1103,2111,dev::PARALLEL_WALLS::g1103::m2111,translation,ico_04,frozen_jacobian,EXACT,EXACT,0.0,0.0,false
PARALLEL_WALLS,1103,2111,dev::PARALLEL_WALLS::g1103::m2111,translation,ico_04,full_reassociation,EXACT,EXACT,0.0,0.0,false
PARALLEL_WALLS,1103,2111,dev::PARALLEL_WALLS::g1103::m2111,translation,ico_05,frozen_jacobian,EXACT,EXACT,0.0,0.0,false
PARALLEL_WALLS,1103,2111,dev::PARALLEL_WALLS::g1103::m2111,translation,ico_05,full_reassociation,EXACT,EXACT,0.0,0.0,false
PARALLEL_WALLS,1103,2111,dev::PARALLEL_WALLS::g1103::m2111,translation,ico_06,frozen_jacobian,EXACT,EXACT,0.0,0.0,false
PARALLEL_WALLS,1103,2111,dev::PARALLEL_WALLS::g1103::m2111,translation,ico_06,full_reassociation,EXACT,EXACT,0.0,0.0,false
PARALLEL_WALLS,1103,2111,dev::PARALLEL_WALLS::g1103::m2111,translation,ico_07,frozen_jacobian,EXACT,EXACT,0.0,0.0,false
PARALLEL_WALLS,1103,2111,dev::PARALLEL_WALLS::g1103::m2111,translation,ico_07,full_reassociation,EXACT,EXACT,0.0,0.0,false
PARALLEL_WALLS,1103,2111,dev::PARALLEL_WALLS::g1103::m2111,translation,ico_08,frozen_jacobian,EXACT,EXACT,0.0,0.0,false
PARALLEL_WALLS,1103,2111,dev::PARALLEL_WALLS::g1103::m2111,translation,ico_08,full_reassociation,EXACT,EXACT,0.0,0.0,false
PARALLEL_WALLS,1103,2111,dev::PARALLEL_WALLS::g1103::m2111,translation,ico_09,frozen_jacobian,EXACT,EXACT,0.0,0.0,false
PARALLEL_WALLS,1103,2111,dev::PARALLEL_WALLS::g1103::m2111,translation,ico_09,full_reassociation,EXACT,EXACT,0.0,0.0,false
PARALLEL_WALLS,1103,2111,dev::PARALLEL_WALLS::g1103::m2111,translation,ico_10,frozen_jacobian,EXACT,EXACT,0.0,0.0,false
PARALLEL_WALLS,1103,2111,dev::PARALLEL_WALLS::g1103::m2111,translation,ico_10,full_reassociation,EXACT,EXACT,0.0,0.0,false
PARALLEL_WALLS,1103,2111,dev::PARALLEL_WALLS::g1103::m2111,translation,ico_11,frozen_jacobian,EXACT,EXACT,0.0,0.0,false
PARALLEL_WALLS,1103,2111,dev::PARALLEL_WALLS::g1103::m2111,translation,ico_11,full_reassociation,EXACT,EXACT,0.0,0.0,false
PARALLEL_WALLS,1103,2111,dev::PARALLEL_WALLS::g1103::m2111,translation,neg_x,frozen_jacobian,EXACT,EXACT,0.0,0.0,false
PARALLEL_WALLS,1103,2111,dev::PARALLEL_WALLS::g1103::m2111,translation,neg_x,full_reassociation,EXACT,EXACT,0.0,0.0,false
PARALLEL_WALLS,1103,2111,dev::PARALLEL_WALLS::g1103::m2111,translation,neg_y,frozen_jacobian,EXACT,EXACT,0.0,0.0,false
PARALLEL_WALLS,1103,2111,dev::PARALLEL_WALLS::g1103::m2111,translation,neg_y,full_reassociation,EXACT,EXACT,0.0,0.0,false
PARALLEL_WALLS,1103,2111,dev::PARALLEL_WALLS::g1103::m2111,translation,neg_z,frozen_jacobian,EXACT,EXACT,0.0,0.0,false
PARALLEL_WALLS,1103,2111,dev::PARALLEL_WALLS::g1103::m2111,translation,neg_z,full_reassociation,EXACT,EXACT,0.0,0.0,false
PARALLEL_WALLS,1103,2111,dev::PARALLEL_WALLS::g1103::m2111,translation,pos_x,frozen_jacobian,EXACT,EXACT,0.0,0.0,false
PARALLEL_WALLS,1103,2111,dev::PARALLEL_WALLS::g1103::m2111,translation,pos_x,full_reassociation,EXACT,EXACT,0.0,0.0,false
PARALLEL_WALLS,1103,2111,dev::PARALLEL_WALLS::g1103::m2111,translation,pos_y,frozen_jacobian,EXACT,EXACT,0.0,0.0,false
PARALLEL_WALLS,1103,2111,dev::PARALLEL_WALLS::g1103::m2111,translation,pos_y,full_reassociation,EXACT,EXACT,0.0,0.0,false
PARALLEL_WALLS,1103,2111,dev::PARALLEL_WALLS::g1103::m2111,translation,pos_z,frozen_jacobian,EXACT,EXACT,0.0,0.0,false
PARALLEL_WALLS,1103,2111,dev::PARALLEL_WALLS::g1103::m2111,translation,pos_z,full_reassociation,EXACT,EXACT,0.0,0.0,false
PARALLEL_WALLS,1107,2101,dev::PARALLEL_WALLS::g1107::m2101,rotation,ico_00,frozen_jacobian,EXACT,EXACT,0.0,0.0,false
PARALLEL_WALLS,1107,2101,dev::PARALLEL_WALLS::g1107::m2101,rotation,ico_00,full_reassociation,EXACT,EXACT,0.0,0.0,false
PARALLEL_WALLS,1107,2101,dev::PARALLEL_WALLS::g1107::m2101,rotation,ico_01,frozen_jacobian,EXACT,EXACT,0.0,0.0,false
PARALLEL_WALLS,1107,2101,dev::PARALLEL_WALLS::g1107::m2101,rotation,ico_01,full_reassociation,EXACT,EXACT,0.0,0.0,false
PARALLEL_WALLS,1107,2101,dev::PARALLEL_WALLS::g1107::m2101,rotation,ico_02,frozen_jacobian,EXACT,EXACT,0.0,0.0,false
PARALLEL_WALLS,1107,2101,dev::PARALLEL_WALLS::g1107::m2101,rotation,ico_02,full_reassociation,EXACT,EXACT,0.0,0.0,false
PARALLEL_WALLS,1107,2101,dev::PARALLEL_WALLS::g1107::m2101,rotation,ico_03,frozen_jacobian,EXACT,EXACT,0.0,0.0,false
PARALLEL_WALLS,1107,2101,dev::PARALLEL_WALLS::g1107::m2101,rotation,ico_03,full_reassociation,EXACT,EXACT,0.0,0.0,false
PARALLEL_WALLS,1107,2101,dev::PARALLEL_WALLS::g1107::m2101,rotation,ico_04,frozen_jacobian,EXACT,EXACT,0.0,0.0,false
PARALLEL_WALLS,1107,2101,dev::PARALLEL_WALLS::g1107::m2101,rotation,ico_04,full_reassociation,EXACT,EXACT,0.0,0.0,false
PARALLEL_WALLS,1107,2101,dev::PARALLEL_WALLS::g1107::m2101,rotation,ico_05,frozen_jacobian,EXACT,EXACT,0.0,0.0,false
PARALLEL_WALLS,1107,2101,dev::PARALLEL_WALLS::g1107::m2101,rotation,ico_05,full_reassociation,EXACT,EXACT,0.0,0.0,false
PARALLEL_WALLS,1107,2101,dev::PARALLEL_WALLS::g1107::m2101,rotation,ico_06,frozen_jacobian,EXACT,EXACT,0.0,0.0,false
PARALLEL_WALLS,1107,2101,dev::PARALLEL_WALLS::g1107::m2101,rotation,ico_06,full_reassociation,EXACT,EXACT,0.0,0.0,false
PARALLEL_WALLS,1107,2101,dev::PARALLEL_WALLS::g1107::m2101,rotation,ico_07,frozen_jacobian,EXACT,EXACT,0.0,0.0,false
PARALLEL_WALLS,1107,2101,dev::PARALLEL_WALLS::g1107::m2101,rotation,ico_07,full_reassociation,EXACT,EXACT,0.0,0.0,false
PARALLEL_WALLS,1107,2101,dev::PARALLEL_WALLS::g1107::m2101,rotation,ico_08,frozen_jacobian,EXACT,EXACT,0.0,0.0,false
PARALLEL_WALLS,1107,2101,dev::PARALLEL_WALLS::g1107::m2101,rotation,ico_08,full_reassociation,EXACT,EXACT,0.0,0.0,false
PARALLEL_WALLS,1107,2101,dev::PARALLEL_WALLS::g1107::m2101,rotation,ico_09,frozen_jacobian,EXACT,EXACT,0.0,0.0,false
PARALLEL_WALLS,1107,2101,dev::PARALLEL_WALLS::g1107::m2101,rotation,ico_09,full_reassociation,EXACT,EXACT,0.0,0.0,false
PARALLEL_WALLS,1107,2101,dev::PARALLEL_WALLS::g1107::m2101,rotation,ico_10,frozen_jacobian,EXACT,EXACT,0.0,0.0,false
PARALLEL_WALLS,1107,2101,dev::PARALLEL_WALLS::g1107::m2101,rotation,ico_10,full_reassociation,EXACT,EXACT,0.0,0.0,false
PARALLEL_WALLS,1107,2101,dev::PARALLEL_WALLS::g1107::m2101,rotation,ico_11,frozen_jacobian,EXACT,EXACT,0.0,0.0,false
PARALLEL_WALLS,1107,2101,dev::PARALLEL_WALLS::g1107::m2101,rotation,ico_11,full_reassociation,EXACT,EXACT,0.0,0.0,false
PARALLEL_WALLS,1107,2101,dev::PARALLEL_WALLS::g1107::m2101,rotation,neg_x,frozen_jacobian,EXACT,EXACT,0.0,0.0,false
PARALLEL_WALLS,1107,2101,dev::PARALLEL_WALLS::g1107::m2101,rotation,neg_x,full_reassociation,EXACT,EXACT,0.0,0.0,false
PARALLEL_WALLS,1107,2101,dev::PARALLEL_WALLS::g1107::m2101,rotation,neg_y,frozen_jacobian,EXACT,EXACT,0.0,0.0,false
PARALLEL_WALLS,1107,2101,dev::PARALLEL_WALLS::g1107::m2101,rotation,neg_y,full_reassociation,EXACT,EXACT,0.0,0.0,false
PARALLEL_WALLS,1107,2101,dev::PARALLEL_WALLS::g1107::m2101,rotation,neg_z,frozen_jacobian,EXACT,EXACT,0.0,0.0,false
PARALLEL_WALLS,1107,2101,dev::PARALLEL_WALLS::g1107::m2101,rotation,neg_z,full_reassociation,EXACT,EXACT,0.0,0.0,false
PARALLEL_WALLS,1107,2101,dev::PARALLEL_WALLS::g1107::m2101,rotation,pos_x,frozen_jacobian,EXACT,EXACT,0.0,0.0,false
PARALLEL_WALLS,1107,2101,dev::PARALLEL_WALLS::g1107::m2101,rotation,pos_x,full_reassociation,EXACT,EXACT,0.0,0.0,false
PARALLEL_WALLS,1107,2101,dev::PARALLEL_WALLS::g1107::m2101,rotation,pos_y,frozen_jacobian,EXACT,EXACT,0.0,0.0,false
PARALLEL_WALLS,1107,2101,dev::PARALLEL_WALLS::g1107::m2101,rotation,pos_y,full_reassociation,EXACT,EXACT,0.0,0.0,false
PARALLEL_WALLS,1107,2101,dev::PARALLEL_WALLS::g1107::m2101,rotation,pos_z,frozen_jacobian,EXACT,EXACT,0.0,0.0,false
PARALLEL_WALLS,1107,2101,dev::PARALLEL_WALLS::g1107::m2101,rotation,pos_z,full_reassociation,EXACT,EXACT,0.0,0.0,false
PARALLEL_WALLS,1107,2101,dev::PARALLEL_WALLS::g1107::m2101,translation,ico_00,frozen_jacobian,EXACT,EXACT,0.0,0.0,false
PARALLEL_WALLS,1107,2101,dev::PARALLEL_WALLS::g1107::m2101,translation,ico_00,full_reassociation,EXACT,EXACT,0.0,0.0,false
PARALLEL_WALLS,1107,2101,dev::PARALLEL_WALLS::g1107::m2101,translation,ico_01,frozen_jacobian,EXACT,EXACT,0.0,0.0,false
PARALLEL_WALLS,1107,2101,dev::PARALLEL_WALLS::g1107::m2101,translation,ico_01,full_reassociation,EXACT,EXACT,0.0,0.0,false
PARALLEL_WALLS,1107,2101,dev::PARALLEL_WALLS::g1107::m2101,translation,ico_02,frozen_jacobian,EXACT,EXACT,0.0,0.0,false
PARALLEL_WALLS,1107,2101,dev::PARALLEL_WALLS::g1107::m2101,translation,ico_02,full_reassociation,EXACT,EXACT,0.0,0.0,false
PARALLEL_WALLS,1107,2101,dev::PARALLEL_WALLS::g1107::m2101,translation,ico_03,frozen_jacobian,EXACT,EXACT,0.0,0.0,false
PARALLEL_WALLS,1107,2101,dev::PARALLEL_WALLS::g1107::m2101,translation,ico_03,full_reassociation,EXACT,EXACT,0.0,0.0,false
PARALLEL_WALLS,1107,2101,dev::PARALLEL_WALLS::g1107::m2101,translation,ico_04,frozen_jacobian,EXACT,EXACT,0.0,0.0,false
PARALLEL_WALLS,1107,2101,dev::PARALLEL_WALLS::g1107::m2101,translation,ico_04,full_reassociation,EXACT,EXACT,0.0,0.0,false
PARALLEL_WALLS,1107,2101,dev::PARALLEL_WALLS::g1107::m2101,translation,ico_05,frozen_jacobian,EXACT,EXACT,0.0,0.0,false
PARALLEL_WALLS,1107,2101,dev::PARALLEL_WALLS::g1107::m2101,translation,ico_05,full_reassociation,EXACT,EXACT,0.0,0.0,false
PARALLEL_WALLS,1107,2101,dev::PARALLEL_WALLS::g1107::m2101,translation,ico_06,frozen_jacobian,EXACT,EXACT,0.0,0.0,false
PARALLEL_WALLS,1107,2101,dev::PARALLEL_WALLS::g1107::m2101,translation,ico_06,full_reassociation,EXACT,EXACT,0.0,0.0,false
PARALLEL_WALLS,1107,2101,dev::PARALLEL_WALLS::g1107::m2101,translation,ico_07,frozen_jacobian,EXACT,EXACT,0.0,0.0,false
PARALLEL_WALLS,1107,2101,dev::PARALLEL_WALLS::g1107::m2101,translation,ico_07,full_reassociation,EXACT,EXACT,0.0,0.0,false
PARALLEL_WALLS,1107,2101,dev::PARALLEL_WALLS::g1107::m2101,translation,ico_08,frozen_jacobian,EXACT,EXACT,0.0,0.0,false
PARALLEL_WALLS,1107,2101,dev::PARALLEL_WALLS::g1107::m2101,translation,ico_08,full_reassociation,EXACT,EXACT,0.0,0.0,false
PARALLEL_WALLS,1107,2101,dev::PARALLEL_WALLS::g1107::m2101,translation,ico_09,frozen_jacobian,EXACT,EXACT,0.0,0.0,false
PARALLEL_WALLS,1107,2101,dev::PARALLEL_WALLS::g1107::m2101,translation,ico_09,full_reassociation,EXACT,EXACT,0.0,0.0,false
PARALLEL_WALLS,1107,2101,dev::PARALLEL_WALLS::g1107::m2101,translation,ico_10,frozen_jacobian,EXACT,EXACT,0.0,0.0,false
PARALLEL_WALLS,1107,2101,dev::PARALLEL_WALLS::g1107::m2101,translation,ico_10,full_reassociation,EXACT,EXACT,0.0,0.0,false
PARALLEL_WALLS,1107,2101,dev::PARALLEL_WALLS::g1107::m2101,translation,ico_11,frozen_jacobian,EXACT,EXACT,0.0,0.0,false
PARALLEL_WALLS,1107,2101,dev::PARALLEL_WALLS::g1107::m2101,translation,ico_11,full_reassociation,EXACT,EXACT,0.0,0.0,false
PARALLEL_WALLS,1107,2101,dev::PARALLEL_WALLS::g1107::m2101,translation,neg_x,frozen_jacobian,EXACT,EXACT,0.0,0.0,false
PARALLEL_WALLS,1107,2101,dev::PARALLEL_WALLS::g1107::m2101,translation,neg_x,full_reassociation,EXACT,EXACT,0.0,0.0,false
PARALLEL_WALLS,1107,2101,dev::PARALLEL_WALLS::g1107::m2101,translation,neg_y,frozen_jacobian,EXACT,EXACT,0.0,0.0,false
PARALLEL_WALLS,1107,2101,dev::PARALLEL_WALLS::g1107::m2101,translation,neg_y,full_reassociation,EXACT,EXACT,0.0,0.0,false
PARALLEL_WALLS,1107,2101,dev::PARALLEL_WALLS::g1107::m2101,translation,neg_z,frozen_jacobian,EXACT,EXACT,0.0,0.0,false
PARALLEL_WALLS,1107,2101,dev::PARALLEL_WALLS::g1107::m2101,translation,neg_z,full_reassociation,EXACT,EXACT,0.0,0.0,false
PARALLEL_WALLS,1107,2101,dev::PARALLEL_WALLS::g1107::m2101,translation,pos_x,frozen_jacobian,EXACT,EXACT,0.0,0.0,false
PARALLEL_WALLS,1107,2101,dev::PARALLEL_WALLS::g1107::m2101,translation,pos_x,full_reassociation,EXACT,EXACT,0.0,0.0,false
PARALLEL_WALLS,1107,2101,dev::PARALLEL_WALLS::g1107::m2101,translation,pos_y,frozen_jacobian,EXACT,EXACT,0.0,0.0,false
PARALLEL_WALLS,1107,2101,dev::PARALLEL_WALLS::g1107::m2101,translation,pos_y,full_reassociation,EXACT,EXACT,0.0,0.0,false
PARALLEL_WALLS,1107,2101,dev::PARALLEL_WALLS::g1107::m2101,translation,pos_z,frozen_jacobian,EXACT,EXACT,0.0,0.0,false
PARALLEL_WALLS,1107,2101,dev::PARALLEL_WALLS::g1107::m2101,translation,pos_z,full_reassociation,EXACT,EXACT,0.0,0.0,false
PARALLEL_WALLS,1107,2111,dev::PARALLEL_WALLS::g1107::m2111,rotation,ico_00,frozen_jacobian,EXACT,EXACT,0.0,0.0,false
PARALLEL_WALLS,1107,2111,dev::PARALLEL_WALLS::g1107::m2111,rotation,ico_00,full_reassociation,EXACT,EXACT,0.0,0.0,false
PARALLEL_WALLS,1107,2111,dev::PARALLEL_WALLS::g1107::m2111,rotation,ico_01,frozen_jacobian,EXACT,EXACT,0.0,0.0,false
PARALLEL_WALLS,1107,2111,dev::PARALLEL_WALLS::g1107::m2111,rotation,ico_01,full_reassociation,EXACT,EXACT,0.0,0.0,false
PARALLEL_WALLS,1107,2111,dev::PARALLEL_WALLS::g1107::m2111,rotation,ico_02,frozen_jacobian,EXACT,EXACT,0.0,0.0,false
PARALLEL_WALLS,1107,2111,dev::PARALLEL_WALLS::g1107::m2111,rotation,ico_02,full_reassociation,EXACT,EXACT,0.0,0.0,false
PARALLEL_WALLS,1107,2111,dev::PARALLEL_WALLS::g1107::m2111,rotation,ico_03,frozen_jacobian,EXACT,EXACT,0.0,0.0,false
PARALLEL_WALLS,1107,2111,dev::PARALLEL_WALLS::g1107::m2111,rotation,ico_03,full_reassociation,EXACT,EXACT,0.0,0.0,false
PARALLEL_WALLS,1107,2111,dev::PARALLEL_WALLS::g1107::m2111,rotation,ico_04,frozen_jacobian,EXACT,EXACT,0.0,0.0,false
PARALLEL_WALLS,1107,2111,dev::PARALLEL_WALLS::g1107::m2111,rotation,ico_04,full_reassociation,EXACT,EXACT,0.0,0.0,false
PARALLEL_WALLS,1107,2111,dev::PARALLEL_WALLS::g1107::m2111,rotation,ico_05,frozen_jacobian,EXACT,EXACT,0.0,0.0,false
PARALLEL_WALLS,1107,2111,dev::PARALLEL_WALLS::g1107::m2111,rotation,ico_05,full_reassociation,EXACT,EXACT,0.0,0.0,false
PARALLEL_WALLS,1107,2111,dev::PARALLEL_WALLS::g1107::m2111,rotation,ico_06,frozen_jacobian,EXACT,EXACT,0.0,0.0,false
PARALLEL_WALLS,1107,2111,dev::PARALLEL_WALLS::g1107::m2111,rotation,ico_06,full_reassociation,EXACT,EXACT,0.0,0.0,false
PARALLEL_WALLS,1107,2111,dev::PARALLEL_WALLS::g1107::m2111,rotation,ico_07,frozen_jacobian,EXACT,EXACT,0.0,0.0,false
PARALLEL_WALLS,1107,2111,dev::PARALLEL_WALLS::g1107::m2111,rotation,ico_07,full_reassociation,EXACT,EXACT,0.0,0.0,false
PARALLEL_WALLS,1107,2111,dev::PARALLEL_WALLS::g1107::m2111,rotation,ico_08,frozen_jacobian,EXACT,EXACT,0.0,0.0,false
PARALLEL_WALLS,1107,2111,dev::PARALLEL_WALLS::g1107::m2111,rotation,ico_08,full_reassociation,EXACT,EXACT,0.0,0.0,false
PARALLEL_WALLS,1107,2111,dev::PARALLEL_WALLS::g1107::m2111,rotation,ico_09,frozen_jacobian,EXACT,EXACT,0.0,0.0,false
PARALLEL_WALLS,1107,2111,dev::PARALLEL_WALLS::g1107::m2111,rotation,ico_09,full_reassociation,EXACT,EXACT,0.0,0.0,false
PARALLEL_WALLS,1107,2111,dev::PARALLEL_WALLS::g1107::m2111,rotation,ico_10,frozen_jacobian,EXACT,EXACT,0.0,0.0,false
PARALLEL_WALLS,1107,2111,dev::PARALLEL_WALLS::g1107::m2111,rotation,ico_10,full_reassociation,EXACT,EXACT,0.0,0.0,false
PARALLEL_WALLS,1107,2111,dev::PARALLEL_WALLS::g1107::m2111,rotation,ico_11,frozen_jacobian,EXACT,EXACT,0.0,0.0,false
PARALLEL_WALLS,1107,2111,dev::PARALLEL_WALLS::g1107::m2111,rotation,ico_11,full_reassociation,EXACT,EXACT,0.0,0.0,false
PARALLEL_WALLS,1107,2111,dev::PARALLEL_WALLS::g1107::m2111,rotation,neg_x,frozen_jacobian,EXACT,EXACT,0.0,0.0,false
PARALLEL_WALLS,1107,2111,dev::PARALLEL_WALLS::g1107::m2111,rotation,neg_x,full_reassociation,EXACT,EXACT,0.0,0.0,false
PARALLEL_WALLS,1107,2111,dev::PARALLEL_WALLS::g1107::m2111,rotation,neg_y,frozen_jacobian,EXACT,EXACT,0.0,0.0,false
PARALLEL_WALLS,1107,2111,dev::PARALLEL_WALLS::g1107::m2111,rotation,neg_y,full_reassociation,EXACT,EXACT,0.0,0.0,false
PARALLEL_WALLS,1107,2111,dev::PARALLEL_WALLS::g1107::m2111,rotation,neg_z,frozen_jacobian,EXACT,EXACT,0.0,0.0,false
PARALLEL_WALLS,1107,2111,dev::PARALLEL_WALLS::g1107::m2111,rotation,neg_z,full_reassociation,EXACT,EXACT,0.0,0.0,false
PARALLEL_WALLS,1107,2111,dev::PARALLEL_WALLS::g1107::m2111,rotation,pos_x,frozen_jacobian,EXACT,EXACT,0.0,0.0,false
PARALLEL_WALLS,1107,2111,dev::PARALLEL_WALLS::g1107::m2111,rotation,pos_x,full_reassociation,EXACT,EXACT,0.0,0.0,false
PARALLEL_WALLS,1107,2111,dev::PARALLEL_WALLS::g1107::m2111,rotation,pos_y,frozen_jacobian,EXACT,EXACT,0.0,0.0,false
PARALLEL_WALLS,1107,2111,dev::PARALLEL_WALLS::g1107::m2111,rotation,pos_y,full_reassociation,EXACT,EXACT,0.0,0.0,false
PARALLEL_WALLS,1107,2111,dev::PARALLEL_WALLS::g1107::m2111,rotation,pos_z,frozen_jacobian,EXACT,EXACT,0.0,0.0,false
PARALLEL_WALLS,1107,2111,dev::PARALLEL_WALLS::g1107::m2111,rotation,pos_z,full_reassociation,EXACT,EXACT,0.0,0.0,false
PARALLEL_WALLS,1107,2111,dev::PARALLEL_WALLS::g1107::m2111,translation,ico_00,frozen_jacobian,EXACT,EXACT,0.0,0.0,false
PARALLEL_WALLS,1107,2111,dev::PARALLEL_WALLS::g1107::m2111,translation,ico_00,full_reassociation,EXACT,EXACT,0.0,0.0,false
PARALLEL_WALLS,1107,2111,dev::PARALLEL_WALLS::g1107::m2111,translation,ico_01,frozen_jacobian,EXACT,EXACT,0.0,0.0,false
PARALLEL_WALLS,1107,2111,dev::PARALLEL_WALLS::g1107::m2111,translation,ico_01,full_reassociation,EXACT,EXACT,0.0,0.0,false
PARALLEL_WALLS,1107,2111,dev::PARALLEL_WALLS::g1107::m2111,translation,ico_02,frozen_jacobian,EXACT,EXACT,0.0,0.0,false
PARALLEL_WALLS,1107,2111,dev::PARALLEL_WALLS::g1107::m2111,translation,ico_02,full_reassociation,EXACT,EXACT,0.0,0.0,false
PARALLEL_WALLS,1107,2111,dev::PARALLEL_WALLS::g1107::m2111,translation,ico_03,frozen_jacobian,EXACT,EXACT,0.0,0.0,false
PARALLEL_WALLS,1107,2111,dev::PARALLEL_WALLS::g1107::m2111,translation,ico_03,full_reassociation,EXACT,EXACT,0.0,0.0,false
PARALLEL_WALLS,1107,2111,dev::PARALLEL_WALLS::g1107::m2111,translation,ico_04,frozen_jacobian,EXACT,EXACT,0.0,0.0,false
PARALLEL_WALLS,1107,2111,dev::PARALLEL_WALLS::g1107::m2111,translation,ico_04,full_reassociation,EXACT,EXACT,0.0,0.0,false
PARALLEL_WALLS,1107,2111,dev::PARALLEL_WALLS::g1107::m2111,translation,ico_05,frozen_jacobian,EXACT,EXACT,0.0,0.0,false
PARALLEL_WALLS,1107,2111,dev::PARALLEL_WALLS::g1107::m2111,translation,ico_05,full_reassociation,EXACT,EXACT,0.0,0.0,false
PARALLEL_WALLS,1107,2111,dev::PARALLEL_WALLS::g1107::m2111,translation,ico_06,frozen_jacobian,EXACT,EXACT,0.0,0.0,false
PARALLEL_WALLS,1107,2111,dev::PARALLEL_WALLS::g1107::m2111,translation,ico_06,full_reassociation,EXACT,EXACT,0.0,0.0,false
PARALLEL_WALLS,1107,2111,dev::PARALLEL_WALLS::g1107::m2111,translation,ico_07,frozen_jacobian,EXACT,EXACT,0.0,0.0,false
PARALLEL_WALLS,1107,2111,dev::PARALLEL_WALLS::g1107::m2111,translation,ico_07,full_reassociation,EXACT,EXACT,0.0,0.0,false
PARALLEL_WALLS,1107,2111,dev::PARALLEL_WALLS::g1107::m2111,translation,ico_08,frozen_jacobian,EXACT,EXACT,0.0,0.0,false
PARALLEL_WALLS,1107,2111,dev::PARALLEL_WALLS::g1107::m2111,translation,ico_08,full_reassociation,EXACT,EXACT,0.0,0.0,false
PARALLEL_WALLS,1107,2111,dev::PARALLEL_WALLS::g1107::m2111,translation,ico_09,frozen_jacobian,EXACT,EXACT,0.0,0.0,false
PARALLEL_WALLS,1107,2111,dev::PARALLEL_WALLS::g1107::m2111,translation,ico_09,full_reassociation,EXACT,EXACT,0.0,0.0,false
PARALLEL_WALLS,1107,2111,dev::PARALLEL_WALLS::g1107::m2111,translation,ico_10,frozen_jacobian,EXACT,EXACT,0.0,0.0,false
PARALLEL_WALLS,1107,2111,dev::PARALLEL_WALLS::g1107::m2111,translation,ico_10,full_reassociation,EXACT,EXACT,0.0,0.0,false
PARALLEL_WALLS,1107,2111,dev::PARALLEL_WALLS::g1107::m2111,translation,ico_11,frozen_jacobian,EXACT,EXACT,0.0,0.0,false
PARALLEL_WALLS,1107,2111,dev::PARALLEL_WALLS::g1107::m2111,translation,ico_11,full_reassociation,EXACT,EXACT,0.0,0.0,false
PARALLEL_WALLS,1107,2111,dev::PARALLEL_WALLS::g1107::m2111,translation,neg_x,frozen_jacobian,EXACT,EXACT,0.0,0.0,false
PARALLEL_WALLS,1107,2111,dev::PARALLEL_WALLS::g1107::m2111,translation,neg_x,full_reassociation,EXACT,EXACT,0.0,0.0,false
PARALLEL_WALLS,1107,2111,dev::PARALLEL_WALLS::g1107::m2111,translation,neg_y,frozen_jacobian,EXACT,EXACT,0.0,0.0,false
PARALLEL_WALLS,1107,2111,dev::PARALLEL_WALLS::g1107::m2111,translation,neg_y,full_reassociation,EXACT,EXACT,0.0,0.0,false
PARALLEL_WALLS,1107,2111,dev::PARALLEL_WALLS::g1107::m2111,translation,neg_z,frozen_jacobian,EXACT,EXACT,0.0,0.0,false
PARALLEL_WALLS,1107,2111,dev::PARALLEL_WALLS::g1107::m2111,translation,neg_z,full_reassociation,EXACT,EXACT,0.0,0.0,false
PARALLEL_WALLS,1107,2111,dev::PARALLEL_WALLS::g1107::m2111,translation,pos_x,frozen_jacobian,EXACT,EXACT,0.0,0.0,false
PARALLEL_WALLS,1107,2111,dev::PARALLEL_WALLS::g1107::m2111,translation,pos_x,full_reassociation,EXACT,EXACT,0.0,0.0,false
PARALLEL_WALLS,1107,2111,dev::PARALLEL_WALLS::g1107::m2111,translation,pos_y,frozen_jacobian,EXACT,EXACT,0.0,0.0,false
PARALLEL_WALLS,1107,2111,dev::PARALLEL_WALLS::g1107::m2111,translation,pos_y,full_reassociation,EXACT,EXACT,0.0,0.0,false
PARALLEL_WALLS,1107,2111,dev::PARALLEL_WALLS::g1107::m2111,translation,pos_z,frozen_jacobian,EXACT,EXACT,0.0,0.0,false
PARALLEL_WALLS,1107,2111,dev::PARALLEL_WALLS::g1107::m2111,translation,pos_z,full_reassociation,EXACT,EXACT,0.0,0.0,false
REPEATED_STRUCTURE,1101,2101,dev::REPEATED_STRUCTURE::g1101::m2101,rotation,ico_00,frozen_jacobian,RIGHT_CENSORED,RIGHT_CENSORED,,,false
REPEATED_STRUCTURE,1101,2101,dev::REPEATED_STRUCTURE::g1101::m2101,rotation,ico_00,full_reassociation,EXACT,EXACT,10.0,10.0,false
REPEATED_STRUCTURE,1101,2101,dev::REPEATED_STRUCTURE::g1101::m2101,rotation,ico_01,frozen_jacobian,RIGHT_CENSORED,RIGHT_CENSORED,,,false
REPEATED_STRUCTURE,1101,2101,dev::REPEATED_STRUCTURE::g1101::m2101,rotation,ico_01,full_reassociation,EXACT,EXACT,10.0,10.0,false
REPEATED_STRUCTURE,1101,2101,dev::REPEATED_STRUCTURE::g1101::m2101,rotation,ico_02,frozen_jacobian,RIGHT_CENSORED,RIGHT_CENSORED,,,false
REPEATED_STRUCTURE,1101,2101,dev::REPEATED_STRUCTURE::g1101::m2101,rotation,ico_02,full_reassociation,EXACT,EXACT,10.0,10.0,false
REPEATED_STRUCTURE,1101,2101,dev::REPEATED_STRUCTURE::g1101::m2101,rotation,ico_03,frozen_jacobian,RIGHT_CENSORED,RIGHT_CENSORED,,,false
REPEATED_STRUCTURE,1101,2101,dev::REPEATED_STRUCTURE::g1101::m2101,rotation,ico_03,full_reassociation,EXACT,EXACT,10.0,10.0,false
REPEATED_STRUCTURE,1101,2101,dev::REPEATED_STRUCTURE::g1101::m2101,rotation,ico_04,frozen_jacobian,RIGHT_CENSORED,RIGHT_CENSORED,,,false
REPEATED_STRUCTURE,1101,2101,dev::REPEATED_STRUCTURE::g1101::m2101,rotation,ico_04,full_reassociation,EXACT,EXACT,20.0,20.0,false
REPEATED_STRUCTURE,1101,2101,dev::REPEATED_STRUCTURE::g1101::m2101,rotation,ico_05,frozen_jacobian,RIGHT_CENSORED,RIGHT_CENSORED,,,false
REPEATED_STRUCTURE,1101,2101,dev::REPEATED_STRUCTURE::g1101::m2101,rotation,ico_05,full_reassociation,EXACT,EXACT,20.0,20.0,false
REPEATED_STRUCTURE,1101,2101,dev::REPEATED_STRUCTURE::g1101::m2101,rotation,ico_06,frozen_jacobian,RIGHT_CENSORED,RIGHT_CENSORED,,,false
REPEATED_STRUCTURE,1101,2101,dev::REPEATED_STRUCTURE::g1101::m2101,rotation,ico_06,full_reassociation,EXACT,EXACT,20.0,20.0,false
REPEATED_STRUCTURE,1101,2101,dev::REPEATED_STRUCTURE::g1101::m2101,rotation,ico_07,frozen_jacobian,RIGHT_CENSORED,RIGHT_CENSORED,,,false
REPEATED_STRUCTURE,1101,2101,dev::REPEATED_STRUCTURE::g1101::m2101,rotation,ico_07,full_reassociation,EXACT,EXACT,20.0,20.0,false
REPEATED_STRUCTURE,1101,2101,dev::REPEATED_STRUCTURE::g1101::m2101,rotation,ico_08,frozen_jacobian,RIGHT_CENSORED,RIGHT_CENSORED,,,false
REPEATED_STRUCTURE,1101,2101,dev::REPEATED_STRUCTURE::g1101::m2101,rotation,ico_08,full_reassociation,EXACT,EXACT,20.0,20.0,false
REPEATED_STRUCTURE,1101,2101,dev::REPEATED_STRUCTURE::g1101::m2101,rotation,ico_09,frozen_jacobian,RIGHT_CENSORED,RIGHT_CENSORED,,,false
REPEATED_STRUCTURE,1101,2101,dev::REPEATED_STRUCTURE::g1101::m2101,rotation,ico_09,full_reassociation,EXACT,EXACT,20.0,20.0,false
REPEATED_STRUCTURE,1101,2101,dev::REPEATED_STRUCTURE::g1101::m2101,rotation,ico_10,frozen_jacobian,RIGHT_CENSORED,RIGHT_CENSORED,,,false
REPEATED_STRUCTURE,1101,2101,dev::REPEATED_STRUCTURE::g1101::m2101,rotation,ico_10,full_reassociation,EXACT,EXACT,20.0,20.0,false
REPEATED_STRUCTURE,1101,2101,dev::REPEATED_STRUCTURE::g1101::m2101,rotation,ico_11,frozen_jacobian,RIGHT_CENSORED,RIGHT_CENSORED,,,false
REPEATED_STRUCTURE,1101,2101,dev::REPEATED_STRUCTURE::g1101::m2101,rotation,ico_11,full_reassociation,EXACT,EXACT,20.0,20.0,false
REPEATED_STRUCTURE,1101,2101,dev::REPEATED_STRUCTURE::g1101::m2101,rotation,neg_x,frozen_jacobian,RIGHT_CENSORED,RIGHT_CENSORED,,,false
REPEATED_STRUCTURE,1101,2101,dev::REPEATED_STRUCTURE::g1101::m2101,rotation,neg_x,full_reassociation,RIGHT_CENSORED,RIGHT_CENSORED,,,false
REPEATED_STRUCTURE,1101,2101,dev::REPEATED_STRUCTURE::g1101::m2101,rotation,neg_y,frozen_jacobian,RIGHT_CENSORED,RIGHT_CENSORED,,,false
REPEATED_STRUCTURE,1101,2101,dev::REPEATED_STRUCTURE::g1101::m2101,rotation,neg_y,full_reassociation,EXACT,EXACT,10.0,10.0,false
REPEATED_STRUCTURE,1101,2101,dev::REPEATED_STRUCTURE::g1101::m2101,rotation,neg_z,frozen_jacobian,RIGHT_CENSORED,RIGHT_CENSORED,,,false
REPEATED_STRUCTURE,1101,2101,dev::REPEATED_STRUCTURE::g1101::m2101,rotation,neg_z,full_reassociation,EXACT,EXACT,10.0,10.0,false
REPEATED_STRUCTURE,1101,2101,dev::REPEATED_STRUCTURE::g1101::m2101,rotation,pos_x,frozen_jacobian,RIGHT_CENSORED,RIGHT_CENSORED,,,false
REPEATED_STRUCTURE,1101,2101,dev::REPEATED_STRUCTURE::g1101::m2101,rotation,pos_x,full_reassociation,RIGHT_CENSORED,RIGHT_CENSORED,,,false
REPEATED_STRUCTURE,1101,2101,dev::REPEATED_STRUCTURE::g1101::m2101,rotation,pos_y,frozen_jacobian,RIGHT_CENSORED,RIGHT_CENSORED,,,false
REPEATED_STRUCTURE,1101,2101,dev::REPEATED_STRUCTURE::g1101::m2101,rotation,pos_y,full_reassociation,EXACT,EXACT,10.0,10.0,false
REPEATED_STRUCTURE,1101,2101,dev::REPEATED_STRUCTURE::g1101::m2101,rotation,pos_z,frozen_jacobian,RIGHT_CENSORED,RIGHT_CENSORED,,,false
REPEATED_STRUCTURE,1101,2101,dev::REPEATED_STRUCTURE::g1101::m2101,rotation,pos_z,full_reassociation,EXACT,EXACT,10.0,10.0,false
REPEATED_STRUCTURE,1101,2101,dev::REPEATED_STRUCTURE::g1101::m2101,translation,ico_00,frozen_jacobian,RIGHT_CENSORED,RIGHT_CENSORED,,,false
REPEATED_STRUCTURE,1101,2101,dev::REPEATED_STRUCTURE::g1101::m2101,translation,ico_00,full_reassociation,RIGHT_CENSORED,RIGHT_CENSORED,,,false
REPEATED_STRUCTURE,1101,2101,dev::REPEATED_STRUCTURE::g1101::m2101,translation,ico_01,frozen_jacobian,RIGHT_CENSORED,RIGHT_CENSORED,,,false
REPEATED_STRUCTURE,1101,2101,dev::REPEATED_STRUCTURE::g1101::m2101,translation,ico_01,full_reassociation,RIGHT_CENSORED,RIGHT_CENSORED,,,false
REPEATED_STRUCTURE,1101,2101,dev::REPEATED_STRUCTURE::g1101::m2101,translation,ico_02,frozen_jacobian,RIGHT_CENSORED,RIGHT_CENSORED,,,false
REPEATED_STRUCTURE,1101,2101,dev::REPEATED_STRUCTURE::g1101::m2101,translation,ico_02,full_reassociation,RIGHT_CENSORED,RIGHT_CENSORED,,,false
REPEATED_STRUCTURE,1101,2101,dev::REPEATED_STRUCTURE::g1101::m2101,translation,ico_03,frozen_jacobian,RIGHT_CENSORED,RIGHT_CENSORED,,,false
REPEATED_STRUCTURE,1101,2101,dev::REPEATED_STRUCTURE::g1101::m2101,translation,ico_03,full_reassociation,RIGHT_CENSORED,RIGHT_CENSORED,,,false
REPEATED_STRUCTURE,1101,2101,dev::REPEATED_STRUCTURE::g1101::m2101,translation,ico_04,frozen_jacobian,RIGHT_CENSORED,RIGHT_CENSORED,,,false
REPEATED_STRUCTURE,1101,2101,dev::REPEATED_STRUCTURE::g1101::m2101,translation,ico_04,full_reassociation,EXACT,EXACT,0.4,0.4,false
REPEATED_STRUCTURE,1101,2101,dev::REPEATED_STRUCTURE::g1101::m2101,translation,ico_05,frozen_jacobian,RIGHT_CENSORED,RIGHT_CENSORED,,,false
REPEATED_STRUCTURE,1101,2101,dev::REPEATED_STRUCTURE::g1101::m2101,translation,ico_05,full_reassociation,EXACT,EXACT,0.4,0.4,false
REPEATED_STRUCTURE,1101,2101,dev::REPEATED_STRUCTURE::g1101::m2101,translation,ico_06,frozen_jacobian,RIGHT_CENSORED,RIGHT_CENSORED,,,false
REPEATED_STRUCTURE,1101,2101,dev::REPEATED_STRUCTURE::g1101::m2101,translation,ico_06,full_reassociation,EXACT,EXACT,0.4,0.4,false
REPEATED_STRUCTURE,1101,2101,dev::REPEATED_STRUCTURE::g1101::m2101,translation,ico_07,frozen_jacobian,RIGHT_CENSORED,RIGHT_CENSORED,,,false
REPEATED_STRUCTURE,1101,2101,dev::REPEATED_STRUCTURE::g1101::m2101,translation,ico_07,full_reassociation,EXACT,EXACT,0.4,0.4,false
REPEATED_STRUCTURE,1101,2101,dev::REPEATED_STRUCTURE::g1101::m2101,translation,ico_08,frozen_jacobian,RIGHT_CENSORED,RIGHT_CENSORED,,,false
REPEATED_STRUCTURE,1101,2101,dev::REPEATED_STRUCTURE::g1101::m2101,translation,ico_08,full_reassociation,EXACT,EXACT,0.4,0.4,false
REPEATED_STRUCTURE,1101,2101,dev::REPEATED_STRUCTURE::g1101::m2101,translation,ico_09,frozen_jacobian,RIGHT_CENSORED,RIGHT_CENSORED,,,false
REPEATED_STRUCTURE,1101,2101,dev::REPEATED_STRUCTURE::g1101::m2101,translation,ico_09,full_reassociation,EXACT,EXACT,0.4,0.4,false
REPEATED_STRUCTURE,1101,2101,dev::REPEATED_STRUCTURE::g1101::m2101,translation,ico_10,frozen_jacobian,RIGHT_CENSORED,RIGHT_CENSORED,,,false
REPEATED_STRUCTURE,1101,2101,dev::REPEATED_STRUCTURE::g1101::m2101,translation,ico_10,full_reassociation,EXACT,EXACT,0.2,0.2,false
REPEATED_STRUCTURE,1101,2101,dev::REPEATED_STRUCTURE::g1101::m2101,translation,ico_11,frozen_jacobian,RIGHT_CENSORED,RIGHT_CENSORED,,,false
REPEATED_STRUCTURE,1101,2101,dev::REPEATED_STRUCTURE::g1101::m2101,translation,ico_11,full_reassociation,EXACT,EXACT,0.2,0.2,false
REPEATED_STRUCTURE,1101,2101,dev::REPEATED_STRUCTURE::g1101::m2101,translation,neg_x,frozen_jacobian,RIGHT_CENSORED,RIGHT_CENSORED,,,false
REPEATED_STRUCTURE,1101,2101,dev::REPEATED_STRUCTURE::g1101::m2101,translation,neg_x,full_reassociation,EXACT,EXACT,0.2,0.2,false
REPEATED_STRUCTURE,1101,2101,dev::REPEATED_STRUCTURE::g1101::m2101,translation,neg_y,frozen_jacobian,RIGHT_CENSORED,RIGHT_CENSORED,,,false
REPEATED_STRUCTURE,1101,2101,dev::REPEATED_STRUCTURE::g1101::m2101,translation,neg_y,full_reassociation,RIGHT_CENSORED,RIGHT_CENSORED,,,false
REPEATED_STRUCTURE,1101,2101,dev::REPEATED_STRUCTURE::g1101::m2101,translation,neg_z,frozen_jacobian,RIGHT_CENSORED,RIGHT_CENSORED,,,false
REPEATED_STRUCTURE,1101,2101,dev::REPEATED_STRUCTURE::g1101::m2101,translation,neg_z,full_reassociation,RIGHT_CENSORED,RIGHT_CENSORED,,,false
REPEATED_STRUCTURE,1101,2101,dev::REPEATED_STRUCTURE::g1101::m2101,translation,pos_x,frozen_jacobian,RIGHT_CENSORED,RIGHT_CENSORED,,,false
REPEATED_STRUCTURE,1101,2101,dev::REPEATED_STRUCTURE::g1101::m2101,translation,pos_x,full_reassociation,EXACT,EXACT,0.2,0.2,false
REPEATED_STRUCTURE,1101,2101,dev::REPEATED_STRUCTURE::g1101::m2101,translation,pos_y,frozen_jacobian,RIGHT_CENSORED,RIGHT_CENSORED,,,false
REPEATED_STRUCTURE,1101,2101,dev::REPEATED_STRUCTURE::g1101::m2101,translation,pos_y,full_reassociation,RIGHT_CENSORED,RIGHT_CENSORED,,,false
REPEATED_STRUCTURE,1101,2101,dev::REPEATED_STRUCTURE::g1101::m2101,translation,pos_z,frozen_jacobian,RIGHT_CENSORED,RIGHT_CENSORED,,,false
REPEATED_STRUCTURE,1101,2101,dev::REPEATED_STRUCTURE::g1101::m2101,translation,pos_z,full_reassociation,RIGHT_CENSORED,RIGHT_CENSORED,,,false
REPEATED_STRUCTURE,1101,2111,dev::REPEATED_STRUCTURE::g1101::m2111,rotation,ico_00,frozen_jacobian,RIGHT_CENSORED,RIGHT_CENSORED,,,false
REPEATED_STRUCTURE,1101,2111,dev::REPEATED_STRUCTURE::g1101::m2111,rotation,ico_00,full_reassociation,EXACT,EXACT,10.0,10.0,false
REPEATED_STRUCTURE,1101,2111,dev::REPEATED_STRUCTURE::g1101::m2111,rotation,ico_01,frozen_jacobian,RIGHT_CENSORED,RIGHT_CENSORED,,,false
REPEATED_STRUCTURE,1101,2111,dev::REPEATED_STRUCTURE::g1101::m2111,rotation,ico_01,full_reassociation,EXACT,EXACT,10.0,10.0,false
REPEATED_STRUCTURE,1101,2111,dev::REPEATED_STRUCTURE::g1101::m2111,rotation,ico_02,frozen_jacobian,RIGHT_CENSORED,RIGHT_CENSORED,,,false
REPEATED_STRUCTURE,1101,2111,dev::REPEATED_STRUCTURE::g1101::m2111,rotation,ico_02,full_reassociation,EXACT,EXACT,10.0,10.0,false
REPEATED_STRUCTURE,1101,2111,dev::REPEATED_STRUCTURE::g1101::m2111,rotation,ico_03,frozen_jacobian,RIGHT_CENSORED,RIGHT_CENSORED,,,false
REPEATED_STRUCTURE,1101,2111,dev::REPEATED_STRUCTURE::g1101::m2111,rotation,ico_03,full_reassociation,EXACT,EXACT,10.0,10.0,false
REPEATED_STRUCTURE,1101,2111,dev::REPEATED_STRUCTURE::g1101::m2111,rotation,ico_04,frozen_jacobian,RIGHT_CENSORED,RIGHT_CENSORED,,,false
REPEATED_STRUCTURE,1101,2111,dev::REPEATED_STRUCTURE::g1101::m2111,rotation,ico_04,full_reassociation,EXACT,EXACT,20.0,20.0,false
REPEATED_STRUCTURE,1101,2111,dev::REPEATED_STRUCTURE::g1101::m2111,rotation,ico_05,frozen_jacobian,RIGHT_CENSORED,RIGHT_CENSORED,,,false
REPEATED_STRUCTURE,1101,2111,dev::REPEATED_STRUCTURE::g1101::m2111,rotation,ico_05,full_reassociation,EXACT,EXACT,20.0,20.0,false
REPEATED_STRUCTURE,1101,2111,dev::REPEATED_STRUCTURE::g1101::m2111,rotation,ico_06,frozen_jacobian,RIGHT_CENSORED,RIGHT_CENSORED,,,false
REPEATED_STRUCTURE,1101,2111,dev::REPEATED_STRUCTURE::g1101::m2111,rotation,ico_06,full_reassociation,EXACT,EXACT,20.0,20.0,false
REPEATED_STRUCTURE,1101,2111,dev::REPEATED_STRUCTURE::g1101::m2111,rotation,ico_07,frozen_jacobian,RIGHT_CENSORED,RIGHT_CENSORED,,,false
REPEATED_STRUCTURE,1101,2111,dev::REPEATED_STRUCTURE::g1101::m2111,rotation,ico_07,full_reassociation,EXACT,EXACT,20.0,20.0,false
REPEATED_STRUCTURE,1101,2111,dev::REPEATED_STRUCTURE::g1101::m2111,rotation,ico_08,frozen_jacobian,RIGHT_CENSORED,RIGHT_CENSORED,,,false
REPEATED_STRUCTURE,1101,2111,dev::REPEATED_STRUCTURE::g1101::m2111,rotation,ico_08,full_reassociation,EXACT,EXACT,20.0,20.0,false
REPEATED_STRUCTURE,1101,2111,dev::REPEATED_STRUCTURE::g1101::m2111,rotation,ico_09,frozen_jacobian,RIGHT_CENSORED,RIGHT_CENSORED,,,false
REPEATED_STRUCTURE,1101,2111,dev::REPEATED_STRUCTURE::g1101::m2111,rotation,ico_09,full_reassociation,EXACT,EXACT,20.0,20.0,false
REPEATED_STRUCTURE,1101,2111,dev::REPEATED_STRUCTURE::g1101::m2111,rotation,ico_10,frozen_jacobian,RIGHT_CENSORED,RIGHT_CENSORED,,,false
REPEATED_STRUCTURE,1101,2111,dev::REPEATED_STRUCTURE::g1101::m2111,rotation,ico_10,full_reassociation,EXACT,EXACT,20.0,20.0,false
REPEATED_STRUCTURE,1101,2111,dev::REPEATED_STRUCTURE::g1101::m2111,rotation,ico_11,frozen_jacobian,RIGHT_CENSORED,RIGHT_CENSORED,,,false
REPEATED_STRUCTURE,1101,2111,dev::REPEATED_STRUCTURE::g1101::m2111,rotation,ico_11,full_reassociation,EXACT,EXACT,20.0,20.0,false
REPEATED_STRUCTURE,1101,2111,dev::REPEATED_STRUCTURE::g1101::m2111,rotation,neg_x,frozen_jacobian,RIGHT_CENSORED,RIGHT_CENSORED,,,false
REPEATED_STRUCTURE,1101,2111,dev::REPEATED_STRUCTURE::g1101::m2111,rotation,neg_x,full_reassociation,RIGHT_CENSORED,RIGHT_CENSORED,,,false
REPEATED_STRUCTURE,1101,2111,dev::REPEATED_STRUCTURE::g1101::m2111,rotation,neg_y,frozen_jacobian,RIGHT_CENSORED,RIGHT_CENSORED,,,false
REPEATED_STRUCTURE,1101,2111,dev::REPEATED_STRUCTURE::g1101::m2111,rotation,neg_y,full_reassociation,EXACT,EXACT,10.0,10.0,false
REPEATED_STRUCTURE,1101,2111,dev::REPEATED_STRUCTURE::g1101::m2111,rotation,neg_z,frozen_jacobian,RIGHT_CENSORED,RIGHT_CENSORED,,,false
REPEATED_STRUCTURE,1101,2111,dev::REPEATED_STRUCTURE::g1101::m2111,rotation,neg_z,full_reassociation,EXACT,EXACT,10.0,10.0,false
REPEATED_STRUCTURE,1101,2111,dev::REPEATED_STRUCTURE::g1101::m2111,rotation,pos_x,frozen_jacobian,RIGHT_CENSORED,RIGHT_CENSORED,,,false
REPEATED_STRUCTURE,1101,2111,dev::REPEATED_STRUCTURE::g1101::m2111,rotation,pos_x,full_reassociation,RIGHT_CENSORED,RIGHT_CENSORED,,,false
REPEATED_STRUCTURE,1101,2111,dev::REPEATED_STRUCTURE::g1101::m2111,rotation,pos_y,frozen_jacobian,RIGHT_CENSORED,RIGHT_CENSORED,,,false
REPEATED_STRUCTURE,1101,2111,dev::REPEATED_STRUCTURE::g1101::m2111,rotation,pos_y,full_reassociation,EXACT,EXACT,10.0,10.0,false
REPEATED_STRUCTURE,1101,2111,dev::REPEATED_STRUCTURE::g1101::m2111,rotation,pos_z,frozen_jacobian,RIGHT_CENSORED,RIGHT_CENSORED,,,false
REPEATED_STRUCTURE,1101,2111,dev::REPEATED_STRUCTURE::g1101::m2111,rotation,pos_z,full_reassociation,EXACT,EXACT,10.0,10.0,false
REPEATED_STRUCTURE,1101,2111,dev::REPEATED_STRUCTURE::g1101::m2111,translation,ico_00,frozen_jacobian,RIGHT_CENSORED,RIGHT_CENSORED,,,false
REPEATED_STRUCTURE,1101,2111,dev::REPEATED_STRUCTURE::g1101::m2111,translation,ico_00,full_reassociation,RIGHT_CENSORED,RIGHT_CENSORED,,,false
REPEATED_STRUCTURE,1101,2111,dev::REPEATED_STRUCTURE::g1101::m2111,translation,ico_01,frozen_jacobian,RIGHT_CENSORED,RIGHT_CENSORED,,,false
REPEATED_STRUCTURE,1101,2111,dev::REPEATED_STRUCTURE::g1101::m2111,translation,ico_01,full_reassociation,RIGHT_CENSORED,RIGHT_CENSORED,,,false
REPEATED_STRUCTURE,1101,2111,dev::REPEATED_STRUCTURE::g1101::m2111,translation,ico_02,frozen_jacobian,RIGHT_CENSORED,RIGHT_CENSORED,,,false
REPEATED_STRUCTURE,1101,2111,dev::REPEATED_STRUCTURE::g1101::m2111,translation,ico_02,full_reassociation,RIGHT_CENSORED,RIGHT_CENSORED,,,false
REPEATED_STRUCTURE,1101,2111,dev::REPEATED_STRUCTURE::g1101::m2111,translation,ico_03,frozen_jacobian,RIGHT_CENSORED,RIGHT_CENSORED,,,false
REPEATED_STRUCTURE,1101,2111,dev::REPEATED_STRUCTURE::g1101::m2111,translation,ico_03,full_reassociation,RIGHT_CENSORED,RIGHT_CENSORED,,,false
REPEATED_STRUCTURE,1101,2111,dev::REPEATED_STRUCTURE::g1101::m2111,translation,ico_04,frozen_jacobian,RIGHT_CENSORED,RIGHT_CENSORED,,,false
REPEATED_STRUCTURE,1101,2111,dev::REPEATED_STRUCTURE::g1101::m2111,translation,ico_04,full_reassociation,EXACT,EXACT,0.4,0.4,false
REPEATED_STRUCTURE,1101,2111,dev::REPEATED_STRUCTURE::g1101::m2111,translation,ico_05,frozen_jacobian,RIGHT_CENSORED,RIGHT_CENSORED,,,false
REPEATED_STRUCTURE,1101,2111,dev::REPEATED_STRUCTURE::g1101::m2111,translation,ico_05,full_reassociation,EXACT,EXACT,0.4,0.4,false
REPEATED_STRUCTURE,1101,2111,dev::REPEATED_STRUCTURE::g1101::m2111,translation,ico_06,frozen_jacobian,RIGHT_CENSORED,RIGHT_CENSORED,,,false
REPEATED_STRUCTURE,1101,2111,dev::REPEATED_STRUCTURE::g1101::m2111,translation,ico_06,full_reassociation,EXACT,EXACT,0.4,0.4,false
REPEATED_STRUCTURE,1101,2111,dev::REPEATED_STRUCTURE::g1101::m2111,translation,ico_07,frozen_jacobian,RIGHT_CENSORED,RIGHT_CENSORED,,,false
REPEATED_STRUCTURE,1101,2111,dev::REPEATED_STRUCTURE::g1101::m2111,translation,ico_07,full_reassociation,EXACT,EXACT,0.4,0.4,false
REPEATED_STRUCTURE,1101,2111,dev::REPEATED_STRUCTURE::g1101::m2111,translation,ico_08,frozen_jacobian,RIGHT_CENSORED,RIGHT_CENSORED,,,false
REPEATED_STRUCTURE,1101,2111,dev::REPEATED_STRUCTURE::g1101::m2111,translation,ico_08,full_reassociation,EXACT,EXACT,0.4,0.4,false
REPEATED_STRUCTURE,1101,2111,dev::REPEATED_STRUCTURE::g1101::m2111,translation,ico_09,frozen_jacobian,RIGHT_CENSORED,RIGHT_CENSORED,,,false
REPEATED_STRUCTURE,1101,2111,dev::REPEATED_STRUCTURE::g1101::m2111,translation,ico_09,full_reassociation,EXACT,EXACT,0.4,0.4,false
REPEATED_STRUCTURE,1101,2111,dev::REPEATED_STRUCTURE::g1101::m2111,translation,ico_10,frozen_jacobian,RIGHT_CENSORED,RIGHT_CENSORED,,,false
REPEATED_STRUCTURE,1101,2111,dev::REPEATED_STRUCTURE::g1101::m2111,translation,ico_10,full_reassociation,EXACT,EXACT,0.2,0.2,false
REPEATED_STRUCTURE,1101,2111,dev::REPEATED_STRUCTURE::g1101::m2111,translation,ico_11,frozen_jacobian,RIGHT_CENSORED,RIGHT_CENSORED,,,false
REPEATED_STRUCTURE,1101,2111,dev::REPEATED_STRUCTURE::g1101::m2111,translation,ico_11,full_reassociation,EXACT,EXACT,0.2,0.2,false
REPEATED_STRUCTURE,1101,2111,dev::REPEATED_STRUCTURE::g1101::m2111,translation,neg_x,frozen_jacobian,RIGHT_CENSORED,RIGHT_CENSORED,,,false
REPEATED_STRUCTURE,1101,2111,dev::REPEATED_STRUCTURE::g1101::m2111,translation,neg_x,full_reassociation,EXACT,EXACT,0.2,0.2,false
REPEATED_STRUCTURE,1101,2111,dev::REPEATED_STRUCTURE::g1101::m2111,translation,neg_y,frozen_jacobian,RIGHT_CENSORED,RIGHT_CENSORED,,,false
REPEATED_STRUCTURE,1101,2111,dev::REPEATED_STRUCTURE::g1101::m2111,translation,neg_y,full_reassociation,RIGHT_CENSORED,RIGHT_CENSORED,,,false
REPEATED_STRUCTURE,1101,2111,dev::REPEATED_STRUCTURE::g1101::m2111,translation,neg_z,frozen_jacobian,RIGHT_CENSORED,RIGHT_CENSORED,,,false
REPEATED_STRUCTURE,1101,2111,dev::REPEATED_STRUCTURE::g1101::m2111,translation,neg_z,full_reassociation,RIGHT_CENSORED,RIGHT_CENSORED,,,false
REPEATED_STRUCTURE,1101,2111,dev::REPEATED_STRUCTURE::g1101::m2111,translation,pos_x,frozen_jacobian,RIGHT_CENSORED,RIGHT_CENSORED,,,false
REPEATED_STRUCTURE,1101,2111,dev::REPEATED_STRUCTURE::g1101::m2111,translation,pos_x,full_reassociation,EXACT,EXACT,0.2,0.2,false
REPEATED_STRUCTURE,1101,2111,dev::REPEATED_STRUCTURE::g1101::m2111,translation,pos_y,frozen_jacobian,RIGHT_CENSORED,RIGHT_CENSORED,,,false
REPEATED_STRUCTURE,1101,2111,dev::REPEATED_STRUCTURE::g1101::m2111,translation,pos_y,full_reassociation,RIGHT_CENSORED,RIGHT_CENSORED,,,false
REPEATED_STRUCTURE,1101,2111,dev::REPEATED_STRUCTURE::g1101::m2111,translation,pos_z,frozen_jacobian,RIGHT_CENSORED,RIGHT_CENSORED,,,false
REPEATED_STRUCTURE,1101,2111,dev::REPEATED_STRUCTURE::g1101::m2111,translation,pos_z,full_reassociation,RIGHT_CENSORED,RIGHT_CENSORED,,,false
REPEATED_STRUCTURE,1103,2101,dev::REPEATED_STRUCTURE::g1103::m2101,rotation,ico_00,frozen_jacobian,RIGHT_CENSORED,RIGHT_CENSORED,,,false
REPEATED_STRUCTURE,1103,2101,dev::REPEATED_STRUCTURE::g1103::m2101,rotation,ico_00,full_reassociation,EXACT,EXACT,10.0,10.0,false
REPEATED_STRUCTURE,1103,2101,dev::REPEATED_STRUCTURE::g1103::m2101,rotation,ico_01,frozen_jacobian,RIGHT_CENSORED,RIGHT_CENSORED,,,false
REPEATED_STRUCTURE,1103,2101,dev::REPEATED_STRUCTURE::g1103::m2101,rotation,ico_01,full_reassociation,EXACT,EXACT,10.0,10.0,false
REPEATED_STRUCTURE,1103,2101,dev::REPEATED_STRUCTURE::g1103::m2101,rotation,ico_02,frozen_jacobian,RIGHT_CENSORED,RIGHT_CENSORED,,,false
REPEATED_STRUCTURE,1103,2101,dev::REPEATED_STRUCTURE::g1103::m2101,rotation,ico_02,full_reassociation,EXACT,EXACT,10.0,10.0,false
REPEATED_STRUCTURE,1103,2101,dev::REPEATED_STRUCTURE::g1103::m2101,rotation,ico_03,frozen_jacobian,RIGHT_CENSORED,RIGHT_CENSORED,,,false
REPEATED_STRUCTURE,1103,2101,dev::REPEATED_STRUCTURE::g1103::m2101,rotation,ico_03,full_reassociation,EXACT,EXACT,10.0,10.0,false
REPEATED_STRUCTURE,1103,2101,dev::REPEATED_STRUCTURE::g1103::m2101,rotation,ico_04,frozen_jacobian,RIGHT_CENSORED,RIGHT_CENSORED,,,false
REPEATED_STRUCTURE,1103,2101,dev::REPEATED_STRUCTURE::g1103::m2101,rotation,ico_04,full_reassociation,EXACT,EXACT,20.0,10.0,false
REPEATED_STRUCTURE,1103,2101,dev::REPEATED_STRUCTURE::g1103::m2101,rotation,ico_05,frozen_jacobian,RIGHT_CENSORED,RIGHT_CENSORED,,,false
REPEATED_STRUCTURE,1103,2101,dev::REPEATED_STRUCTURE::g1103::m2101,rotation,ico_05,full_reassociation,EXACT,EXACT,20.0,20.0,false
REPEATED_STRUCTURE,1103,2101,dev::REPEATED_STRUCTURE::g1103::m2101,rotation,ico_06,frozen_jacobian,RIGHT_CENSORED,RIGHT_CENSORED,,,false
REPEATED_STRUCTURE,1103,2101,dev::REPEATED_STRUCTURE::g1103::m2101,rotation,ico_06,full_reassociation,EXACT,EXACT,20.0,10.0,false
REPEATED_STRUCTURE,1103,2101,dev::REPEATED_STRUCTURE::g1103::m2101,rotation,ico_07,frozen_jacobian,RIGHT_CENSORED,RIGHT_CENSORED,,,false
REPEATED_STRUCTURE,1103,2101,dev::REPEATED_STRUCTURE::g1103::m2101,rotation,ico_07,full_reassociation,EXACT,EXACT,20.0,10.0,false
REPEATED_STRUCTURE,1103,2101,dev::REPEATED_STRUCTURE::g1103::m2101,rotation,ico_08,frozen_jacobian,RIGHT_CENSORED,RIGHT_CENSORED,,,false
REPEATED_STRUCTURE,1103,2101,dev::REPEATED_STRUCTURE::g1103::m2101,rotation,ico_08,full_reassociation,EXACT,EXACT,20.0,20.0,false
REPEATED_STRUCTURE,1103,2101,dev::REPEATED_STRUCTURE::g1103::m2101,rotation,ico_09,frozen_jacobian,RIGHT_CENSORED,RIGHT_CENSORED,,,false
REPEATED_STRUCTURE,1103,2101,dev::REPEATED_STRUCTURE::g1103::m2101,rotation,ico_09,full_reassociation,EXACT,EXACT,20.0,20.0,false
REPEATED_STRUCTURE,1103,2101,dev::REPEATED_STRUCTURE::g1103::m2101,rotation,ico_10,frozen_jacobian,RIGHT_CENSORED,RIGHT_CENSORED,,,false
REPEATED_STRUCTURE,1103,2101,dev::REPEATED_STRUCTURE::g1103::m2101,rotation,ico_10,full_reassociation,EXACT,EXACT,20.0,20.0,false
REPEATED_STRUCTURE,1103,2101,dev::REPEATED_STRUCTURE::g1103::m2101,rotation,ico_11,frozen_jacobian,RIGHT_CENSORED,RIGHT_CENSORED,,,false
REPEATED_STRUCTURE,1103,2101,dev::REPEATED_STRUCTURE::g1103::m2101,rotation,ico_11,full_reassociation,EXACT,EXACT,20.0,20.0,false
REPEATED_STRUCTURE,1103,2101,dev::REPEATED_STRUCTURE::g1103::m2101,rotation,neg_x,frozen_jacobian,RIGHT_CENSORED,RIGHT_CENSORED,,,false
REPEATED_STRUCTURE,1103,2101,dev::REPEATED_STRUCTURE::g1103::m2101,rotation,neg_x,full_reassociation,RIGHT_CENSORED,RIGHT_CENSORED,,,false
REPEATED_STRUCTURE,1103,2101,dev::REPEATED_STRUCTURE::g1103::m2101,rotation,neg_y,frozen_jacobian,RIGHT_CENSORED,RIGHT_CENSORED,,,false
REPEATED_STRUCTURE,1103,2101,dev::REPEATED_STRUCTURE::g1103::m2101,rotation,neg_y,full_reassociation,EXACT,EXACT,10.0,10.0,false
REPEATED_STRUCTURE,1103,2101,dev::REPEATED_STRUCTURE::g1103::m2101,rotation,neg_z,frozen_jacobian,RIGHT_CENSORED,RIGHT_CENSORED,,,false
REPEATED_STRUCTURE,1103,2101,dev::REPEATED_STRUCTURE::g1103::m2101,rotation,neg_z,full_reassociation,EXACT,EXACT,10.0,10.0,false
REPEATED_STRUCTURE,1103,2101,dev::REPEATED_STRUCTURE::g1103::m2101,rotation,pos_x,frozen_jacobian,RIGHT_CENSORED,RIGHT_CENSORED,,,false
REPEATED_STRUCTURE,1103,2101,dev::REPEATED_STRUCTURE::g1103::m2101,rotation,pos_x,full_reassociation,RIGHT_CENSORED,RIGHT_CENSORED,,,false
REPEATED_STRUCTURE,1103,2101,dev::REPEATED_STRUCTURE::g1103::m2101,rotation,pos_y,frozen_jacobian,RIGHT_CENSORED,RIGHT_CENSORED,,,false
REPEATED_STRUCTURE,1103,2101,dev::REPEATED_STRUCTURE::g1103::m2101,rotation,pos_y,full_reassociation,EXACT,EXACT,10.0,10.0,false
REPEATED_STRUCTURE,1103,2101,dev::REPEATED_STRUCTURE::g1103::m2101,rotation,pos_z,frozen_jacobian,RIGHT_CENSORED,RIGHT_CENSORED,,,false
REPEATED_STRUCTURE,1103,2101,dev::REPEATED_STRUCTURE::g1103::m2101,rotation,pos_z,full_reassociation,EXACT,EXACT,10.0,10.0,false
REPEATED_STRUCTURE,1103,2101,dev::REPEATED_STRUCTURE::g1103::m2101,translation,ico_00,frozen_jacobian,RIGHT_CENSORED,RIGHT_CENSORED,,,false
REPEATED_STRUCTURE,1103,2101,dev::REPEATED_STRUCTURE::g1103::m2101,translation,ico_00,full_reassociation,RIGHT_CENSORED,RIGHT_CENSORED,,,false
REPEATED_STRUCTURE,1103,2101,dev::REPEATED_STRUCTURE::g1103::m2101,translation,ico_01,frozen_jacobian,RIGHT_CENSORED,RIGHT_CENSORED,,,false
REPEATED_STRUCTURE,1103,2101,dev::REPEATED_STRUCTURE::g1103::m2101,translation,ico_01,full_reassociation,RIGHT_CENSORED,RIGHT_CENSORED,,,false
REPEATED_STRUCTURE,1103,2101,dev::REPEATED_STRUCTURE::g1103::m2101,translation,ico_02,frozen_jacobian,RIGHT_CENSORED,RIGHT_CENSORED,,,false
REPEATED_STRUCTURE,1103,2101,dev::REPEATED_STRUCTURE::g1103::m2101,translation,ico_02,full_reassociation,RIGHT_CENSORED,RIGHT_CENSORED,,,false
REPEATED_STRUCTURE,1103,2101,dev::REPEATED_STRUCTURE::g1103::m2101,translation,ico_03,frozen_jacobian,RIGHT_CENSORED,RIGHT_CENSORED,,,false
REPEATED_STRUCTURE,1103,2101,dev::REPEATED_STRUCTURE::g1103::m2101,translation,ico_03,full_reassociation,RIGHT_CENSORED,RIGHT_CENSORED,,,false
REPEATED_STRUCTURE,1103,2101,dev::REPEATED_STRUCTURE::g1103::m2101,translation,ico_04,frozen_jacobian,RIGHT_CENSORED,RIGHT_CENSORED,,,false
REPEATED_STRUCTURE,1103,2101,dev::REPEATED_STRUCTURE::g1103::m2101,translation,ico_04,full_reassociation,EXACT,EXACT,0.4,0.4,false
REPEATED_STRUCTURE,1103,2101,dev::REPEATED_STRUCTURE::g1103::m2101,translation,ico_05,frozen_jacobian,RIGHT_CENSORED,RIGHT_CENSORED,,,false
REPEATED_STRUCTURE,1103,2101,dev::REPEATED_STRUCTURE::g1103::m2101,translation,ico_05,full_reassociation,EXACT,EXACT,0.4,0.4,false
REPEATED_STRUCTURE,1103,2101,dev::REPEATED_STRUCTURE::g1103::m2101,translation,ico_06,frozen_jacobian,RIGHT_CENSORED,RIGHT_CENSORED,,,false
REPEATED_STRUCTURE,1103,2101,dev::REPEATED_STRUCTURE::g1103::m2101,translation,ico_06,full_reassociation,EXACT,EXACT,0.4,0.4,false
REPEATED_STRUCTURE,1103,2101,dev::REPEATED_STRUCTURE::g1103::m2101,translation,ico_07,frozen_jacobian,RIGHT_CENSORED,RIGHT_CENSORED,,,false
REPEATED_STRUCTURE,1103,2101,dev::REPEATED_STRUCTURE::g1103::m2101,translation,ico_07,full_reassociation,EXACT,EXACT,0.8,0.4,false
REPEATED_STRUCTURE,1103,2101,dev::REPEATED_STRUCTURE::g1103::m2101,translation,ico_08,frozen_jacobian,RIGHT_CENSORED,RIGHT_CENSORED,,,false
REPEATED_STRUCTURE,1103,2101,dev::REPEATED_STRUCTURE::g1103::m2101,translation,ico_08,full_reassociation,EXACT,EXACT,0.4,0.4,false
REPEATED_STRUCTURE,1103,2101,dev::REPEATED_STRUCTURE::g1103::m2101,translation,ico_09,frozen_jacobian,RIGHT_CENSORED,RIGHT_CENSORED,,,false
REPEATED_STRUCTURE,1103,2101,dev::REPEATED_STRUCTURE::g1103::m2101,translation,ico_09,full_reassociation,EXACT,EXACT,0.4,0.4,false
REPEATED_STRUCTURE,1103,2101,dev::REPEATED_STRUCTURE::g1103::m2101,translation,ico_10,frozen_jacobian,RIGHT_CENSORED,RIGHT_CENSORED,,,false
REPEATED_STRUCTURE,1103,2101,dev::REPEATED_STRUCTURE::g1103::m2101,translation,ico_10,full_reassociation,EXACT,EXACT,0.4,0.4,false
REPEATED_STRUCTURE,1103,2101,dev::REPEATED_STRUCTURE::g1103::m2101,translation,ico_11,frozen_jacobian,RIGHT_CENSORED,RIGHT_CENSORED,,,false
REPEATED_STRUCTURE,1103,2101,dev::REPEATED_STRUCTURE::g1103::m2101,translation,ico_11,full_reassociation,EXACT,EXACT,0.4,0.4,false
REPEATED_STRUCTURE,1103,2101,dev::REPEATED_STRUCTURE::g1103::m2101,translation,neg_x,frozen_jacobian,RIGHT_CENSORED,RIGHT_CENSORED,,,false
REPEATED_STRUCTURE,1103,2101,dev::REPEATED_STRUCTURE::g1103::m2101,translation,neg_x,full_reassociation,EXACT,EXACT,0.4,0.4,false
REPEATED_STRUCTURE,1103,2101,dev::REPEATED_STRUCTURE::g1103::m2101,translation,neg_y,frozen_jacobian,RIGHT_CENSORED,RIGHT_CENSORED,,,false
REPEATED_STRUCTURE,1103,2101,dev::REPEATED_STRUCTURE::g1103::m2101,translation,neg_y,full_reassociation,RIGHT_CENSORED,RIGHT_CENSORED,,,false
REPEATED_STRUCTURE,1103,2101,dev::REPEATED_STRUCTURE::g1103::m2101,translation,neg_z,frozen_jacobian,RIGHT_CENSORED,RIGHT_CENSORED,,,false
REPEATED_STRUCTURE,1103,2101,dev::REPEATED_STRUCTURE::g1103::m2101,translation,neg_z,full_reassociation,RIGHT_CENSORED,RIGHT_CENSORED,,,false
REPEATED_STRUCTURE,1103,2101,dev::REPEATED_STRUCTURE::g1103::m2101,translation,pos_x,frozen_jacobian,RIGHT_CENSORED,RIGHT_CENSORED,,,false
REPEATED_STRUCTURE,1103,2101,dev::REPEATED_STRUCTURE::g1103::m2101,translation,pos_x,full_reassociation,EXACT,EXACT,0.4,0.4,false
REPEATED_STRUCTURE,1103,2101,dev::REPEATED_STRUCTURE::g1103::m2101,translation,pos_y,frozen_jacobian,RIGHT_CENSORED,RIGHT_CENSORED,,,false
REPEATED_STRUCTURE,1103,2101,dev::REPEATED_STRUCTURE::g1103::m2101,translation,pos_y,full_reassociation,RIGHT_CENSORED,RIGHT_CENSORED,,,false
REPEATED_STRUCTURE,1103,2101,dev::REPEATED_STRUCTURE::g1103::m2101,translation,pos_z,frozen_jacobian,RIGHT_CENSORED,RIGHT_CENSORED,,,false
REPEATED_STRUCTURE,1103,2101,dev::REPEATED_STRUCTURE::g1103::m2101,translation,pos_z,full_reassociation,RIGHT_CENSORED,RIGHT_CENSORED,,,false
REPEATED_STRUCTURE,1103,2111,dev::REPEATED_STRUCTURE::g1103::m2111,rotation,ico_00,frozen_jacobian,RIGHT_CENSORED,RIGHT_CENSORED,,,false
REPEATED_STRUCTURE,1103,2111,dev::REPEATED_STRUCTURE::g1103::m2111,rotation,ico_00,full_reassociation,EXACT,EXACT,10.0,10.0,false
REPEATED_STRUCTURE,1103,2111,dev::REPEATED_STRUCTURE::g1103::m2111,rotation,ico_01,frozen_jacobian,RIGHT_CENSORED,RIGHT_CENSORED,,,false
REPEATED_STRUCTURE,1103,2111,dev::REPEATED_STRUCTURE::g1103::m2111,rotation,ico_01,full_reassociation,EXACT,EXACT,10.0,10.0,false
REPEATED_STRUCTURE,1103,2111,dev::REPEATED_STRUCTURE::g1103::m2111,rotation,ico_02,frozen_jacobian,RIGHT_CENSORED,RIGHT_CENSORED,,,false
REPEATED_STRUCTURE,1103,2111,dev::REPEATED_STRUCTURE::g1103::m2111,rotation,ico_02,full_reassociation,EXACT,EXACT,10.0,10.0,false
REPEATED_STRUCTURE,1103,2111,dev::REPEATED_STRUCTURE::g1103::m2111,rotation,ico_03,frozen_jacobian,RIGHT_CENSORED,RIGHT_CENSORED,,,false
REPEATED_STRUCTURE,1103,2111,dev::REPEATED_STRUCTURE::g1103::m2111,rotation,ico_03,full_reassociation,EXACT,EXACT,10.0,10.0,false
REPEATED_STRUCTURE,1103,2111,dev::REPEATED_STRUCTURE::g1103::m2111,rotation,ico_04,frozen_jacobian,RIGHT_CENSORED,RIGHT_CENSORED,,,false
REPEATED_STRUCTURE,1103,2111,dev::REPEATED_STRUCTURE::g1103::m2111,rotation,ico_04,full_reassociation,EXACT,EXACT,20.0,10.0,false
REPEATED_STRUCTURE,1103,2111,dev::REPEATED_STRUCTURE::g1103::m2111,rotation,ico_05,frozen_jacobian,RIGHT_CENSORED,RIGHT_CENSORED,,,false
REPEATED_STRUCTURE,1103,2111,dev::REPEATED_STRUCTURE::g1103::m2111,rotation,ico_05,full_reassociation,EXACT,EXACT,20.0,10.0,false
REPEATED_STRUCTURE,1103,2111,dev::REPEATED_STRUCTURE::g1103::m2111,rotation,ico_06,frozen_jacobian,RIGHT_CENSORED,RIGHT_CENSORED,,,false
REPEATED_STRUCTURE,1103,2111,dev::REPEATED_STRUCTURE::g1103::m2111,rotation,ico_06,full_reassociation,EXACT,EXACT,20.0,20.0,false
REPEATED_STRUCTURE,1103,2111,dev::REPEATED_STRUCTURE::g1103::m2111,rotation,ico_07,frozen_jacobian,RIGHT_CENSORED,RIGHT_CENSORED,,,false
REPEATED_STRUCTURE,1103,2111,dev::REPEATED_STRUCTURE::g1103::m2111,rotation,ico_07,full_reassociation,EXACT,EXACT,20.0,10.0,false
REPEATED_STRUCTURE,1103,2111,dev::REPEATED_STRUCTURE::g1103::m2111,rotation,ico_08,frozen_jacobian,RIGHT_CENSORED,RIGHT_CENSORED,,,false
REPEATED_STRUCTURE,1103,2111,dev::REPEATED_STRUCTURE::g1103::m2111,rotation,ico_08,full_reassociation,EXACT,EXACT,20.0,20.0,false
REPEATED_STRUCTURE,1103,2111,dev::REPEATED_STRUCTURE::g1103::m2111,rotation,ico_09,frozen_jacobian,RIGHT_CENSORED,RIGHT_CENSORED,,,false
REPEATED_STRUCTURE,1103,2111,dev::REPEATED_STRUCTURE::g1103::m2111,rotation,ico_09,full_reassociation,EXACT,EXACT,20.0,20.0,false
REPEATED_STRUCTURE,1103,2111,dev::REPEATED_STRUCTURE::g1103::m2111,rotation,ico_10,frozen_jacobian,RIGHT_CENSORED,RIGHT_CENSORED,,,false
REPEATED_STRUCTURE,1103,2111,dev::REPEATED_STRUCTURE::g1103::m2111,rotation,ico_10,full_reassociation,EXACT,EXACT,20.0,20.0,false
REPEATED_STRUCTURE,1103,2111,dev::REPEATED_STRUCTURE::g1103::m2111,rotation,ico_11,frozen_jacobian,RIGHT_CENSORED,RIGHT_CENSORED,,,false
REPEATED_STRUCTURE,1103,2111,dev::REPEATED_STRUCTURE::g1103::m2111,rotation,ico_11,full_reassociation,EXACT,EXACT,20.0,20.0,false
REPEATED_STRUCTURE,1103,2111,dev::REPEATED_STRUCTURE::g1103::m2111,rotation,neg_x,frozen_jacobian,RIGHT_CENSORED,RIGHT_CENSORED,,,false
REPEATED_STRUCTURE,1103,2111,dev::REPEATED_STRUCTURE::g1103::m2111,rotation,neg_x,full_reassociation,RIGHT_CENSORED,RIGHT_CENSORED,,,false
REPEATED_STRUCTURE,1103,2111,dev::REPEATED_STRUCTURE::g1103::m2111,rotation,neg_y,frozen_jacobian,RIGHT_CENSORED,RIGHT_CENSORED,,,false
REPEATED_STRUCTURE,1103,2111,dev::REPEATED_STRUCTURE::g1103::m2111,rotation,neg_y,full_reassociation,EXACT,EXACT,10.0,10.0,false
REPEATED_STRUCTURE,1103,2111,dev::REPEATED_STRUCTURE::g1103::m2111,rotation,neg_z,frozen_jacobian,RIGHT_CENSORED,RIGHT_CENSORED,,,false
REPEATED_STRUCTURE,1103,2111,dev::REPEATED_STRUCTURE::g1103::m2111,rotation,neg_z,full_reassociation,EXACT,EXACT,10.0,10.0,false
REPEATED_STRUCTURE,1103,2111,dev::REPEATED_STRUCTURE::g1103::m2111,rotation,pos_x,frozen_jacobian,RIGHT_CENSORED,RIGHT_CENSORED,,,false
REPEATED_STRUCTURE,1103,2111,dev::REPEATED_STRUCTURE::g1103::m2111,rotation,pos_x,full_reassociation,RIGHT_CENSORED,RIGHT_CENSORED,,,false
REPEATED_STRUCTURE,1103,2111,dev::REPEATED_STRUCTURE::g1103::m2111,rotation,pos_y,frozen_jacobian,RIGHT_CENSORED,RIGHT_CENSORED,,,false
REPEATED_STRUCTURE,1103,2111,dev::REPEATED_STRUCTURE::g1103::m2111,rotation,pos_y,full_reassociation,EXACT,EXACT,10.0,10.0,false
REPEATED_STRUCTURE,1103,2111,dev::REPEATED_STRUCTURE::g1103::m2111,rotation,pos_z,frozen_jacobian,RIGHT_CENSORED,RIGHT_CENSORED,,,false
REPEATED_STRUCTURE,1103,2111,dev::REPEATED_STRUCTURE::g1103::m2111,rotation,pos_z,full_reassociation,EXACT,EXACT,10.0,10.0,false
REPEATED_STRUCTURE,1103,2111,dev::REPEATED_STRUCTURE::g1103::m2111,translation,ico_00,frozen_jacobian,RIGHT_CENSORED,RIGHT_CENSORED,,,false
REPEATED_STRUCTURE,1103,2111,dev::REPEATED_STRUCTURE::g1103::m2111,translation,ico_00,full_reassociation,RIGHT_CENSORED,RIGHT_CENSORED,,,false
REPEATED_STRUCTURE,1103,2111,dev::REPEATED_STRUCTURE::g1103::m2111,translation,ico_01,frozen_jacobian,RIGHT_CENSORED,RIGHT_CENSORED,,,false
REPEATED_STRUCTURE,1103,2111,dev::REPEATED_STRUCTURE::g1103::m2111,translation,ico_01,full_reassociation,RIGHT_CENSORED,RIGHT_CENSORED,,,false
REPEATED_STRUCTURE,1103,2111,dev::REPEATED_STRUCTURE::g1103::m2111,translation,ico_02,frozen_jacobian,RIGHT_CENSORED,RIGHT_CENSORED,,,false
REPEATED_STRUCTURE,1103,2111,dev::REPEATED_STRUCTURE::g1103::m2111,translation,ico_02,full_reassociation,RIGHT_CENSORED,RIGHT_CENSORED,,,false
REPEATED_STRUCTURE,1103,2111,dev::REPEATED_STRUCTURE::g1103::m2111,translation,ico_03,frozen_jacobian,RIGHT_CENSORED,RIGHT_CENSORED,,,false
REPEATED_STRUCTURE,1103,2111,dev::REPEATED_STRUCTURE::g1103::m2111,translation,ico_03,full_reassociation,RIGHT_CENSORED,RIGHT_CENSORED,,,false
REPEATED_STRUCTURE,1103,2111,dev::REPEATED_STRUCTURE::g1103::m2111,translation,ico_04,frozen_jacobian,RIGHT_CENSORED,RIGHT_CENSORED,,,false
REPEATED_STRUCTURE,1103,2111,dev::REPEATED_STRUCTURE::g1103::m2111,translation,ico_04,full_reassociation,EXACT,EXACT,0.4,0.4,false
REPEATED_STRUCTURE,1103,2111,dev::REPEATED_STRUCTURE::g1103::m2111,translation,ico_05,frozen_jacobian,RIGHT_CENSORED,RIGHT_CENSORED,,,false
REPEATED_STRUCTURE,1103,2111,dev::REPEATED_STRUCTURE::g1103::m2111,translation,ico_05,full_reassociation,EXACT,EXACT,0.4,0.4,false
REPEATED_STRUCTURE,1103,2111,dev::REPEATED_STRUCTURE::g1103::m2111,translation,ico_06,frozen_jacobian,RIGHT_CENSORED,RIGHT_CENSORED,,,false
REPEATED_STRUCTURE,1103,2111,dev::REPEATED_STRUCTURE::g1103::m2111,translation,ico_06,full_reassociation,EXACT,EXACT,0.4,0.4,false
REPEATED_STRUCTURE,1103,2111,dev::REPEATED_STRUCTURE::g1103::m2111,translation,ico_07,frozen_jacobian,RIGHT_CENSORED,RIGHT_CENSORED,,,false
REPEATED_STRUCTURE,1103,2111,dev::REPEATED_STRUCTURE::g1103::m2111,translation,ico_07,full_reassociation,EXACT,EXACT,0.8,0.4,false
REPEATED_STRUCTURE,1103,2111,dev::REPEATED_STRUCTURE::g1103::m2111,translation,ico_08,frozen_jacobian,RIGHT_CENSORED,RIGHT_CENSORED,,,false
REPEATED_STRUCTURE,1103,2111,dev::REPEATED_STRUCTURE::g1103::m2111,translation,ico_08,full_reassociation,EXACT,EXACT,0.4,0.4,false
REPEATED_STRUCTURE,1103,2111,dev::REPEATED_STRUCTURE::g1103::m2111,translation,ico_09,frozen_jacobian,RIGHT_CENSORED,RIGHT_CENSORED,,,false
REPEATED_STRUCTURE,1103,2111,dev::REPEATED_STRUCTURE::g1103::m2111,translation,ico_09,full_reassociation,EXACT,EXACT,0.4,0.4,false
REPEATED_STRUCTURE,1103,2111,dev::REPEATED_STRUCTURE::g1103::m2111,translation,ico_10,frozen_jacobian,RIGHT_CENSORED,RIGHT_CENSORED,,,false
REPEATED_STRUCTURE,1103,2111,dev::REPEATED_STRUCTURE::g1103::m2111,translation,ico_10,full_reassociation,EXACT,EXACT,0.4,0.4,false
REPEATED_STRUCTURE,1103,2111,dev::REPEATED_STRUCTURE::g1103::m2111,translation,ico_11,frozen_jacobian,RIGHT_CENSORED,RIGHT_CENSORED,,,false
REPEATED_STRUCTURE,1103,2111,dev::REPEATED_STRUCTURE::g1103::m2111,translation,ico_11,full_reassociation,EXACT,EXACT,0.4,0.4,false
REPEATED_STRUCTURE,1103,2111,dev::REPEATED_STRUCTURE::g1103::m2111,translation,neg_x,frozen_jacobian,RIGHT_CENSORED,RIGHT_CENSORED,,,false
REPEATED_STRUCTURE,1103,2111,dev::REPEATED_STRUCTURE::g1103::m2111,translation,neg_x,full_reassociation,EXACT,EXACT,0.4,0.4,false
REPEATED_STRUCTURE,1103,2111,dev::REPEATED_STRUCTURE::g1103::m2111,translation,neg_y,frozen_jacobian,RIGHT_CENSORED,RIGHT_CENSORED,,,false
REPEATED_STRUCTURE,1103,2111,dev::REPEATED_STRUCTURE::g1103::m2111,translation,neg_y,full_reassociation,RIGHT_CENSORED,RIGHT_CENSORED,,,false
REPEATED_STRUCTURE,1103,2111,dev::REPEATED_STRUCTURE::g1103::m2111,translation,neg_z,frozen_jacobian,RIGHT_CENSORED,RIGHT_CENSORED,,,false
REPEATED_STRUCTURE,1103,2111,dev::REPEATED_STRUCTURE::g1103::m2111,translation,neg_z,full_reassociation,RIGHT_CENSORED,RIGHT_CENSORED,,,false
REPEATED_STRUCTURE,1103,2111,dev::REPEATED_STRUCTURE::g1103::m2111,translation,pos_x,frozen_jacobian,RIGHT_CENSORED,RIGHT_CENSORED,,,false
REPEATED_STRUCTURE,1103,2111,dev::REPEATED_STRUCTURE::g1103::m2111,translation,pos_x,full_reassociation,EXACT,EXACT,0.4,0.2,false
REPEATED_STRUCTURE,1103,2111,dev::REPEATED_STRUCTURE::g1103::m2111,translation,pos_y,frozen_jacobian,RIGHT_CENSORED,RIGHT_CENSORED,,,false
REPEATED_STRUCTURE,1103,2111,dev::REPEATED_STRUCTURE::g1103::m2111,translation,pos_y,full_reassociation,RIGHT_CENSORED,RIGHT_CENSORED,,,false
REPEATED_STRUCTURE,1103,2111,dev::REPEATED_STRUCTURE::g1103::m2111,translation,pos_z,frozen_jacobian,RIGHT_CENSORED,RIGHT_CENSORED,,,false
REPEATED_STRUCTURE,1103,2111,dev::REPEATED_STRUCTURE::g1103::m2111,translation,pos_z,full_reassociation,RIGHT_CENSORED,RIGHT_CENSORED,,,false
REPEATED_STRUCTURE,1107,2101,dev::REPEATED_STRUCTURE::g1107::m2101,rotation,ico_00,frozen_jacobian,RIGHT_CENSORED,RIGHT_CENSORED,,,false
REPEATED_STRUCTURE,1107,2101,dev::REPEATED_STRUCTURE::g1107::m2101,rotation,ico_00,full_reassociation,EXACT,EXACT,10.0,10.0,false
REPEATED_STRUCTURE,1107,2101,dev::REPEATED_STRUCTURE::g1107::m2101,rotation,ico_01,frozen_jacobian,RIGHT_CENSORED,RIGHT_CENSORED,,,false
REPEATED_STRUCTURE,1107,2101,dev::REPEATED_STRUCTURE::g1107::m2101,rotation,ico_01,full_reassociation,EXACT,EXACT,10.0,10.0,false
REPEATED_STRUCTURE,1107,2101,dev::REPEATED_STRUCTURE::g1107::m2101,rotation,ico_02,frozen_jacobian,RIGHT_CENSORED,RIGHT_CENSORED,,,false
REPEATED_STRUCTURE,1107,2101,dev::REPEATED_STRUCTURE::g1107::m2101,rotation,ico_02,full_reassociation,EXACT,EXACT,10.0,10.0,false
REPEATED_STRUCTURE,1107,2101,dev::REPEATED_STRUCTURE::g1107::m2101,rotation,ico_03,frozen_jacobian,RIGHT_CENSORED,RIGHT_CENSORED,,,false
REPEATED_STRUCTURE,1107,2101,dev::REPEATED_STRUCTURE::g1107::m2101,rotation,ico_03,full_reassociation,EXACT,EXACT,10.0,10.0,false
REPEATED_STRUCTURE,1107,2101,dev::REPEATED_STRUCTURE::g1107::m2101,rotation,ico_04,frozen_jacobian,RIGHT_CENSORED,RIGHT_CENSORED,,,false
REPEATED_STRUCTURE,1107,2101,dev::REPEATED_STRUCTURE::g1107::m2101,rotation,ico_04,full_reassociation,EXACT,EXACT,20.0,20.0,false
REPEATED_STRUCTURE,1107,2101,dev::REPEATED_STRUCTURE::g1107::m2101,rotation,ico_05,frozen_jacobian,RIGHT_CENSORED,RIGHT_CENSORED,,,false
REPEATED_STRUCTURE,1107,2101,dev::REPEATED_STRUCTURE::g1107::m2101,rotation,ico_05,full_reassociation,EXACT,EXACT,20.0,10.0,false
REPEATED_STRUCTURE,1107,2101,dev::REPEATED_STRUCTURE::g1107::m2101,rotation,ico_06,frozen_jacobian,RIGHT_CENSORED,RIGHT_CENSORED,,,false
REPEATED_STRUCTURE,1107,2101,dev::REPEATED_STRUCTURE::g1107::m2101,rotation,ico_06,full_reassociation,EXACT,EXACT,20.0,10.0,false
REPEATED_STRUCTURE,1107,2101,dev::REPEATED_STRUCTURE::g1107::m2101,rotation,ico_07,frozen_jacobian,RIGHT_CENSORED,RIGHT_CENSORED,,,false
REPEATED_STRUCTURE,1107,2101,dev::REPEATED_STRUCTURE::g1107::m2101,rotation,ico_07,full_reassociation,EXACT,EXACT,20.0,10.0,false
REPEATED_STRUCTURE,1107,2101,dev::REPEATED_STRUCTURE::g1107::m2101,rotation,ico_08,frozen_jacobian,RIGHT_CENSORED,RIGHT_CENSORED,,,false
REPEATED_STRUCTURE,1107,2101,dev::REPEATED_STRUCTURE::g1107::m2101,rotation,ico_08,full_reassociation,EXACT,EXACT,20.0,20.0,false
REPEATED_STRUCTURE,1107,2101,dev::REPEATED_STRUCTURE::g1107::m2101,rotation,ico_09,frozen_jacobian,RIGHT_CENSORED,RIGHT_CENSORED,,,false
REPEATED_STRUCTURE,1107,2101,dev::REPEATED_STRUCTURE::g1107::m2101,rotation,ico_09,full_reassociation,EXACT,EXACT,20.0,20.0,false
REPEATED_STRUCTURE,1107,2101,dev::REPEATED_STRUCTURE::g1107::m2101,rotation,ico_10,frozen_jacobian,RIGHT_CENSORED,RIGHT_CENSORED,,,false
REPEATED_STRUCTURE,1107,2101,dev::REPEATED_STRUCTURE::g1107::m2101,rotation,ico_10,full_reassociation,EXACT,EXACT,20.0,20.0,false
REPEATED_STRUCTURE,1107,2101,dev::REPEATED_STRUCTURE::g1107::m2101,rotation,ico_11,frozen_jacobian,RIGHT_CENSORED,RIGHT_CENSORED,,,false
REPEATED_STRUCTURE,1107,2101,dev::REPEATED_STRUCTURE::g1107::m2101,rotation,ico_11,full_reassociation,EXACT,EXACT,20.0,20.0,false
REPEATED_STRUCTURE,1107,2101,dev::REPEATED_STRUCTURE::g1107::m2101,rotation,neg_x,frozen_jacobian,RIGHT_CENSORED,RIGHT_CENSORED,,,false
REPEATED_STRUCTURE,1107,2101,dev::REPEATED_STRUCTURE::g1107::m2101,rotation,neg_x,full_reassociation,RIGHT_CENSORED,RIGHT_CENSORED,,,false
REPEATED_STRUCTURE,1107,2101,dev::REPEATED_STRUCTURE::g1107::m2101,rotation,neg_y,frozen_jacobian,RIGHT_CENSORED,RIGHT_CENSORED,,,false
REPEATED_STRUCTURE,1107,2101,dev::REPEATED_STRUCTURE::g1107::m2101,rotation,neg_y,full_reassociation,EXACT,EXACT,10.0,10.0,false
REPEATED_STRUCTURE,1107,2101,dev::REPEATED_STRUCTURE::g1107::m2101,rotation,neg_z,frozen_jacobian,RIGHT_CENSORED,RIGHT_CENSORED,,,false
REPEATED_STRUCTURE,1107,2101,dev::REPEATED_STRUCTURE::g1107::m2101,rotation,neg_z,full_reassociation,EXACT,EXACT,10.0,10.0,false
REPEATED_STRUCTURE,1107,2101,dev::REPEATED_STRUCTURE::g1107::m2101,rotation,pos_x,frozen_jacobian,RIGHT_CENSORED,RIGHT_CENSORED,,,false
REPEATED_STRUCTURE,1107,2101,dev::REPEATED_STRUCTURE::g1107::m2101,rotation,pos_x,full_reassociation,RIGHT_CENSORED,RIGHT_CENSORED,,,false
REPEATED_STRUCTURE,1107,2101,dev::REPEATED_STRUCTURE::g1107::m2101,rotation,pos_y,frozen_jacobian,RIGHT_CENSORED,RIGHT_CENSORED,,,false
REPEATED_STRUCTURE,1107,2101,dev::REPEATED_STRUCTURE::g1107::m2101,rotation,pos_y,full_reassociation,EXACT,EXACT,10.0,10.0,false
REPEATED_STRUCTURE,1107,2101,dev::REPEATED_STRUCTURE::g1107::m2101,rotation,pos_z,frozen_jacobian,RIGHT_CENSORED,RIGHT_CENSORED,,,false
REPEATED_STRUCTURE,1107,2101,dev::REPEATED_STRUCTURE::g1107::m2101,rotation,pos_z,full_reassociation,EXACT,EXACT,10.0,10.0,false
REPEATED_STRUCTURE,1107,2101,dev::REPEATED_STRUCTURE::g1107::m2101,translation,ico_00,frozen_jacobian,RIGHT_CENSORED,RIGHT_CENSORED,,,false
REPEATED_STRUCTURE,1107,2101,dev::REPEATED_STRUCTURE::g1107::m2101,translation,ico_00,full_reassociation,RIGHT_CENSORED,RIGHT_CENSORED,,,false
REPEATED_STRUCTURE,1107,2101,dev::REPEATED_STRUCTURE::g1107::m2101,translation,ico_01,frozen_jacobian,RIGHT_CENSORED,RIGHT_CENSORED,,,false
REPEATED_STRUCTURE,1107,2101,dev::REPEATED_STRUCTURE::g1107::m2101,translation,ico_01,full_reassociation,RIGHT_CENSORED,RIGHT_CENSORED,,,false
REPEATED_STRUCTURE,1107,2101,dev::REPEATED_STRUCTURE::g1107::m2101,translation,ico_02,frozen_jacobian,RIGHT_CENSORED,RIGHT_CENSORED,,,false
REPEATED_STRUCTURE,1107,2101,dev::REPEATED_STRUCTURE::g1107::m2101,translation,ico_02,full_reassociation,RIGHT_CENSORED,RIGHT_CENSORED,,,false
REPEATED_STRUCTURE,1107,2101,dev::REPEATED_STRUCTURE::g1107::m2101,translation,ico_03,frozen_jacobian,RIGHT_CENSORED,RIGHT_CENSORED,,,false
REPEATED_STRUCTURE,1107,2101,dev::REPEATED_STRUCTURE::g1107::m2101,translation,ico_03,full_reassociation,RIGHT_CENSORED,RIGHT_CENSORED,,,false
REPEATED_STRUCTURE,1107,2101,dev::REPEATED_STRUCTURE::g1107::m2101,translation,ico_04,frozen_jacobian,RIGHT_CENSORED,RIGHT_CENSORED,,,false
REPEATED_STRUCTURE,1107,2101,dev::REPEATED_STRUCTURE::g1107::m2101,translation,ico_04,full_reassociation,EXACT,EXACT,0.4,0.4,false
REPEATED_STRUCTURE,1107,2101,dev::REPEATED_STRUCTURE::g1107::m2101,translation,ico_05,frozen_jacobian,RIGHT_CENSORED,RIGHT_CENSORED,,,false
REPEATED_STRUCTURE,1107,2101,dev::REPEATED_STRUCTURE::g1107::m2101,translation,ico_05,full_reassociation,EXACT,EXACT,0.4,0.4,false
REPEATED_STRUCTURE,1107,2101,dev::REPEATED_STRUCTURE::g1107::m2101,translation,ico_06,frozen_jacobian,RIGHT_CENSORED,RIGHT_CENSORED,,,false
REPEATED_STRUCTURE,1107,2101,dev::REPEATED_STRUCTURE::g1107::m2101,translation,ico_06,full_reassociation,EXACT,EXACT,0.4,0.4,false
REPEATED_STRUCTURE,1107,2101,dev::REPEATED_STRUCTURE::g1107::m2101,translation,ico_07,frozen_jacobian,RIGHT_CENSORED,RIGHT_CENSORED,,,false
REPEATED_STRUCTURE,1107,2101,dev::REPEATED_STRUCTURE::g1107::m2101,translation,ico_07,full_reassociation,EXACT,EXACT,0.4,0.4,false
REPEATED_STRUCTURE,1107,2101,dev::REPEATED_STRUCTURE::g1107::m2101,translation,ico_08,frozen_jacobian,RIGHT_CENSORED,RIGHT_CENSORED,,,false
REPEATED_STRUCTURE,1107,2101,dev::REPEATED_STRUCTURE::g1107::m2101,translation,ico_08,full_reassociation,EXACT,EXACT,0.4,0.4,false
REPEATED_STRUCTURE,1107,2101,dev::REPEATED_STRUCTURE::g1107::m2101,translation,ico_09,frozen_jacobian,RIGHT_CENSORED,RIGHT_CENSORED,,,false
REPEATED_STRUCTURE,1107,2101,dev::REPEATED_STRUCTURE::g1107::m2101,translation,ico_09,full_reassociation,EXACT,EXACT,0.4,0.2,false
REPEATED_STRUCTURE,1107,2101,dev::REPEATED_STRUCTURE::g1107::m2101,translation,ico_10,frozen_jacobian,RIGHT_CENSORED,RIGHT_CENSORED,,,false
REPEATED_STRUCTURE,1107,2101,dev::REPEATED_STRUCTURE::g1107::m2101,translation,ico_10,full_reassociation,EXACT,EXACT,0.4,0.4,false
REPEATED_STRUCTURE,1107,2101,dev::REPEATED_STRUCTURE::g1107::m2101,translation,ico_11,frozen_jacobian,RIGHT_CENSORED,RIGHT_CENSORED,,,false
REPEATED_STRUCTURE,1107,2101,dev::REPEATED_STRUCTURE::g1107::m2101,translation,ico_11,full_reassociation,EXACT,EXACT,0.2,0.2,false
REPEATED_STRUCTURE,1107,2101,dev::REPEATED_STRUCTURE::g1107::m2101,translation,neg_x,frozen_jacobian,RIGHT_CENSORED,RIGHT_CENSORED,,,false
REPEATED_STRUCTURE,1107,2101,dev::REPEATED_STRUCTURE::g1107::m2101,translation,neg_x,full_reassociation,EXACT,EXACT,0.2,0.2,false
REPEATED_STRUCTURE,1107,2101,dev::REPEATED_STRUCTURE::g1107::m2101,translation,neg_y,frozen_jacobian,RIGHT_CENSORED,RIGHT_CENSORED,,,false
REPEATED_STRUCTURE,1107,2101,dev::REPEATED_STRUCTURE::g1107::m2101,translation,neg_y,full_reassociation,RIGHT_CENSORED,RIGHT_CENSORED,,,false
REPEATED_STRUCTURE,1107,2101,dev::REPEATED_STRUCTURE::g1107::m2101,translation,neg_z,frozen_jacobian,RIGHT_CENSORED,RIGHT_CENSORED,,,false
REPEATED_STRUCTURE,1107,2101,dev::REPEATED_STRUCTURE::g1107::m2101,translation,neg_z,full_reassociation,RIGHT_CENSORED,RIGHT_CENSORED,,,false
REPEATED_STRUCTURE,1107,2101,dev::REPEATED_STRUCTURE::g1107::m2101,translation,pos_x,frozen_jacobian,RIGHT_CENSORED,RIGHT_CENSORED,,,false
REPEATED_STRUCTURE,1107,2101,dev::REPEATED_STRUCTURE::g1107::m2101,translation,pos_x,full_reassociation,EXACT,EXACT,0.2,0.2,false
REPEATED_STRUCTURE,1107,2101,dev::REPEATED_STRUCTURE::g1107::m2101,translation,pos_y,frozen_jacobian,RIGHT_CENSORED,RIGHT_CENSORED,,,false
REPEATED_STRUCTURE,1107,2101,dev::REPEATED_STRUCTURE::g1107::m2101,translation,pos_y,full_reassociation,RIGHT_CENSORED,RIGHT_CENSORED,,,false
REPEATED_STRUCTURE,1107,2101,dev::REPEATED_STRUCTURE::g1107::m2101,translation,pos_z,frozen_jacobian,RIGHT_CENSORED,RIGHT_CENSORED,,,false
REPEATED_STRUCTURE,1107,2101,dev::REPEATED_STRUCTURE::g1107::m2101,translation,pos_z,full_reassociation,RIGHT_CENSORED,RIGHT_CENSORED,,,false
REPEATED_STRUCTURE,1107,2111,dev::REPEATED_STRUCTURE::g1107::m2111,rotation,ico_00,frozen_jacobian,RIGHT_CENSORED,RIGHT_CENSORED,,,false
REPEATED_STRUCTURE,1107,2111,dev::REPEATED_STRUCTURE::g1107::m2111,rotation,ico_00,full_reassociation,EXACT,EXACT,10.0,10.0,false
REPEATED_STRUCTURE,1107,2111,dev::REPEATED_STRUCTURE::g1107::m2111,rotation,ico_01,frozen_jacobian,RIGHT_CENSORED,RIGHT_CENSORED,,,false
REPEATED_STRUCTURE,1107,2111,dev::REPEATED_STRUCTURE::g1107::m2111,rotation,ico_01,full_reassociation,EXACT,EXACT,10.0,10.0,false
REPEATED_STRUCTURE,1107,2111,dev::REPEATED_STRUCTURE::g1107::m2111,rotation,ico_02,frozen_jacobian,RIGHT_CENSORED,RIGHT_CENSORED,,,false
REPEATED_STRUCTURE,1107,2111,dev::REPEATED_STRUCTURE::g1107::m2111,rotation,ico_02,full_reassociation,EXACT,EXACT,10.0,10.0,false
REPEATED_STRUCTURE,1107,2111,dev::REPEATED_STRUCTURE::g1107::m2111,rotation,ico_03,frozen_jacobian,RIGHT_CENSORED,RIGHT_CENSORED,,,false
REPEATED_STRUCTURE,1107,2111,dev::REPEATED_STRUCTURE::g1107::m2111,rotation,ico_03,full_reassociation,EXACT,EXACT,10.0,10.0,false
REPEATED_STRUCTURE,1107,2111,dev::REPEATED_STRUCTURE::g1107::m2111,rotation,ico_04,frozen_jacobian,RIGHT_CENSORED,RIGHT_CENSORED,,,false
REPEATED_STRUCTURE,1107,2111,dev::REPEATED_STRUCTURE::g1107::m2111,rotation,ico_04,full_reassociation,EXACT,EXACT,20.0,20.0,false
REPEATED_STRUCTURE,1107,2111,dev::REPEATED_STRUCTURE::g1107::m2111,rotation,ico_05,frozen_jacobian,RIGHT_CENSORED,RIGHT_CENSORED,,,false
REPEATED_STRUCTURE,1107,2111,dev::REPEATED_STRUCTURE::g1107::m2111,rotation,ico_05,full_reassociation,EXACT,EXACT,10.0,10.0,false
REPEATED_STRUCTURE,1107,2111,dev::REPEATED_STRUCTURE::g1107::m2111,rotation,ico_06,frozen_jacobian,RIGHT_CENSORED,RIGHT_CENSORED,,,false
REPEATED_STRUCTURE,1107,2111,dev::REPEATED_STRUCTURE::g1107::m2111,rotation,ico_06,full_reassociation,EXACT,EXACT,20.0,20.0,false
REPEATED_STRUCTURE,1107,2111,dev::REPEATED_STRUCTURE::g1107::m2111,rotation,ico_07,frozen_jacobian,RIGHT_CENSORED,RIGHT_CENSORED,,,false
REPEATED_STRUCTURE,1107,2111,dev::REPEATED_STRUCTURE::g1107::m2111,rotation,ico_07,full_reassociation,EXACT,EXACT,20.0,20.0,false
REPEATED_STRUCTURE,1107,2111,dev::REPEATED_STRUCTURE::g1107::m2111,rotation,ico_08,frozen_jacobian,RIGHT_CENSORED,RIGHT_CENSORED,,,false
REPEATED_STRUCTURE,1107,2111,dev::REPEATED_STRUCTURE::g1107::m2111,rotation,ico_08,full_reassociation,EXACT,EXACT,20.0,20.0,false
REPEATED_STRUCTURE,1107,2111,dev::REPEATED_STRUCTURE::g1107::m2111,rotation,ico_09,frozen_jacobian,RIGHT_CENSORED,RIGHT_CENSORED,,,false
REPEATED_STRUCTURE,1107,2111,dev::REPEATED_STRUCTURE::g1107::m2111,rotation,ico_09,full_reassociation,EXACT,EXACT,20.0,20.0,false
REPEATED_STRUCTURE,1107,2111,dev::REPEATED_STRUCTURE::g1107::m2111,rotation,ico_10,frozen_jacobian,RIGHT_CENSORED,RIGHT_CENSORED,,,false
REPEATED_STRUCTURE,1107,2111,dev::REPEATED_STRUCTURE::g1107::m2111,rotation,ico_10,full_reassociation,EXACT,EXACT,20.0,20.0,false
REPEATED_STRUCTURE,1107,2111,dev::REPEATED_STRUCTURE::g1107::m2111,rotation,ico_11,frozen_jacobian,RIGHT_CENSORED,RIGHT_CENSORED,,,false
REPEATED_STRUCTURE,1107,2111,dev::REPEATED_STRUCTURE::g1107::m2111,rotation,ico_11,full_reassociation,EXACT,EXACT,20.0,20.0,false
REPEATED_STRUCTURE,1107,2111,dev::REPEATED_STRUCTURE::g1107::m2111,rotation,neg_x,frozen_jacobian,RIGHT_CENSORED,RIGHT_CENSORED,,,false
REPEATED_STRUCTURE,1107,2111,dev::REPEATED_STRUCTURE::g1107::m2111,rotation,neg_x,full_reassociation,RIGHT_CENSORED,RIGHT_CENSORED,,,false
REPEATED_STRUCTURE,1107,2111,dev::REPEATED_STRUCTURE::g1107::m2111,rotation,neg_y,frozen_jacobian,RIGHT_CENSORED,RIGHT_CENSORED,,,false
REPEATED_STRUCTURE,1107,2111,dev::REPEATED_STRUCTURE::g1107::m2111,rotation,neg_y,full_reassociation,EXACT,EXACT,10.0,10.0,false
REPEATED_STRUCTURE,1107,2111,dev::REPEATED_STRUCTURE::g1107::m2111,rotation,neg_z,frozen_jacobian,RIGHT_CENSORED,RIGHT_CENSORED,,,false
REPEATED_STRUCTURE,1107,2111,dev::REPEATED_STRUCTURE::g1107::m2111,rotation,neg_z,full_reassociation,EXACT,EXACT,10.0,10.0,false
REPEATED_STRUCTURE,1107,2111,dev::REPEATED_STRUCTURE::g1107::m2111,rotation,pos_x,frozen_jacobian,RIGHT_CENSORED,RIGHT_CENSORED,,,false
REPEATED_STRUCTURE,1107,2111,dev::REPEATED_STRUCTURE::g1107::m2111,rotation,pos_x,full_reassociation,RIGHT_CENSORED,RIGHT_CENSORED,,,false
REPEATED_STRUCTURE,1107,2111,dev::REPEATED_STRUCTURE::g1107::m2111,rotation,pos_y,frozen_jacobian,RIGHT_CENSORED,RIGHT_CENSORED,,,false
REPEATED_STRUCTURE,1107,2111,dev::REPEATED_STRUCTURE::g1107::m2111,rotation,pos_y,full_reassociation,EXACT,EXACT,10.0,10.0,false
REPEATED_STRUCTURE,1107,2111,dev::REPEATED_STRUCTURE::g1107::m2111,rotation,pos_z,frozen_jacobian,RIGHT_CENSORED,RIGHT_CENSORED,,,false
REPEATED_STRUCTURE,1107,2111,dev::REPEATED_STRUCTURE::g1107::m2111,rotation,pos_z,full_reassociation,EXACT,EXACT,10.0,10.0,false
REPEATED_STRUCTURE,1107,2111,dev::REPEATED_STRUCTURE::g1107::m2111,translation,ico_00,frozen_jacobian,RIGHT_CENSORED,RIGHT_CENSORED,,,false
REPEATED_STRUCTURE,1107,2111,dev::REPEATED_STRUCTURE::g1107::m2111,translation,ico_00,full_reassociation,RIGHT_CENSORED,RIGHT_CENSORED,,,false
REPEATED_STRUCTURE,1107,2111,dev::REPEATED_STRUCTURE::g1107::m2111,translation,ico_01,frozen_jacobian,RIGHT_CENSORED,RIGHT_CENSORED,,,false
REPEATED_STRUCTURE,1107,2111,dev::REPEATED_STRUCTURE::g1107::m2111,translation,ico_01,full_reassociation,RIGHT_CENSORED,RIGHT_CENSORED,,,false
REPEATED_STRUCTURE,1107,2111,dev::REPEATED_STRUCTURE::g1107::m2111,translation,ico_02,frozen_jacobian,RIGHT_CENSORED,RIGHT_CENSORED,,,false
REPEATED_STRUCTURE,1107,2111,dev::REPEATED_STRUCTURE::g1107::m2111,translation,ico_02,full_reassociation,RIGHT_CENSORED,RIGHT_CENSORED,,,false
REPEATED_STRUCTURE,1107,2111,dev::REPEATED_STRUCTURE::g1107::m2111,translation,ico_03,frozen_jacobian,RIGHT_CENSORED,RIGHT_CENSORED,,,false
REPEATED_STRUCTURE,1107,2111,dev::REPEATED_STRUCTURE::g1107::m2111,translation,ico_03,full_reassociation,RIGHT_CENSORED,RIGHT_CENSORED,,,false
REPEATED_STRUCTURE,1107,2111,dev::REPEATED_STRUCTURE::g1107::m2111,translation,ico_04,frozen_jacobian,RIGHT_CENSORED,RIGHT_CENSORED,,,false
REPEATED_STRUCTURE,1107,2111,dev::REPEATED_STRUCTURE::g1107::m2111,translation,ico_04,full_reassociation,EXACT,EXACT,0.4,0.4,false
REPEATED_STRUCTURE,1107,2111,dev::REPEATED_STRUCTURE::g1107::m2111,translation,ico_05,frozen_jacobian,RIGHT_CENSORED,RIGHT_CENSORED,,,false
REPEATED_STRUCTURE,1107,2111,dev::REPEATED_STRUCTURE::g1107::m2111,translation,ico_05,full_reassociation,EXACT,EXACT,0.4,0.4,false
REPEATED_STRUCTURE,1107,2111,dev::REPEATED_STRUCTURE::g1107::m2111,translation,ico_06,frozen_jacobian,RIGHT_CENSORED,RIGHT_CENSORED,,,false
REPEATED_STRUCTURE,1107,2111,dev::REPEATED_STRUCTURE::g1107::m2111,translation,ico_06,full_reassociation,EXACT,EXACT,0.4,0.4,false
REPEATED_STRUCTURE,1107,2111,dev::REPEATED_STRUCTURE::g1107::m2111,translation,ico_07,frozen_jacobian,RIGHT_CENSORED,RIGHT_CENSORED,,,false
REPEATED_STRUCTURE,1107,2111,dev::REPEATED_STRUCTURE::g1107::m2111,translation,ico_07,full_reassociation,EXACT,EXACT,0.4,0.4,false
REPEATED_STRUCTURE,1107,2111,dev::REPEATED_STRUCTURE::g1107::m2111,translation,ico_08,frozen_jacobian,RIGHT_CENSORED,RIGHT_CENSORED,,,false
REPEATED_STRUCTURE,1107,2111,dev::REPEATED_STRUCTURE::g1107::m2111,translation,ico_08,full_reassociation,EXACT,EXACT,0.4,0.4,false
REPEATED_STRUCTURE,1107,2111,dev::REPEATED_STRUCTURE::g1107::m2111,translation,ico_09,frozen_jacobian,RIGHT_CENSORED,RIGHT_CENSORED,,,false
REPEATED_STRUCTURE,1107,2111,dev::REPEATED_STRUCTURE::g1107::m2111,translation,ico_09,full_reassociation,EXACT,EXACT,0.4,0.2,false
REPEATED_STRUCTURE,1107,2111,dev::REPEATED_STRUCTURE::g1107::m2111,translation,ico_10,frozen_jacobian,RIGHT_CENSORED,RIGHT_CENSORED,,,false
REPEATED_STRUCTURE,1107,2111,dev::REPEATED_STRUCTURE::g1107::m2111,translation,ico_10,full_reassociation,EXACT,EXACT,0.4,0.4,false
REPEATED_STRUCTURE,1107,2111,dev::REPEATED_STRUCTURE::g1107::m2111,translation,ico_11,frozen_jacobian,RIGHT_CENSORED,RIGHT_CENSORED,,,false
REPEATED_STRUCTURE,1107,2111,dev::REPEATED_STRUCTURE::g1107::m2111,translation,ico_11,full_reassociation,EXACT,EXACT,0.2,0.2,false
REPEATED_STRUCTURE,1107,2111,dev::REPEATED_STRUCTURE::g1107::m2111,translation,neg_x,frozen_jacobian,RIGHT_CENSORED,RIGHT_CENSORED,,,false
REPEATED_STRUCTURE,1107,2111,dev::REPEATED_STRUCTURE::g1107::m2111,translation,neg_x,full_reassociation,EXACT,EXACT,0.2,0.2,false
REPEATED_STRUCTURE,1107,2111,dev::REPEATED_STRUCTURE::g1107::m2111,translation,neg_y,frozen_jacobian,RIGHT_CENSORED,RIGHT_CENSORED,,,false
REPEATED_STRUCTURE,1107,2111,dev::REPEATED_STRUCTURE::g1107::m2111,translation,neg_y,full_reassociation,RIGHT_CENSORED,RIGHT_CENSORED,,,false
REPEATED_STRUCTURE,1107,2111,dev::REPEATED_STRUCTURE::g1107::m2111,translation,neg_z,frozen_jacobian,RIGHT_CENSORED,RIGHT_CENSORED,,,false
REPEATED_STRUCTURE,1107,2111,dev::REPEATED_STRUCTURE::g1107::m2111,translation,neg_z,full_reassociation,RIGHT_CENSORED,RIGHT_CENSORED,,,false
REPEATED_STRUCTURE,1107,2111,dev::REPEATED_STRUCTURE::g1107::m2111,translation,pos_x,frozen_jacobian,RIGHT_CENSORED,RIGHT_CENSORED,,,false
REPEATED_STRUCTURE,1107,2111,dev::REPEATED_STRUCTURE::g1107::m2111,translation,pos_x,full_reassociation,EXACT,EXACT,0.2,0.2,false
REPEATED_STRUCTURE,1107,2111,dev::REPEATED_STRUCTURE::g1107::m2111,translation,pos_y,frozen_jacobian,RIGHT_CENSORED,RIGHT_CENSORED,,,false
REPEATED_STRUCTURE,1107,2111,dev::REPEATED_STRUCTURE::g1107::m2111,translation,pos_y,full_reassociation,RIGHT_CENSORED,RIGHT_CENSORED,,,false
REPEATED_STRUCTURE,1107,2111,dev::REPEATED_STRUCTURE::g1107::m2111,translation,pos_z,frozen_jacobian,RIGHT_CENSORED,RIGHT_CENSORED,,,false
REPEATED_STRUCTURE,1107,2111,dev::REPEATED_STRUCTURE::g1107::m2111,translation,pos_z,full_reassociation,RIGHT_CENSORED,RIGHT_CENSORED,,,false
