scene_variant,geometry_seed,measurement_seed,repeat_index,block_id,base_snapshot_id,base_snapshot_checksum,scan_checksum,map_checksum,dropout_checksum,scan_pre_noise_checksum,map_pre_noise_checksum,scan_normals_checksum,map_normals_checksum,scan_dropout_mask_checksum,map_dropout_mask_checksum,scan_point_count_before_dropout,scan_point_count,map_point_count_before_dropout,map_point_count,primitive_count
GEOMETRY_RICH_ROOM,1101,2101,0,dev::GEOMETRY_RICH_ROOM::g1101::m2101,dev::GEOMETRY_RICH_ROOM::g1101::m2101::r00,7abe1f4de71af768ca258587d32dd2be112a73f07ae2c29676f814ef5caf08f0,d98ed2cf103753eba6077f3a3af6118e41a7b9341087963072cb79e7e740775d,7a5f70742b0bb680021d94ef1ff010c8c4f0bf3b414e01a7d5e20717c83a0e15,a132413efa1914fe7341a81231bf24170220aba4b581f260efa72fc176ac12f9,fb4a4752ff411979383716ac33136d8c6d6f8788aab7c3da9ada24c7f70fff6c,ef2f3fa862f43b82963f21e55db9f06e99c2eadb2b93dcb73b874bd67beec8bf,b747ee7d39cb6fcac2579f76b2154f913a3fec97fa715693f2f2d80bc49d44a0,4914e39dd504f7bd96b693975fe478521e8c0ca8dd1af6329c2ddcbccd984b8d,86feff7df3a5f078c3374adc3f98e17afce254d64ec30e1d61ccff3e0896c672,093a85b43b64d23a647d1b50b6d6806216c9fa1d1d9c7c2fbde5c99e11325854,44214,43771,44214,44214,24
GEOMETRY_RICH_ROOM,1101,2101,1,dev::GEOMETRY_RICH_ROOM::g1101::m2101,dev::GEOMETRY_RICH_ROOM::g1101::m2101::r01,f605194a4de85573fb53b4561c4286113e0699cd70297ad75cfcbdc3a56a8c65,1f1bec610ef026ef3424b0095f5f7a65afc7647bab22fc4053e07d3f446e4097,85f7038017a58086ac9495bcb6911c10cad7a751dd55148af487235a2b201782,0f46d06907e246f72168cde7cdb1311c7dc2a8a1b1965774e8c1006b36d7ea7d,fb4a4752ff411979383716ac33136d8c6d6f8788aab7c3da9ada24c7f70fff6c,ef2f3fa862f43b82963f21e55db9f06e99c2eadb2b93dcb73b874bd67beec8bf,b747ee7d39cb6fcac2579f76b2154f913a3fec97fa715693f2f2d80bc49d44a0,4914e39dd504f7bd96b693975fe478521e8c0ca8dd1af6329c2ddcbccd984b8d,1f5085a4b0d79818d470327d6f47e73cb75775c55aeddcec5091da5f91268cc5,093a85b43b64d23a647d1b50b6d6806216c9fa1d1d9c7c2fbde5c99e11325854,44214,43800,44214,44214,24
GEOMETRY_RICH_ROOM,1101,2101,2,dev::GEOMETRY_RICH_ROOM::g1101::m2101,dev::GEOMETRY_RICH_ROOM::g1101::m2101::r02,a8c1c7a871c9766cee0210e7ab1a8c8759d876900ffb3166fc3309f5b488ca99,dc668c0e24ddc591fadeb5b636191b8f33f1b5f1c23264a3b4543d9ac373f6ac,28a5fcca86428860b5dfa5a63d911e509d2a48371b9a06eae7b7b4134cf34c56,921f37d296e4121c37246b08763b7c95750dc31bd5292f8e295cc99f638fa56b,fb4a4752ff411979383716ac33136d8c6d6f8788aab7c3da9ada24c7f70fff6c,ef2f3fa862f43b82963f21e55db9f06e99c2eadb2b93dcb73b874bd67beec8bf,b747ee7d39cb6fcac2579f76b2154f913a3fec97fa715693f2f2d80bc49d44a0,4914e39dd504f7bd96b693975fe478521e8c0ca8dd1af6329c2ddcbccd984b8d,8aadfed35e539fac0b5e681e7978257fa2a6201c8f6a74b2cf37f587525ec40a,093a85b43b64d23a647d1b50b6d6806216c9fa1d1d9c7c2fbde5c99e11325854,44214,43756,44214,44214,24
GEOMETRY_RICH_ROOM,1101,2101,3,dev::GEOMETRY_RICH_ROOM::g1101::m2101,dev::GEOMETRY_RICH_ROOM::g1101::m2101::r03,5ba4575cccb0b3e12d6d0377f7e64694c71bfcc419ef653d023ca2347f7b1f87,ea6b63ec71dac18865d2a7f40f55ab0350e1b3fd65e3e1c5f22bf4a57172a81c,0001a68eeb0ed54d0f30660ed27e94e721eeadc546cc938cef938c517401f6eb,542085be28a9e007bed7f7ae34a486e05ef7eff4a6551600f79e58c6da1120eb,fb4a4752ff411979383716ac33136d8c6d6f8788aab7c3da9ada24c7f70fff6c,ef2f3fa862f43b82963f21e55db9f06e99c2eadb2b93dcb73b874bd67beec8bf,b747ee7d39cb6fcac2579f76b2154f913a3fec97fa715693f2f2d80bc49d44a0,4914e39dd504f7bd96b693975fe478521e8c0ca8dd1af6329c2ddcbccd984b8d,71196b4ace0c6eaa4b6fd95b330f6a2f1f22bc049f30f7030cb1a071af4b0392,093a85b43b64d23a647d1b50b6d6806216c9fa1d1d9c7c2fbde5c99e11325854,44214,43782,44214,44214,24
GEOMETRY_RICH_ROOM,1101,2101,4,dev::GEOMETRY_RICH_ROOM::g1101::m2101,dev::GEOMETRY_RICH_ROOM::g1101::m2101::r04,be6b88c1ee08281082785545068744413324cdededa79bcf4c439482f51820a6,048da978650f77dc47cc523964b631c6aa3383ac2f6fd04acd633d5b80ce876e,73cd927183efc174d9f9eeabbc19ece7d91569c9caedc775b35be9a9567f3bcc,acd80bf1d8c4ff38c7cc1173aca73a18340e2a17b5de3aee6325e4d7cccb1eba,fb4a4752ff411979383716ac33136d8c6d6f8788aab7c3da9ada24c7f70fff6c,ef2f3fa862f43b82963f21e55db9f06e99c2eadb2b93dcb73b874bd67beec8bf,b747ee7d39cb6fcac2579f76b2154f913a3fec97fa715693f2f2d80bc49d44a0,4914e39dd504f7bd96b693975fe478521e8c0ca8dd1af6329c2ddcbccd984b8d,8a011f112214d5d3ba4528a52a562805b272e343edb8e707f2d938bb4b8f9ad3,093a85b43b64d23a647d1b50b6d6806216c9fa1d1d9c7c2fbde5c99e11325854,44214,43770,44214,44214,24
GEOMETRY_RICH_ROOM,1101,2111,0,dev::GEOMETRY_RICH_ROOM::g1101::m2111,dev::GEOMETRY_RICH_ROOM::g1101::m2111::r00,aa16c3e32dd1a37c5a14f6c3d61419dab1ca7a525bde51ceb68e3b4e709cf3c2,f0fa66ea228d38e74b19704e1d3cb4335a2ee9d77d3e1e7d155b54c2c3fb3645,5a518c96aa7ef625d4f01744e6cf3a72ad82371f6a5bcafb14f952102cc259df,be6ebd6da1c3b8fd2886339014f181f1a0788d7795c64bc5df8b5e8df04d96b7,fb4a4752ff411979383716ac33136d8c6d6f8788aab7c3da9ada24c7f70fff6c,ef2f3fa862f43b82963f21e55db9f06e99c2eadb2b93dcb73b874bd67beec8bf,b747ee7d39cb6fcac2579f76b2154f913a3fec97fa715693f2f2d80bc49d44a0,4914e39dd504f7bd96b693975fe478521e8c0ca8dd1af6329c2ddcbccd984b8d,80b4057dded374ed0c4ace9e1e43f7b9fe2ae5ca1085bb07b3293c419c98aebf,093a85b43b64d23a647d1b50b6d6806216c9fa1d1d9c7c2fbde5c99e11325854,44214,43797,44214,44214,24
GEOMETRY_RICH_ROOM,1101,2111,1,dev::GEOMETRY_RICH_ROOM::g1101::m2111,dev::GEOMETRY_RICH_ROOM::g1101::m2111::r01,357ff77ca3c3c9f83cdd86f5634c08a41f0c97d5bb57b3602bca821756b58f51,809b46ce97efcbe15d87ac81216854e0394805651d20ca6f803d9940587d2909,2fe5093b1700e6f10171e18a7cce8471bf6d52342b1197861904113b45922410,e1abff2d617150827ac6ce3a4d3671ced3910aea88293b8f84b7081e133e7efc,fb4a4752ff411979383716ac33136d8c6d6f8788aab7c3da9ada24c7f70fff6c,ef2f3fa862f43b82963f21e55db9f06e99c2eadb2b93dcb73b874bd67beec8bf,b747ee7d39cb6fcac2579f76b2154f913a3fec97fa715693f2f2d80bc49d44a0,4914e39dd504f7bd96b693975fe478521e8c0ca8dd1af6329c2ddcbccd984b8d,cfb3c56e9dda2255bdcfd795895ed6790f02595096ea8964399b6458ceabf2e0,093a85b43b64d23a647d1b50b6d6806216c9fa1d1d9c7c2fbde5c99e11325854,44214,43769,44214,44214,24
GEOMETRY_RICH_ROOM,1101,2111,2,dev::GEOMETRY_RICH_ROOM::g1101::m2111,dev::GEOMETRY_RICH_ROOM::g1101::m2111::r02,e373e7dd9fdd2ed042bd05a2569165f4fa9b80b64c97682fc00ba7ea3d541e1d,ed8bd85469e8e227bbc45105385479fbc05322378e77b40e92c0642807652105,086b22d38d2c478a323784f30040988ceeac9f59f5345cedca458814af95929b,b111120635c20a0d2f8b8518710765e449efc8bbb384149289f8b6f3266a50ba,fb4a4752ff411979383716ac33136d8c6d6f8788aab7c3da9ada24c7f70fff6c,ef2f3fa862f43b82963f21e55db9f06e99c2eadb2b93dcb73b874bd67beec8bf,b747ee7d39cb6fcac2579f76b2154f913a3fec97fa715693f2f2d80bc49d44a0,4914e39dd504f7bd96b693975fe478521e8c0ca8dd1af6329c2ddcbccd984b8d,467db416d8c3a3e4017c3630b8d14f0f38223f3084f2dc6d5e3abd973ae40118,093a85b43b64d23a647d1b50b6d6806216c9fa1d1d9c7c2fbde5c99e11325854,44214,43758,44214,44214,24
GEOMETRY_RICH_ROOM,1101,2111,3,dev::GEOMETRY_RICH_ROOM::g1101::m2111,dev::GEOMETRY_RICH_ROOM::g1101::m2111::r03,46bc8cce04bc69ee3a41bb91614770a34d04b2ff76b93ec4426ffa167b448066,14d21f9fef35d10f733c7a337ca1cc613f4ac4195ab0a1810c6bda65652ea68b,8ca2b9af0291709f89212bc8ab33be50a08eaf3319f58fc6e5751a478e08ab9f,454bd141f68c589282c8963fd968cf4fe988328284275256278041efcfa970fb,fb4a4752ff411979383716ac33136d8c6d6f8788aab7c3da9ada24c7f70fff6c,ef2f3fa862f43b82963f21e55db9f06e99c2eadb2b93dcb73b874bd67beec8bf,b747ee7d39cb6fcac2579f76b2154f913a3fec97fa715693f2f2d80bc49d44a0,4914e39dd504f7bd96b693975fe478521e8c0ca8dd1af6329c2ddcbccd984b8d,cc6c2731c4a0c360f7a723eee52b26ab7643245c15526dc4a5f14f6ed71b7a75,093a85b43b64d23a647d1b50b6d6806216c9fa1d1d9c7c2fbde5c99e11325854,44214,43789,44214,44214,24
GEOMETRY_RICH_ROOM,1101,2111,4,dev::GEOMETRY_RICH_ROOM::g1101::m2111,dev::GEOMETRY_RICH_ROOM::g1101::m2111::r04,104b750a3787ca91b324b756006b98d4f84d6a8b9b79810b683c521211aaf89d,5af853f918057f5554ee60ee9d6d3df2657a6bfb6f6d5d2bf1407caa2cc12bde,3de86b0a19e9e9553f2d04a3337368ed77205bc5f2527f687e2eed709fe5d6d6,b5a24b883e97bde1c7b8f58f2e06ccd392ab26f27d2e6b75f81173d59f00c6dc,fb4a4752ff411979383716ac33136d8c6d6f8788aab7c3da9ada24c7f70fff6c,ef2f3fa862f43b82963f21e55db9f06e99c2eadb2b93dcb73b874bd67beec8bf,b747ee7d39cb6fcac2579f76b2154f913a3fec97fa715693f2f2d80bc49d44a0,4914e39dd504f7bd96b693975fe478521e8c0ca8dd1af6329c2ddcbccd984b8d,3ae6274ea8b4c46c7fe9a5fdfd7a45a55be5ce9eef6ac6780ca8f843bdf6e740,093a85b43b64d23a647d1b50b6d6806216c9fa1d1d9c7c2fbde5c99e11325854,44214,43777,44214,44214,24
GEOMETRY_RICH_ROOM,1103,2101,0,dev::GEOMETRY_RICH_ROOM::g1103::m2101,dev::GEOMETRY_RICH_ROOM::g1103::m2101::r00,7485381430711a14b21b4f3f176bffba21e755847551880512d1451522ba0eb9,78cbdc8443679d69c32057235ce8c2da141b8ac377266ad1dad927127fff34ed,9710ac222aee2f4c4437a369192472d2eb97f7b8d9723d2eb004b628039b04fc,26b7a7fffd4641065991f20ef0b6c79191cdf4b84b136e87e736b5449d810b2e,9b47c86e2330b064f3a28dae97f2a0f4ef9e46afaf8c4337f4afc963306436cf,2c59df503d15d7af77c9762930d7f6ea4910fe36ecd1a5cd824a15fabe995c7c,a7829d628f4878d7b292a13d17156a2cb01327d3b485f5d253c6389f84819139,86fdc2297d22cf6ad8427abc20bfaa1c6240e36873b2d17b72c75b9b4fe710f1,6e54445571d93deeba2c660900cea15061610d74a4f5fbfa1852e631dd7da71f,093a85b43b64d23a647d1b50b6d6806216c9fa1d1d9c7c2fbde5c99e11325854,44214,43778,44214,44214,24
GEOMETRY_RICH_ROOM,1103,2101,1,dev::GEOMETRY_RICH_ROOM::g1103::m2101,dev::GEOMETRY_RICH_ROOM::g1103::m2101::r01,135af9dbd33e2f9f550980fdae174fdf9faeff323bf9836316a2bcbeafb1aee1,1c31bc688d671123f20223e0899dfafe02c58df5995192f8cbc4dfe5bfeed731,357703242db1953ccee7223667e1837d339dcdbd21dcd30a9ab942455340f95e,aa596b5ec57d06d8f09c189000410cb221fc106ecd7ad55f8bc8a96701ee7487,9b47c86e2330b064f3a28dae97f2a0f4ef9e46afaf8c4337f4afc963306436cf,2c59df503d15d7af77c9762930d7f6ea4910fe36ecd1a5cd824a15fabe995c7c,a7829d628f4878d7b292a13d17156a2cb01327d3b485f5d253c6389f84819139,86fdc2297d22cf6ad8427abc20bfaa1c6240e36873b2d17b72c75b9b4fe710f1,197521844cc938c0b71bab1974e8fcd6108d4046d0b23823593d84edc33619cd,093a85b43b64d23a647d1b50b6d6806216c9fa1d1d9c7c2fbde5c99e11325854,44214,43752,44214,44214,24
GEOMETRY_RICH_ROOM,1103,2101,2,dev::GEOMETRY_RICH_ROOM::g1103::m2101,dev::GEOMETRY_RICH_ROOM::g1103::m2101::r02,65b239086d8ebd71fe5c74d69004b707e576cc0dbf32f1ead497482f8473a886,2374106ef15df20147635d7bc89a1da3a460e5c29c1776cf1ccc8b563e98c3f3,5a5bdb1fd3dcdf050447e13ee116e813ff95ee5e366ff3366a528db80f1442e4,6249b95a767c7b2b2e52af94f8549dea8eb54ae013b1f785135a40ae59848970,9b47c86e2330b064f3a28dae97f2a0f4ef9e46afaf8c4337f4afc963306436cf,2c59df503d15d7af77c9762930d7f6ea4910fe36ecd1a5cd824a15fabe995c7c,a7829d628f4878d7b292a13d17156a2cb01327d3b485f5d253c6389f84819139,86fdc2297d22cf6ad8427abc20bfaa1c6240e36873b2d17b72c75b9b4fe710f1,8190bbe3e647a8d590a74af789b4e6041c505dbb73c6c4fa9489c93d472902a8,093a85b43b64d23a647d1b50b6d6806216c9fa1d1d9c7c2fbde5c99e11325854,44214,43761,44214,44214,24
GEOMETRY_RICH_ROOM,1103,2101,3,dev::GEOMETRY_RICH_ROOM::g1103::m2101,dev::GEOMETRY_RICH_ROOM::g1103::m2101::r03,e016a1af6c252dd30349d9cf7f0837cf8884cc7e32abd78a1c44daeed4c4ae3d,d052da6c60078ccab6ec28cb9b58fb45c491c274e62784b12f4ff7f932f2eb8d,89c8d1eaeb54e67fd2c825651fac4dc9380573cfafdc153be7fe4394ae2e9daa,64e2a4585f88a84c409bb5a813f4bc57eb30d605f81bf8353a1a615413a7dc61,9b47c86e2330b064f3a28dae97f2a0f4ef9e46afaf8c4337f4afc963306436cf,2c59df503d15d7af77c9762930d7f6ea4910fe36ecd1a5cd824a15fabe995c7c,a7829d628f4878d7b292a13d17156a2cb01327d3b485f5d253c6389f84819139,86fdc2297d22cf6ad8427abc20bfaa1c6240e36873b2d17b72c75b9b4fe710f1,84246792d7cbbbe4d7939428377fa17b72e7e9937e601ee359f62aa1ee0fe129,093a85b43b64d23a647d1b50b6d6806216c9fa1d1d9c7c2fbde5c99e11325854,44214,43755,44214,44214,24
GEOMETRY_RICH_ROOM,1103,2101,4,dev::GEOMETRY_RICH_ROOM::g1103::m2101,dev::GEOMETRY_RICH_ROOM::g1103::m2101::r04,6cc4794f4115d9d8eae7d4baf33c01a3bd7a441005dc4caeb8847531e4432add,a044c41ad0843aab57089916e07ce46b3c92ced15306d600d20a381107cd5ac4,b726cfaecb0f86125cbdabcc04a0466f72f585d000e528b0d06390895754b048,9d8f9de168d920657b2e1cc077f101233caefdc24cac354c9b744c18f7800b9d,9b47c86e2330b064f3a28dae97f2a0f4ef9e46afaf8c4337f4afc963306436cf,2c59df503d15d7af77c9762930d7f6ea4910fe36ecd1a5cd824a15fabe995c7c,a7829d628f4878d7b292a13d17156a2cb01327d3b485f5d253c6389f84819139,86fdc2297d22cf6ad8427abc20bfaa1c6240e36873b2d17b72c75b9b4fe710f1,1d03218c1c65c4494c257a184f195dd91fb4b0c691d58767eb01719ed8862e2d,093a85b43b64d23a647d1b50b6d6806216c9fa1d1d9c7c2fbde5c99e11325854,44214,43785,44214,44214,24
GEOMETRY_RICH_ROOM,1103,2111,0,dev::GEOMETRY_RICH_ROOM::g1103::m2111,dev::GEOMETRY_RICH_ROOM::g1103::m2111::r00,a27877fedd040d7d478f06fdaf340b7d3dc3ad2cd5919924528ae73c3194829f,8bcc1992aece860909909087e69646c4ad3a2ee6dbed4d0c5221450b24561bfe,c0e3d60e1c6103fa332ffbc252c5a7f6db386ce26dbdab82eda0afa20e42e613,bd9c8b8ff3f2c1e80ea88ebc8c38d484322a5ab19c3689707a476ca95515ed0a,9b47c86e2330b064f3a28dae97f2a0f4ef9e46afaf8c4337f4afc963306436cf,2c59df503d15d7af77c9762930d7f6ea4910fe36ecd1a5cd824a15fabe995c7c,a7829d628f4878d7b292a13d17156a2cb01327d3b485f5d253c6389f84819139,86fdc2297d22cf6ad8427abc20bfaa1c6240e36873b2d17b72c75b9b4fe710f1,ec998f31aa15c941d25e43ba69603b7ed89bc50cb697dfe9482199cb9da77b17,093a85b43b64d23a647d1b50b6d6806216c9fa1d1d9c7c2fbde5c99e11325854,44214,43793,44214,44214,24
GEOMETRY_RICH_ROOM,1103,2111,1,dev::GEOMETRY_RICH_ROOM::g1103::m2111,dev::GEOMETRY_RICH_ROOM::g1103::m2111::r01,07c7166749910d1e126e1694a3da8c2b8e767935d60ae61285409b239df1f7b4,e2bf1f84346a4f60e6a656012f16d57edda72099ed0ebb474ee6ae9ebd7d5d95,df40974b99841a776bb5dbd1bf3c8aaf93fa5b64b64173d350968fbc2ad41b7c,1af7fb0b8564cedf4347f2807396f7fc2b131450b4ab6b6f8225740b8291e612,9b47c86e2330b064f3a28dae97f2a0f4ef9e46afaf8c4337f4afc963306436cf,2c59df503d15d7af77c9762930d7f6ea4910fe36ecd1a5cd824a15fabe995c7c,a7829d628f4878d7b292a13d17156a2cb01327d3b485f5d253c6389f84819139,86fdc2297d22cf6ad8427abc20bfaa1c6240e36873b2d17b72c75b9b4fe710f1,37a8ae2e40c7fe136ac49352979b33eb164ec79b634f4cbff3fd0c1919aae7d1,093a85b43b64d23a647d1b50b6d6806216c9fa1d1d9c7c2fbde5c99e11325854,44214,43771,44214,44214,24
GEOMETRY_RICH_ROOM,1103,2111,2,dev::GEOMETRY_RICH_ROOM::g1103::m2111,dev::GEOMETRY_RICH_ROOM::g1103::m2111::r02,b7ed67ee5919f8ddb1cc8c798e7173a19e15aa232f0dbc4026b51300eeca196c,4980b6f130b909ffaeb3dfb2c82c7af0e8e54706559d26ede9954e6f13ab66b8,086873e167d03ce9762d65977daf56e67b7deca7cd464243523cfb179a7a2e6c,2b83607a271bd69942e3ea9dae818d8f2fe0d600c9f4ecdfceddd4895f8732f6,9b47c86e2330b064f3a28dae97f2a0f4ef9e46afaf8c4337f4afc963306436cf,2c59df503d15d7af77c9762930d7f6ea4910fe36ecd1a5cd824a15fabe995c7c,a7829d628f4878d7b292a13d17156a2cb01327d3b485f5d253c6389f84819139,86fdc2297d22cf6ad8427abc20bfaa1c6240e36873b2d17b72c75b9b4fe710f1,256110fb5383dd0670b34e0eb065c23afb3250d015edc97fa76c58dd45c82485,093a85b43b64d23a647d1b50b6d6806216c9fa1d1d9c7c2fbde5c99e11325854,44214,43737,44214,44214,24
GEOMETRY_RICH_ROOM,1103,2111,3,dev::GEOMETRY_RICH_ROOM::g1103::m2111,dev::GEOMETRY_RICH_ROOM::g1103::m2111::r03,bfd155f6f56d143374f0c83bda7af1270160e1da08f27061e434f2559c1672a5,e721240547332b99bff910f44a65fb53c02f75195fdb411e5cb7e5bb14b4aaea,90a460d127d05b7f9a90091f352061f307519dbf7a30adcf8e54dfb807797cab,4b0a5b68b8f7bdca5c8ec163d415484fdce6902963c02480c5532ae7768cf124,9b47c86e2330b064f3a28dae97f2a0f4ef9e46afaf8c4337f4afc963306436cf,2c59df503d15d7af77c9762930d7f6ea4910fe36ecd1a5cd824a15fabe995c7c,a7829d628f4878d7b292a13d17156a2cb01327d3b485f5d253c6389f84819139,86fdc2297d22cf6ad8427abc20bfaa1c6240e36873b2d17b72c75b9b4fe710f1,2b2918e7630d3779da8f871fdd6801b50353db1ca70da4ab8c9d894549616e2b,093a85b43b64d23a647d1b50b6d6806216c9fa1d1d9c7c2fbde5c99e11325854,44214,43773,44214,44214,24
GEOMETRY_RICH_ROOM,1103,2111,4,dev::GEOMETRY_RICH_ROOM::g1103::m2111,dev::GEOMETRY_RICH_ROOM::g1103::m2111::r04,429d48deb34941ccef2727c31122a933d9a3431c6142251066590ea765125f75,df08d39afa1417b9eef481705842b6c3a2a6fbfb5b134bc1c90036845efb3e3f,a970406b1504d678bc508de9fc677efa02d3ef32c2f91c8c62a3451b3f06c173,73cc126b5a1018a86cc3a26121d5d737f820482f3549279cce715632a43ac2d3,9b47c86e2330b064f3a28dae97f2a0f4ef9e46afaf8c4337f4afc963306436cf,2c59df503d15d7af77c9762930d7f6ea4910fe36ecd1a5cd824a15fabe995c7c,a7829d628f4878d7b292a13d17156a2cb01327d3b485f5d253c6389f84819139,86fdc2297d22cf6ad8427abc20bfaa1c6240e36873b2d17b72c75b9b4fe710f1,6a7d5245a24b91ee53620edf6e693023ed00833d32be49c53cc398e498d0d44c,093a85b43b64d23a647d1b50b6d6806216c9fa1d1d9c7c2fbde5c99e11325854,44214,43749,44214,44214,24
GEOMETRY_RICH_ROOM,1107,2101,0,dev::GEOMETRY_RICH_ROOM::g1107::m2101,dev::GEOMETRY_RICH_ROOM::g1107::m2101::r00,0f88185d9abb79694a2557592ef3f460df3b5178c5c1fdc3f93948ec0aaab5cb,443d56005618870f1d0b2522e9def38ffe7e890964767a0f82303c48aa182b9d,278a8880af7336370836ca97a1eaf8a90d8dc2b5bbe0d5d1f735f533c9dc9a09,7852aa0873e0a27ef74fcf7dfd24c7cb5fd9afb78f51506f1aa961c824afe081,1df18f1c75ef46100878d8cf32d9852e559a8d38569580c4f561eba8c67b75a7,81bea0b550f8771e9ecef2b4e4659facedbd7d400fe4bebfd62639f998b31fd7,5a49828f0353a9dd22b8efa07b56b6ef63971c174ee428f8d76eca2aa45356c3,c295ecb904325a96e84c0e3b35ae4ce7ae36ea1ed0cf1ab1f632d30220d5d354,42f39169199a4a275bd7ffcc386d984230ab2c66274c79295bf23533a546998b,093a85b43b64d23a647d1b50b6d6806216c9fa1d1d9c7c2fbde5c99e11325854,44214,43751,44214,44214,24
GEOMETRY_RICH_ROOM,1107,2101,1,dev::GEOMETRY_RICH_ROOM::g1107::m2101,dev::GEOMETRY_RICH_ROOM::g1107::m2101::r01,a7275c99d8553d1cf5fc32210f2a4e0761811cc99270c8b6b43eafac74f2a603,136c09b4c7b9f64564196ba37f1702f884d82e5c16a4d2592dd1475f057e2117,4b84d90a18fbf32c12661fb2b2327e546972872df0e44ab5fd56cc59a7e5da18,6afee0c21bfbefe35b9c720d5ff20960c5bd823093dd2445e1bb28949f5d8684,1df18f1c75ef46100878d8cf32d9852e559a8d38569580c4f561eba8c67b75a7,81bea0b550f8771e9ecef2b4e4659facedbd7d400fe4bebfd62639f998b31fd7,5a49828f0353a9dd22b8efa07b56b6ef63971c174ee428f8d76eca2aa45356c3,c295ecb904325a96e84c0e3b35ae4ce7ae36ea1ed0cf1ab1f632d30220d5d354,4896933ec2920455170eee1c649d4773b2c6494f87210101ac022cadd442070d,093a85b43b64d23a647d1b50b6d6806216c9fa1d1d9c7c2fbde5c99e11325854,44214,43760,44214,44214,24
GEOMETRY_RICH_ROOM,1107,2101,2,dev::GEOMETRY_RICH_ROOM::g1107::m2101,dev::GEOMETRY_RICH_ROOM::g1107::m2101::r02,5fa66331855d07db7de6acd9484598608ce9282b68521ec7980ffbea9d410b65,9b6e6025a443d23e40185ddf03985ff5156e4927fedd97a89b1b18b5f2594513,fa04f751bd7f41b16461f626200e8a92b994f60e526aa67e483b6461902afc2c,8e018133de3a04ebc8eba36144c7187dcaa9acc866cfdd105e98fe38304ecd4d,1df18f1c75ef46100878d8cf32d9852e559a8d38569580c4f561eba8c67b75a7,81bea0b550f8771e9ecef2b4e4659facedbd7d400fe4bebfd62639f998b31fd7,5a49828f0353a9dd22b8efa07b56b6ef63971c174ee428f8d76eca2aa45356c3,c295ecb904325a96e84c0e3b35ae4ce7ae36ea1ed0cf1ab1f632d30220d5d354,00b30190a1a5b27ba4783b6a104895a6650a51c4c4175e684ec0b2a18fd18395,093a85b43b64d23a647d1b50b6d6806216c9fa1d1d9c7c2fbde5c99e11325854,44214,43750,44214,44214,24
GEOMETRY_RICH_ROOM,1107,2101,3,dev::GEOMETRY_RICH_ROOM::g1107::m2101,dev::GEOMETRY_RICH_ROOM::g1107::m2101::r03,8f8c0d7c70c1ab209e9f330cf19e8b6fc324d40a811e875067a54f7d58761bdc,a0f9b0f6a5a666d386fa82afa30651b3fd54e762475364ecea78a659e57d7bb7,7f35d9ff953545f6655619033a8c310ee627580d9d0c41550e44960849f0634a,bcf896e2c6562bfbd117866296caa6a5db80c5acdd8bfa3ed60a98a4b5a05729,1df18f1c75ef46100878d8cf32d9852e559a8d38569580c4f561eba8c67b75a7,81bea0b550f8771e9ecef2b4e4659facedbd7d400fe4bebfd62639f998b31fd7,5a49828f0353a9dd22b8efa07b56b6ef63971c174ee428f8d76eca2aa45356c3,c295ecb904325a96e84c0e3b35ae4ce7ae36ea1ed0cf1ab1f632d30220d5d354,c84d77998f786908c4779fdacf64148174e221b456dffc80cbd1fd0ce13ee7b4,093a85b43b64d23a647d1b50b6d6806216c9fa1d1d9c7c2fbde5c99e11325854,44214,43791,44214,44214,24
GEOMETRY_RICH_ROOM,1107,2101,4,dev::GEOMETRY_RICH_ROOM::g1107::m2101,dev::GEOMETRY_RICH_ROOM::g1107::m2101::r04,078676287f19692c499b2068b924661ac758f98950519812cf109f1ac6a8f4c3,942e19b9f8f390265cf2a01a8786cd0ca0b83858ef4346866b48c4d841a984e4,3da33cfde48b58942106f0b4f690a42eedf9b9153a3d61b893874602b26748dd,00f400f17abb9ce60fc9c4b24519e9310bb8da901bd1517cf95bb98f71b5c6d2,1df18f1c75ef46100878d8cf32d9852e559a8d38569580c4f561eba8c67b75a7,81bea0b550f8771e9ecef2b4e4659facedbd7d400fe4bebfd62639f998b31fd7,5a49828f0353a9dd22b8efa07b56b6ef63971c174ee428f8d76eca2aa45356c3,c295ecb904325a96e84c0e3b35ae4ce7ae36ea1ed0cf1ab1f632d30220d5d354,2d631bcde77b896cfb0ddd6913961e72ff38194964635e420277a412d32a72f0,093a85b43b64d23a647d1b50b6d6806216c9fa1d1d9c7c2fbde5c99e11325854,44214,43785,44214,44214,24
GEOMETRY_RICH_ROOM,1107,2111,0,dev::GEOMETRY_RICH_ROOM::g1107::m2111,dev::GEOMETRY_RICH_ROOM::g1107::m2111::r00,814858a58251ae77967f7a3fa8b0a14d15daf78684fe58168f151c2bf42df7e7,7b3b52cc7d3dbf2227d8370863ff08f8378677be151a6722c26644c7140df81f,3550a139d4e09f062debf9358fb1b81ddc6e3e77454207d07e6aed9bc0b3dac8,aa599b9ef5e7d1b9d27a00efaf1353b0126767debbab12aea7f7e8063fc97c36,1df18f1c75ef46100878d8cf32d9852e559a8d38569580c4f561eba8c67b75a7,81bea0b550f8771e9ecef2b4e4659facedbd7d400fe4bebfd62639f998b31fd7,5a49828f0353a9dd22b8efa07b56b6ef63971c174ee428f8d76eca2aa45356c3,c295ecb904325a96e84c0e3b35ae4ce7ae36ea1ed0cf1ab1f632d30220d5d354,9c0bd6ce2f599b624747a4ed40d0e8a5fb0085c3afc6245d90ea8308f6421b18,093a85b43b64d23a647d1b50b6d6806216c9fa1d1d9c7c2fbde5c99e11325854,44214,43765,44214,44214,24
GEOMETRY_RICH_ROOM,1107,2111,1,dev::GEOMETRY_RICH_ROOM::g1107::m2111,dev::GEOMETRY_RICH_ROOM::g1107::m2111::r01,0deb076021819669ec9d14ebc5add66c7ed62f1b01050514327d8ecbb06af6b4,a3603632876d0bcd62747950d6d1a71b83ea85f8d408c032d15dc88e4af9cd6d,f9b1a35427070b1496184e98d3eeb6e3487bf3afe25660749ab41a21c8035817,1fcdec22f5467864438c368be619bcd5a2f0bf21a151493c49ab847bb1134a29,1df18f1c75ef46100878d8cf32d9852e559a8d38569580c4f561eba8c67b75a7,81bea0b550f8771e9ecef2b4e4659facedbd7d400fe4bebfd62639f998b31fd7,5a49828f0353a9dd22b8efa07b56b6ef63971c174ee428f8d76eca2aa45356c3,c295ecb904325a96e84c0e3b35ae4ce7ae36ea1ed0cf1ab1f632d30220d5d354,c65fc2631d9df5cc40ec3390a8014c3d8be1371eba0423d5d1cb16243421a0c9,093a85b43b64d23a647d1b50b6d6806216c9fa1d1d9c7c2fbde5c99e11325854,44214,43805,44214,44214,24
GEOMETRY_RICH_ROOM,1107,2111,2,dev::GEOMETRY_RICH_ROOM::g1107::m2111,dev::GEOMETRY_RICH_ROOM::g1107::m2111::r02,2b85f8d8084ec9f370323fc84f7334cd23b335f27a4732cc4ff21d94b9cbcef0,d28ee1793631074b49f1567e9a3efae2602d1a7198f50fb7aa796ca9a1ee7e62,58a7d672a29ccac149bdda17dc32e26b4170d2e6bef440810afd9dcecfa6af2b,0b4519c17c6c87019c804adb45c7240fa669f74e9489bc3ea28cdab5ab92a584,1df18f1c75ef46100878d8cf32d9852e559a8d38569580c4f561eba8c67b75a7,81bea0b550f8771e9ecef2b4e4659facedbd7d400fe4bebfd62639f998b31fd7,5a49828f0353a9dd22b8efa07b56b6ef63971c174ee428f8d76eca2aa45356c3,c295ecb904325a96e84c0e3b35ae4ce7ae36ea1ed0cf1ab1f632d30220d5d354,26aee4e353a6b4312230da9d58523272641cbc9a0139b28c91ab450c11b5a1fc,093a85b43b64d23a647d1b50b6d6806216c9fa1d1d9c7c2fbde5c99e11325854,44214,43755,44214,44214,24
GEOMETRY_RICH_ROOM,1107,2111,3,dev::GEOMETRY_RICH_ROOM::g1107::m2111,dev::GEOMETRY_RICH_ROOM::g1107::m2111::r03,ff11319383235609c20e53d2733790d41a28f65e8d4369d69a2e22ed53a8daa2,84a18b1946029566ee948c41b0a49388685724b1342f3325a5f35bb9b1abfe89,0096ce45ccb8cdda56ec5ecb19a7bcf6d59812c8fea46aa9f395f22c217f8b7a,593530903a347acc1d50c7dd542c3a66540198cc07e9a0876346ef8ccb045c3e,1df18f1c75ef46100878d8cf32d9852e559a8d38569580c4f561eba8c67b75a7,81bea0b550f8771e9ecef2b4e4659facedbd7d400fe4bebfd62639f998b31fd7,5a49828f0353a9dd22b8efa07b56b6ef63971c174ee428f8d76eca2aa45356c3,c295ecb904325a96e84c0e3b35ae4ce7ae36ea1ed0cf1ab1f632d30220d5d354,1327a5649c800d8f1c54be53b78b78033449e683c6d8b789213a0d8004a6766a,093a85b43b64d23a647d1b50b6d6806216c9fa1d1d9c7c2fbde5c99e11325854,44214,43793,44214,44214,24
GEOMETRY_RICH_ROOM,1107,2111,4,dev::GEOMETRY_RICH_ROOM::g1107::m2111,dev::GEOMETRY_RICH_ROOM::g1107::m2111::r04,644821af2a3d6d4bc3edc75afa65753f8930ecec4e2bf600e2038b89af7537f9,327ba33b6f00e0dd1f4f471d7beac08910f6f17f27f537e4ecf9a47e00191503,746e7402f8aad8a316b5163c90e270d05a8c306ee3d986f180f7cb44c0352153,dbd052c522fe0ed4fe2e83c5743f92dfdda9fed17ed2ca5968583bfa72e43da8,1df18f1c75ef46100878d8cf32d9852e559a8d38569580c4f561eba8c67b75a7,81bea0b550f8771e9ecef2b4e4659facedbd7d400fe4bebfd62639f998b31fd7,5a49828f0353a9dd22b8efa07b56b6ef63971c174ee428f8d76eca2aa45356c3,c295ecb904325a96e84c0e3b35ae4ce7ae36ea1ed0cf1ab1f632d30220d5d354,652c73dabb3862f79b9326dc8c364ca8cd97890bc29adc571b4cbd289769f22d,093a85b43b64d23a647d1b50b6d6806216c9fa1d1d9c7c2fbde5c99e11325854,44214,43795,44214,44214,24
LONG_CORRIDOR,1101,2101,0,dev::LONG_CORRIDOR::g1101::m2101,dev::LONG_CORRIDOR::g1101::m2101::r00,e420df5e5b339368c0dcd293a1c30abf1191849fa97a28abf508c5d1d087963b,814bdf5e411c49e61b98c1f9d786d480d68256584ac083c1cc96a13c575f6bee,da73c8119b463b05102924adf3336f5f5602c6216a396b5b1b55a7648d16bff6,69f1bf329699f441fe177f07396c6bd6dbc125fe5de61e27e73bd235ef0b357d,f36e89da7ec107f19f4feb225a08217a3ff3435daab4b33ddd2d6f03797fe64d,e947bf8d1409317cda9e6405cd27b5855d5793a5b2ea3ff07bcb75c459d8e1e5,c886be47ca95a84e9b15f2a949452f1504d76cbc10bb39ee8a102fef9cf061ec,91f2c04e0690fa5f970c72a3cc06b52405c28dd7a138a497f98e0e2d60eb9900,089d35e7ab5367d1cb45aa863f3d35315590a36cfafeed551483d31db0f9576e,beea3e56d5cbece7757065711700798d653414b1c53788f85e982398f01595a1,47824,47312,47817,47817,4
LONG_CORRIDOR,1101,2101,1,dev::LONG_CORRIDOR::g1101::m2101,dev::LONG_CORRIDOR::g1101::m2101::r01,10ad76ad2d6d46f5fa65d334dde5afe0c247b10d3d07d60f17cea9ee7a2ae04d,cbc708d0b08939231f702bb2453a60b7aeb3b1989e9d362a9eb26cab78c4f3fe,5bc56d683939268908a7b99ed8c4325e9a122a090c3e32604f48384c02b4cee6,0f697e6041556f9c54fb06ea595eff3b9aa25e65b827f9f6a216f8cc3724a57a,f36e89da7ec107f19f4feb225a08217a3ff3435daab4b33ddd2d6f03797fe64d,e947bf8d1409317cda9e6405cd27b5855d5793a5b2ea3ff07bcb75c459d8e1e5,c886be47ca95a84e9b15f2a949452f1504d76cbc10bb39ee8a102fef9cf061ec,91f2c04e0690fa5f970c72a3cc06b52405c28dd7a138a497f98e0e2d60eb9900,57e13e338ed1c511d2bff1b3af91be790422d57601fd3b7ab801442212a515ae,beea3e56d5cbece7757065711700798d653414b1c53788f85e982398f01595a1,47824,47358,47817,47817,4
LONG_CORRIDOR,1101,2101,2,dev::LONG_CORRIDOR::g1101::m2101,dev::LONG_CORRIDOR::g1101::m2101::r02,9fa90737db2d67adf838bac4f370c9729dc408cdd74b3de255ba054bfaa00d92,cc87305e7e73a6713246c38fde90eaabcb6ef5de3bc6e0aae577b9204c5b8c71,bc1cc7ccb5879104ce71e219cc355de6165ef86cfd4eaa515a8deb7761a80525,a747bbf986e0146312fc74e4386412ca970ff18bb68f3e6dfa0a6c9065653367,f36e89da7ec107f19f4feb225a08217a3ff3435daab4b33ddd2d6f03797fe64d,e947bf8d1409317cda9e6405cd27b5855d5793a5b2ea3ff07bcb75c459d8e1e5,c886be47ca95a84e9b15f2a949452f1504d76cbc10bb39ee8a102fef9cf061ec,91f2c04e0690fa5f970c72a3cc06b52405c28dd7a138a497f98e0e2d60eb9900,0ad312bfc364250b830acc61fb1b2302ceb91a1c14b8821c8a909b53e9c11782,beea3e56d5cbece7757065711700798d653414b1c53788f85e982398f01595a1,47824,47345,47817,47817,4
LONG_CORRIDOR,1101,2101,3,dev::LONG_CORRIDOR::g1101::m2101,dev::LONG_CORRIDOR::g1101::m2101::r03,469e42fd463cad8d76a02ec6fa89bfb9ffec882761ef04eddc0515ada2c6cc33,2fd9641fa39bc59d340662c77afeb6f0a4418811a81ea5d7a1182aa96fd8de30,3fe81af413fb12506b1647c64297341b38cc1b68a46ac74d19c614dbb9158027,d1f5b1977815fda19db1ba7d40527cf6a797e4b4323794f1b91230a9e7cc3c45,f36e89da7ec107f19f4feb225a08217a3ff3435daab4b33ddd2d6f03797fe64d,e947bf8d1409317cda9e6405cd27b5855d5793a5b2ea3ff07bcb75c459d8e1e5,c886be47ca95a84e9b15f2a949452f1504d76cbc10bb39ee8a102fef9cf061ec,91f2c04e0690fa5f970c72a3cc06b52405c28dd7a138a497f98e0e2d60eb9900,e8e1fbc7958d5b162635e5a785ce82fc2979c34bcd6f5f375f568f085a711963,beea3e56d5cbece7757065711700798d653414b1c53788f85e982398f01595a1,47824,47333,47817,47817,4
LONG_CORRIDOR,1101,2101,4,dev::LONG_CORRIDOR::g1101::m2101,dev::LONG_CORRIDOR::g1101::m2101::r04,aaa7b9cdbb0c0319d7080c934e10c38287a1c1e35f15a9a0b08be8256b7151c7,20610ad16ae01e0c98a06df3fd1a45789f44eb5539d5ca0c351196028fda92a9,426cb659495099e44b8069ab42df744337585636c5df5555b3da717efda707e4,86888dd98b86166b372a30e2585620a8b19ea937cefec55738bc81a67f7d8e54,f36e89da7ec107f19f4feb225a08217a3ff3435daab4b33ddd2d6f03797fe64d,e947bf8d1409317cda9e6405cd27b5855d5793a5b2ea3ff07bcb75c459d8e1e5,c886be47ca95a84e9b15f2a949452f1504d76cbc10bb39ee8a102fef9cf061ec,91f2c04e0690fa5f970c72a3cc06b52405c28dd7a138a497f98e0e2d60eb9900,744c44087981f6e17ed79ba21f501258ccafcaf2fccb0cdaf698094704407335,beea3e56d5cbece7757065711700798d653414b1c53788f85e982398f01595a1,47824,47337,47817,47817,4
LONG_CORRIDOR,1101,2111,0,dev::LONG_CORRIDOR::g1101::m2111,dev::LONG_CORRIDOR::g1101::m2111::r00,7500092ffadd3412bfce0c466fc201d70b4c33ea1ba4d51a45a5a4e17923bfb2,23f81b46783a6370f134552617a585d70f3f3fd2e1e4167b2b58446ee4b1d4ad,f26e9154029d115d288f0c2ba5c794e628c2adaf00c2a46039a97cf6475e1123,5cc402b5ed9572c4c2b0069657789a8bc595f685f518156307ad014269f60830,f36e89da7ec107f19f4feb225a08217a3ff3435daab4b33ddd2d6f03797fe64d,e947bf8d1409317cda9e6405cd27b5855d5793a5b2ea3ff07bcb75c459d8e1e5,c886be47ca95a84e9b15f2a949452f1504d76cbc10bb39ee8a102fef9cf061ec,91f2c04e0690fa5f970c72a3cc06b52405c28dd7a138a497f98e0e2d60eb9900,b1824de43f1cc2a3f47815877f6d3fbd41936bb50cc68e781489ad9108fe6fe9,beea3e56d5cbece7757065711700798d653414b1c53788f85e982398f01595a1,47824,47370,47817,47817,4
LONG_CORRIDOR,1101,2111,1,dev::LONG_CORRIDOR::g1101::m2111,dev::LONG_CORRIDOR::g1101::m2111::r01,84392aa15fb5a50fe1b86db291ef3035b35f8b3e6c9a0e8718bf92e26e53ed36,3517c3264914716a3d2df65899fd4f06eb83788e7ca89a275b9d29705049c1ef,b6974fb853a9ef19b24e669e7cf76f8dd6419f6bcdf51939ae32b1fd9297955b,e097f7d31ec70a2902b355d850eab67c0ea9e70a51fe69a6e93b1fefc3c29c22,f36e89da7ec107f19f4feb225a08217a3ff3435daab4b33ddd2d6f03797fe64d,e947bf8d1409317cda9e6405cd27b5855d5793a5b2ea3ff07bcb75c459d8e1e5,c886be47ca95a84e9b15f2a949452f1504d76cbc10bb39ee8a102fef9cf061ec,91f2c04e0690fa5f970c72a3cc06b52405c28dd7a138a497f98e0e2d60eb9900,f77c65a54e5c6da6c019b99824e909ad17e512712594f866f6a11cc0d33421ec,beea3e56d5cbece7757065711700798d653414b1c53788f85e982398f01595a1,47824,47375,47817,47817,4
LONG_CORRIDOR,1101,2111,2,dev::LONG_CORRIDOR::g1101::m2111,dev::LONG_CORRIDOR::g1101::m2111::r02,166588a1c63fa1aa3bb1f53b06669bb34accbd70596db9649391aed36e0d2be9,98f5184ecb871ed656ee553194b6f666d9f3ecdc0a04b4ba1ac66fd0b8bfc5a9,1a5d18766f48cf6287daf68e326472e0e3fa7600a9c7afd0a654d4c7b560cab3,0ddf2a0cd67ef41dc0bc9acd68e4c3cf4d6c17272e0ee714516d6bd0e6ea6972,f36e89da7ec107f19f4feb225a08217a3ff3435daab4b33ddd2d6f03797fe64d,e947bf8d1409317cda9e6405cd27b5855d5793a5b2ea3ff07bcb75c459d8e1e5,c886be47ca95a84e9b15f2a949452f1504d76cbc10bb39ee8a102fef9cf061ec,91f2c04e0690fa5f970c72a3cc06b52405c28dd7a138a497f98e0e2d60eb9900,2629e134311823d747961fba6209dd0db1a5dc3013323ec05ea3d5f2e4ade59c,beea3e56d5cbece7757065711700798d653414b1c53788f85e982398f01595a1,47824,47351,47817,47817,4
LONG_CORRIDOR,1101,2111,3,dev::LONG_CORRIDOR::g1101::m2111,dev::LONG_CORRIDOR::g1101::m2111::r03,c8b39c152c5feb020aa052f05fad6a809a20762961633ff3d5eac891cfa48ab6,d795b3ae9a1c09b32412859720b4aebcb3de2ec8033779163ec150a5ad016b9d,3f313d771508921ae4642255af3cbaaec8f32f8478700cae0ff5703b11dd50fa,eb8bf728841924eeff949a16565f7b4c3ad887884b08a136e0724a49054d1d37,f36e89da7ec107f19f4feb225a08217a3ff3435daab4b33ddd2d6f03797fe64d,e947bf8d1409317cda9e6405cd27b5855d5793a5b2ea3ff07bcb75c459d8e1e5,c886be47ca95a84e9b15f2a949452f1504d76cbc10bb39ee8a102fef9cf061ec,91f2c04e0690fa5f970c72a3cc06b52405c28dd7a138a497f98e0e2d60eb9900,8b80d75f0b5a7f2a5bc844de91ac102b76c16f7d2f8a11ac758b92c9561a386b,beea3e56d5cbece7757065711700798d653414b1c53788f85e982398f01595a1,47824,47352,47817,47817,4
LONG_CORRIDOR,1101,2111,4,dev::LONG_CORRIDOR::g1101::m2111,dev::LONG_CORRIDOR::g1101::m2111::r04,234e1e580d42c2356a73159336bd0e28a1899683742173817d94616d8b40968f,ff89ce635a41375a40b8bd6b69c7434bc5061d770d4e71bed79992ab18f39b1f,2432c5a588f27738679c53c5bda724bd9d1b1ec70ed9af35d13e455c91584884,be6f17df0030b854e3afe8e3da05a30a76d2ec2f1c7686f5547e3b2b4b1e7425,f36e89da7ec107f19f4feb225a08217a3ff3435daab4b33ddd2d6f03797fe64d,e947bf8d1409317cda9e6405cd27b5855d5793a5b2ea3ff07bcb75c459d8e1e5,c886be47ca95a84e9b15f2a949452f1504d76cbc10bb39ee8a102fef9cf061ec,91f2c04e0690fa5f970c72a3cc06b52405c28dd7a138a497f98e0e2d60eb9900,d834541e7152250fbdf8d56ef3824153a09d4b423473cccf0b9e3fbed2c29433,beea3e56d5cbece7757065711700798d653414b1c53788f85e982398f01595a1,47824,47341,47817,47817,4
LONG_CORRIDOR,1103,2101,0,dev::LONG_CORRIDOR::g1103::m2101,dev::LONG_CORRIDOR::g1103::m2101::r00,d64c3b9dccd4d57a866fc36ee92204d9f057d1ba2fe884d8a1477b021fd2f47b,2dec09276d35180f5a5b2060c831af3dbd3f26f62f4c56434e883d881ca71e5c,a5a2b60d7434b5784bbd9888e12e418a59f73b5d08a5e4cccc1889fcb0889c10,d161f06e9cdecf412b5b15fd3608abb0934271ca9ff762df1393b2b8d3e30d0a,cf4f094ed56ed421210166aee40e8686cd11382a39109d16dc2c3195b17a9dad,60caba6307a5e8f5c33d5508074b7f94a26de95d1031f1d3b17840063b15f4dc,915397aef3282db987af8c49f1373fad7bb4db717147ebf2912390cdd76d2e55,dccc994b9307cbc18877bc35add3bf2161b4e955f660611587f418c7fa9e18fe,26a36d56d0ef01e453a5faf58c5a62adaac94e5853d5ee87303c7153c9d31dba,266b2be00556b3cfaca71d6baae181ea5ffe7333d6e5c1b4cd0b3fc1c2868aa2,47824,47342,47827,47827,4
LONG_CORRIDOR,1103,2101,1,dev::LONG_CORRIDOR::g1103::m2101,dev::LONG_CORRIDOR::g1103::m2101::r01,e2a7be6cf724e9be110f209eb30f091a3002b47a87863e0451ffcb2238a176df,248ae368b540bd44d3d40ffaa55901475ecbb6147e4ad591468af5b8c4965eb8,d57f26879c6a5be0dda2f0fd679f6b0088643751105cff9da5798ea5799e4dbb,b0f71112a28e16afd44810a8b6abcd3e1f453c535311100df1f712519cdcad94,cf4f094ed56ed421210166aee40e8686cd11382a39109d16dc2c3195b17a9dad,60caba6307a5e8f5c33d5508074b7f94a26de95d1031f1d3b17840063b15f4dc,915397aef3282db987af8c49f1373fad7bb4db717147ebf2912390cdd76d2e55,dccc994b9307cbc18877bc35add3bf2161b4e955f660611587f418c7fa9e18fe,39e384531701c2df18c48c2c9cc2974dcca3eaa75af2a76724f1e15ca999e21a,266b2be00556b3cfaca71d6baae181ea5ffe7333d6e5c1b4cd0b3fc1c2868aa2,47824,47371,47827,47827,4
LONG_CORRIDOR,1103,2101,2,dev::LONG_CORRIDOR::g1103::m2101,dev::LONG_CORRIDOR::g1103::m2101::r02,e747b6e1926b0982aa4122b68c9f43a5cfbef6dbbd0d7b8cd09934cdd19bce88,4b0253d2696258c633b51192d548d66e41f52f3a014491fdfbb7b847ef5bfaad,eb52f87548cbeccef29294ea9e90b7936a4671e61202f832598973097ca48732,a18894cbb6fcf081d9c864b59e1549a3ccd852f2028cf335d3f311b1492ad909,cf4f094ed56ed421210166aee40e8686cd11382a39109d16dc2c3195b17a9dad,60caba6307a5e8f5c33d5508074b7f94a26de95d1031f1d3b17840063b15f4dc,915397aef3282db987af8c49f1373fad7bb4db717147ebf2912390cdd76d2e55,dccc994b9307cbc18877bc35add3bf2161b4e955f660611587f418c7fa9e18fe,c80366b54364a48e4319ec699aa81bc86be9b096ebe4b646d6382eb58bc9724f,266b2be00556b3cfaca71d6baae181ea5ffe7333d6e5c1b4cd0b3fc1c2868aa2,47824,47389,47827,47827,4
LONG_CORRIDOR,1103,2101,3,dev::LONG_CORRIDOR::g1103::m2101,dev::LONG_CORRIDOR::g1103::m2101::r03,3432c19ff6b4918317e270421f8797b4b982e94014f00d0662ac482d699b092f,3762e9a9429a8166487222195701c7b3a91731ff29085051178aafc5f5d02c7f,38909d2f19a24dc741d883df464e2fa6074a565eb0fb6b34f23c39ea7832a41c,a72a61b2bc1b2c4bc3d43d8abd148f05eb1a10c4bbed8a5516404cfce1d8ba74,cf4f094ed56ed421210166aee40e8686cd11382a39109d16dc2c3195b17a9dad,60caba6307a5e8f5c33d5508074b7f94a26de95d1031f1d3b17840063b15f4dc,915397aef3282db987af8c49f1373fad7bb4db717147ebf2912390cdd76d2e55,dccc994b9307cbc18877bc35add3bf2161b4e955f660611587f418c7fa9e18fe,04055596c52c64e183ded01d5f4c359c6bc67376d3690c14defd585d030f8817,266b2be00556b3cfaca71d6baae181ea5ffe7333d6e5c1b4cd0b3fc1c2868aa2,47824,47329,47827,47827,4
LONG_CORRIDOR,1103,2101,4,dev::LONG_CORRIDOR::g1103::m2101,dev::LONG_CORRIDOR::g1103::m2101::r04,2455c17c958502f4c88767929f0f77b00475ddac4fd9c2f56394d18df4f11e1b,834fdf8e8a10a572490eca7a56a5c2e25865c47b2afeaf41dd48f73d042aa640,e67b7bd19d6d3529d17a66e96adb646e6df63fcd205f28f8d699fcd959e165de,79cd14fc5c100fad7f9d7efcecda88829cb6d1e52f586d20f412c0908010d92a,cf4f094ed56ed421210166aee40e8686cd11382a39109d16dc2c3195b17a9dad,60caba6307a5e8f5c33d5508074b7f94a26de95d1031f1d3b17840063b15f4dc,915397aef3282db987af8c49f1373fad7bb4db717147ebf2912390cdd76d2e55,dccc994b9307cbc18877bc35add3bf2161b4e955f660611587f418c7fa9e18fe,1661beb1af74a4634f31746c917b1e02c2e943d9452bbc49697229b8d38c3549,266b2be00556b3cfaca71d6baae181ea5ffe7333d6e5c1b4cd0b3fc1c2868aa2,47824,47327,47827,47827,4
LONG_CORRIDOR,1103,2111,0,dev::LONG_CORRIDOR::g1103::m2111,dev::LONG_CORRIDOR::g1103::m2111::r00,881f774a7012fb3d09dbe8189a5473135dfbcc13ed09ede9a2e390f1eb5da2f0,c14b45f6c2444bb4206b955e52862a1350f06208823113d0bd1f15193edc3e05,af2f170d91e56c188ea19a973cad1ef2e4a5be1bbb604c247afe4f14104e7aae,bf00dfcc2c5f3ee464126232da0443cddd276d1edb9ed1f49ac43158649e507e,cf4f094ed56ed421210166aee40e8686cd11382a39109d16dc2c3195b17a9dad,60caba6307a5e8f5c33d5508074b7f94a26de95d1031f1d3b17840063b15f4dc,915397aef3282db987af8c49f1373fad7bb4db717147ebf2912390cdd76d2e55,dccc994b9307cbc18877bc35add3bf2161b4e955f660611587f418c7fa9e18fe,a64d528a4b9787837242740a202b3d16c54faa5eac766255d4a1e4dff9ac615e,266b2be00556b3cfaca71d6baae181ea5ffe7333d6e5c1b4cd0b3fc1c2868aa2,47824,47348,47827,47827,4
LONG_CORRIDOR,1103,2111,1,dev::LONG_CORRIDOR::g1103::m2111,dev::LONG_CORRIDOR::g1103::m2111::r01,40c9ff0226a66c32a41ab128244e9ff00c18a29750e04b0fc4f596469fc82a84,12d294f13148798ce923b8a5cb01b95884e9cf385da49ebedde9cf0abd40d225,73eef136c2446968904e3b2f6e0a5ea86c97c4961e3d4614b9323aaebfbcae3b,6f448f438677aee93bfe54493901080d4a851ea489a73cbf0a5882ef906fe7ec,cf4f094ed56ed421210166aee40e8686cd11382a39109d16dc2c3195b17a9dad,60caba6307a5e8f5c33d5508074b7f94a26de95d1031f1d3b17840063b15f4dc,915397aef3282db987af8c49f1373fad7bb4db717147ebf2912390cdd76d2e55,dccc994b9307cbc18877bc35add3bf2161b4e955f660611587f418c7fa9e18fe,0b44d095d4d60cc9295e9c1d2cd67cbd44d49d0a5de82f8c04f4b0b891bb2e93,266b2be00556b3cfaca71d6baae181ea5ffe7333d6e5c1b4cd0b3fc1c2868aa2,47824,47378,47827,47827,4
LONG_CORRIDOR,1103,2111,2,dev::LONG_CORRIDOR::g1103::m2111,dev::LONG_CORRIDOR::g1103::m2111::r02,b9c295138a4d0abcff8c7060a69e58e05bc5fdd2addd2c6d8b2dcfdb9360220c,75fc7c29629f575adf0def8aa6c51b548b7c63556fb8fe47f2018b1456306dd1,1468807d04be7c1cad9fc4766dbc93507a54749bd852d5928a7f130dfb92e320,aba395fb556be0ee868b6153ea01959100ce8ed576035420dd77e0fcbc04a87c,cf4f094ed56ed421210166aee40e8686cd11382a39109d16dc2c3195b17a9dad,60caba6307a5e8f5c33d5508074b7f94a26de95d1031f1d3b17840063b15f4dc,915397aef3282db987af8c49f1373fad7bb4db717147ebf2912390cdd76d2e55,dccc994b9307cbc18877bc35add3bf2161b4e955f660611587f418c7fa9e18fe,3c5602295df7e51446eef5a3ad893e48d3f6564dc9a2408f7b6c2d2cc17a0a21,266b2be00556b3cfaca71d6baae181ea5ffe7333d6e5c1b4cd0b3fc1c2868aa2,47824,47352,47827,47827,4
LONG_CORRIDOR,1103,2111,3,dev::LONG_CORRIDOR::g1103::m2111,dev::LONG_CORRIDOR::g1103::m2111::r03,278c60bd52dfab8fc84c13c1373c4b0ee9137291f87a1338ae3ebd1db4006703,2e03e0aa2f88262231495bf12282bab0d2ba945ddf0ada5d7ccdfc27f4c26b30,4d8e98d90d18528f87e300cea44c087f64ac51699a49f5bec8adc82b2f2c5917,ab564ae21f16ad0ff26578660d515ee62ffa6636692a56bbc35a3bd383aae335,cf4f094ed56ed421210166aee40e8686cd11382a39109d16dc2c3195b17a9dad,60caba6307a5e8f5c33d5508074b7f94a26de95d1031f1d3b17840063b15f4dc,915397aef3282db987af8c49f1373fad7bb4db717147ebf2912390cdd76d2e55,dccc994b9307cbc18877bc35add3bf2161b4e955f660611587f418c7fa9e18fe,1690642e4ecd3965b34d996630e20e698a08f15fc6a306d8d4a384486c8dd79f,266b2be00556b3cfaca71d6baae181ea5ffe7333d6e5c1b4cd0b3fc1c2868aa2,47824,47361,47827,47827,4
LONG_CORRIDOR,1103,2111,4,dev::LONG_CORRIDOR::g1103::m2111,dev::LONG_CORRIDOR::g1103::m2111::r04,7986307589ed04f8246024db5d9bd867199660966d5cfbbe4cb7dd9d6a112c1a,d2b9cca32d9dda7eb68205c19774012ab897b96fc1b5beb03fef5a25dff27908,ae751b83890207bae4d5cfd08a3768a4c25fd6a93651f9e7c33995b0ebb6b080,bc3af267281b4ca5c428a4fd104665d3f5e2c77b9fef32f60a8c5aae27a36169,cf4f094ed56ed421210166aee40e8686cd11382a39109d16dc2c3195b17a9dad,60caba6307a5e8f5c33d5508074b7f94a26de95d1031f1d3b17840063b15f4dc,915397aef3282db987af8c49f1373fad7bb4db717147ebf2912390cdd76d2e55,dccc994b9307cbc18877bc35add3bf2161b4e955f660611587f418c7fa9e18fe,6105c052e5ca93b3565536d1ce42329c7ac1e14b93de10b40b593eb9390178b3,266b2be00556b3cfaca71d6baae181ea5ffe7333d6e5c1b4cd0b3fc1c2868aa2,47824,47320,47827,47827,4
LONG_CORRIDOR,1107,2101,0,dev::LONG_CORRIDOR::g1107::m2101,dev::LONG_CORRIDOR::g1107::m2101::r00,94e8470a46560e62ba3dad5f57905828fe813ad87a5dd5da492ffb35f37d1d3a,7dd3fbceb9edd0e22830534c9cd3050b3841f223385c7baed1bd1c40d2c0b1e5,90eb3953ecef79556e827ecb135963e31a3202524da33d770dba44d96ebfb827,7a3069333c1e7e5c5660d4868fda36bea00b771580950bc6b5c99c5e412812a6,e91bdb76d568183bbad7b1b921fe3dd7a9376ea7331693f97a9d1a477baef24a,25bfaa502a2683f903b08672ccc3f8fe549b65cbf3e2aad9c0b4a09123c2160d,a07acf55aeae775fd3c6036b89b933e1367893b1f05dd305c415899d6cc19c6a,1aa61b46d55b81331e9bf284fd378d565802139ca3bd8af49c24bd285abbc668,35b19fa6b0d07e78afc3cf646e8f916506e8a2e7526ccc7d8a50e9e962dd16ac,a48b9ffb0b83bdf493f78d1e23b4f85ce5baadca48f11544ee270e404a681af5,47800,47335,47814,47814,4
LONG_CORRIDOR,1107,2101,1,dev::LONG_CORRIDOR::g1107::m2101,dev::LONG_CORRIDOR::g1107::m2101::r01,9c8aa088401b0c7501668c88d43a8a4b9bad87df541fcc49381032eb6e126959,bb14618c257edaca5b96fc27f669a26ac3531de1661265d2317d3bcc087a7e4e,6f5b9c58a2de4f3aab5d930f0c45b34088d6a842785fbaa75b4e928b4e3866a7,655e7f10eb6b2952985ffd76a7d930145e93fc066366535cb27e9830356a2778,e91bdb76d568183bbad7b1b921fe3dd7a9376ea7331693f97a9d1a477baef24a,25bfaa502a2683f903b08672ccc3f8fe549b65cbf3e2aad9c0b4a09123c2160d,a07acf55aeae775fd3c6036b89b933e1367893b1f05dd305c415899d6cc19c6a,1aa61b46d55b81331e9bf284fd378d565802139ca3bd8af49c24bd285abbc668,e48366d63a42c2b7fc3d76ada6e402860fd75cb205ba93ed66579535279625a9,a48b9ffb0b83bdf493f78d1e23b4f85ce5baadca48f11544ee270e404a681af5,47800,47311,47814,47814,4
LONG_CORRIDOR,1107,2101,2,dev::LONG_CORRIDOR::g1107::m2101,dev::LONG_CORRIDOR::g1107::m2101::r02,a0dc2697d50c0537a165d67e85e388d142b108edf0e3f9c66ff853c410e9f560,7a4d401e15d061aa0ab0e23c26a31736deea128f1ba51abf63a264571cfca304,26b5507ff854ece8e24aebe62578bfe6c4e70f07a70a0640ddaf93a216a7c0de,980e03fe0874f0f29f010c91c48c609e92322ceecd42f7e94fa8a6926bad793e,e91bdb76d568183bbad7b1b921fe3dd7a9376ea7331693f97a9d1a477baef24a,25bfaa502a2683f903b08672ccc3f8fe549b65cbf3e2aad9c0b4a09123c2160d,a07acf55aeae775fd3c6036b89b933e1367893b1f05dd305c415899d6cc19c6a,1aa61b46d55b81331e9bf284fd378d565802139ca3bd8af49c24bd285abbc668,a84d8e09edbac370c1882eb402e9dc5e841221f38aeb0035e131dfc39dc3e775,a48b9ffb0b83bdf493f78d1e23b4f85ce5baadca48f11544ee270e404a681af5,47800,47326,47814,47814,4
LONG_CORRIDOR,1107,2101,3,dev::LONG_CORRIDOR::g1107::m2101,dev::LONG_CORRIDOR::g1107::m2101::r03,efda34cbd6baac7b895e69b034f3c40afc91614696d2fec20bc35e569f2e08a9,879883f776ef468c5261b663d64778adbe0b861d94f5ff389558879f4c811eea,4ae19351658dc6f093e938c491ecf09b3dd987075e337b035b83dfbc71d5b5b9,ed702fc669790590b038e611e453ca034b011d86a0c3bc2789f1fc937353ee7b,e91bdb76d568183bbad7b1b921fe3dd7a9376ea7331693f97a9d1a477baef24a,25bfaa502a2683f903b08672ccc3f8fe549b65cbf3e2aad9c0b4a09123c2160d,a07acf55aeae775fd3c6036b89b933e1367893b1f05dd305c415899d6cc19c6a,1aa61b46d55b81331e9bf284fd378d565802139ca3bd8af49c24bd285abbc668,2358c9aacb28862e00d8984e417c26f55aece70ac41e273d1a7ee6130698c3b7,a48b9ffb0b83bdf493f78d1e23b4f85ce5baadca48f11544ee270e404a681af5,47800,47314,47814,47814,4
LONG_CORRIDOR,1107,2101,4,dev::LONG_CORRIDOR::g1107::m2101,dev::LONG_CORRIDOR::g1107::m2101::r04,e1299e90f4b98e5eaaefc6726bbbda807c57a4022dea6444168275951f1820c4,cf32129378a9e44671e9afffa8243b905c371bbb97885e4919d6bfdbc6d9978f,a441cefb874b61248cca2f37e18627986f4bc2fa25fbf4d1b03c27c60ee58483,60248001bf9fcf5045428d105c75d75d69f6940bdb054ccc646b4160a81580da,e91bdb76d568183bbad7b1b921fe3dd7a9376ea7331693f97a9d1a477baef24a,25bfaa502a2683f903b08672ccc3f8fe549b65cbf3e2aad9c0b4a09123c2160d,a07acf55aeae775fd3c6036b89b933e1367893b1f05dd305c415899d6cc19c6a,1aa61b46d55b81331e9bf284fd378d565802139ca3bd8af49c24bd285abbc668,49fb7d9cbff8b093d6c4d97d7fe5f4f7097bb6dda168bc352a66d110636b8b64,a48b9ffb0b83bdf493f78d1e23b4f85ce5baadca48f11544ee270e404a681af5,47800,47347,47814,47814,4
LONG_CORRIDOR,1107,2111,0,dev::LONG_CORRIDOR::g1107::m2111,dev::LONG_CORRIDOR::g1107::m2111::r00,9f6cd5deee5c152ebb900ffd23bdac284667d5392ba742cccb87543602d97741,8d81c140a267d16e9ad31dd46d9728151bb5c6919f61652433a3368be01dc63b,d93371d33757b3644d17da9faafed73c0750f0e927022e2c8cec306e1d3167f2,8b8086d7a4174cd60ebbe47428ec7407128757284b36ac9eeb17d2bdff8e412d,e91bdb76d568183bbad7b1b921fe3dd7a9376ea7331693f97a9d1a477baef24a,25bfaa502a2683f903b08672ccc3f8fe549b65cbf3e2aad9c0b4a09123c2160d,a07acf55aeae775fd3c6036b89b933e1367893b1f05dd305c415899d6cc19c6a,1aa61b46d55b81331e9bf284fd378d565802139ca3bd8af49c24bd285abbc668,90ff8025c38629129bee2cb51ecd5a18858248bd59f914be2bb37d79b9debf0c,a48b9ffb0b83bdf493f78d1e23b4f85ce5baadca48f11544ee270e404a681af5,47800,47292,47814,47814,4
LONG_CORRIDOR,1107,2111,1,dev::LONG_CORRIDOR::g1107::m2111,dev::LONG_CORRIDOR::g1107::m2111::r01,6f20281666c2c40e068a4480a52fe8e80312f7db28e9ee72d96574123f8b202d,37629262225f02991324335171a3243f719ed2c7985f57b445b23c6bf72ee74a,e58a8a1c819e2e5c5d844947f534403107ffe7f344b532e117c2a2038f4ccb31,91f41a937381bbb1813ba4539e8102dad81cdbfeb9b436f44e98679dcbd7339a,e91bdb76d568183bbad7b1b921fe3dd7a9376ea7331693f97a9d1a477baef24a,25bfaa502a2683f903b08672ccc3f8fe549b65cbf3e2aad9c0b4a09123c2160d,a07acf55aeae775fd3c6036b89b933e1367893b1f05dd305c415899d6cc19c6a,1aa61b46d55b81331e9bf284fd378d565802139ca3bd8af49c24bd285abbc668,fd913928fe9c90584307f80c87139384f50769bb46fa8aa6ca4159e0d766b828,a48b9ffb0b83bdf493f78d1e23b4f85ce5baadca48f11544ee270e404a681af5,47800,47320,47814,47814,4
LONG_CORRIDOR,1107,2111,2,dev::LONG_CORRIDOR::g1107::m2111,dev::LONG_CORRIDOR::g1107::m2111::r02,294876c8afbc3a814a7a069ba40a06eded0813eba70ec279fbfde99c550806e2,50d8064abb2619c1cd795756aaed2794fca67446ce1cfa6d46cfe48e14568ff7,6e090f59f0b9832b99a5546be9ad053a5e5b699a8bb78d3fde9e1ecca150e296,f0a74deb4dcd845bdb7e9298c889fd5bae0e730ad1be4b080269c2d910c7dbb4,e91bdb76d568183bbad7b1b921fe3dd7a9376ea7331693f97a9d1a477baef24a,25bfaa502a2683f903b08672ccc3f8fe549b65cbf3e2aad9c0b4a09123c2160d,a07acf55aeae775fd3c6036b89b933e1367893b1f05dd305c415899d6cc19c6a,1aa61b46d55b81331e9bf284fd378d565802139ca3bd8af49c24bd285abbc668,860cac8068c54e6cb78541ebd3ef3b5334a7f72e71469c60d3c4d26a22f886a5,a48b9ffb0b83bdf493f78d1e23b4f85ce5baadca48f11544ee270e404a681af5,47800,47347,47814,47814,4
LONG_CORRIDOR,1107,2111,3,dev::LONG_CORRIDOR::g1107::m2111,dev::LONG_CORRIDOR::g1107::m2111::r03,69ae984285f5132c61dc07728a71fb94f2e45b64f41e373d24051c8f783e3a70,b8d3c24c4949c241604554459e1deb409dc86efa9bf9b79ede8871325ff147ae,98e8aca9682bdc1bb8e85cc06d1e43d700e5d9a8045a60466e02636b9a1b712c,0bfc507c4180572ba1187fbadcc3a59d0d4e2244afb4ab09c4fa208a74d73a49,e91bdb76d568183bbad7b1b921fe3dd7a9376ea7331693f97a9d1a477baef24a,25bfaa502a2683f903b08672ccc3f8fe549b65cbf3e2aad9c0b4a09123c2160d,a07acf55aeae775fd3c6036b89b933e1367893b1f05dd305c415899d6cc19c6a,1aa61b46d55b81331e9bf284fd378d565802139ca3bd8af49c24bd285abbc668,6b4d3d1dc09c184ef4ea1e1f8e0ca03bfa067c42b11042e9cd840855de7a9e2c,a48b9ffb0b83bdf493f78d1e23b4f85ce5baadca48f11544ee270e404a681af5,47800,47303,47814,47814,4
LONG_CORRIDOR,1107,2111,4,dev::LONG_CORRIDOR::g1107::m2111,dev::LONG_CORRIDOR::g1107::m2111::r04,b56e2303e23eee51769ee69bd65f67924541bfb790876e465c736a8c9b01f342,12cccffbca4e5ba5168f26d988468d66b27d95e9a531a558b60beea98a23acf6,1c93e5b19b60f604510d724ae7872b7e65fa41e8130185c515b6b68f8bfca456,0cbd64cff18c24487df4957674806f00ecc6d52ab1d1c9bcbbd9ef747c567f88,e91bdb76d568183bbad7b1b921fe3dd7a9376ea7331693f97a9d1a477baef24a,25bfaa502a2683f903b08672ccc3f8fe549b65cbf3e2aad9c0b4a09123c2160d,a07acf55aeae775fd3c6036b89b933e1367893b1f05dd305c415899d6cc19c6a,1aa61b46d55b81331e9bf284fd378d565802139ca3bd8af49c24bd285abbc668,5771d5fabaf502b785af929dacec23259381dc66422f02fb081d24e581efac08,a48b9ffb0b83bdf493f78d1e23b4f85ce5baadca48f11544ee270e404a681af5,47800,47321,47814,47814,4
PARALLEL_WALLS,1101,2101,0,dev::PARALLEL_WALLS::g1101::m2101,dev::PARALLEL_WALLS::g1101::m2101::r00,1b6620a813d133a0d61ef29f60b0c00bca0b0d01dc6b79793128370838cada5f,6b30dabcbfd263cbde5e019e02bc73362041d0a07ec0e5377f66886d9e42e8bc,bc5370b307338b6cfda3d39f77a320c5a42f3e3ae3c7d63bdd80c1086f1ecf10,dc9927b2261d7fd2725432fb956f066b966e943bbec172cd09be14a1bc4c8638,4a1fc5bf01b3aa7f62f0d7839f4fc81486f0f117eff82681090aa6dcdb83f44c,77fdcc2db549064a6c79e390f6ac5cb85d1bbeddb1b9880d181b6d6c3a0081a2,a1f8439d3fc3c34c2e9f638d054c260f39e0a3b1e06a3042b218f1bdb42b34b0,1f35dd5e416dc901f333b104298097ff86d354e528bffb18c89f6d33ed953f94,44938944cfb6c8d9d97d228a09dfbca0fa292962ff8019a2214ee16c587c663d,e8571e51f0c6da0e2f196b60b6e19ae384b20551a414792e7eeaf852a4bf36c3,39795,39403,39775,39775,3
PARALLEL_WALLS,1101,2101,1,dev::PARALLEL_WALLS::g1101::m2101,dev::PARALLEL_WALLS::g1101::m2101::r01,dbac1eab51043884cfdf5bf05c3eb449331c8ce6ff4432f5061058570f3e8834,524b13838c1e53dbbe0b6fe317d42b9e5f32294db9b899684e97b2b162454b04,da543fdcba4a907b58820f95165b5e1174edc957a048906276505cbdd1e489e2,af18881c6109255c6daaeb2dda9df77781183d553c7bcd59f637807b3e75c509,4a1fc5bf01b3aa7f62f0d7839f4fc81486f0f117eff82681090aa6dcdb83f44c,77fdcc2db549064a6c79e390f6ac5cb85d1bbeddb1b9880d181b6d6c3a0081a2,a1f8439d3fc3c34c2e9f638d054c260f39e0a3b1e06a3042b218f1bdb42b34b0,1f35dd5e416dc901f333b104298097ff86d354e528bffb18c89f6d33ed953f94,645992da16e3bfa1111d67305752f1bb220e9302c8af7f592a03eb3b877dc974,e8571e51f0c6da0e2f196b60b6e19ae384b20551a414792e7eeaf852a4bf36c3,39795,39389,39775,39775,3
PARALLEL_WALLS,1101,2101,2,dev::PARALLEL_WALLS::g1101::m2101,dev::PARALLEL_WALLS::g1101::m2101::r02,bb64e83d5b6ac445a1fa0de14c10932f181f45f6bb875e7f22cc7cadae81d779,eb393fa06b428133ed89d19124378f7fbfdb9f774b1197c02e836dc8532031d6,16e102efd5c6f689458ac1ae7962a8e93e958d224dd05b82edbf2229da0dcf5c,7ca131a97aaa7e7c42fb0d6811ef063520de64e09486bab7abf0ab4600f44939,4a1fc5bf01b3aa7f62f0d7839f4fc81486f0f117eff82681090aa6dcdb83f44c,77fdcc2db549064a6c79e390f6ac5cb85d1bbeddb1b9880d181b6d6c3a0081a2,a1f8439d3fc3c34c2e9f638d054c260f39e0a3b1e06a3042b218f1bdb42b34b0,1f35dd5e416dc901f333b104298097ff86d354e528bffb18c89f6d33ed953f94,26819c6bfc404ebe89117a077c9797e9ab3801eb425fbd964e55d7a9e628a2c9,e8571e51f0c6da0e2f196b60b6e19ae384b20551a414792e7eeaf852a4bf36c3,39795,39403,39775,39775,3
PARALLEL_WALLS,1101,2101,3,dev::PARALLEL_WALLS::g1101::m2101,dev::PARALLEL_WALLS::g1101::m2101::r03,684a4aca2ed723cc15132b6ea056ebdbfb366d1283c2827421b41b364c9472ac,129086141359a56a5f67e7997013e29668655088c06bc4b87f45ab0f508903fb,8de6633f8f0fe4df7f073bbf09215be29838b850ad12d8a1ffa06bdd5f1fe008,6c549c85742fba2f3c1937f921eeee6b8096c3197cb8bce0a62ef108afbaa1a1,4a1fc5bf01b3aa7f62f0d7839f4fc81486f0f117eff82681090aa6dcdb83f44c,77fdcc2db549064a6c79e390f6ac5cb85d1bbeddb1b9880d181b6d6c3a0081a2,a1f8439d3fc3c34c2e9f638d054c260f39e0a3b1e06a3042b218f1bdb42b34b0,1f35dd5e416dc901f333b104298097ff86d354e528bffb18c89f6d33ed953f94,e1060ca8e6ca89185b67da3a72334aa1aad0127b072c80ba704e22eb762b2244,e8571e51f0c6da0e2f196b60b6e19ae384b20551a414792e7eeaf852a4bf36c3,39795,39411,39775,39775,3
PARALLEL_WALLS,1101,2101,4,dev::PARALLEL_WALLS::g1101::m2101,dev::PARALLEL_WALLS::g1101::m2101::r04,9528a819a60af07771433b01bb1e38ebd9579270a171928b65cbb869ac964cef,756c5b0ff6f661d92f6ab9593e03fb732d6b99bd96a457a5850150cb058b85d9,2ba676d9d03296b9730e8698bca11a40c19c9d1abde4d27d129e7c67529b423d,54e214d15692a5fea83efda548bdceb2a8384c92be1e537865411a44ecd00797,4a1fc5bf01b3aa7f62f0d7839f4fc81486f0f117eff82681090aa6dcdb83f44c,77fdcc2db549064a6c79e390f6ac5cb85d1bbeddb1b9880d181b6d6c3a0081a2,a1f8439d3fc3c34c2e9f638d054c260f39e0a3b1e06a3042b218f1bdb42b34b0,1f35dd5e416dc901f333b104298097ff86d354e528bffb18c89f6d33ed953f94,29df45dfdcacebc9209c76a61f70725e16b7ff61a23fac5946410d40b9e4572a,e8571e51f0c6da0e2f196b60b6e19ae384b20551a414792e7eeaf852a4bf36c3,39795,39385,39775,39775,3
PARALLEL_WALLS,1101,2111,0,dev::PARALLEL_WALLS::g1101::m2111,dev::PARALLEL_WALLS::g1101::m2111::r00,53995d40c1b6fe09a66cc79e7e643aa3f7e9db17ad735105cc23247437bb765f,d2d500c260e9d2b49f0963ca23282c2190625d901490f052d24756adf373d68f,deb95992f9d7c101a0f99037a4c3f5acc4bc3394a41823525c2d41aac4e843ee,b8dbc08c7b821ca2dcba4ba1e763cfb25992664625742024aa6311655697d241,4a1fc5bf01b3aa7f62f0d7839f4fc81486f0f117eff82681090aa6dcdb83f44c,77fdcc2db549064a6c79e390f6ac5cb85d1bbeddb1b9880d181b6d6c3a0081a2,a1f8439d3fc3c34c2e9f638d054c260f39e0a3b1e06a3042b218f1bdb42b34b0,1f35dd5e416dc901f333b104298097ff86d354e528bffb18c89f6d33ed953f94,56ee10f5c0dbb3eb5ca3072568789eafefd841ce089dd24712de3a7fa9dfb7d0,e8571e51f0c6da0e2f196b60b6e19ae384b20551a414792e7eeaf852a4bf36c3,39795,39416,39775,39775,3
PARALLEL_WALLS,1101,2111,1,dev::PARALLEL_WALLS::g1101::m2111,dev::PARALLEL_WALLS::g1101::m2111::r01,989a728c222449b70727227abc851da3ae4cc87a296c80faa41bb66b3540ffec,5d0e442c984da2ba7a279b9bff8502bec42e2c935fa6db2c2332edafd5afa843,c1a930cc7fe03bad387713b448e4bb78083c914abbf77755236ce57ffe2c294f,305719eedd8f1c6387d59a0d9e7c77e506c3cc86801ed70418e53300821cf61a,4a1fc5bf01b3aa7f62f0d7839f4fc81486f0f117eff82681090aa6dcdb83f44c,77fdcc2db549064a6c79e390f6ac5cb85d1bbeddb1b9880d181b6d6c3a0081a2,a1f8439d3fc3c34c2e9f638d054c260f39e0a3b1e06a3042b218f1bdb42b34b0,1f35dd5e416dc901f333b104298097ff86d354e528bffb18c89f6d33ed953f94,a87ca77bb18e88a42ce64d13ba50a29d7da8507269d73eafcba0a8786b609cf8,e8571e51f0c6da0e2f196b60b6e19ae384b20551a414792e7eeaf852a4bf36c3,39795,39426,39775,39775,3
PARALLEL_WALLS,1101,2111,2,dev::PARALLEL_WALLS::g1101::m2111,dev::PARALLEL_WALLS::g1101::m2111::r02,410d3e2af4154de5d60b18e47afd4694cb6749df3ae7a12333cccde5a40772c6,feb3e62308ec91c8dfc477b445d82aa8be24c429a0fec5317d86cdbbde56f02d,69e13a142e88a5a7f2c3a7165a9e087e73664d2078ecb27ea45227ee66b6889b,d8094aec153014fd72de890aae84168fbc273248df9805e47c8372775678ed04,4a1fc5bf01b3aa7f62f0d7839f4fc81486f0f117eff82681090aa6dcdb83f44c,77fdcc2db549064a6c79e390f6ac5cb85d1bbeddb1b9880d181b6d6c3a0081a2,a1f8439d3fc3c34c2e9f638d054c260f39e0a3b1e06a3042b218f1bdb42b34b0,1f35dd5e416dc901f333b104298097ff86d354e528bffb18c89f6d33ed953f94,bc1ca2146948ca4587efd683d5a8ef12e82f7ce983eabc9dd58c1182112214fa,e8571e51f0c6da0e2f196b60b6e19ae384b20551a414792e7eeaf852a4bf36c3,39795,39386,39775,39775,3
PARALLEL_WALLS,1101,2111,3,dev::PARALLEL_WALLS::g1101::m2111,dev::PARALLEL_WALLS::g1101::m2111::r03,b1eb70c6f4857babb330f3bdc6f13f6216e3fda48bb1a5fcbfdb1bb85f9126c5,2269a11340bd8666cbbfda6552047fa2f5fec672c78850c9f4aed72e3317fb35,4d286f30186e90a756e3807c472200e3ceffd0a1e9d63f2c3c6b1146b70dc9a3,a9bf83bd52a415cfda9647890dfcbab8bacdb04398a4cf1b4dd0e5a1f3e32e11,4a1fc5bf01b3aa7f62f0d7839f4fc81486f0f117eff82681090aa6dcdb83f44c,77fdcc2db549064a6c79e390f6ac5cb85d1bbeddb1b9880d181b6d6c3a0081a2,a1f8439d3fc3c34c2e9f638d054c260f39e0a3b1e06a3042b218f1bdb42b34b0,1f35dd5e416dc901f333b104298097ff86d354e528bffb18c89f6d33ed953f94,953101f8bf4cb0ce8bdda437e8c1506a3524c3f76d334ba1427af813ebf94fb9,e8571e51f0c6da0e2f196b60b6e19ae384b20551a414792e7eeaf852a4bf36c3,39795,39418,39775,39775,3
PARALLEL_WALLS,1101,2111,4,dev::PARALLEL_WALLS::g1101::m2111,dev::PARALLEL_WALLS::g1101::m2111::r04,5b995ce4f8a15e70885dc33d1bddcbb43f479c88aca86fc4190e5675b89bd56c,a016a986589c3689e59bfa46e98ef37e9faaaf4f64e0171d94c830bc17cb2b71,0e87b275ff81dcbfe04ba6f8519c89997c535dbb988a290b5afba9f2edfb4e59,7376deaf96e08dc9803c1d710eea4f3a90b65f7671c37324f11e07a926daec22,4a1fc5bf01b3aa7f62f0d7839f4fc81486f0f117eff82681090aa6dcdb83f44c,77fdcc2db549064a6c79e390f6ac5cb85d1bbeddb1b9880d181b6d6c3a0081a2,a1f8439d3fc3c34c2e9f638d054c260f39e0a3b1e06a3042b218f1bdb42b34b0,1f35dd5e416dc901f333b104298097ff86d354e528bffb18c89f6d33ed953f94,5a7f20518a67eedda28ba6b452192473bf1330116f07577829543a1f1ce14e18,e8571e51f0c6da0e2f196b60b6e19ae384b20551a414792e7eeaf852a4bf36c3,39795,39385,39775,39775,3
PARALLEL_WALLS,1103,2101,0,dev::PARALLEL_WALLS::g1103::m2101,dev::PARALLEL_WALLS::g1103::m2101::r00,cd627f30a555be4dc8a0f13db8727fb2f8206bd6aeb81243d4fc40293f50f542,da383597c0adb82e030053d5f8591ea2b7101e7e91c12ba03d9bb7c3ba99570c,cd998278fa9d34f3868dda5986b80815fb69fe821d7b36ec90491bb7e5257f7f,f135cc2887c8d0ed16559a266a575b3a54e16ef0d5f5f32db002f7a4fe0f0986,3cd208679b18da74a0e178bb4bc7fcd1664bfd0de30b7d1ee0810a668cedecfe,59220498bfae72ce2daea9eaaa0da988f11223540cbe19980a56d1be63c89565,e506799e22524dd2ac1222693239c9d988a42b652b03d912194014db203000b6,b03369e50f5f9d2314decc270d8d553bbba6941183df6fb3c9a5d206b077e3bc,6acc23ef258a77338b5034300346fdc04bf89c716e240ac93c1d7ac9d63ad0ac,fcc5d400604ed4d5b4a05ec36b98b044e128eae19fdef2e2471565c5501b77ed,39785,39399,39784,39784,3
PARALLEL_WALLS,1103,2101,1,dev::PARALLEL_WALLS::g1103::m2101,dev::PARALLEL_WALLS::g1103::m2101::r01,355518e8724561bc80bcc11e952a8f6c7addf8147c6708e3ca52e83233ac2e22,0deb2c0e568ddd2835263e0a29f981e7bd531fccb3bc4876585a9eb04c254b06,86341ca17e4d8c61f8b5a4d1eb781ee8bdddc42a46bfa34e96cba21da0fc806c,ced46d643d3b208b1659c8c4e954d32eff93905382dcf9934f844d8ca96247cc,3cd208679b18da74a0e178bb4bc7fcd1664bfd0de30b7d1ee0810a668cedecfe,59220498bfae72ce2daea9eaaa0da988f11223540cbe19980a56d1be63c89565,e506799e22524dd2ac1222693239c9d988a42b652b03d912194014db203000b6,b03369e50f5f9d2314decc270d8d553bbba6941183df6fb3c9a5d206b077e3bc,7cb893b7a58b5346b5af9d32ac2e00455789d1ba8ca29a66c08475a8e2218aec,fcc5d400604ed4d5b4a05ec36b98b044e128eae19fdef2e2471565c5501b77ed,39785,39368,39784,39784,3
PARALLEL_WALLS,1103,2101,2,dev::PARALLEL_WALLS::g1103::m2101,dev::PARALLEL_WALLS::g1103::m2101::r02,62d47c115df1df1a396569634b661b9c55705c10cdcf2b8310599115f976e5c3,59dbbf9dba2276c13ee3b5d447580334b04b0ac57d8ae9fcf13288844d7a47ca,4648e4ca4ded4dc89057b5a7cbd6e71267f3288c4e415b2e7dc96d6aae206dd3,d2b617c934d5cac04c2a6337cf56d47584c4ebdaef2fb723aa7ef8f64d455c96,3cd208679b18da74a0e178bb4bc7fcd1664bfd0de30b7d1ee0810a668cedecfe,59220498bfae72ce2daea9eaaa0da988f11223540cbe19980a56d1be63c89565,e506799e22524dd2ac1222693239c9d988a42b652b03d912194014db203000b6,b03369e50f5f9d2314decc270d8d553bbba6941183df6fb3c9a5d206b077e3bc,b2e90b92d7cadaec0c37c98a319b9f54de3137c784fa580e4079d3877b84b6ba,fcc5d400604ed4d5b4a05ec36b98b044e128eae19fdef2e2471565c5501b77ed,39785,39406,39784,39784,3
PARALLEL_WALLS,1103,2101,3,dev::PARALLEL_WALLS::g1103::m2101,dev::PARALLEL_WALLS::g1103::m2101::r03,db87786878a260c139286bf19b3151eebfb5cd1c4d118232dd40589c17428bd3,2e670b459d87c9ef8430aa8cda01158376de1216c95b72403b04520e0fd2705d,068262ddd6c98e1372ad055c08fc987f96dd88fb6f758debf514f681de9d83e6,4ea36fd9bd72179cfe49047fd357d08f7559b9625cc7e8b39f7d5e5777787522,3cd208679b18da74a0e178bb4bc7fcd1664bfd0de30b7d1ee0810a668cedecfe,59220498bfae72ce2daea9eaaa0da988f11223540cbe19980a56d1be63c89565,e506799e22524dd2ac1222693239c9d988a42b652b03d912194014db203000b6,b03369e50f5f9d2314decc270d8d553bbba6941183df6fb3c9a5d206b077e3bc,b65ba8615ac053c9fa25592bc9800e0697772d2b9fac6f68ada7d75eb65a52a2,fcc5d400604ed4d5b4a05ec36b98b044e128eae19fdef2e2471565c5501b77ed,39785,39363,39784,39784,3
PARALLEL_WALLS,1103,2101,4,dev::PARALLEL_WALLS::g1103::m2101,dev::PARALLEL_WALLS::g1103::m2101::r04,efd1b3171dd852dcca03f3c62188bd4a5d4cb816f6ddc13b1ae5180e49ce3843,8ab25c95ce5ee0644cee60250fd87db4935047daf2ffdf6730a7ad18989b4bdc,e7af166966b554c7e6f737d2b238674be89de3fd5795b449a5913e4312a51bca,c9a7e6eadcccfbcb49aeafb3d78a76c0070d87e74221edab56444442a1bc101c,3cd208679b18da74a0e178bb4bc7fcd1664bfd0de30b7d1ee0810a668cedecfe,59220498bfae72ce2daea9eaaa0da988f11223540cbe19980a56d1be63c89565,e506799e22524dd2ac1222693239c9d988a42b652b03d912194014db203000b6,b03369e50f5f9d2314decc270d8d553bbba6941183df6fb3c9a5d206b077e3bc,617368b2cdfed660cf1af587fa5ea9873daa4a609cfa79509a865c8f4b729cf8,fcc5d400604ed4d5b4a05ec36b98b044e128eae19fdef2e2471565c5501b77ed,39785,39362,39784,39784,3
PARALLEL_WALLS,1103,2111,0,dev::PARALLEL_WALLS::g1103::m2111,dev::PARALLEL_WALLS::g1103::m2111::r00,8c479c1851b7fdc138e0775dc9a66bbdddec0b1cf7510ebbea6faa7bf007491d,66bf561720a42ef672805767ab08a218a912c030dd72eee0cbad386a29c40697,3fa249aa101ebc3d423115e809e5205cb41b0af6beaffb803b047385a045fb61,d502e9a560b6cb4a9c4d3127f22a2cf55860263b410b3e98e6ece3b99607736f,3cd208679b18da74a0e178bb4bc7fcd1664bfd0de30b7d1ee0810a668cedecfe,59220498bfae72ce2daea9eaaa0da988f11223540cbe19980a56d1be63c89565,e506799e22524dd2ac1222693239c9d988a42b652b03d912194014db203000b6,b03369e50f5f9d2314decc270d8d553bbba6941183df6fb3c9a5d206b077e3bc,0385a7bded42ee828a8a359b9c67333ce14098ae7d4c6cc6262ff4106b350520,fcc5d400604ed4d5b4a05ec36b98b044e128eae19fdef2e2471565c5501b77ed,39785,39396,39784,39784,3
PARALLEL_WALLS,1103,2111,1,dev::PARALLEL_WALLS::g1103::m2111,dev::PARALLEL_WALLS::g1103::m2111::r01,ce8ad1381440642c9742088bd9996e5d17379dda94d553820c209e3f262a0a79,2e3f6f321df6d4c2383092d877789be4e6aecac8e21c65e6942825b71621e42e,4f2f4a8a574d49487227c84e512cb4c76e10bdb2019c71c5fb7d5ae64c5f322f,0c806bb6aee2381046fa5e4c7189d782e9c618f88c51294d80b69572bd1ecd38,3cd208679b18da74a0e178bb4bc7fcd1664bfd0de30b7d1ee0810a668cedecfe,59220498bfae72ce2daea9eaaa0da988f11223540cbe19980a56d1be63c89565,e506799e22524dd2ac1222693239c9d988a42b652b03d912194014db203000b6,b03369e50f5f9d2314decc270d8d553bbba6941183df6fb3c9a5d206b077e3bc,11fd0e639fc76edb883069979945e0791f86f06eacca5f9c112a388b20984b71,fcc5d400604ed4d5b4a05ec36b98b044e128eae19fdef2e2471565c5501b77ed,39785,39389,39784,39784,3
PARALLEL_WALLS,1103,2111,2,dev::PARALLEL_WALLS::g1103::m2111,dev::PARALLEL_WALLS::g1103::m2111::r02,2ba0eb983ccc0eb0cfaa1408be818104cdcfffeaacc72d0566c4154645dba992,75bfc59222148207ca3287bccd4c97e8d3fae84bd28d5488d02e1d756bda9554,51c07c42d44eee41908985a77e5fecece81f3c045286ae16ec175be0211ac1db,068f50d11df189df3c8de77c198fca5690e5af219aeb9aab937e440314455194,3cd208679b18da74a0e178bb4bc7fcd1664bfd0de30b7d1ee0810a668cedecfe,59220498bfae72ce2daea9eaaa0da988f11223540cbe19980a56d1be63c89565,e506799e22524dd2ac1222693239c9d988a42b652b03d912194014db203000b6,b03369e50f5f9d2314decc270d8d553bbba6941183df6fb3c9a5d206b077e3bc,97b9a436d9f0193f2bc1efce29261078cfad463744fb4d46990759793cc2efc8,fcc5d400604ed4d5b4a05ec36b98b044e128eae19fdef2e2471565c5501b77ed,39785,39399,39784,39784,3
PARALLEL_WALLS,1103,2111,3,dev::PARALLEL_WALLS::g1103::m2111,dev::PARALLEL_WALLS::g1103::m2111::r03,d88e5cce2a20252df4a6251b74bd384245bb77eaa8f4d9cba4e5414ce221f2ed,7c9004d5a15ca66fa2c606c9fb8da5d2b0cf0909fff73f3b5f7a4872cdaa9ba6,4d465354ff9244fa9f3b0243f812cd79cf97b59abc49d1bc6818820d2df552a2,a0e02f07faa081ba38b5eff442d73bfcb083fe283a8621d3fcf0c9e9d9596006,3cd208679b18da74a0e178bb4bc7fcd1664bfd0de30b7d1ee0810a668cedecfe,59220498bfae72ce2daea9eaaa0da988f11223540cbe19980a56d1be63c89565,e506799e22524dd2ac1222693239c9d988a42b652b03d912194014db203000b6,b03369e50f5f9d2314decc270d8d553bbba6941183df6fb3c9a5d206b077e3bc,e21327f429cd12fe92c3843272860ac4f2c27886da944b55f2ee1158d80c32b2,fcc5d400604ed4d5b4a05ec36b98b044e128eae19fdef2e2471565c5501b77ed,39785,39374,39784,39784,3
PARALLEL_WALLS,1103,2111,4,dev::PARALLEL_WALLS::g1103::m2111,dev::PARALLEL_WALLS::g1103::m2111::r04,78c3a30104d7f916a86259b14e6791c40de17876d9258d81ff1cf2d0b9c22090,97e8fdc69ae82f0f2b352354d79d0c6207604fd3009f3c502417ca9926ec9f73,21c7f080951df63ecc7ff60523c8ae85223d8abf941f94d21b1e373e043e53c6,d7181ac4950c1cf24767548827c56515e4ae08a22e078439a5836bdf708df29e,3cd208679b18da74a0e178bb4bc7fcd1664bfd0de30b7d1ee0810a668cedecfe,59220498bfae72ce2daea9eaaa0da988f11223540cbe19980a56d1be63c89565,e506799e22524dd2ac1222693239c9d988a42b652b03d912194014db203000b6,b03369e50f5f9d2314decc270d8d553bbba6941183df6fb3c9a5d206b077e3bc,88e587bdd60a200cd42fd25b2ff82498b09935c001c6cb293ade814dd9d016dd,fcc5d400604ed4d5b4a05ec36b98b044e128eae19fdef2e2471565c5501b77ed,39785,39417,39784,39784,3
PARALLEL_WALLS,1107,2101,0,dev::PARALLEL_WALLS::g1107::m2101,dev::PARALLEL_WALLS::g1107::m2101::r00,ce2545804bbb7a6c78a23c88fc89d85fd87d9551670746892d385267e5e38312,f9a792dbb6a59fa67880b7db6a891c1850a91d9f24fbaff600892e03f262e95f,6c515ba090eaa1875aea024e8e3f1737b08086bcdcdbcfea3cd962a505096a60,b9de24966a153ee1456272b8d1ca0dd503db9f7bcb60776f3a5c3ec592a2fa59,5edba034ad2d916e92d16a693d63d2c42b66bcfe015dc60fdb00f80a54a8d0f6,e066474edbb317af59aedd6ef19f981bbe7994825d256aac0a1c63c83e2f165f,4f3838abda1f987056559106797b30bffa654114039ebc8af641bac5ca16cf04,3c4325345b96e0639e11e5f90667c61a5eac568db6cfcf58c38c8a6c32c6eb92,c55e8254b601e637ee4414df0036252728d0a7820110a64b5399209467a44122,2addebb22f554542339958c0f09833ea0a16ff94b8392b6eaec2137cae090413,39788,39375,39790,39790,3
PARALLEL_WALLS,1107,2101,1,dev::PARALLEL_WALLS::g1107::m2101,dev::PARALLEL_WALLS::g1107::m2101::r01,d1d072d7b86deb226e71280b0d4ff3e3c792900e3159f2009df9109395e984e7,4db2d605a8eb69710edbeea2090e8b10dc5d2273cd09129299f26667cafc54de,96c40d58bf4dc88f0aa15d0bd0c0d3f1cfced753476bae758102fac7b0b4d348,9198dcffe2b8399cd6098736c91730d1ac188f51644f372880c5aeb7b5e0048b,5edba034ad2d916e92d16a693d63d2c42b66bcfe015dc60fdb00f80a54a8d0f6,e066474edbb317af59aedd6ef19f981bbe7994825d256aac0a1c63c83e2f165f,4f3838abda1f987056559106797b30bffa654114039ebc8af641bac5ca16cf04,3c4325345b96e0639e11e5f90667c61a5eac568db6cfcf58c38c8a6c32c6eb92,27b8fcc5a4618159cd8bdb9836f870217116d443d3a03e8a146757f65a2eb172,2addebb22f554542339958c0f09833ea0a16ff94b8392b6eaec2137cae090413,39788,39442,39790,39790,3
PARALLEL_WALLS,1107,2101,2,dev::PARALLEL_WALLS::g1107::m2101,dev::PARALLEL_WALLS::g1107::m2101::r02,b02566a20a2efc3fa476ee7f3ebed72405a7edfe969c4f68a37e7c79ba8408d7,a11ff91e3ac93e3e96e9ec462562089a52647694145c7ed014d5f578d1d1638e,18735b85f4157e82fa334871f866486484b3025f9764f89e4a06d1a265ac1e71,4198e5bfd038a8f7f7d16dee44216cedea6c29471690f9d47d2d44db91f9e007,5edba034ad2d916e92d16a693d63d2c42b66bcfe015dc60fdb00f80a54a8d0f6,e066474edbb317af59aedd6ef19f981bbe7994825d256aac0a1c63c83e2f165f,4f3838abda1f987056559106797b30bffa654114039ebc8af641bac5ca16cf04,3c4325345b96e0639e11e5f90667c61a5eac568db6cfcf58c38c8a6c32c6eb92,dbc63d6a56d6cc9f2d175710dc921efbcd55bff14669fac4a85f4f5d281eeea4,2addebb22f554542339958c0f09833ea0a16ff94b8392b6eaec2137cae090413,39788,39417,39790,39790,3
PARALLEL_WALLS,1107,2101,3,dev::PARALLEL_WALLS::g1107::m2101,dev::PARALLEL_WALLS::g1107::m2101::r03,493f53058a3ad27f62b2e77f8c287aa3d8ed518e8bfb9b96e07cf89c5047bc99,3a3741036ce768ada57f7eabf9faafdf121b1bee96d98780c902fee8ebdf6a9f,2d0c68321ccbc60d850a08be584a6d265e31b919d3b300591a22d69d550ff9f3,42ada311e6165514cbc14b32a2186b693a628e880a20fdaa180bdfcd9c2ebb10,5edba034ad2d916e92d16a693d63d2c42b66bcfe015dc60fdb00f80a54a8d0f6,e066474edbb317af59aedd6ef19f981bbe7994825d256aac0a1c63c83e2f165f,4f3838abda1f987056559106797b30bffa654114039ebc8af641bac5ca16cf04,3c4325345b96e0639e11e5f90667c61a5eac568db6cfcf58c38c8a6c32c6eb92,654f6705ab594e413bcded3ea7a8aec27b6e3aec27a3dcbebd7f7efbc690d198,2addebb22f554542339958c0f09833ea0a16ff94b8392b6eaec2137cae090413,39788,39400,39790,39790,3
PARALLEL_WALLS,1107,2101,4,dev::PARALLEL_WALLS::g1107::m2101,dev::PARALLEL_WALLS::g1107::m2101::r04,d4edffc5c932b5a16248202c12f6662ab17b57eac00eac79572e8c834f3dcb09,2ddb58b4a0824419b2dba60a3de8a478f60991b21d262690e1b26586a9b671cf,2ce208915e213130044be455da71d49715e7b09df4e1c75ef37a366fdae359a8,2b26858b3cc84fc3debe2730a36c0412b20ad4d6e300f4058b1f0fdd4d5bd4e9,5edba034ad2d916e92d16a693d63d2c42b66bcfe015dc60fdb00f80a54a8d0f6,e066474edbb317af59aedd6ef19f981bbe7994825d256aac0a1c63c83e2f165f,4f3838abda1f987056559106797b30bffa654114039ebc8af641bac5ca16cf04,3c4325345b96e0639e11e5f90667c61a5eac568db6cfcf58c38c8a6c32c6eb92,45e1c98ac433086129e02613094bcd1afdab0396e8a05e001cd3aad6ad65eb5a,2addebb22f554542339958c0f09833ea0a16ff94b8392b6eaec2137cae090413,39788,39406,39790,39790,3
PARALLEL_WALLS,1107,2111,0,dev::PARALLEL_WALLS::g1107::m2111,dev::PARALLEL_WALLS::g1107::m2111::r00,53ea524c455e046ecd05d7d66f305c1881abceca9a9cb321a9a9f6ed043780ef,b6a925eb35d23838e65e63fe21dfc2ec6d1e812dfb867b1cbc1018e3b8eb56e2,37bb8f441c15d954ef9381a30f644c715ddff45731966fa2d3946d0b6bc1323b,5b4b3754eceb90a2badf39935be1209f248198b071d69abe84fc1f2cd381c0d3,5edba034ad2d916e92d16a693d63d2c42b66bcfe015dc60fdb00f80a54a8d0f6,e066474edbb317af59aedd6ef19f981bbe7994825d256aac0a1c63c83e2f165f,4f3838abda1f987056559106797b30bffa654114039ebc8af641bac5ca16cf04,3c4325345b96e0639e11e5f90667c61a5eac568db6cfcf58c38c8a6c32c6eb92,f449c51b0ba0ec0ecb08b289229dea8f4dea67384e683ee8d854eeec76567fa5,2addebb22f554542339958c0f09833ea0a16ff94b8392b6eaec2137cae090413,39788,39379,39790,39790,3
PARALLEL_WALLS,1107,2111,1,dev::PARALLEL_WALLS::g1107::m2111,dev::PARALLEL_WALLS::g1107::m2111::r01,77f2856acee1bc3f0e98aac2bd3bd2b4630c5c2541a253997e64dc9b1e3a2e5d,ab37f42a8deba200109c959ab03819ab92a66ca6eaa9c9011f305b61bf837943,b3efeae5bcd682e50c0a359b9cd3b18754af3a34f93503e7573d9f1ca49345d4,d521e4e7e27865c4eb1533d27648fb963b3c42c00e6c167db0231a54b266a930,5edba034ad2d916e92d16a693d63d2c42b66bcfe015dc60fdb00f80a54a8d0f6,e066474edbb317af59aedd6ef19f981bbe7994825d256aac0a1c63c83e2f165f,4f3838abda1f987056559106797b30bffa654114039ebc8af641bac5ca16cf04,3c4325345b96e0639e11e5f90667c61a5eac568db6cfcf58c38c8a6c32c6eb92,a5253843cb7f387846514c2c048008bee87019144203480e8dc8024858d9f12c,2addebb22f554542339958c0f09833ea0a16ff94b8392b6eaec2137cae090413,39788,39393,39790,39790,3
PARALLEL_WALLS,1107,2111,2,dev::PARALLEL_WALLS::g1107::m2111,dev::PARALLEL_WALLS::g1107::m2111::r02,12401f6820de45102f9846760301cad84a4c106df04a97721de4cfab3a4a3a95,17a207719afa642a239f82948b749c7fbf13eba23989d621f1648d5869bf65f2,54995fc2edf97e1814f473206fc003e003d3e9f015a04382939f4b2a3e5fe675,0c3c4ff7fb4fd494c92a1b6a100b8dbdf37b296cb9f54f67cee22e68238c4a6c,5edba034ad2d916e92d16a693d63d2c42b66bcfe015dc60fdb00f80a54a8d0f6,e066474edbb317af59aedd6ef19f981bbe7994825d256aac0a1c63c83e2f165f,4f3838abda1f987056559106797b30bffa654114039ebc8af641bac5ca16cf04,3c4325345b96e0639e11e5f90667c61a5eac568db6cfcf58c38c8a6c32c6eb92,4bde531bf519a00847824c59a76d71bfbd26e8c6f2c18a3166635055f13b3a28,2addebb22f554542339958c0f09833ea0a16ff94b8392b6eaec2137cae090413,39788,39393,39790,39790,3
PARALLEL_WALLS,1107,2111,3,dev::PARALLEL_WALLS::g1107::m2111,dev::PARALLEL_WALLS::g1107::m2111::r03,e3314f8aee866e61b1725e1ef2380eee0a4310b78d9f4fc7d5f5838be24a8741,d52b2358ffc223d11b6838b07ee4c67a7ebb5ff327f7b2aa9b51dd88b551e0ba,9279fac1bb51c7101f7d0d75c98d4d44c9e7b548d29481821ff2a5d630a33529,6fc77a972053560791f51a09f8e68134fa43722f026932c027ae2ca749776a64,5edba034ad2d916e92d16a693d63d2c42b66bcfe015dc60fdb00f80a54a8d0f6,e066474edbb317af59aedd6ef19f981bbe7994825d256aac0a1c63c83e2f165f,4f3838abda1f987056559106797b30bffa654114039ebc8af641bac5ca16cf04,3c4325345b96e0639e11e5f90667c61a5eac568db6cfcf58c38c8a6c32c6eb92,13333b63eea63c16922b985575731161729f030ea8a04f06d8730fe3c84f0125,2addebb22f554542339958c0f09833ea0a16ff94b8392b6eaec2137cae090413,39788,39397,39790,39790,3
PARALLEL_WALLS,1107,2111,4,dev::PARALLEL_WALLS::g1107::m2111,dev::PARALLEL_WALLS::g1107::m2111::r04,3f929cc0d917e626ef9eb6f400b65a208d175a9a5dc6bc1c49fa49c527b70948,422e106257ba6daa9888bebf821b3bff0f710040eebab95a67e8e8288b444bbf,49f9668140b83bf6414c7b8331a0c2fd9006b7ba6d03bd934a27a9db153bbf89,b59b1e91efc6fb6fe8225f23b7df8b8284b864113f696dade227a332c3eac9a0,5edba034ad2d916e92d16a693d63d2c42b66bcfe015dc60fdb00f80a54a8d0f6,e066474edbb317af59aedd6ef19f981bbe7994825d256aac0a1c63c83e2f165f,4f3838abda1f987056559106797b30bffa654114039ebc8af641bac5ca16cf04,3c4325345b96e0639e11e5f90667c61a5eac568db6cfcf58c38c8a6c32c6eb92,9145eee3110a9550f5e7b616dc174f8b058f768c0066835cf7b06e5b7994f58e,2addebb22f554542339958c0f09833ea0a16ff94b8392b6eaec2137cae090413,39788,39392,39790,39790,3
END_FACE_TRANSITION_PRESENT,1101,2101,0,dev::END_FACE_TRANSITION_PRESENT::g1101::m2101,dev::END_FACE_TRANSITION_PRESENT::g1101::m2101::r00,8cf29895f684465b34ea9cdd5919b846e533e69734e631f93042513d7cb5e05e,4ce47572e77fae659bde4bd76a8440d19fc86c9c6600ecb7b846a66521385b4a,63eab69bf363487ee9dee5d36bc084bf598d40d3693cf1b28a9dc799a47ad50f,f151af9ca3c77235670f2abf79c815e4630c0b999cb4e2ee090b80c626a30ad3,93f473892eaecd85b2028c5d078832f2b95bfaa2dca81279de57edbec0ea9189,65f38fe323bd4b409e41aae2a84b8191327f2f89d6644ed409f251c83f98885c,e71650f0ab52a5a3ea4ee60fc01bb4cee078b3c813930b3bc7d394c834334005,24870c2f7d7dd60f4a100e8ae50473077d9ccfd94a9141a19703bffd4d9e1214,8d55759c63c2c8cc0259068a0de65a8eb4283c19a51f55b0776724c9a1a7292c,bd52ebc52bd105f8dff98d53839e073993e53c124c90bef1cbc9aecbee08985f,48715,48213,48722,48722,5
END_FACE_TRANSITION_PRESENT,1101,2101,1,dev::END_FACE_TRANSITION_PRESENT::g1101::m2101,dev::END_FACE_TRANSITION_PRESENT::g1101::m2101::r01,376b7d5cce20d573fb8e4bb72decfc2db670a23c2579ccfcf78573358ca32aac,69797ad3f299ea57dd058bf31c4409b397363c1fc6283c221d7d80f8ef2f61bd,7f58908a49f30372dd3450950e25f77d5d63280b2b3594721d58a011b58c9170,47fce69428085ef386adb83b6cb19d994f854d5520711b3938c3dbb696a08d85,93f473892eaecd85b2028c5d078832f2b95bfaa2dca81279de57edbec0ea9189,65f38fe323bd4b409e41aae2a84b8191327f2f89d6644ed409f251c83f98885c,e71650f0ab52a5a3ea4ee60fc01bb4cee078b3c813930b3bc7d394c834334005,24870c2f7d7dd60f4a100e8ae50473077d9ccfd94a9141a19703bffd4d9e1214,e90f2d3132b5ec1346910312ebafc5ac3ed2e093d84fabd2459b79cb3f76bb9f,bd52ebc52bd105f8dff98d53839e073993e53c124c90bef1cbc9aecbee08985f,48715,48195,48722,48722,5
END_FACE_TRANSITION_PRESENT,1101,2101,2,dev::END_FACE_TRANSITION_PRESENT::g1101::m2101,dev::END_FACE_TRANSITION_PRESENT::g1101::m2101::r02,b7144775672fa4db385931c5ab307b3def531edc4754f8a72e0fc70b48b91971,7ec9cd3cf0dbb1ce079dffd0b954986d1852ec03eca8d53ce21f3da919477adb,f7f7f1ffba33e738f0329f28cf847b061e22c59d5fae85ff6948ebf4caf58fab,9efdd73ee1218a5606634f7eed62088bb7a68916a7b9d005ac88a2ed9489b0bc,93f473892eaecd85b2028c5d078832f2b95bfaa2dca81279de57edbec0ea9189,65f38fe323bd4b409e41aae2a84b8191327f2f89d6644ed409f251c83f98885c,e71650f0ab52a5a3ea4ee60fc01bb4cee078b3c813930b3bc7d394c834334005,24870c2f7d7dd60f4a100e8ae50473077d9ccfd94a9141a19703bffd4d9e1214,e7d8bd37eac807761f40e691910a625bb7058076f80b4614baf24dc3b9a4755a,bd52ebc52bd105f8dff98d53839e073993e53c124c90bef1cbc9aecbee08985f,48715,48221,48722,48722,5
END_FACE_TRANSITION_PRESENT,1101,2101,3,dev::END_FACE_TRANSITION_PRESENT::g1101::m2101,dev::END_FACE_TRANSITION_PRESENT::g1101::m2101::r03,5da4b2d05af824bb4c2051eb03e338ff4e569973fe0ecca0fa5745d99495aba0,9b57a065f431a0f172abe0e2b6b990a72aaa07ed3c68e02bc61abe05448ad862,d852d1754c28ade5f1562ad0710e400dad0375b40055aa9722da2e699e13f8c4,ca35282444b39c24f90d7739fde2405a7bdba5966cea12c95a684a1f8d481111,93f473892eaecd85b2028c5d078832f2b95bfaa2dca81279de57edbec0ea9189,65f38fe323bd4b409e41aae2a84b8191327f2f89d6644ed409f251c83f98885c,e71650f0ab52a5a3ea4ee60fc01bb4cee078b3c813930b3bc7d394c834334005,24870c2f7d7dd60f4a100e8ae50473077d9ccfd94a9141a19703bffd4d9e1214,cee469c158c9a5bd779fc238235855d7f133fab790499a037e69f7504c5d02ea,bd52ebc52bd105f8dff98d53839e073993e53c124c90bef1cbc9aecbee08985f,48715,48252,48722,48722,5
END_FACE_TRANSITION_PRESENT,1101,2101,4,dev::END_FACE_TRANSITION_PRESENT::g1101::m2101,dev::END_FACE_TRANSITION_PRESENT::g1101::m2101::r04,0e9b5cf4fe579308f5d53f9e51409cc22bcb3975be72a73d209146badda0574b,2450fab290dd782ff571fe4475811cded74ec5f5c0bb142071da9c326dc69f65,dc9966cca650fc26e760425e60826bc7d652fa22dda6b8268c1e16bc57d7db37,761ab1a6442dcb641ab932c7d1d09336f6bfc3ce50abf272e9ac90c48db65404,93f473892eaecd85b2028c5d078832f2b95bfaa2dca81279de57edbec0ea9189,65f38fe323bd4b409e41aae2a84b8191327f2f89d6644ed409f251c83f98885c,e71650f0ab52a5a3ea4ee60fc01bb4cee078b3c813930b3bc7d394c834334005,24870c2f7d7dd60f4a100e8ae50473077d9ccfd94a9141a19703bffd4d9e1214,54717e2bd1f802c3883ca25315b8e36c72d7887e1685f63b05969f26130ccdbf,bd52ebc52bd105f8dff98d53839e073993e53c124c90bef1cbc9aecbee08985f,48715,48194,48722,48722,5
END_FACE_TRANSITION_PRESENT,1101,2111,0,dev::END_FACE_TRANSITION_PRESENT::g1101::m2111,dev::END_FACE_TRANSITION_PRESENT::g1101::m2111::r00,0d7b4c3fcbbc5f0932986da2c829a57e8942cff27a0eeaa14a872509581db536,2addc7966f70caf513760138417c65be37deba18b9d42db856c77ee62fefe3f0,c8bf560dadfbbcc37b5ce82cd8f54043f6eeb4339ce79c75f7838fd6e2cac232,5665686c4fd7fc860be141bdce94cfd45e350e16c6bb109da2e72b43b9c64e34,93f473892eaecd85b2028c5d078832f2b95bfaa2dca81279de57edbec0ea9189,65f38fe323bd4b409e41aae2a84b8191327f2f89d6644ed409f251c83f98885c,e71650f0ab52a5a3ea4ee60fc01bb4cee078b3c813930b3bc7d394c834334005,24870c2f7d7dd60f4a100e8ae50473077d9ccfd94a9141a19703bffd4d9e1214,e75ce8eb201fd42170e716e313dd902cbf1428f3b87fd0b6499fc8a30610067a,bd52ebc52bd105f8dff98d53839e073993e53c124c90bef1cbc9aecbee08985f,48715,48245,48722,48722,5
END_FACE_TRANSITION_PRESENT,1101,2111,1,dev::END_FACE_TRANSITION_PRESENT::g1101::m2111,dev::END_FACE_TRANSITION_PRESENT::g1101::m2111::r01,d7c74710d02b8f3be6514a79ef27851574af946f1b1ec85497c6a207088fc06d,0f1e00ceb046faa15d9751477ac14b9c16e59b92dd43678c23d8344f923d5998,aff84dfab37b89118b980ed92ba487ca3ee4734f68ad5fba3f7002ac36b54759,5a6f194271c6c1f1937440141623e19c28a006f44aa0c21fc41fbe7152f79917,93f473892eaecd85b2028c5d078832f2b95bfaa2dca81279de57edbec0ea9189,65f38fe323bd4b409e41aae2a84b8191327f2f89d6644ed409f251c83f98885c,e71650f0ab52a5a3ea4ee60fc01bb4cee078b3c813930b3bc7d394c834334005,24870c2f7d7dd60f4a100e8ae50473077d9ccfd94a9141a19703bffd4d9e1214,59cd0ac8b2a9dabb058265c24733ebc6c56e88fff4a904d2dd24fed22103b42f,bd52ebc52bd105f8dff98d53839e073993e53c124c90bef1cbc9aecbee08985f,48715,48225,48722,48722,5
END_FACE_TRANSITION_PRESENT,1101,2111,2,dev::END_FACE_TRANSITION_PRESENT::g1101::m2111,dev::END_FACE_TRANSITION_PRESENT::g1101::m2111::r02,d90c544158ac7b18d73614845524f888b0532ffe242a41384132560bea32350e,c85bfb47b0a4a02263c59b052565e3abfce2ab546e2616f25051f474ba49ebdc,9e0d6639e1872d17b0a30027bdd728d4298dfcd2674f14f252145971813ada68,ec502cd7e1f22a37fb9f1fc401c413922cd7798d607e05c36c79023ee4ed90ad,93f473892eaecd85b2028c5d078832f2b95bfaa2dca81279de57edbec0ea9189,65f38fe323bd4b409e41aae2a84b8191327f2f89d6644ed409f251c83f98885c,e71650f0ab52a5a3ea4ee60fc01bb4cee078b3c813930b3bc7d394c834334005,24870c2f7d7dd60f4a100e8ae50473077d9ccfd94a9141a19703bffd4d9e1214,d2820f606417c85a60de97e632fb545416d7cde57752d820457beef11cf87d18,bd52ebc52bd105f8dff98d53839e073993e53c124c90bef1cbc9aecbee08985f,48715,48228,48722,48722,5
END_FACE_TRANSITION_PRESENT,1101,2111,3,dev::END_FACE_TRANSITION_PRESENT::g1101::m2111,dev::END_FACE_TRANSITION_PRESENT::g1101::m2111::r03,210ec724fc56526361015527d94f838b9ebb3f65182bbaacb582c8676871414a,033e3433871e8657e2c6e0997deaa63039e8c883036d66ec04d483fa3ef28c28,af07f69373dbc18dc61273aac18c61d883e9680ee194e5dad42c9efc1931e6a4,526d935f9e7dda60ccf365308311cd722fa0647eccdb442e942eb2737558d8f5,93f473892eaecd85b2028c5d078832f2b95bfaa2dca81279de57edbec0ea9189,65f38fe323bd4b409e41aae2a84b8191327f2f89d6644ed409f251c83f98885c,e71650f0ab52a5a3ea4ee60fc01bb4cee078b3c813930b3bc7d394c834334005,24870c2f7d7dd60f4a100e8ae50473077d9ccfd94a9141a19703bffd4d9e1214,15939c8963d06ee8a76503a0f39c5fd6b5da8a39c3e832e344599be37561f19c,bd52ebc52bd105f8dff98d53839e073993e53c124c90bef1cbc9aecbee08985f,48715,48245,48722,48722,5
END_FACE_TRANSITION_PRESENT,1101,2111,4,dev::END_FACE_TRANSITION_PRESENT::g1101::m2111,dev::END_FACE_TRANSITION_PRESENT::g1101::m2111::r04,b54171ab7af8d73c440073da7352545408895a63346a1b3d1a44613c5c4557e9,7ed2d8502413a713b3b9725f03deefc9d9b4796cddaa280a2a0db3c60bbc2afe,06fa09d98ec630d1f8371561c43d4465e1c7f2b0335b2fe34a7907ddba93347a,22df54875f171bbe095cdc4b0e869275d0173b7cb8924e8700896d11c29f0c18,93f473892eaecd85b2028c5d078832f2b95bfaa2dca81279de57edbec0ea9189,65f38fe323bd4b409e41aae2a84b8191327f2f89d6644ed409f251c83f98885c,e71650f0ab52a5a3ea4ee60fc01bb4cee078b3c813930b3bc7d394c834334005,24870c2f7d7dd60f4a100e8ae50473077d9ccfd94a9141a19703bffd4d9e1214,11f28e74085105b2056751f231a9d06de433ee2f74ae54a65d128bfa1e802bbe,bd52ebc52bd105f8dff98d53839e073993e53c124c90bef1cbc9aecbee08985f,48715,48209,48722,48722,5
END_FACE_TRANSITION_PRESENT,1103,2101,0,dev::END_FACE_TRANSITION_PRESENT::g1103::m2101,dev::END_FACE_TRANSITION_PRESENT::g1103::m2101::r00,328c42104d5d035a893c5deebf27e5ef91e25bcdf4558a4248342f75b6870bb2,bb72bf098872984578cdd9adc7fefabb220e0b1bae2bb0a6bc2769f1bcbb49eb,d57b9aa5a839ddc00af7fc25413a6e145a6848305cafbaa9027050c38b7aafd1,84031dfb6eb852b67f68431457d4f2e4ad8d845a27d5c3234561b49bbc111f08,072d3878be1c9621912a8bf63e294e07e287eb72d65d72f12ab0258ff35d3db3,d2e54a2d09aebeaf5d4a97d71696955b1a36c4e6572c4afbbcc51ccf7c57882d,5b79ea766f4a82bbae2c97aec4ee92dc611d603bb5389e2aa835489db81e1ab5,cf09454b14800b7e5d8652bc0ce7c97556b36c0e75a85b1b06277201e32a3e02,5221272027e0eb94d99d0d81f3c0f19d263df25cb0c359102973b181e7f8cd73,6f40d083f8f97f23dc5a6831e2b4d971da7d47d95a71b93ad21c854f25f1604b,48720,48231,48732,48732,5
END_FACE_TRANSITION_PRESENT,1103,2101,1,dev::END_FACE_TRANSITION_PRESENT::g1103::m2101,dev::END_FACE_TRANSITION_PRESENT::g1103::m2101::r01,0f28613b867da2d35471c090fc5154a328ae2946916b58813ebc3225e9b84018,2e2ac8dd99f026b84f069ca93d3a5286cc37b02a019aafebc16c57177be9f7e0,07f7914f764f08bdb919b7bbd638b4d59ee3b105433fd77df5568de01ee0d7d5,970b5d9b7f129c205a61213d8955bc9eb7155d598ea87eb975ee60dbcdde2014,072d3878be1c9621912a8bf63e294e07e287eb72d65d72f12ab0258ff35d3db3,d2e54a2d09aebeaf5d4a97d71696955b1a36c4e6572c4afbbcc51ccf7c57882d,5b79ea766f4a82bbae2c97aec4ee92dc611d603bb5389e2aa835489db81e1ab5,cf09454b14800b7e5d8652bc0ce7c97556b36c0e75a85b1b06277201e32a3e02,a6909ec0b8699a3bd9686cf672a8512395b339a814f967cbb9c4fbcfb15146cb,6f40d083f8f97f23dc5a6831e2b4d971da7d47d95a71b93ad21c854f25f1604b,48720,48238,48732,48732,5
END_FACE_TRANSITION_PRESENT,1103,2101,2,dev::END_FACE_TRANSITION_PRESENT::g1103::m2101,dev::END_FACE_TRANSITION_PRESENT::g1103::m2101::r02,d94c5860a867fc20b76644238668aa024b6c3cde6fb51db9f680ac87609cb3a2,4be985ba0430ba2fed19f042224d6ef597a931a77e4a3f6429f587a1e5b83f17,74c61dc8bb1f2f2ae54ac4b36cfb69a63fcfb02edf8e1a5aa0b1513cf655fd31,6df51409f92e035f0409aa050faefc291d680de001b825ce39f0986a8a08fe7c,072d3878be1c9621912a8bf63e294e07e287eb72d65d72f12ab0258ff35d3db3,d2e54a2d09aebeaf5d4a97d71696955b1a36c4e6572c4afbbcc51ccf7c57882d,5b79ea766f4a82bbae2c97aec4ee92dc611d603bb5389e2aa835489db81e1ab5,cf09454b14800b7e5d8652bc0ce7c97556b36c0e75a85b1b06277201e32a3e02,63bf558960d557cb84cbafada6e388296736bd855906cd82aec57587010b2c27,6f40d083f8f97f23dc5a6831e2b4d971da7d47d95a71b93ad21c854f25f1604b,48720,48251,48732,48732,5
END_FACE_TRANSITION_PRESENT,1103,2101,3,dev::END_FACE_TRANSITION_PRESENT::g1103::m2101,dev::END_FACE_TRANSITION_PRESENT::g1103::m2101::r03,04196834f168be15b3930bab073d2ac849541cccb6991c7c5d98950870302b42,6315b05c1fa8c01c49124be7890a930be56c4876bac6152a5c70ba3f4c620ff8,a91119cb1f45feb0896258258599908218da9b517c1407c7ec697864f8615df7,1f75cdcf55d7fb97965893b8936e605e90f2f0578c8675d86d46ebe52334dea0,072d3878be1c9621912a8bf63e294e07e287eb72d65d72f12ab0258ff35d3db3,d2e54a2d09aebeaf5d4a97d71696955b1a36c4e6572c4afbbcc51ccf7c57882d,5b79ea766f4a82bbae2c97aec4ee92dc611d603bb5389e2aa835489db81e1ab5,cf09454b14800b7e5d8652bc0ce7c97556b36c0e75a85b1b06277201e32a3e02,896bf6fe91f46c18655298821633fc929b83ef8ccbcc0b336ad108f9b2b0e42f,6f40d083f8f97f23dc5a6831e2b4d971da7d47d95a71b93ad21c854f25f1604b,48720,48257,48732,48732,5
END_FACE_TRANSITION_PRESENT,1103,2101,4,dev::END_FACE_TRANSITION_PRESENT::g1103::m2101,dev::END_FACE_TRANSITION_PRESENT::g1103::m2101::r04,d071ee823e38aa96fbbb700ebd466315d5c659a308c7d80c56a7912358aee48d,964368265eb5db63db656a62a41e2c4dcb071f5b88b073fceab166873b9f28cb,312a59bdf7c901e66a0b78b0f86dcf0c74393db62ee899ffd7177c07a054ddbc,8347e953ad36d38b350398524e12be0161d484f15542d92b04f902741d549499,072d3878be1c9621912a8bf63e294e07e287eb72d65d72f12ab0258ff35d3db3,d2e54a2d09aebeaf5d4a97d71696955b1a36c4e6572c4afbbcc51ccf7c57882d,5b79ea766f4a82bbae2c97aec4ee92dc611d603bb5389e2aa835489db81e1ab5,cf09454b14800b7e5d8652bc0ce7c97556b36c0e75a85b1b06277201e32a3e02,6486f0eacafdde79151321064bd28ee395519ed005a279ad600cf364f27926f8,6f40d083f8f97f23dc5a6831e2b4d971da7d47d95a71b93ad21c854f25f1604b,48720,48223,48732,48732,5
END_FACE_TRANSITION_PRESENT,1103,2111,0,dev::END_FACE_TRANSITION_PRESENT::g1103::m2111,dev::END_FACE_TRANSITION_PRESENT::g1103::m2111::r00,0a9530852f44d82b69f4f4b78e17004ba41279375f53bc7e550d19204a74f51c,591c2e758dbea5dbadf5a086259c321523a760a53743bff2210e0ba7603c42a9,c5d1f02e428049b5ad82cc4c2359f48b4257e089d8528122a6a4b26891ea7259,590740982b0afe35484b2ef6b059e2f93fee341cec7a2bd137ca53f30ff275d3,072d3878be1c9621912a8bf63e294e07e287eb72d65d72f12ab0258ff35d3db3,d2e54a2d09aebeaf5d4a97d71696955b1a36c4e6572c4afbbcc51ccf7c57882d,5b79ea766f4a82bbae2c97aec4ee92dc611d603bb5389e2aa835489db81e1ab5,cf09454b14800b7e5d8652bc0ce7c97556b36c0e75a85b1b06277201e32a3e02,2c3b740a0c380fd2a716e3058732dc5d49614eb5ed9406711b2bd1633b5116bb,6f40d083f8f97f23dc5a6831e2b4d971da7d47d95a71b93ad21c854f25f1604b,48720,48222,48732,48732,5
END_FACE_TRANSITION_PRESENT,1103,2111,1,dev::END_FACE_TRANSITION_PRESENT::g1103::m2111,dev::END_FACE_TRANSITION_PRESENT::g1103::m2111::r01,739b8c5ab3f0d0e867d701e31876bb5f0899f0b89771cd650076a45e006375ee,9d0e34c1435ede55f198f6b9eb1bd1f4004b928897d289fecf80f031abfb6f9d,33f803451cb9ec054b426e5a64b641c15f7e645cf0a25041d4aa4437a77fa69c,c1152b4ec56c22c3cda07d8c7839f674e921cd429425f3c7def9fcd482af044b,072d3878be1c9621912a8bf63e294e07e287eb72d65d72f12ab0258ff35d3db3,d2e54a2d09aebeaf5d4a97d71696955b1a36c4e6572c4afbbcc51ccf7c57882d,5b79ea766f4a82bbae2c97aec4ee92dc611d603bb5389e2aa835489db81e1ab5,cf09454b14800b7e5d8652bc0ce7c97556b36c0e75a85b1b06277201e32a3e02,01d3fd7878db31ed50835ab8f3ca86866c919680407f2d93473bee239149cadd,6f40d083f8f97f23dc5a6831e2b4d971da7d47d95a71b93ad21c854f25f1604b,48720,48214,48732,48732,5
END_FACE_TRANSITION_PRESENT,1103,2111,2,dev::END_FACE_TRANSITION_PRESENT::g1103::m2111,dev::END_FACE_TRANSITION_PRESENT::g1103::m2111::r02,4449de1eab90ceafa9bf43d268a31755d5a42c7cee7ccc85e5a87a790c0707d2,d2a627a66bf14f717433deb46550e01478d7aa4e3d4db5758f428b7e7d9a43ad,6d15de6e38ae4077603ec2dd5c0c5ac247281c0ccca5a775f58fc295488db727,32ddf423de83319df23c185038590714ba19453056f47c63ecd7a4b77f3e2a8f,072d3878be1c9621912a8bf63e294e07e287eb72d65d72f12ab0258ff35d3db3,d2e54a2d09aebeaf5d4a97d71696955b1a36c4e6572c4afbbcc51ccf7c57882d,5b79ea766f4a82bbae2c97aec4ee92dc611d603bb5389e2aa835489db81e1ab5,cf09454b14800b7e5d8652bc0ce7c97556b36c0e75a85b1b06277201e32a3e02,817bcc0e4e9d001bbed6deed2e2c7e1d0c0481bcfa8e234d04dc72dd1ff5711b,6f40d083f8f97f23dc5a6831e2b4d971da7d47d95a71b93ad21c854f25f1604b,48720,48238,48732,48732,5
END_FACE_TRANSITION_PRESENT,1103,2111,3,dev::END_FACE_TRANSITION_PRESENT::g1103::m2111,dev::END_FACE_TRANSITION_PRESENT::g1103::m2111::r03,8a29a498db97026574fb5afb28efe0c70be30f972a481316808fc4f40a0d5713,6d6223efa0f90e340a66bba6b48fa13d9a0aca0243926e9ef3cca026c2d211a0,019fb450345411d02e7a965bdb938b364b063ee673ff430fa4b7e3066852bc40,052f7cce717524ae936338feb8050aaf1b1a8e81fee5007865ad49f791b2eb45,072d3878be1c9621912a8bf63e294e07e287eb72d65d72f12ab0258ff35d3db3,d2e54a2d09aebeaf5d4a97d71696955b1a36c4e6572c4afbbcc51ccf7c57882d,5b79ea766f4a82bbae2c97aec4ee92dc611d603bb5389e2aa835489db81e1ab5,cf09454b14800b7e5d8652bc0ce7c97556b36c0e75a85b1b06277201e32a3e02,f7e08b42268a87770b33c388b9b4eb4bbe2f23ceefc08d1fa35540f32c0e0864,6f40d083f8f97f23dc5a6831e2b4d971da7d47d95a71b93ad21c854f25f1604b,48720,48216,48732,48732,5
END_FACE_TRANSITION_PRESENT,1103,2111,4,dev::END_FACE_TRANSITION_PRESENT::g1103::m2111,dev::END_FACE_TRANSITION_PRESENT::g1103::m2111::r04,c471358feefd5fdb29124a1475b3976b89b764a50f4fbcb7e061b3ec7b8638c4,c8d03e22a71f1d9d5be11c7de1459fc7825cd14271c47cd05dda529ca00d8d3d,c5d78297016c5d883576669055f86b89147f7a5285993bcbe3a9b81c43537657,7b115c072ef698ea8b17401242600b32b30812f1986da18a2cd259ca2c8f8247,072d3878be1c9621912a8bf63e294e07e287eb72d65d72f12ab0258ff35d3db3,d2e54a2d09aebeaf5d4a97d71696955b1a36c4e6572c4afbbcc51ccf7c57882d,5b79ea766f4a82bbae2c97aec4ee92dc611d603bb5389e2aa835489db81e1ab5,cf09454b14800b7e5d8652bc0ce7c97556b36c0e75a85b1b06277201e32a3e02,d4a199d23b21d8a3eff3464c1a6ab957347216b3433bd06b1dc7cbc7a7f38db3,6f40d083f8f97f23dc5a6831e2b4d971da7d47d95a71b93ad21c854f25f1604b,48720,48227,48732,48732,5
END_FACE_TRANSITION_PRESENT,1107,2101,0,dev::END_FACE_TRANSITION_PRESENT::g1107::m2101,dev::END_FACE_TRANSITION_PRESENT::g1107::m2101::r00,8520d0357875b3d411530ee569f9792f626c4e2e92b26b12d31fe95e59af37fb,f71f05e11090f11dd947de2669055bbca5eac69f85718eb31befefe41d8a2011,05cfe071e1b14b47499136a33b5f584c01470d4ec2d2e925d538e7412106b7a2,72ab73e81a89759e73fa3c699e78d2f143cdcd2b3b5ae189e87540e207c1265d,6b642910534cb80b1f66a36895dd04012b41b80e8f74ad7c4a05969074381e4b,b5b0fe73a63c8b1d64ccc5c4b75b2226a46753ad90842dc7c3c64252021cc97d,f7650446205d9400af87e96ba8565f7cc14596a7e34da08dba6b00d76f3f2f27,3b892febe0aa397518386fe7e371dd1b807e6847619beb06c1cff2f61946d0cd,c8552d14607d61982d941b1eb47fe9bcbad2199ebb5a5f2f4e68a99c4654fbf7,19375a64fff78fef6b64bba5f8ff3d6ea67d0f17b83f437d2a4729edcfd044d3,48735,48246,48716,48716,5
END_FACE_TRANSITION_PRESENT,1107,2101,1,dev::END_FACE_TRANSITION_PRESENT::g1107::m2101,dev::END_FACE_TRANSITION_PRESENT::g1107::m2101::r01,ef377fd037d17ae53baa27922cf3a1cb96d9e109af28920d5c753ef99f9bb262,074810627997c56399af0b9d04313b4a4e7c502eab6cf80abb2afd647921ac98,223573bb21c0d480a049098e51e2191f71e2c631f7f56a5cc48dc5efc98c808d,7ea38d3f939cccece49cc3e3f3535f318fdbf84745667b1b910808a981ea1a34,6b642910534cb80b1f66a36895dd04012b41b80e8f74ad7c4a05969074381e4b,b5b0fe73a63c8b1d64ccc5c4b75b2226a46753ad90842dc7c3c64252021cc97d,f7650446205d9400af87e96ba8565f7cc14596a7e34da08dba6b00d76f3f2f27,3b892febe0aa397518386fe7e371dd1b807e6847619beb06c1cff2f61946d0cd,130656c82866c4937b8cfa076c93248eeed3923cd38d0af5bd7fa1caa15c5304,19375a64fff78fef6b64bba5f8ff3d6ea67d0f17b83f437d2a4729edcfd044d3,48735,48243,48716,48716,5
END_FACE_TRANSITION_PRESENT,1107,2101,2,dev::END_FACE_TRANSITION_PRESENT::g1107::m2101,dev::END_FACE_TRANSITION_PRESENT::g1107::m2101::r02,639bfcd550c9c67419d0dd26f5bda221d5a495567abcfda95a56f494e1b5e6e2,ce2071989cc4fc7aa8e0f69d458231cd660162a70ace6d7107d5181d5200445e,8e6552ff839432e4be3769b4b5b7632c2fddcd7637defb3c1313ed44dbfa579c,815e397b9aa10e42a598544c68186f6e4706ed4d4a1b3f766f75cd5094065d05,6b642910534cb80b1f66a36895dd04012b41b80e8f74ad7c4a05969074381e4b,b5b0fe73a63c8b1d64ccc5c4b75b2226a46753ad90842dc7c3c64252021cc97d,f7650446205d9400af87e96ba8565f7cc14596a7e34da08dba6b00d76f3f2f27,3b892febe0aa397518386fe7e371dd1b807e6847619beb06c1cff2f61946d0cd,835682a4e04cc5a4592c8ce13a370a4336d37a0ba04bc99daa2a2dc0b0307f92,19375a64fff78fef6b64bba5f8ff3d6ea67d0f17b83f437d2a4729edcfd044d3,48735,48229,48716,48716,5
END_FACE_TRANSITION_PRESENT,1107,2101,3,dev::END_FACE_TRANSITION_PRESENT::g1107::m2101,dev::END_FACE_TRANSITION_PRESENT::g1107::m2101::r03,ab4fc30dc22bf9d1ac512b7fe2cc9ddac1d85d0c3432accfd2ad3354a2c985fd,498d3a774b8ff77d78dffe8358206e534e8da3aae96893e064abac390b1dc083,5b61ddeb31b0343357e0c5ced8b676f91f1b52be8e624a09176252bd41842e87,4451953545e594380e4f177cf9312ae4b250992fe3eba4f64bf4b6c983ad81a5,6b642910534cb80b1f66a36895dd04012b41b80e8f74ad7c4a05969074381e4b,b5b0fe73a63c8b1d64ccc5c4b75b2226a46753ad90842dc7c3c64252021cc97d,f7650446205d9400af87e96ba8565f7cc14596a7e34da08dba6b00d76f3f2f27,3b892febe0aa397518386fe7e371dd1b807e6847619beb06c1cff2f61946d0cd,9c0ae525d0907897d651271ba33c496bc2c9b1e2df42257f82f3853b089dbfbf,19375a64fff78fef6b64bba5f8ff3d6ea67d0f17b83f437d2a4729edcfd044d3,48735,48282,48716,48716,5
END_FACE_TRANSITION_PRESENT,1107,2101,4,dev::END_FACE_TRANSITION_PRESENT::g1107::m2101,dev::END_FACE_TRANSITION_PRESENT::g1107::m2101::r04,d90bb0a589f63252ef120c79c82033346d73d25f12ba22abd146a43b90d64dea,b9c9fc06703f8d2544ddf0ea8a4dba970a3f496b5002e5195c51a9bfd5f25cfc,e2e272921dcf649ebb51468ce06130c65a88e29c2f3e0ea884d7e328a53124db,2cfc3704ea3f2632ef00434816f3795d94b46db4e1492acef84ad57c0f358238,6b642910534cb80b1f66a36895dd04012b41b80e8f74ad7c4a05969074381e4b,b5b0fe73a63c8b1d64ccc5c4b75b2226a46753ad90842dc7c3c64252021cc97d,f7650446205d9400af87e96ba8565f7cc14596a7e34da08dba6b00d76f3f2f27,3b892febe0aa397518386fe7e371dd1b807e6847619beb06c1cff2f61946d0cd,d4c9933cb69e3fb9ca76ce32622a7701577cc5751687078a0c08a1e4c2e2c551,19375a64fff78fef6b64bba5f8ff3d6ea67d0f17b83f437d2a4729edcfd044d3,48735,48243,48716,48716,5
END_FACE_TRANSITION_PRESENT,1107,2111,0,dev::END_FACE_TRANSITION_PRESENT::g1107::m2111,dev::END_FACE_TRANSITION_PRESENT::g1107::m2111::r00,bdbdb5bf5f2b5af1e1ea4ee238f67a716fef1f8e56888dbcb2deaee813994c3c,c3f0a7b6e7c9b2bc539173ad11c8e3c4a318270aedfad58704fc5ebc8fcdfad0,f58de2aee104d0b9e1020eb3054a0109f1d964cb48f31bf35c47f706d8f8da7e,83b38d302c481a753f7fca7b2806f2265188ebf39ad8aa5489ea8a42163f65ad,6b642910534cb80b1f66a36895dd04012b41b80e8f74ad7c4a05969074381e4b,b5b0fe73a63c8b1d64ccc5c4b75b2226a46753ad90842dc7c3c64252021cc97d,f7650446205d9400af87e96ba8565f7cc14596a7e34da08dba6b00d76f3f2f27,3b892febe0aa397518386fe7e371dd1b807e6847619beb06c1cff2f61946d0cd,2dddf6fcc09c263dbcdcdef887dddebe7d54e2ca5a8ef142dac476263e8f3765,19375a64fff78fef6b64bba5f8ff3d6ea67d0f17b83f437d2a4729edcfd044d3,48735,48227,48716,48716,5
END_FACE_TRANSITION_PRESENT,1107,2111,1,dev::END_FACE_TRANSITION_PRESENT::g1107::m2111,dev::END_FACE_TRANSITION_PRESENT::g1107::m2111::r01,354d2ec27c9a5fbdb5e1a1921471f7e67a14fa43690f1899f9bfd5cf0f05791a,d5a3054f9bc4b95d7d2cdd16d68c0356a34582c89daa72407c04de4ed7f5c9ee,0995b6042bfd095bea414bcbb936b69ba7b7d4fd6a1b071761f2dc1f010cbba6,22e8799c99b21a9cbaf5f79054b683fefee467db774c77d5dcbd030cf628f57f,6b642910534cb80b1f66a36895dd04012b41b80e8f74ad7c4a05969074381e4b,b5b0fe73a63c8b1d64ccc5c4b75b2226a46753ad90842dc7c3c64252021cc97d,f7650446205d9400af87e96ba8565f7cc14596a7e34da08dba6b00d76f3f2f27,3b892febe0aa397518386fe7e371dd1b807e6847619beb06c1cff2f61946d0cd,a3cad11ea2752fa22faa6e4bc6a708ccea7b07f4ae5314e0656db09a615e124e,19375a64fff78fef6b64bba5f8ff3d6ea67d0f17b83f437d2a4729edcfd044d3,48735,48207,48716,48716,5
END_FACE_TRANSITION_PRESENT,1107,2111,2,dev::END_FACE_TRANSITION_PRESENT::g1107::m2111,dev::END_FACE_TRANSITION_PRESENT::g1107::m2111::r02,143c711b261d3377f0cc8afd50576079ef8ba7dac6836443bde08cf832e92065,481a5530ed7e340583e9a204a3511a26c32e22ce43f219f23602de953dd7f7c5,2c6ece9c3358c9a1bc2a521b909d3b7b877e8be9bf6dcbdb77feb7a3f49e07f8,646bac5134b76ccf3e2315784b23362065aaa190626209f399eeaca300535dfb,6b642910534cb80b1f66a36895dd04012b41b80e8f74ad7c4a05969074381e4b,b5b0fe73a63c8b1d64ccc5c4b75b2226a46753ad90842dc7c3c64252021cc97d,f7650446205d9400af87e96ba8565f7cc14596a7e34da08dba6b00d76f3f2f27,3b892febe0aa397518386fe7e371dd1b807e6847619beb06c1cff2f61946d0cd,f88782642daf714622e95e21cd836b419814760a2615d7cc1054fde36a97458d,19375a64fff78fef6b64bba5f8ff3d6ea67d0f17b83f437d2a4729edcfd044d3,48735,48248,48716,48716,5
END_FACE_TRANSITION_PRESENT,1107,2111,3,dev::END_FACE_TRANSITION_PRESENT::g1107::m2111,dev::END_FACE_TRANSITION_PRESENT::g1107::m2111::r03,1ab9bd952bf20b3deb90a5dca4116fe0fb7f79b59f19a38a03ee1e6c817a6eb5,41b32272e8af96521aabfc812b3348b8ae86d2e303b0ce37fe298c280410de4c,ffea7f126f118371fb4cd6a6ee31996a7c6a0813e812c465d329870bc9f3895b,fcb42d661f01d5e0beabd556e9ad4353d58a0a01871d85b034e5be9101ce2e9d,6b642910534cb80b1f66a36895dd04012b41b80e8f74ad7c4a05969074381e4b,b5b0fe73a63c8b1d64ccc5c4b75b2226a46753ad90842dc7c3c64252021cc97d,f7650446205d9400af87e96ba8565f7cc14596a7e34da08dba6b00d76f3f2f27,3b892febe0aa397518386fe7e371dd1b807e6847619beb06c1cff2f61946d0cd,692fa69098d56a42a178bb897af079da6e36d0d979cfddaf707e388b54ffe97c,19375a64fff78fef6b64bba5f8ff3d6ea67d0f17b83f437d2a4729edcfd044d3,48735,48254,48716,48716,5
END_FACE_TRANSITION_PRESENT,1107,2111,4,dev::END_FACE_TRANSITION_PRESENT::g1107::m2111,dev::END_FACE_TRANSITION_PRESENT::g1107::m2111::r04,c02088f38a7c8fb7d96a3ab94ccd5af14f0878c4dd98dc5ebf0b817ef0024ff2,838fbd54580597a56f28637cca666a58d3d5cc9888550bc77e7493341d994777,3d009fc5b32a3bd295446a5d1c476dc0ea09bd3795f403e596c5a04e3845538c,0aff29aa083b93826984f046bd503e6539464601781e24af0ed92287fb31e0ad,6b642910534cb80b1f66a36895dd04012b41b80e8f74ad7c4a05969074381e4b,b5b0fe73a63c8b1d64ccc5c4b75b2226a46753ad90842dc7c3c64252021cc97d,f7650446205d9400af87e96ba8565f7cc14596a7e34da08dba6b00d76f3f2f27,3b892febe0aa397518386fe7e371dd1b807e6847619beb06c1cff2f61946d0cd,7dd484e20f2e746a647a6c8ac0597446cf67b7b981df4b3d051c5c812114808b,19375a64fff78fef6b64bba5f8ff3d6ea67d0f17b83f437d2a4729edcfd044d3,48735,48231,48716,48716,5
END_FACE_TRANSITION_WEAK,1101,2101,0,dev::END_FACE_TRANSITION_WEAK::g1101::m2101,dev::END_FACE_TRANSITION_WEAK::g1101::m2101::r00,4b75bfbdff9f8624e93a31d872aac6a05067850e71061cf280cb6416a7db948a,784f66ad7f25d25292c522a2fe843ac4101fa9f76cd1a64b5148b3600f398974,6453a1136f78beddd9193c50997b6f52ae46cf3b3fda8538005bce024bf68c42,cb06c7b2c7ce153b6bef7a236da1230d194cc312f0f601c7757256accf3519cc,aba73a4b97280a4af2ee82d7ee72b7fef634e07a4112e609eefd4c2f76246aa0,4132d3ecd4693714c1297ca50b6a01f79909bfe9ea016f92a2205d5d78993812,86a45ed54319ca54aa1d0cfeb40e58237e04503c160c771af52e27f45ccf60ed,3e0dac02d467826ab1c744e11d4f40da2d94e16b7ae985fddadb911771f2c54a,44fb5445f9d603bcc615b460d3cc23b493e3e4c7b10a4e5d3f915447acd896b2,96671fe533f24a090b0074cbad3391947e987ce9206f3f1b3ea9dbb42f850717,47907,47484,47874,47874,5
END_FACE_TRANSITION_WEAK,1101,2101,1,dev::END_FACE_TRANSITION_WEAK::g1101::m2101,dev::END_FACE_TRANSITION_WEAK::g1101::m2101::r01,de0ab1697b2fc063d4e30fcebf170e93899181d32c2053d9283bb69d5dede0b3,56b1c93c8b909f5231850b3eb408cfc93c4b0d8c8d9749de459af9611f16bca8,f4e467b994da02d1de8081cc300eb751be78fb846c9e24f1c311de89e9f25969,2e5adf1fcb3ccc3477e215b8b6baa3fd8c579d7c876dc0f7a57042fdb5bc534d,aba73a4b97280a4af2ee82d7ee72b7fef634e07a4112e609eefd4c2f76246aa0,4132d3ecd4693714c1297ca50b6a01f79909bfe9ea016f92a2205d5d78993812,86a45ed54319ca54aa1d0cfeb40e58237e04503c160c771af52e27f45ccf60ed,3e0dac02d467826ab1c744e11d4f40da2d94e16b7ae985fddadb911771f2c54a,4a571375e8e7e7e828f819d2ca1883227d2a896f78d9cc442d6a296df3cc945a,96671fe533f24a090b0074cbad3391947e987ce9206f3f1b3ea9dbb42f850717,47907,47447,47874,47874,5
END_FACE_TRANSITION_WEAK,1101,2101,2,dev::END_FACE_TRANSITION_WEAK::g1101::m2101,dev::END_FACE_TRANSITION_WEAK::g1101::m2101::r02,5e128971cbb20bd65d633607593f9a7e4b8d31257468b5862853931d2c58b29a,8a11e75bc89911c3e92f83c13f606033eb07a04f54e0b26fd92dee2bf9492e57,ae6db9b003ab6d3a254b6ab179366ccfe4c67092819b400be444eae650f1c665,c8cf8dd4681a5db952fc3b818e45e71e69114f072dc65e880d19090ed254e90f,aba73a4b97280a4af2ee82d7ee72b7fef634e07a4112e609eefd4c2f76246aa0,4132d3ecd4693714c1297ca50b6a01f79909bfe9ea016f92a2205d5d78993812,86a45ed54319ca54aa1d0cfeb40e58237e04503c160c771af52e27f45ccf60ed,3e0dac02d467826ab1c744e11d4f40da2d94e16b7ae985fddadb911771f2c54a,161f4d33dd5a8d32c7d31511e010ad940700b2eca8fc521f04ba18fb7ef3f387,96671fe533f24a090b0074cbad3391947e987ce9206f3f1b3ea9dbb42f850717,47907,47420,47874,47874,5
END_FACE_TRANSITION_WEAK,1101,2101,3,dev::END_FACE_TRANSITION_WEAK::g1101::m2101,dev::END_FACE_TRANSITION_WEAK::g1101::m2101::r03,b9cbd51ecd810a425211432e0c0b07a19aa8fdddb6b2bdfc42016784d346779a,d774f6a7243f51cb91f3ec03ee3b123a8e193a49053fa2a30e81cfb188461a63,4c70408d4060eeffedc0fe9daf7914e40cc36d22c66cdc26d90f479c718701b5,61077519c765b01c166cfe60e7f7b01547940cdb31c0b73ed9fa3fc7192eeb39,aba73a4b97280a4af2ee82d7ee72b7fef634e07a4112e609eefd4c2f76246aa0,4132d3ecd4693714c1297ca50b6a01f79909bfe9ea016f92a2205d5d78993812,86a45ed54319ca54aa1d0cfeb40e58237e04503c160c771af52e27f45ccf60ed,3e0dac02d467826ab1c744e11d4f40da2d94e16b7ae985fddadb911771f2c54a,7a08aa36961421cfe7871ad7a63e87f6df2042b4c235610079a88765cc2b62f6,96671fe533f24a090b0074cbad3391947e987ce9206f3f1b3ea9dbb42f850717,47907,47443,47874,47874,5
END_FACE_TRANSITION_WEAK,1101,2101,4,dev::END_FACE_TRANSITION_WEAK::g1101::m2101,dev::END_FACE_TRANSITION_WEAK::g1101::m2101::r04,46481980ca7d3fd0307bf79093ff032b12833cd3d500e289c01d43117106cdd1,6c78dc5a8ec1cfcc3055dbd4de87f4f44b8b5251cbc25da743765dedddda0635,fd70fd90012879325bdc5f01c0c4fcd576395ce4cd797e9c70333d6de24d12bc,99ac4deaf57255ff681e7425788ac69bb1d0ffd0697dfda199c085c94c6c4336,aba73a4b97280a4af2ee82d7ee72b7fef634e07a4112e609eefd4c2f76246aa0,4132d3ecd4693714c1297ca50b6a01f79909bfe9ea016f92a2205d5d78993812,86a45ed54319ca54aa1d0cfeb40e58237e04503c160c771af52e27f45ccf60ed,3e0dac02d467826ab1c744e11d4f40da2d94e16b7ae985fddadb911771f2c54a,748563f500e34ea34e582f23d6ad225259fb4da398f076244309dbf56b2cd072,96671fe533f24a090b0074cbad3391947e987ce9206f3f1b3ea9dbb42f850717,47907,47429,47874,47874,5
END_FACE_TRANSITION_WEAK,1101,2111,0,dev::END_FACE_TRANSITION_WEAK::g1101::m2111,dev::END_FACE_TRANSITION_WEAK::g1101::m2111::r00,efc72718eee36bf66a65c6b4e2de03ae33fb7c459fcdb540aa5ffb62074bf572,3fb1bcd34635d870973a644bfde8269b45ff189ab735df40b386def9b9a70c84,aa483b8812a6165ce506eee53352bcf1a30dace71a5c800cfc1f3d3a6861db3c,c87ec70239279d7e8e1e642756cc75ef6c8053927689cbd824653106b71c2d48,aba73a4b97280a4af2ee82d7ee72b7fef634e07a4112e609eefd4c2f76246aa0,4132d3ecd4693714c1297ca50b6a01f79909bfe9ea016f92a2205d5d78993812,86a45ed54319ca54aa1d0cfeb40e58237e04503c160c771af52e27f45ccf60ed,3e0dac02d467826ab1c744e11d4f40da2d94e16b7ae985fddadb911771f2c54a,7c68d6a1333f9adee2c0b994f2ad93aee261550d2d095c33d659301e3d82c229,96671fe533f24a090b0074cbad3391947e987ce9206f3f1b3ea9dbb42f850717,47907,47446,47874,47874,5
END_FACE_TRANSITION_WEAK,1101,2111,1,dev::END_FACE_TRANSITION_WEAK::g1101::m2111,dev::END_FACE_TRANSITION_WEAK::g1101::m2111::r01,84c2b0cb9e6dcb208c1e049c7fdff3e88eddc93e9056d30d8ea7f4fedfb4070e,5cd7be96b70a6a70dc76d2af62c8f4e5a8127a282c4f2a3fd5bd129b5daeee8c,90e595bb0b22289ff6174c5c7642e6d8cb851ef8aabfaee3039e4b551b04dd85,a6528ad9cf8984e11812895c97a8cf304ca7e465439154b99f2c06874bcbe529,aba73a4b97280a4af2ee82d7ee72b7fef634e07a4112e609eefd4c2f76246aa0,4132d3ecd4693714c1297ca50b6a01f79909bfe9ea016f92a2205d5d78993812,86a45ed54319ca54aa1d0cfeb40e58237e04503c160c771af52e27f45ccf60ed,3e0dac02d467826ab1c744e11d4f40da2d94e16b7ae985fddadb911771f2c54a,ff1fcf6518330eef9a4bfe560fdf2bfe51f06f0aef7bb13f9430e93cbabdfa0d,96671fe533f24a090b0074cbad3391947e987ce9206f3f1b3ea9dbb42f850717,47907,47443,47874,47874,5
END_FACE_TRANSITION_WEAK,1101,2111,2,dev::END_FACE_TRANSITION_WEAK::g1101::m2111,dev::END_FACE_TRANSITION_WEAK::g1101::m2111::r02,62f4aa70e961790953f9a317507a0dc40dd01e9f5367d38c2494a9d05f134ada,5af163d32fde21a25f50d56addd6201beb616b622676a77e0d55333bffecf7e9,963b694adae846d2452b2544246edf7c677a38028d2e5653a0de4ed9992e35a0,58791c7fc267e81b628cf8c342b961e5fad9f719c9403040847907ad19bc6754,aba73a4b97280a4af2ee82d7ee72b7fef634e07a4112e609eefd4c2f76246aa0,4132d3ecd4693714c1297ca50b6a01f79909bfe9ea016f92a2205d5d78993812,86a45ed54319ca54aa1d0cfeb40e58237e04503c160c771af52e27f45ccf60ed,3e0dac02d467826ab1c744e11d4f40da2d94e16b7ae985fddadb911771f2c54a,48b559eb76d96ec3be4c69adfb88743a4db0304d10c6e5b39c7cf72a84ee8b1a,96671fe533f24a090b0074cbad3391947e987ce9206f3f1b3ea9dbb42f850717,47907,47414,47874,47874,5
END_FACE_TRANSITION_WEAK,1101,2111,3,dev::END_FACE_TRANSITION_WEAK::g1101::m2111,dev::END_FACE_TRANSITION_WEAK::g1101::m2111::r03,a45c8ff1bde0f2b0951b8d7b7f348cd4e73513e6487fb9d91457dc29d0fa5343,7a2da9249e41c4d7073e34617bc1698b4e5bd875d118490e3c66a02755142a2b,aa13d3ce3ef46a6481d734138c4a0c0daaeaef6e6414df6afbc968552d68eb7f,1edb821db9721661ad8faea71ee29e33ceefa33e71fa107d18262139160bcc21,aba73a4b97280a4af2ee82d7ee72b7fef634e07a4112e609eefd4c2f76246aa0,4132d3ecd4693714c1297ca50b6a01f79909bfe9ea016f92a2205d5d78993812,86a45ed54319ca54aa1d0cfeb40e58237e04503c160c771af52e27f45ccf60ed,3e0dac02d467826ab1c744e11d4f40da2d94e16b7ae985fddadb911771f2c54a,bb013c43446968cc7ba7e61fb75d0afedcd6ab51919929a2df075532acba99a1,96671fe533f24a090b0074cbad3391947e987ce9206f3f1b3ea9dbb42f850717,47907,47407,47874,47874,5
END_FACE_TRANSITION_WEAK,1101,2111,4,dev::END_FACE_TRANSITION_WEAK::g1101::m2111,dev::END_FACE_TRANSITION_WEAK::g1101::m2111::r04,9025ec8818070b3b4c092c3a1c463473c5ad8d4ec025b548d5445d4c923a226a,016b0f02d8314a82c84a2e40dbb4672a559f4345766352f75de69a0cac21e84f,de3c829487bb97a19050aaff7df972ce425ce65cb4aa377025c2729884db438f,7da9ee5e074787f5a7a390a92afd8227a8f3f046a22beb3f349fc447095b4a98,aba73a4b97280a4af2ee82d7ee72b7fef634e07a4112e609eefd4c2f76246aa0,4132d3ecd4693714c1297ca50b6a01f79909bfe9ea016f92a2205d5d78993812,86a45ed54319ca54aa1d0cfeb40e58237e04503c160c771af52e27f45ccf60ed,3e0dac02d467826ab1c744e11d4f40da2d94e16b7ae985fddadb911771f2c54a,c6e288b6bdb8298ae34baafae3227bf41738dd1a07606c2284141f3704b5be40,96671fe533f24a090b0074cbad3391947e987ce9206f3f1b3ea9dbb42f850717,47907,47429,47874,47874,5
END_FACE_TRANSITION_WEAK,1103,2101,0,dev::END_FACE_TRANSITION_WEAK::g1103::m2101,dev::END_FACE_TRANSITION_WEAK::g1103::m2101::r00,556f130f5200ddd460b40d440e92a299712285e68fcf336a473fa26f6796a81a,1f2fad33977e17f8e5e70a548149494c3852392f6b804319d3a0969cdcdadf68,b588e1c309c9df7b9c4e3ceffc0899cf67f00b91db16b71879035bf44d7736aa,b63df695e00025a91970405216c71288129cd90b29fddf872cd8135b6103a3a9,f299b288c88947940dd0cb693314b73e71dfac240f95d5426c57bd33cbdf18cd,944daba8e3480a1b4117e53b287c9311b5e5d257aec39459cdcd69be21790135,6e398f21a71eb27f9f084ab15b1355073ae3288fedff46519e4b5f0d536e4a58,05f81d4ab8bbbedbfa17d9e6d876996499f1e0b751a11300c9f92806fde60574,05efcb5544d7615e6f1b400259433eb51a7b2d97d8a06e791bdcf1e5c424485c,a6aee506067f8b822fad08e01716c009e6fc1918cb4b6b46fc45944503323f21,47933,47478,47932,47932,5
END_FACE_TRANSITION_WEAK,1103,2101,1,dev::END_FACE_TRANSITION_WEAK::g1103::m2101,dev::END_FACE_TRANSITION_WEAK::g1103::m2101::r01,8bef62371f13ea3adcf5f0d9c519342607004f06ac53c1ef4d4839d37de1ffad,4afd31cc7fcf1f4428b0d2d27b3ac20120ddc2976aa441ca6443cf9593359e6c,945b92d056c93d94251542891ea3f2bbbec7d633cc3a6161ea7dabe27e825e78,c6ddb0ffef61f5112498792d6f65204b70d332b7be895ab371152bafb51dd277,f299b288c88947940dd0cb693314b73e71dfac240f95d5426c57bd33cbdf18cd,944daba8e3480a1b4117e53b287c9311b5e5d257aec39459cdcd69be21790135,6e398f21a71eb27f9f084ab15b1355073ae3288fedff46519e4b5f0d536e4a58,05f81d4ab8bbbedbfa17d9e6d876996499f1e0b751a11300c9f92806fde60574,81a05200c984fa9d37460c9cd43b367c01a90a6d32036c2ac4883310e4d0c334,a6aee506067f8b822fad08e01716c009e6fc1918cb4b6b46fc45944503323f21,47933,47439,47932,47932,5
END_FACE_TRANSITION_WEAK,1103,2101,2,dev::END_FACE_TRANSITION_WEAK::g1103::m2101,dev::END_FACE_TRANSITION_WEAK::g1103::m2101::r02,bc6025d4d4091b392fb1780e7db29fb1d2a0cbaabd745c43122d93cf9728dc10,57ac36d8364e6b9e3f4077715451793833407abc8de5b422d218968cb2ee439e,9abd2b6fb3ecd5df2a71295afc8be46987a9d39e8cc73701624138773149b160,f10c1b81c7191ea5db904c55ce4ba3ab0a1c9c69c6b20eb377d463b3037ec174,f299b288c88947940dd0cb693314b73e71dfac240f95d5426c57bd33cbdf18cd,944daba8e3480a1b4117e53b287c9311b5e5d257aec39459cdcd69be21790135,6e398f21a71eb27f9f084ab15b1355073ae3288fedff46519e4b5f0d536e4a58,05f81d4ab8bbbedbfa17d9e6d876996499f1e0b751a11300c9f92806fde60574,7005bf0a989ad40fcdcc7d1d55a294baa4a3cc1fefc3953614198862148b25d9,a6aee506067f8b822fad08e01716c009e6fc1918cb4b6b46fc45944503323f21,47933,47476,47932,47932,5
END_FACE_TRANSITION_WEAK,1103,2101,3,dev::END_FACE_TRANSITION_WEAK::g1103::m2101,dev::END_FACE_TRANSITION_WEAK::g1103::m2101::r03,932a864dc7e629ff2c1e6b6f6ac8abf21c2e3a5ba70c936b9b10f24d3b2f727b,4533c920c9a25760321b60444b02516560e407e117fe8b6972d14688b1a52cf9,0d8dfedd3514b9b3389d4205c2fdbdfa51d312959181d9c1a1d9d92d7b3923a5,38eca86280e4f9155c8b3ac7d8d6349d024e55f2ecf6afe088c48e0570a58380,f299b288c88947940dd0cb693314b73e71dfac240f95d5426c57bd33cbdf18cd,944daba8e3480a1b4117e53b287c9311b5e5d257aec39459cdcd69be21790135,6e398f21a71eb27f9f084ab15b1355073ae3288fedff46519e4b5f0d536e4a58,05f81d4ab8bbbedbfa17d9e6d876996499f1e0b751a11300c9f92806fde60574,9628048255bf69d29a9f9e822ba7db58e1e456c3daf142931cb4e97878a69b67,a6aee506067f8b822fad08e01716c009e6fc1918cb4b6b46fc45944503323f21,47933,47460,47932,47932,5
END_FACE_TRANSITION_WEAK,1103,2101,4,dev::END_FACE_TRANSITION_WEAK::g1103::m2101,dev::END_FACE_TRANSITION_WEAK::g1103::m2101::r04,aebfaa8433a6bd919217272697085f0dc81c0390cc6ef9e368128ebe558edac6,997b449757a79279bf5a986042e40f593b90f45d5e75d9516bf51543d5bf1886,f01f81c2ef7f30753c9783c6038d5c2e064482f124fd77203993ecb9040f6fba,db8a50733341313bb981d7e43f10d10d39c6128489b785f3726499e7050df5a2,f299b288c88947940dd0cb693314b73e71dfac240f95d5426c57bd33cbdf18cd,944daba8e3480a1b4117e53b287c9311b5e5d257aec39459cdcd69be21790135,6e398f21a71eb27f9f084ab15b1355073ae3288fedff46519e4b5f0d536e4a58,05f81d4ab8bbbedbfa17d9e6d876996499f1e0b751a11300c9f92806fde60574,8dede8bb9f3c74daeb5a3440467778d24422ec909377b7c0512e837d5dedffd2,a6aee506067f8b822fad08e01716c009e6fc1918cb4b6b46fc45944503323f21,47933,47465,47932,47932,5
END_FACE_TRANSITION_WEAK,1103,2111,0,dev::END_FACE_TRANSITION_WEAK::g1103::m2111,dev::END_FACE_TRANSITION_WEAK::g1103::m2111::r00,a03636598996aaf8418f51092caae2ed465fac043b96238319f7be5863561395,1cecacdcc8dd283347a7d9c2fd01ff5832d9609ca4c864f828eef6875558b03c,e5dc90044220afcbd35e158a48ef35b9869b18268d7d7af769738c234d0d819a,e6be822eeb37aa8b12ef96641932afab69099e93c85ed29a8c74dd78a6b9b6da,f299b288c88947940dd0cb693314b73e71dfac240f95d5426c57bd33cbdf18cd,944daba8e3480a1b4117e53b287c9311b5e5d257aec39459cdcd69be21790135,6e398f21a71eb27f9f084ab15b1355073ae3288fedff46519e4b5f0d536e4a58,05f81d4ab8bbbedbfa17d9e6d876996499f1e0b751a11300c9f92806fde60574,88ec1a7d8d4ca0288b0378da4c45d5f164a82c01b87983687ee40d151eb070cd,a6aee506067f8b822fad08e01716c009e6fc1918cb4b6b46fc45944503323f21,47933,47459,47932,47932,5
END_FACE_TRANSITION_WEAK,1103,2111,1,dev::END_FACE_TRANSITION_WEAK::g1103::m2111,dev::END_FACE_TRANSITION_WEAK::g1103::m2111::r01,a86206a56340a99feb9f773bc07b8b932d8f6c94a48b2e930237a05046a34c82,1fbaad8016d8fef977b88f9cc5c8258aa00163c209362a0e6e95126dc83d0e64,3f0ca10ffc95b7fda6dad2ed6ac0d34561ae044767d67c4b04b46346927b3fc0,0b72fb939e90fb4af4dd2674c526f4bdc5dc0249c2fed4536b69aed5d4c3aedf,f299b288c88947940dd0cb693314b73e71dfac240f95d5426c57bd33cbdf18cd,944daba8e3480a1b4117e53b287c9311b5e5d257aec39459cdcd69be21790135,6e398f21a71eb27f9f084ab15b1355073ae3288fedff46519e4b5f0d536e4a58,05f81d4ab8bbbedbfa17d9e6d876996499f1e0b751a11300c9f92806fde60574,d936f88a85773766ef42d02bd1b71961d1b4f2e397469022610692d59ea8377a,a6aee506067f8b822fad08e01716c009e6fc1918cb4b6b46fc45944503323f21,47933,47468,47932,47932,5
END_FACE_TRANSITION_WEAK,1103,2111,2,dev::END_FACE_TRANSITION_WEAK::g1103::m2111,dev::END_FACE_TRANSITION_WEAK::g1103::m2111::r02,f9399421c20b5e151b185b8774b66399733632e20e06d39b0301da3324ab3775,22df3ce347858df74d37ce776c3c68d00e9a890d6e5e91e6b0aaa061c252de82,8f6fb65ec317d9a3295ef9f26de6ca4458f7dd3cc819172b757b2989db17d4ab,d0a7df97a206318d17849692b2f429d4317af695ad316cc25fbcdbd09ad62ec5,f299b288c88947940dd0cb693314b73e71dfac240f95d5426c57bd33cbdf18cd,944daba8e3480a1b4117e53b287c9311b5e5d257aec39459cdcd69be21790135,6e398f21a71eb27f9f084ab15b1355073ae3288fedff46519e4b5f0d536e4a58,05f81d4ab8bbbedbfa17d9e6d876996499f1e0b751a11300c9f92806fde60574,4940379621d99e550786fc586ed7f4e818c04f6f9a75140c8dc4bc608e101ce8,a6aee506067f8b822fad08e01716c009e6fc1918cb4b6b46fc45944503323f21,47933,47473,47932,47932,5
END_FACE_TRANSITION_WEAK,1103,2111,3,dev::END_FACE_TRANSITION_WEAK::g1103::m2111,dev::END_FACE_TRANSITION_WEAK::g1103::m2111::r03,22b45db2a05014dd8b5e63bb49c257174711eb92d6e636829a903c394773a4be,f9152b24526a3ec7d12ccc489115ece777d68226a68c7da665f6cd6e568d0170,2e28b742fdcd7b5c702ecdf4e36b068de88acd561bdc248191d6f635fed86b5f,16ddb885bb5639daac08fad01fd80500b60720bba76c1fcdcecce995a4c615bc,f299b288c88947940dd0cb693314b73e71dfac240f95d5426c57bd33cbdf18cd,944daba8e3480a1b4117e53b287c9311b5e5d257aec39459cdcd69be21790135,6e398f21a71eb27f9f084ab15b1355073ae3288fedff46519e4b5f0d536e4a58,05f81d4ab8bbbedbfa17d9e6d876996499f1e0b751a11300c9f92806fde60574,72f7c631e247e3b3dc8b5cbadee8d0cc81c01c0e98b6a46743d1b89cf780dbd7,a6aee506067f8b822fad08e01716c009e6fc1918cb4b6b46fc45944503323f21,47933,47480,47932,47932,5
END_FACE_TRANSITION_WEAK,1103,2111,4,dev::END_FACE_TRANSITION_WEAK::g1103::m2111,dev::END_FACE_TRANSITION_WEAK::g1103::m2111::r04,85b5c3efb07b17f908e13223096fcca3a577fe57362f62849d3c58f8223e5ec0,288e2eee3be566a6c8db7323bc807489f7246c9e20f03de7ea8e3a671fdd2495,2830a29e93a9ff2feeafbddf45324a57b7ddf0af18defdfbd432ad01cfbf9f6d,d5afa121cd29d517eff32f030ff042cbf26571720c82906d480bb37d14379266,f299b288c88947940dd0cb693314b73e71dfac240f95d5426c57bd33cbdf18cd,944daba8e3480a1b4117e53b287c9311b5e5d257aec39459cdcd69be21790135,6e398f21a71eb27f9f084ab15b1355073ae3288fedff46519e4b5f0d536e4a58,05f81d4ab8bbbedbfa17d9e6d876996499f1e0b751a11300c9f92806fde60574,e9a61f1b616a578b9fdb9b7440984dccd9f39b0d8c71f09450ecf06b5af1d000,a6aee506067f8b822fad08e01716c009e6fc1918cb4b6b46fc45944503323f21,47933,47474,47932,47932,5
END_FACE_TRANSITION_WEAK,1107,2101,0,dev::END_FACE_TRANSITION_WEAK::g1107::m2101,dev::END_FACE_TRANSITION_WEAK::g1107::m2101::r00,cdc058a32030617b0115b8f2d1c091787663ffa3c44f24a639768cfea3eba913,c43905bd6f997b1fc8a6770d94e70dc23df5f1626188e8c271e5256c82c8ce8e,fb7b165492456c51a9f02de2af153cf77d936448921f7743c7a8b5dd1f92e2c5,a66eb35a3d6babeb29c5c872aac5c6c219b0f4372f567a16d7034c7cbbe2a15f,97c38b8ed7d5ab3f724e44f006925b3e4f0e18f38a53f6105b946192529f00b8,94dc1182eb0e7fcc240330fe76ef0be87d80482900898d0e820fcb61fbbf9dad,969ec358e0a3254316d5dca8c136b7a361c61f9aef4a516cf41cf1dd24ed6b4d,f0d17505a4c95537972a395ec62b789e174aea859cce4a3bb6b804c9ae6484f8,73e677602bf656ebf9d27e1b4bd1955a36d71fa7b4379bc2a4fb730bb3e8e82d,eca4ff123565345900a3cfd363596e36f2048649a9dad8e46ae1b0e4e5cb0a94,47943,47458,47897,47897,5
END_FACE_TRANSITION_WEAK,1107,2101,1,dev::END_FACE_TRANSITION_WEAK::g1107::m2101,dev::END_FACE_TRANSITION_WEAK::g1107::m2101::r01,e6e7182f46fe53f4c8f6587c8102f5ad3671c879e277d08e9a606046766a0187,94754b650564224b26596774b146c89cc85981d893de786e25c14f6dbdb18462,c5ee102d138e217982266fb50e2f9625a6fc53cc21099192f8d0c8d5116bbb63,4c050f6a032d58fd1cff9c34cbe8df78e999de50615ef9b5a76bbd4980876836,97c38b8ed7d5ab3f724e44f006925b3e4f0e18f38a53f6105b946192529f00b8,94dc1182eb0e7fcc240330fe76ef0be87d80482900898d0e820fcb61fbbf9dad,969ec358e0a3254316d5dca8c136b7a361c61f9aef4a516cf41cf1dd24ed6b4d,f0d17505a4c95537972a395ec62b789e174aea859cce4a3bb6b804c9ae6484f8,97551c38c456836105b76ab371c98ee8b6df01c9b180bc9c6e758e86612f2b54,eca4ff123565345900a3cfd363596e36f2048649a9dad8e46ae1b0e4e5cb0a94,47943,47472,47897,47897,5
END_FACE_TRANSITION_WEAK,1107,2101,2,dev::END_FACE_TRANSITION_WEAK::g1107::m2101,dev::END_FACE_TRANSITION_WEAK::g1107::m2101::r02,788074863e5bd07748db5a67893e653474391f3d1048ff0f52b54959dad0e092,952d2ad0435de4c3faf9822a767a782caaa1497b7f74057c7ade3ae0f56ff1cc,e62b8787ce7b2319fef30481cffd20c7648d61819b189d3be1515904d7ccfeb7,fec4c93506953032fb3a1089af89d111a56dcbaa50b650aad13a6bbdb6d9d035,97c38b8ed7d5ab3f724e44f006925b3e4f0e18f38a53f6105b946192529f00b8,94dc1182eb0e7fcc240330fe76ef0be87d80482900898d0e820fcb61fbbf9dad,969ec358e0a3254316d5dca8c136b7a361c61f9aef4a516cf41cf1dd24ed6b4d,f0d17505a4c95537972a395ec62b789e174aea859cce4a3bb6b804c9ae6484f8,e190481e8a708568879b4430194c36c8e79680a81fbbce329c2eea335cf71ab7,eca4ff123565345900a3cfd363596e36f2048649a9dad8e46ae1b0e4e5cb0a94,47943,47440,47897,47897,5
END_FACE_TRANSITION_WEAK,1107,2101,3,dev::END_FACE_TRANSITION_WEAK::g1107::m2101,dev::END_FACE_TRANSITION_WEAK::g1107::m2101::r03,c9381288237e8b3894b7bad08d66fd9e36313eaf03a783390a89940e333ff154,dcc24b87cd0ff22e9f6d49829fa2878e2d2f01db19c87737d4652a15a0886eca,4358e57308e076a13b680ddf882177e136647cad0114670877c8c05c020c2366,4db1837d05bd8701243c1a7653ae7edca958e7f1fd51e1e972bd6e4decacb1ce,97c38b8ed7d5ab3f724e44f006925b3e4f0e18f38a53f6105b946192529f00b8,94dc1182eb0e7fcc240330fe76ef0be87d80482900898d0e820fcb61fbbf9dad,969ec358e0a3254316d5dca8c136b7a361c61f9aef4a516cf41cf1dd24ed6b4d,f0d17505a4c95537972a395ec62b789e174aea859cce4a3bb6b804c9ae6484f8,243b64ff6f2498fe4be3659a11578bccb2a5c081e6fa9c9817cf7e2863d112e6,eca4ff123565345900a3cfd363596e36f2048649a9dad8e46ae1b0e4e5cb0a94,47943,47475,47897,47897,5
END_FACE_TRANSITION_WEAK,1107,2101,4,dev::END_FACE_TRANSITION_WEAK::g1107::m2101,dev::END_FACE_TRANSITION_WEAK::g1107::m2101::r04,511b3c4d80d6320256d87efc61b90dcba92cd6aa0efcaca8d32d547c9290031b,9132cd187918c6f6f2375303d2e876ab3987cf53c4f799702a0b992cb4fa537b,7370357825a803d4d4fd93833759517cf5c67618cc81df51a40fd770cf7b1d73,1fea3337cf976ab5e0e4cc4d6c6b3b5e4f5d7f442a68f8187ca250f6ff355766,97c38b8ed7d5ab3f724e44f006925b3e4f0e18f38a53f6105b946192529f00b8,94dc1182eb0e7fcc240330fe76ef0be87d80482900898d0e820fcb61fbbf9dad,969ec358e0a3254316d5dca8c136b7a361c61f9aef4a516cf41cf1dd24ed6b4d,f0d17505a4c95537972a395ec62b789e174aea859cce4a3bb6b804c9ae6484f8,072d5670426f9e8b455ec941ee114460f5a9a1261ba6e95870638a8b704246b7,eca4ff123565345900a3cfd363596e36f2048649a9dad8e46ae1b0e4e5cb0a94,47943,47500,47897,47897,5
END_FACE_TRANSITION_WEAK,1107,2111,0,dev::END_FACE_TRANSITION_WEAK::g1107::m2111,dev::END_FACE_TRANSITION_WEAK::g1107::m2111::r00,0ef269deec79389094fcb8dcfbe0997ea2ed61b76a508c808350ce693ce2deca,1b0f1f57d6e87d7b53db14bd994b551467b159f6cf61d8688f361a0ef5b89f8e,0dd14442ce2e4a9c29625f4ba977ce577da2030ae671b12b742afe45f0008693,619b04b78f0f008fb9d1d9b0efa37c5a1ebe52cab869f3fde538d356e1bb63fa,97c38b8ed7d5ab3f724e44f006925b3e4f0e18f38a53f6105b946192529f00b8,94dc1182eb0e7fcc240330fe76ef0be87d80482900898d0e820fcb61fbbf9dad,969ec358e0a3254316d5dca8c136b7a361c61f9aef4a516cf41cf1dd24ed6b4d,f0d17505a4c95537972a395ec62b789e174aea859cce4a3bb6b804c9ae6484f8,d8a6501093f5421475012b434665d0bbe9919a082da4d7147146213baa805387,eca4ff123565345900a3cfd363596e36f2048649a9dad8e46ae1b0e4e5cb0a94,47943,47457,47897,47897,5
END_FACE_TRANSITION_WEAK,1107,2111,1,dev::END_FACE_TRANSITION_WEAK::g1107::m2111,dev::END_FACE_TRANSITION_WEAK::g1107::m2111::r01,b45f598f2a2e444615d308a9faf2cc23036aa4038f5e85b4f0a81990ff61ec34,1cc1a23c6189906c3c6a334444b3018120dfffddcc2cd4a072948c043e8429f7,adf28e2a37f1b1d40ee2484e0284328a794c6e69e9acb10ae2fe2895e6c735a7,08df5e27e751067a568223edb950b574fe320cd5448fba48fc63351e0d0a9c11,97c38b8ed7d5ab3f724e44f006925b3e4f0e18f38a53f6105b946192529f00b8,94dc1182eb0e7fcc240330fe76ef0be87d80482900898d0e820fcb61fbbf9dad,969ec358e0a3254316d5dca8c136b7a361c61f9aef4a516cf41cf1dd24ed6b4d,f0d17505a4c95537972a395ec62b789e174aea859cce4a3bb6b804c9ae6484f8,8e87f6d68913520f538ced7ad86698e79fffa038549db7d8d3ffcfa04e356b0a,eca4ff123565345900a3cfd363596e36f2048649a9dad8e46ae1b0e4e5cb0a94,47943,47466,47897,47897,5
END_FACE_TRANSITION_WEAK,1107,2111,2,dev::END_FACE_TRANSITION_WEAK::g1107::m2111,dev::END_FACE_TRANSITION_WEAK::g1107::m2111::r02,c650b140024ff5573a74fa694b7b1a189a7ddc08b581cd9723abb4f971674810,6b0fe22308388148c410ca64fe42bc434c0f2ae37b6e06ea6bfcc18ff5b706ee,8a35b9d431092375cf98380f982673bd1a3919d3f9c4e4637ab84a28910ee0f5,0ac7fe1cf937f06bc5cc58be86377403d27e2c2e471ed87f112ffff70c9fcd88,97c38b8ed7d5ab3f724e44f006925b3e4f0e18f38a53f6105b946192529f00b8,94dc1182eb0e7fcc240330fe76ef0be87d80482900898d0e820fcb61fbbf9dad,969ec358e0a3254316d5dca8c136b7a361c61f9aef4a516cf41cf1dd24ed6b4d,f0d17505a4c95537972a395ec62b789e174aea859cce4a3bb6b804c9ae6484f8,1fb5bd64e70d7fe070bb72cf56307a0139ceec82e73d60de16357ae700ed96ab,eca4ff123565345900a3cfd363596e36f2048649a9dad8e46ae1b0e4e5cb0a94,47943,47460,47897,47897,5
END_FACE_TRANSITION_WEAK,1107,2111,3,dev::END_FACE_TRANSITION_WEAK::g1107::m2111,dev::END_FACE_TRANSITION_WEAK::g1107::m2111::r03,3b9196d8451dc137ceef78546b625fde5c8df6b64aeb5330bfafebee65671034,38685d0cde34c7f39ffe41cb6b034e9d8e3c0f192e38d40742f5bfde93808390,ee59e10c9b28b6c2796c0026e77924cccce3ece7aac8bdc2f9bd55b07f8fb1a9,aa298f623c19f975043d4454ee6c9cc2663a8537641cf43a31858efc6488208f,97c38b8ed7d5ab3f724e44f006925b3e4f0e18f38a53f6105b946192529f00b8,94dc1182eb0e7fcc240330fe76ef0be87d80482900898d0e820fcb61fbbf9dad,969ec358e0a3254316d5dca8c136b7a361c61f9aef4a516cf41cf1dd24ed6b4d,f0d17505a4c95537972a395ec62b789e174aea859cce4a3bb6b804c9ae6484f8,cd7d0f446d06717775ba1c955be11d4daa72b1325ad399f3205ba1950e419f47,eca4ff123565345900a3cfd363596e36f2048649a9dad8e46ae1b0e4e5cb0a94,47943,47466,47897,47897,5
END_FACE_TRANSITION_WEAK,1107,2111,4,dev::END_FACE_TRANSITION_WEAK::g1107::m2111,dev::END_FACE_TRANSITION_WEAK::g1107::m2111::r04,685ae2dc9a2382a8b6f5f37d570c781ec2232ab7e39ff4e590ff4ff8354af7d0,ce4a0694d9ade9a33488bce186c8f35ee9e3bac3e4f8bbae2e18c1237513d958,052758c8b9571a2120cbec6e61070db109bb72ccabbfa56b66496cd47117990c,bb246a03f1a3c983c51fed044ab8575c8c04a30330b6d8392a3378c7e1a523c0,97c38b8ed7d5ab3f724e44f006925b3e4f0e18f38a53f6105b946192529f00b8,94dc1182eb0e7fcc240330fe76ef0be87d80482900898d0e820fcb61fbbf9dad,969ec358e0a3254316d5dca8c136b7a361c61f9aef4a516cf41cf1dd24ed6b4d,f0d17505a4c95537972a395ec62b789e174aea859cce4a3bb6b804c9ae6484f8,baf5b84c1fda364e01cc00f100a85c7a7af40087223e689183f134f4a22c4e0c,eca4ff123565345900a3cfd363596e36f2048649a9dad8e46ae1b0e4e5cb0a94,47943,47495,47897,47897,5
END_FACE_TRANSITION_ABSENT,1101,2101,0,dev::END_FACE_TRANSITION_ABSENT::g1101::m2101,dev::END_FACE_TRANSITION_ABSENT::g1101::m2101::r00,b5a9f1f630970ca5c217771e2293d925f5cc2758d18fa680c98cfdbb492842fb,9a2f7de575101af947280fff35239b7fcb79cc8c89991b268a4e69ea2b6c6f8e,1c8b4a602b018a7b6b70835d2191c3f7ec9c8b18e31666611a2f184f2696e5d5,0db79fd09373cd807a3942b8c68c2bcba9f2383dbbe264e3eaebf3b811d5d5ff,271870f20019d02131631063aad9a3a6c818f27fc13b901ae74044ed88236c93,c72c1533498788dd44da8aa41a9a6adb8e0efdf409a356f474bdd413c3fa8b9a,b71ff67408375662089ceee81539a5a6a50d0c94cd3ac88e967b638f9d6dd3a6,c7c18055c7b1131c21e6d7bca174d0d77dc376953af3203c1e87889b4abaeff6,1661286703e8f48c6a5da0138cab9e8d2463cc00c1c51dc43304a9f7052cbd54,82abb95b208f0db9fee9edb52706603211ba1777868b4f44ca846059e4c473eb,47790,47296,47833,47833,4
END_FACE_TRANSITION_ABSENT,1101,2101,1,dev::END_FACE_TRANSITION_ABSENT::g1101::m2101,dev::END_FACE_TRANSITION_ABSENT::g1101::m2101::r01,3957511b9cf105544a856327a07c4e50b3a9fd429a31d4acd5ad3e92c96e13a9,b2cac6f392db08923c33c321bab398ff0a6ce650080af55f9466bd553ac4717a,92ccc939e95f48ae260299fa8641cba9fc5d1ea06ebf16ca3db3205c04b110fa,465ec9500950ee415610ab8d80d1b2f8b5062106a34ac74cf7a61aeed96593b2,271870f20019d02131631063aad9a3a6c818f27fc13b901ae74044ed88236c93,c72c1533498788dd44da8aa41a9a6adb8e0efdf409a356f474bdd413c3fa8b9a,b71ff67408375662089ceee81539a5a6a50d0c94cd3ac88e967b638f9d6dd3a6,c7c18055c7b1131c21e6d7bca174d0d77dc376953af3203c1e87889b4abaeff6,83260b543351c11a84c37ae85f1018390527c7829107a49cebd895b34767d89a,82abb95b208f0db9fee9edb52706603211ba1777868b4f44ca846059e4c473eb,47790,47311,47833,47833,4
END_FACE_TRANSITION_ABSENT,1101,2101,2,dev::END_FACE_TRANSITION_ABSENT::g1101::m2101,dev::END_FACE_TRANSITION_ABSENT::g1101::m2101::r02,17ef9c144904da3317585cf2abbcc7243a81b478bb0c95d88b62a697e77becb5,3234935b66ff5fba2a32fee4e57a786404532293687e4a4c7e2d85e5ee761ddd,d34c5e08cfd267ece705b7ce4b7536cddc52663dadf552d9e99865e4aabfccb8,c75f883c7e311f94ce47b7e8ad14c1584435d4b2c10d859cd7a002de18efbdde,271870f20019d02131631063aad9a3a6c818f27fc13b901ae74044ed88236c93,c72c1533498788dd44da8aa41a9a6adb8e0efdf409a356f474bdd413c3fa8b9a,b71ff67408375662089ceee81539a5a6a50d0c94cd3ac88e967b638f9d6dd3a6,c7c18055c7b1131c21e6d7bca174d0d77dc376953af3203c1e87889b4abaeff6,a22c741017d7de46d562485d11525f6541a3b8d52584fa917bdc8f894b6660ec,82abb95b208f0db9fee9edb52706603211ba1777868b4f44ca846059e4c473eb,47790,47284,47833,47833,4
END_FACE_TRANSITION_ABSENT,1101,2101,3,dev::END_FACE_TRANSITION_ABSENT::g1101::m2101,dev::END_FACE_TRANSITION_ABSENT::g1101::m2101::r03,bba9fe589772cee915df5b5f8f1d1dfe6e21b7f72f23e5e8fb73bd07af24a355,834a5509a3b8be201273120ab9bbb16ebc657e760fa9810565e2ef24f9e6fd66,0b17fb278aa8142ab36fc487ae980199fcd903db595f350ffa48f719ffcffc20,dfb60c87a743e1b0b0128d51315be0e5462e2bf8110446876e026e4a685f0a7a,271870f20019d02131631063aad9a3a6c818f27fc13b901ae74044ed88236c93,c72c1533498788dd44da8aa41a9a6adb8e0efdf409a356f474bdd413c3fa8b9a,b71ff67408375662089ceee81539a5a6a50d0c94cd3ac88e967b638f9d6dd3a6,c7c18055c7b1131c21e6d7bca174d0d77dc376953af3203c1e87889b4abaeff6,970170c09aa0b71465a2b07ee40f9dff8195fac228184e646fd3986251a9215c,82abb95b208f0db9fee9edb52706603211ba1777868b4f44ca846059e4c473eb,47790,47322,47833,47833,4
END_FACE_TRANSITION_ABSENT,1101,2101,4,dev::END_FACE_TRANSITION_ABSENT::g1101::m2101,dev::END_FACE_TRANSITION_ABSENT::g1101::m2101::r04,87f1cfa2b6c4045544492d0e0eef6aaaac472fe372939236afa7d7e877653a59,a29f103a7962267a5835b6b1f6d877edddb77593d086d1c67a1199588a30908d,5c07096ba00b2180a288678bafcd15c13ed099b4ac778bd97bbf515704b7791d,54bf06573a98272d536567dd8317fa6dc2c387ed45eb0b88747a60ff958c3fd0,271870f20019d02131631063aad9a3a6c818f27fc13b901ae74044ed88236c93,c72c1533498788dd44da8aa41a9a6adb8e0efdf409a356f474bdd413c3fa8b9a,b71ff67408375662089ceee81539a5a6a50d0c94cd3ac88e967b638f9d6dd3a6,c7c18055c7b1131c21e6d7bca174d0d77dc376953af3203c1e87889b4abaeff6,3165a20205512cd488c6429ee0559dc3f236c9110a5b41fd0e225223271ae712,82abb95b208f0db9fee9edb52706603211ba1777868b4f44ca846059e4c473eb,47790,47330,47833,47833,4
END_FACE_TRANSITION_ABSENT,1101,2111,0,dev::END_FACE_TRANSITION_ABSENT::g1101::m2111,dev::END_FACE_TRANSITION_ABSENT::g1101::m2111::r00,51b6b3be0a83a6ca9cb7274dae6c2db51194c6d7664892742e0c06dec79d1713,01ed7c1d0ffa092af584d29ddfde07371471e010563cdb1fe79a3e1c0e26be4e,bda6f7cc3409e2c99e5d3098845559ff6854dc31fa168b25ddf39de1200363b6,49a22e76f66c16a8b79639555d47cb299103e7988666d9770f7dfdf6ebeafe9c,271870f20019d02131631063aad9a3a6c818f27fc13b901ae74044ed88236c93,c72c1533498788dd44da8aa41a9a6adb8e0efdf409a356f474bdd413c3fa8b9a,b71ff67408375662089ceee81539a5a6a50d0c94cd3ac88e967b638f9d6dd3a6,c7c18055c7b1131c21e6d7bca174d0d77dc376953af3203c1e87889b4abaeff6,d5837dffc807844c3a36bfae22dbd10ea3ebce68c16dc7d4fa670f770aa52f3d,82abb95b208f0db9fee9edb52706603211ba1777868b4f44ca846059e4c473eb,47790,47307,47833,47833,4
END_FACE_TRANSITION_ABSENT,1101,2111,1,dev::END_FACE_TRANSITION_ABSENT::g1101::m2111,dev::END_FACE_TRANSITION_ABSENT::g1101::m2111::r01,0370f28a6ce30c3fe60afbb874b9f838ca88e7272c8ab5b13d09db8053c711e8,5fd1867aa9cfbc40353ab54c8041b7c0a528f4b323188a433aaaf7680d57652a,a3bb8aa9e52badff3bfb0540f53c78ff404c6d66dfd02b9ccac960b37b3ed92e,78d9b09cb326b5b168df24605a38f3b0dabbe5e494d5bed13625a3e3daa56255,271870f20019d02131631063aad9a3a6c818f27fc13b901ae74044ed88236c93,c72c1533498788dd44da8aa41a9a6adb8e0efdf409a356f474bdd413c3fa8b9a,b71ff67408375662089ceee81539a5a6a50d0c94cd3ac88e967b638f9d6dd3a6,c7c18055c7b1131c21e6d7bca174d0d77dc376953af3203c1e87889b4abaeff6,5257d2a8b2a3434d9a71685380b4865ce3273fbce198e61cad8417916f336b7e,82abb95b208f0db9fee9edb52706603211ba1777868b4f44ca846059e4c473eb,47790,47258,47833,47833,4
END_FACE_TRANSITION_ABSENT,1101,2111,2,dev::END_FACE_TRANSITION_ABSENT::g1101::m2111,dev::END_FACE_TRANSITION_ABSENT::g1101::m2111::r02,e8ee7c873bbbf9278084976a7db0937debb99e442584d47ff9ff7b0b90143cd0,751f3e91b9fe6c3a6a93b1c100d26179e413fecb0f72322681e98df68fa4ba86,a06e2146190425c05ed3593a56b857015d489a6bce341dc81d7263fccbc42140,771419c6cf3bd0deb29ea5eb28ea78dbf567497cf23615aef3541cab4974e26e,271870f20019d02131631063aad9a3a6c818f27fc13b901ae74044ed88236c93,c72c1533498788dd44da8aa41a9a6adb8e0efdf409a356f474bdd413c3fa8b9a,b71ff67408375662089ceee81539a5a6a50d0c94cd3ac88e967b638f9d6dd3a6,c7c18055c7b1131c21e6d7bca174d0d77dc376953af3203c1e87889b4abaeff6,4f211a5ca4d417a9155cfa9e028bbce9f73828429a5f770e20f4cb9a7ff3c064,82abb95b208f0db9fee9edb52706603211ba1777868b4f44ca846059e4c473eb,47790,47278,47833,47833,4
END_FACE_TRANSITION_ABSENT,1101,2111,3,dev::END_FACE_TRANSITION_ABSENT::g1101::m2111,dev::END_FACE_TRANSITION_ABSENT::g1101::m2111::r03,4a849bbd7fffe404be14f3ad1eeb91f9e94c50cccd6d8ba47fa8a4c350a044d0,37c615a2375c791d707f73d5a2885b9571213c6bbf0f1f4b944d649a9a9945db,500baf2c20bd945ec2f1c26ce212ef06e8ceae881d00e1dcf8140f2acd6c5190,bea72f2b09db41a6d9b0bdfdd3db82f7f1fb9552a1c31908b882eb11121603d7,271870f20019d02131631063aad9a3a6c818f27fc13b901ae74044ed88236c93,c72c1533498788dd44da8aa41a9a6adb8e0efdf409a356f474bdd413c3fa8b9a,b71ff67408375662089ceee81539a5a6a50d0c94cd3ac88e967b638f9d6dd3a6,c7c18055c7b1131c21e6d7bca174d0d77dc376953af3203c1e87889b4abaeff6,2d275b0b043bcdc54612dd154a55c1b5d91178f32542bdb5ba86301fb331cca5,82abb95b208f0db9fee9edb52706603211ba1777868b4f44ca846059e4c473eb,47790,47340,47833,47833,4
END_FACE_TRANSITION_ABSENT,1101,2111,4,dev::END_FACE_TRANSITION_ABSENT::g1101::m2111,dev::END_FACE_TRANSITION_ABSENT::g1101::m2111::r04,ec18ade53d3726c6a0e7a18b5be6f76e04732cd815b854ca8338a7fd32949631,6db4fe086a5bc730168226b352961620d1b0295985f44f061e007d804bf7de60,fac99f7915124cf9ff6655c9de4435ebc06aefb207e63141458d43aa06baa55a,095c75bfd3a9016c1e183d71c9432705a680d9f705070e3bfea21bc75183bfc6,271870f20019d02131631063aad9a3a6c818f27fc13b901ae74044ed88236c93,c72c1533498788dd44da8aa41a9a6adb8e0efdf409a356f474bdd413c3fa8b9a,b71ff67408375662089ceee81539a5a6a50d0c94cd3ac88e967b638f9d6dd3a6,c7c18055c7b1131c21e6d7bca174d0d77dc376953af3203c1e87889b4abaeff6,35544bb3d0110e834c59ed9f6f6c959e6dcedda6c18b6f570b44fe091e3be14d,82abb95b208f0db9fee9edb52706603211ba1777868b4f44ca846059e4c473eb,47790,47315,47833,47833,4
END_FACE_TRANSITION_ABSENT,1103,2101,0,dev::END_FACE_TRANSITION_ABSENT::g1103::m2101,dev::END_FACE_TRANSITION_ABSENT::g1103::m2101::r00,659882bb06bdf3d885f653148634670e4b2d646516d67a5cfdb1033463dc7c52,cc974f257406c85201d7fa1bc4cbd467ecae543b6401509a8af28e7c0cec5cc9,c37973378b7aa1386a6989a4798b4458ac319a20e8cf809a06d3366a1787000a,168fe197ecb72aa1a1ba5becd9d8b42abdc4bd71830fcdb961d2ba3e461af45c,889b28cf1e641202013762b771b7d533f4b3c0d4969dd72496a9664043a00447,276ab84e7e9d1427d55af5f5732aaaf1da66b90eb177005a4be4708c94b1a872,564def8af062ddb412f611e85f67cb38dc70c6a68afe56e00ca5572110dd2eec,45b0d3f4eb65530cbf88ca625e4aef7e621b6cf5af800b7c2dd4e8509e57ad97,1bdd9e2da8920f126e61a8b14e040e662da1dd63083f0d6524318187a5b0d1b0,c375b941f05b448c624a36fa6a8dfdd6429a5520fb70a1adfc290d3f12a90fa1,47835,47412,47811,47811,4
END_FACE_TRANSITION_ABSENT,1103,2101,1,dev::END_FACE_TRANSITION_ABSENT::g1103::m2101,dev::END_FACE_TRANSITION_ABSENT::g1103::m2101::r01,6bd189894010fb224f19707c678334dfc80116a986be69b9f775af85940e163f,f2bba2d8ff870ce6652690057a2c62cf76e92ccc4015e52c96e55226c57fb806,ed274b5c345cef8c84528c6b2289d2f9d82cefa462f254046eeb5573a87c9b93,076d8daba7972e0368e4d851f85030af7f6bde78aafd827db822e9615f461250,889b28cf1e641202013762b771b7d533f4b3c0d4969dd72496a9664043a00447,276ab84e7e9d1427d55af5f5732aaaf1da66b90eb177005a4be4708c94b1a872,564def8af062ddb412f611e85f67cb38dc70c6a68afe56e00ca5572110dd2eec,45b0d3f4eb65530cbf88ca625e4aef7e621b6cf5af800b7c2dd4e8509e57ad97,712e03804c82252109c96da557a11bb49267f7d8bc6b0c0ba529da8ba2198248,c375b941f05b448c624a36fa6a8dfdd6429a5520fb70a1adfc290d3f12a90fa1,47835,47377,47811,47811,4
END_FACE_TRANSITION_ABSENT,1103,2101,2,dev::END_FACE_TRANSITION_ABSENT::g1103::m2101,dev::END_FACE_TRANSITION_ABSENT::g1103::m2101::r02,afd465d88e3586cc88562d1730a4cd364a857afd4580def36a5d776d4b47eeb6,96edb95d77b6c346dc847d8baab8cedbda6d4a0b38e9d79be9a8905cea4c8ace,6c2a11d9f07cde0ea046a4bc2ee692c1d882646dbe14279db4ee90e6f3e8803e,33853789655290f749cdd5e4d89edfdda3663a5d1d55b63777a98b8e1a1400f2,889b28cf1e641202013762b771b7d533f4b3c0d4969dd72496a9664043a00447,276ab84e7e9d1427d55af5f5732aaaf1da66b90eb177005a4be4708c94b1a872,564def8af062ddb412f611e85f67cb38dc70c6a68afe56e00ca5572110dd2eec,45b0d3f4eb65530cbf88ca625e4aef7e621b6cf5af800b7c2dd4e8509e57ad97,68e4dc425386732a1aec22c3551d09e72c0db0c00c538c06ef718ca2295d89ac,c375b941f05b448c624a36fa6a8dfdd6429a5520fb70a1adfc290d3f12a90fa1,47835,47325,47811,47811,4
END_FACE_TRANSITION_ABSENT,1103,2101,3,dev::END_FACE_TRANSITION_ABSENT::g1103::m2101,dev::END_FACE_TRANSITION_ABSENT::g1103::m2101::r03,027c18f3df88686a208db4d7fb344077943f5f647e5f6a53b07805d8eea61873,6241428e5fe4a90aa59c2a8635c94c8977241c4c52031ee8255713933b3aa3cf,d551c07e0ed173ae17349649f8a80e980d7ea2b97ee29e49e7aea3a119be12a6,2ee42584b1318f9564f3a06a506cc9b37711394ccc1c91f9c1e1583575eeee97,889b28cf1e641202013762b771b7d533f4b3c0d4969dd72496a9664043a00447,276ab84e7e9d1427d55af5f5732aaaf1da66b90eb177005a4be4708c94b1a872,564def8af062ddb412f611e85f67cb38dc70c6a68afe56e00ca5572110dd2eec,45b0d3f4eb65530cbf88ca625e4aef7e621b6cf5af800b7c2dd4e8509e57ad97,a2036298c7672557b73c856c35c0740520a7b1558687b949c1a8821ee3e90176,c375b941f05b448c624a36fa6a8dfdd6429a5520fb70a1adfc290d3f12a90fa1,47835,47364,47811,47811,4
END_FACE_TRANSITION_ABSENT,1103,2101,4,dev::END_FACE_TRANSITION_ABSENT::g1103::m2101,dev::END_FACE_TRANSITION_ABSENT::g1103::m2101::r04,96bb3fefe6d8ec98cdc6e5698f0a3ec0448914409875aba07838f997e99bd50a,ded309b62b77df7dbe6f93f42fc7d0bf1a8bba17b4e9fde8e80831814e99f513,f76c744d9fcba362c2d4784c2a539f5f06e00c0b8650b02d3eceae9ceb7a5759,27ad5f5f1778fb17f9765b068e75effb07bbbe25e46aa9d78767f4366c2737b9,889b28cf1e641202013762b771b7d533f4b3c0d4969dd72496a9664043a00447,276ab84e7e9d1427d55af5f5732aaaf1da66b90eb177005a4be4708c94b1a872,564def8af062ddb412f611e85f67cb38dc70c6a68afe56e00ca5572110dd2eec,45b0d3f4eb65530cbf88ca625e4aef7e621b6cf5af800b7c2dd4e8509e57ad97,f7f7cf1dc9787b66124d5a9ab4e00b47711143be3bea798a9be79e3485e812cf,c375b941f05b448c624a36fa6a8dfdd6429a5520fb70a1adfc290d3f12a90fa1,47835,47365,47811,47811,4
END_FACE_TRANSITION_ABSENT,1103,2111,0,dev::END_FACE_TRANSITION_ABSENT::g1103::m2111,dev::END_FACE_TRANSITION_ABSENT::g1103::m2111::r00,39e9bbf1919f0fd46eba8780216817f3c63c367872a7748fc6d4dc1cea2c13cb,584123828d1d0dd7063c66b62a7642c1d7ad51a9905d79aca2b6038efd445c5c,13b857bd20fef9fcb16893753a60950b75f3272dd35ab4ec91b2a85089cdbed8,54a82bb14dabc893d71ae36d153c76be3b2da3cb8bf5dba29793d682fbe63acc,889b28cf1e641202013762b771b7d533f4b3c0d4969dd72496a9664043a00447,276ab84e7e9d1427d55af5f5732aaaf1da66b90eb177005a4be4708c94b1a872,564def8af062ddb412f611e85f67cb38dc70c6a68afe56e00ca5572110dd2eec,45b0d3f4eb65530cbf88ca625e4aef7e621b6cf5af800b7c2dd4e8509e57ad97,cb475f62e4555a44086780118c887f8850d24656351f10ab6eff5e43f3a82622,c375b941f05b448c624a36fa6a8dfdd6429a5520fb70a1adfc290d3f12a90fa1,47835,47396,47811,47811,4
END_FACE_TRANSITION_ABSENT,1103,2111,1,dev::END_FACE_TRANSITION_ABSENT::g1103::m2111,dev::END_FACE_TRANSITION_ABSENT::g1103::m2111::r01,dae286584c92be4dcb5583285939341a45fe84f2ee9970168b6f3f4b3df5825b,b6abad20d5b2b2f21bc4e80527fa6b1e5245cd3d756483770769b70dc3aa2266,e0f0c8b3f5b55767deb273b9beed368579587f5ce97ac2c6a6989d02e9874d01,f5bc95bd6d5c1f466380ae99dfbac609a0b9fd38eb3e44ed67130b7cfe3939df,889b28cf1e641202013762b771b7d533f4b3c0d4969dd72496a9664043a00447,276ab84e7e9d1427d55af5f5732aaaf1da66b90eb177005a4be4708c94b1a872,564def8af062ddb412f611e85f67cb38dc70c6a68afe56e00ca5572110dd2eec,45b0d3f4eb65530cbf88ca625e4aef7e621b6cf5af800b7c2dd4e8509e57ad97,a88a55486e7a6e68640c82d06558d8e5b72d6c7e1a9abd567c5512651b774f0a,c375b941f05b448c624a36fa6a8dfdd6429a5520fb70a1adfc290d3f12a90fa1,47835,47354,47811,47811,4
END_FACE_TRANSITION_ABSENT,1103,2111,2,dev::END_FACE_TRANSITION_ABSENT::g1103::m2111,dev::END_FACE_TRANSITION_ABSENT::g1103::m2111::r02,bd285b8319f4117cd1ec655ddd6f02bee28c84b807c8fc3e4ab6ca908598314e,e22f74fe3cb69d5550872cc5be8acf9a5567f9601d4f1619b22136e839bd1ce7,7acba1cc09f2572960e8379691c1d1ba1be31e72d05acbd1db40788acc370cad,c3d622bea86da894f40c5e7b236a318bfb458533fbe28e378b91a7cd07251336,889b28cf1e641202013762b771b7d533f4b3c0d4969dd72496a9664043a00447,276ab84e7e9d1427d55af5f5732aaaf1da66b90eb177005a4be4708c94b1a872,564def8af062ddb412f611e85f67cb38dc70c6a68afe56e00ca5572110dd2eec,45b0d3f4eb65530cbf88ca625e4aef7e621b6cf5af800b7c2dd4e8509e57ad97,4db4294d1f1f718f8902d2f84a0ddcd11c1c5abfa47914f1ef393e797102fc54,c375b941f05b448c624a36fa6a8dfdd6429a5520fb70a1adfc290d3f12a90fa1,47835,47352,47811,47811,4
END_FACE_TRANSITION_ABSENT,1103,2111,3,dev::END_FACE_TRANSITION_ABSENT::g1103::m2111,dev::END_FACE_TRANSITION_ABSENT::g1103::m2111::r03,33f550c919631075f29fef53e3fa9dbd2df2968b6653285ac332481a79446cd4,32f82908a49457b5a0634bbe50a9adecd8493397a3bbed311efe9149fde8b6d7,c7d944e3ae1e9d4ab843a885610f9c17b3daa9229b94c97cb71617e1f15ff1b3,a86bd350a3310f55e44665e6d8dda1ff73254ec56e5abc7cf86302a9a81ae6d9,889b28cf1e641202013762b771b7d533f4b3c0d4969dd72496a9664043a00447,276ab84e7e9d1427d55af5f5732aaaf1da66b90eb177005a4be4708c94b1a872,564def8af062ddb412f611e85f67cb38dc70c6a68afe56e00ca5572110dd2eec,45b0d3f4eb65530cbf88ca625e4aef7e621b6cf5af800b7c2dd4e8509e57ad97,da8412ea6084d8efd83648fc1700fdfb0c7fb3b760b141d3f5f44897553ec38e,c375b941f05b448c624a36fa6a8dfdd6429a5520fb70a1adfc290d3f12a90fa1,47835,47347,47811,47811,4
END_FACE_TRANSITION_ABSENT,1103,2111,4,dev::END_FACE_TRANSITION_ABSENT::g1103::m2111,dev::END_FACE_TRANSITION_ABSENT::g1103::m2111::r04,99c9e874e36edfb434941f2a8ecfca6e5e407da465f9290978b100423956dbf3,68d15ee3e42b2d12760a86a07a2e57aafb85254d30871a763ef21b8afe04141a,c6a7392c574f73381122396c0b7bed57c6d34c8012c1f7378b8ffffdbf7d83ff,023432840370eacaa493e1e98afe6f77895493145fbfda7f8c6a293bc93980c7,889b28cf1e641202013762b771b7d533f4b3c0d4969dd72496a9664043a00447,276ab84e7e9d1427d55af5f5732aaaf1da66b90eb177005a4be4708c94b1a872,564def8af062ddb412f611e85f67cb38dc70c6a68afe56e00ca5572110dd2eec,45b0d3f4eb65530cbf88ca625e4aef7e621b6cf5af800b7c2dd4e8509e57ad97,c5b37a5edf9e4f4a9d2d99905ed7cd0b74a7a13e1f102bc795ce5aad6e1204ab,c375b941f05b448c624a36fa6a8dfdd6429a5520fb70a1adfc290d3f12a90fa1,47835,47360,47811,47811,4
END_FACE_TRANSITION_ABSENT,1107,2101,0,dev::END_FACE_TRANSITION_ABSENT::g1107::m2101,dev::END_FACE_TRANSITION_ABSENT::g1107::m2101::r00,d244817809e53adc6ab6c07146876df9921406de3b4f23ffcc8631339e8956af,98c69afa0e1be8bf23d4bd34e29791badd62e0b92f2ff7c749fa0bbb64d7cee1,b43da409ee223d24190c8ae075d60e0b9ad738324d0fd10bdececabf644a2d41,de91229bc84cea9022585dcbbc789b379f20a112006039b364a736222440d82e,6aab5557e092d5dd72fc6f4bb314f7d110287d8bb170106dfecd19d89b1d6ba6,0b71d634029fe2c291d4158b4c4740174e2d7032c478857ef7fb7d41c9d3cc50,f19884d709d58d346a00a917be7caf824aa4df2c5d344b1fcf65d3a1b262d857,e0ea3428d72a7c844e8e77087bc3fa228b4aaed8e40a9c7a8f10d15ec3e73127,e8320734c658a91d940703d7b95ec923a3f3ac8cc210b73239c262389106fdc1,5e3d557547488d0f4352c5408315e4ffa412745cad01815d9ec2e2a58b3cb7a7,47818,47328,47812,47812,4
END_FACE_TRANSITION_ABSENT,1107,2101,1,dev::END_FACE_TRANSITION_ABSENT::g1107::m2101,dev::END_FACE_TRANSITION_ABSENT::g1107::m2101::r01,ceb190a04a30900e28b3f4dfb6f478d67a5d8a69a4248bd92980a04e7d862803,db6e6214a2ef6256066ac0d7a330a3bbb9730e152f31ae89317afcce30e44040,af3b3ed4b678f0a7ffe33de17a9e7a2ebd197ffa08eaa5dade3eb7bbbdacc4f9,3e5707bee4376ce8ad49c8be8f4d96c775acafa629a05df9f8a9abef0062a118,6aab5557e092d5dd72fc6f4bb314f7d110287d8bb170106dfecd19d89b1d6ba6,0b71d634029fe2c291d4158b4c4740174e2d7032c478857ef7fb7d41c9d3cc50,f19884d709d58d346a00a917be7caf824aa4df2c5d344b1fcf65d3a1b262d857,e0ea3428d72a7c844e8e77087bc3fa228b4aaed8e40a9c7a8f10d15ec3e73127,4fe950dd3583dcd88492fad91d909a52b7e6fe16145d3ad9eb27a3628a3dcef2,5e3d557547488d0f4352c5408315e4ffa412745cad01815d9ec2e2a58b3cb7a7,47818,47321,47812,47812,4
END_FACE_TRANSITION_ABSENT,1107,2101,2,dev::END_FACE_TRANSITION_ABSENT::g1107::m2101,dev::END_FACE_TRANSITION_ABSENT::g1107::m2101::r02,bb2d636c47bb3f0ec5251ef69ef44dbbba7c8f91c144e6dec18f2f979e96f0e5,1030e3c194c49b9505e97ffa5b604ed20420f62b12affca34419eda8b718d11d,ae099dc5ab8f7ca4d2d64717fabe105f5e54f01ef286439ffd892bafefada7c9,911a25c622aab28f6bde1aa78cebf93d47df500e327f97afffcd039f9522807d,6aab5557e092d5dd72fc6f4bb314f7d110287d8bb170106dfecd19d89b1d6ba6,0b71d634029fe2c291d4158b4c4740174e2d7032c478857ef7fb7d41c9d3cc50,f19884d709d58d346a00a917be7caf824aa4df2c5d344b1fcf65d3a1b262d857,e0ea3428d72a7c844e8e77087bc3fa228b4aaed8e40a9c7a8f10d15ec3e73127,76d52822a432b3fa51492865033cc290315b0007d6d44c55134e5171ffd68735,5e3d557547488d0f4352c5408315e4ffa412745cad01815d9ec2e2a58b3cb7a7,47818,47379,47812,47812,4
END_FACE_TRANSITION_ABSENT,1107,2101,3,dev::END_FACE_TRANSITION_ABSENT::g1107::m2101,dev::END_FACE_TRANSITION_ABSENT::g1107::m2101::r03,56796dc8e5afb5ca6b0323eceb5feefa8eabb8f0348835bdd50fe0ee3c9aee1c,d5e2727a901d53aecedb790bf14752f85cedc342fe75247ed1bf8eba73354b71,4509f92eb26e11083ced0e09a04a7f60db92dcd04d2a4c30ea3ae96bf2c904a8,262d5e6670046b8deb0d5ba809328d605da42ee9e6b7221ffb19b0d48d0d918d,6aab5557e092d5dd72fc6f4bb314f7d110287d8bb170106dfecd19d89b1d6ba6,0b71d634029fe2c291d4158b4c4740174e2d7032c478857ef7fb7d41c9d3cc50,f19884d709d58d346a00a917be7caf824aa4df2c5d344b1fcf65d3a1b262d857,e0ea3428d72a7c844e8e77087bc3fa228b4aaed8e40a9c7a8f10d15ec3e73127,ad422431302ae99a9fd6f586303332b51a35ed2c1964f6e36a3542d668023da9,5e3d557547488d0f4352c5408315e4ffa412745cad01815d9ec2e2a58b3cb7a7,47818,47354,47812,47812,4
END_FACE_TRANSITION_ABSENT,1107,2101,4,dev::END_FACE_TRANSITION_ABSENT::g1107::m2101,dev::END_FACE_TRANSITION_ABSENT::g1107::m2101::r04,95f9b6cf1500e0ad2ea4346f6a3fe0eba7a13c9c6b100e2c983d1c38ae252bbb,2e87a27d6d7976c7b6094ebab3928b3f70bd77a006df451aea28039095da58b4,c9a7c75fabfd792cf05f513b1e2dbafb8ab812700611b38b2e4ca6eb6a760450,a8c1db2c5643869ca10cda96248ab1f73748a2fb7c85eeccebc3ab8b8baef179,6aab5557e092d5dd72fc6f4bb314f7d110287d8bb170106dfecd19d89b1d6ba6,0b71d634029fe2c291d4158b4c4740174e2d7032c478857ef7fb7d41c9d3cc50,f19884d709d58d346a00a917be7caf824aa4df2c5d344b1fcf65d3a1b262d857,e0ea3428d72a7c844e8e77087bc3fa228b4aaed8e40a9c7a8f10d15ec3e73127,8c74f8bbc0c32b754e2fb9514997ed9e9ef2cdcecfb64bd2f570f76ea008369d,5e3d557547488d0f4352c5408315e4ffa412745cad01815d9ec2e2a58b3cb7a7,47818,47344,47812,47812,4
END_FACE_TRANSITION_ABSENT,1107,2111,0,dev::END_FACE_TRANSITION_ABSENT::g1107::m2111,dev::END_FACE_TRANSITION_ABSENT::g1107::m2111::r00,c7c1515a186a91f0e4c75a72284d4d1f69c7d916198e3ed3e1d6d0d1aeaae769,bc50b1f967c736e8f8f998a6b29c977396889dd49818ce1cc0203db612d1b6a5,fbb7fec57e37cfdf8982bfc7137c3dc5a69a3e4b2e7ef57b012da3e57501d6dc,fb23e0a668bafba45105373d8c54b24dacae088fb2c89e576d06e39aea156fe7,6aab5557e092d5dd72fc6f4bb314f7d110287d8bb170106dfecd19d89b1d6ba6,0b71d634029fe2c291d4158b4c4740174e2d7032c478857ef7fb7d41c9d3cc50,f19884d709d58d346a00a917be7caf824aa4df2c5d344b1fcf65d3a1b262d857,e0ea3428d72a7c844e8e77087bc3fa228b4aaed8e40a9c7a8f10d15ec3e73127,64fb552aa452312c0a254a6afe11d0cc5865a390d42bb8570e27d4156dc85068,5e3d557547488d0f4352c5408315e4ffa412745cad01815d9ec2e2a58b3cb7a7,47818,47347,47812,47812,4
END_FACE_TRANSITION_ABSENT,1107,2111,1,dev::END_FACE_TRANSITION_ABSENT::g1107::m2111,dev::END_FACE_TRANSITION_ABSENT::g1107::m2111::r01,499c3db983b43ba20f39be471f3a3a874b7ba117b862f72b9f54cba04f99d3af,34379097db7cf4fe0d35e057cd4ed843edceaaa27f636fb6676dba5182ea0d7d,431aaf499ffcf38f84f3278ba1a019f2f3f5d2cef593b49fb78715748e8c7f08,71034d38337bc471b4d33c9f8a248f0a2e30fdbd7a1011b00bbdc9aabbad83ae,6aab5557e092d5dd72fc6f4bb314f7d110287d8bb170106dfecd19d89b1d6ba6,0b71d634029fe2c291d4158b4c4740174e2d7032c478857ef7fb7d41c9d3cc50,f19884d709d58d346a00a917be7caf824aa4df2c5d344b1fcf65d3a1b262d857,e0ea3428d72a7c844e8e77087bc3fa228b4aaed8e40a9c7a8f10d15ec3e73127,1ab5b144630b0655c92d12dc961757255fb590f1cd65988dfe602b019293251c,5e3d557547488d0f4352c5408315e4ffa412745cad01815d9ec2e2a58b3cb7a7,47818,47303,47812,47812,4
END_FACE_TRANSITION_ABSENT,1107,2111,2,dev::END_FACE_TRANSITION_ABSENT::g1107::m2111,dev::END_FACE_TRANSITION_ABSENT::g1107::m2111::r02,5ad08902bfb6cf389ea8881a3676e4585b4a8c3266d8c68f3c3eb4a45be4da89,80f92e2900a4f9f379794182a43c7c7cfdae4704ba8352fcaba3e2b89482d9fa,1d04b4a5b9d4af793988d304db800e4400a127a74c65d5be655e648579ac0a01,36f6ba36e2659085b44fd44e3821fad1613589fea0fdb5085cd084727a808aab,6aab5557e092d5dd72fc6f4bb314f7d110287d8bb170106dfecd19d89b1d6ba6,0b71d634029fe2c291d4158b4c4740174e2d7032c478857ef7fb7d41c9d3cc50,f19884d709d58d346a00a917be7caf824aa4df2c5d344b1fcf65d3a1b262d857,e0ea3428d72a7c844e8e77087bc3fa228b4aaed8e40a9c7a8f10d15ec3e73127,fd5c96f9ac23f144cbfb836e0aa472a645df5ec57b78fd495452098c838ef693,5e3d557547488d0f4352c5408315e4ffa412745cad01815d9ec2e2a58b3cb7a7,47818,47324,47812,47812,4
END_FACE_TRANSITION_ABSENT,1107,2111,3,dev::END_FACE_TRANSITION_ABSENT::g1107::m2111,dev::END_FACE_TRANSITION_ABSENT::g1107::m2111::r03,dd394924ddce246aa40b45f1ddf9347d1f6ef7dc2514cc472f1687cb34593971,d85d9bee863f9bb17c677fb9bc2bc3b4d0ae5d5578d024ff4a010eb4f9f0341e,a951bba5c696df44299f2471fd099b676635652eaa2e01fabcf2ab674c5c37da,a0b2029a57f6541b7ead3e98f43eb6e59a76019fbca92a8334655933e9239432,6aab5557e092d5dd72fc6f4bb314f7d110287d8bb170106dfecd19d89b1d6ba6,0b71d634029fe2c291d4158b4c4740174e2d7032c478857ef7fb7d41c9d3cc50,f19884d709d58d346a00a917be7caf824aa4df2c5d344b1fcf65d3a1b262d857,e0ea3428d72a7c844e8e77087bc3fa228b4aaed8e40a9c7a8f10d15ec3e73127,63e3282d59bce5803858cc3055e6614fa6742c4114c59e2ae73927d0e05b2c28,5e3d557547488d0f4352c5408315e4ffa412745cad01815d9ec2e2a58b3cb7a7,47818,47345,47812,47812,4
END_FACE_TRANSITION_ABSENT,1107,2111,4,dev::END_FACE_TRANSITION_ABSENT::g1107::m2111,dev::END_FACE_TRANSITION_ABSENT::g1107::m2111::r04,940f990fc51471a4f27197e3e16ee2eb71d7f5c77448395ae39bfce7fd070023,11cb6cbef1d18fd203dd23c57c486edf13a9e0fb8129656dfccb96b21449c3dc,0a3560ac2f77952113c7ac4a372c7b21ef0fc661cdce45f71881eb485282b862,1cd893902cd223839ec4112fd1e9223839213155ba59261173906e1bbe3782ad,6aab5557e092d5dd72fc6f4bb314f7d110287d8bb170106dfecd19d89b1d6ba6,0b71d634029fe2c291d4158b4c4740174e2d7032c478857ef7fb7d41c9d3cc50,f19884d709d58d346a00a917be7caf824aa4df2c5d344b1fcf65d3a1b262d857,e0ea3428d72a7c844e8e77087bc3fa228b4aaed8e40a9c7a8f10d15ec3e73127,3cb7ead7de1ed6e87a185e77cb988c92350891d2c8aac81f38b2d9f04810cf95,5e3d557547488d0f4352c5408315e4ffa412745cad01815d9ec2e2a58b3cb7a7,47818,47357,47812,47812,4
REPEATED_STRUCTURE,1101,2101,0,dev::REPEATED_STRUCTURE::g1101::m2101,dev::REPEATED_STRUCTURE::g1101::m2101::r00,3f970d2490f78df2659adcb27fdca128d1be88554d9e3bcdae62e1c4fd700e68,0924e2be15ecb172fbf4b2373bbca6ad14189af19d35611e2ea0ab6aabead4c4,21fbf6e52e4a23d87683a4b05888c978b91ddc88a7efc588aae6dc2cdf22d683,b8f25de7c0d551b0fc9036b6f17b49d35ae203092654e9a8ae3f6efbf76ea2ee,84e14b2b7d0f6ed4c14d8a23b454ae75c230a7d9541782c82a59b51f7ae0752f,521ada7269a87b55fc769712b7a6b5db7492bc396aa9a6e4d50c05e825cbd3de,d8d46cdfe16aa05c80d757ce8a53912b36268ba12c37a1e554c0638aac4aff28,5c91a545af72cef1e25491f5b4a693c614ec081164e79dc4b99be7543de1fb5b,e1b574441a69878246a0d01e20e3c9a0f5c4a90fd7183f8a455d03ef0755cb79,f217890ea93340166a81435eb3aba60af2198de102c9667704405a20b14b251c,60925,60298,61053,61053,859
REPEATED_STRUCTURE,1101,2101,1,dev::REPEATED_STRUCTURE::g1101::m2101,dev::REPEATED_STRUCTURE::g1101::m2101::r01,d02a70d5487fca81b8e0a4f0934b3c4ab662f673c4945889c5cddc8812210045,a9a047c034e3a941566c11ef62ddfc38d541402418155d0e6f9e38fe2f1c5ffb,85c784d830ca32e26086ab81c8179a2eb6521f6de7496848bdc0cc6a2e86cf4a,eabf95e53228166f00d29db29123365c14dc5dd02bb9cc10032f6349710ea696,84e14b2b7d0f6ed4c14d8a23b454ae75c230a7d9541782c82a59b51f7ae0752f,521ada7269a87b55fc769712b7a6b5db7492bc396aa9a6e4d50c05e825cbd3de,d8d46cdfe16aa05c80d757ce8a53912b36268ba12c37a1e554c0638aac4aff28,5c91a545af72cef1e25491f5b4a693c614ec081164e79dc4b99be7543de1fb5b,7d6844297c4260ed34cd0f7809ed7a02051ab4bc8798642dd99597f888b50da4,f217890ea93340166a81435eb3aba60af2198de102c9667704405a20b14b251c,60925,60341,61053,61053,859
REPEATED_STRUCTURE,1101,2101,2,dev::REPEATED_STRUCTURE::g1101::m2101,dev::REPEATED_STRUCTURE::g1101::m2101::r02,5e7ef08a8c48e111e4efd7f486ede9b33ffda0749c3fb9749fda93b096cda083,6527f790b460fbdbc806a3199c38c5ef7a71750b91ff0c603dda436264044091,15f9983b23df1e5b2e6d291476010efe7dc5c4634db1e51256c895105fe626eb,46d1a1cf97013e2705f6f472c25743b90168c631e10327f2791794e947c4e052,84e14b2b7d0f6ed4c14d8a23b454ae75c230a7d9541782c82a59b51f7ae0752f,521ada7269a87b55fc769712b7a6b5db7492bc396aa9a6e4d50c05e825cbd3de,d8d46cdfe16aa05c80d757ce8a53912b36268ba12c37a1e554c0638aac4aff28,5c91a545af72cef1e25491f5b4a693c614ec081164e79dc4b99be7543de1fb5b,c40c0cd172123ae27f8c716be001f9ab57a3ae31bbe1fbd4a061f1e41b0167f1,f217890ea93340166a81435eb3aba60af2198de102c9667704405a20b14b251c,60925,60295,61053,61053,859
REPEATED_STRUCTURE,1101,2101,3,dev::REPEATED_STRUCTURE::g1101::m2101,dev::REPEATED_STRUCTURE::g1101::m2101::r03,82f120a55880cc489b9eb4c7b836a55e5ca0b20bd89b37b104993bfd0bff64bf,51da5b82d559d2c0856763b7aaf762d9b6090af6cecef82a17e744f47c068bb7,60463bd287c270631c82d6089a0ccefb368a43b922e58b6d638357c15cf7d662,ae9a1ef67d1b14c0ff294cb648ed348efe89590af978f47806b64fdb8610e478,84e14b2b7d0f6ed4c14d8a23b454ae75c230a7d9541782c82a59b51f7ae0752f,521ada7269a87b55fc769712b7a6b5db7492bc396aa9a6e4d50c05e825cbd3de,d8d46cdfe16aa05c80d757ce8a53912b36268ba12c37a1e554c0638aac4aff28,5c91a545af72cef1e25491f5b4a693c614ec081164e79dc4b99be7543de1fb5b,3ef0feabcce5b2c836900ef4fed8174f597c313b8db7c8cb0de004ba29d76e79,f217890ea93340166a81435eb3aba60af2198de102c9667704405a20b14b251c,60925,60347,61053,61053,859
REPEATED_STRUCTURE,1101,2101,4,dev::REPEATED_STRUCTURE::g1101::m2101,dev::REPEATED_STRUCTURE::g1101::m2101::r04,d8f0618667380299c488373b63a3adf1bdd6eb9f71b20bc680c82d08135f2731,a99c90173fca94b4905a0cb6dbe7a037f40aebf5a6feb45ffda035822ec1cbf3,7c985fdcdcf733dcda84123e4d2602890e371dd65c9b8039e86171a52ec884d5,a3d297ca364f83da3a6c34d70b36f25317832b06ba10c215eb44f7299335195f,84e14b2b7d0f6ed4c14d8a23b454ae75c230a7d9541782c82a59b51f7ae0752f,521ada7269a87b55fc769712b7a6b5db7492bc396aa9a6e4d50c05e825cbd3de,d8d46cdfe16aa05c80d757ce8a53912b36268ba12c37a1e554c0638aac4aff28,5c91a545af72cef1e25491f5b4a693c614ec081164e79dc4b99be7543de1fb5b,1bc731555510d9a4b479a9743f8afe1d71d97bc4d6dc065acfe99066605f9ee1,f217890ea93340166a81435eb3aba60af2198de102c9667704405a20b14b251c,60925,60308,61053,61053,859
REPEATED_STRUCTURE,1101,2111,0,dev::REPEATED_STRUCTURE::g1101::m2111,dev::REPEATED_STRUCTURE::g1101::m2111::r00,f3d3e4b90d22924a8c721f59d7d9052390ca3bfb11c785266dfe137b1c092efb,fb8972b00cf1be70871ef028101716cde746b4ec45288550afbc1bed86d4610d,5a66342c6921f0a078e7f5accfa03a0b311fe8e132d68ce26659c3f661e82c32,dbae0d78e45251d3cea8f24eef14910c0cdb2b7874d1ab1284681d5eac8b5704,84e14b2b7d0f6ed4c14d8a23b454ae75c230a7d9541782c82a59b51f7ae0752f,521ada7269a87b55fc769712b7a6b5db7492bc396aa9a6e4d50c05e825cbd3de,d8d46cdfe16aa05c80d757ce8a53912b36268ba12c37a1e554c0638aac4aff28,5c91a545af72cef1e25491f5b4a693c614ec081164e79dc4b99be7543de1fb5b,80b556de047e4bbb2d32c90b95f4a79dd30f4db1de33bcb3fde0232edbdb90ba,f217890ea93340166a81435eb3aba60af2198de102c9667704405a20b14b251c,60925,60289,61053,61053,859
REPEATED_STRUCTURE,1101,2111,1,dev::REPEATED_STRUCTURE::g1101::m2111,dev::REPEATED_STRUCTURE::g1101::m2111::r01,20fa3e29bf69b076d573e7f7b2c4a497a773d48f467a92179bd547c6877e8c17,14aad899ccae54417bf76936fea0fdeae9590333067339c8ab90a84cdc12970f,bd7458a7a9b6378cc7e0fb5b3cd9d81f10cb66f3c72195e5b078bdd537bd44fe,7446343b1dd18369896cab3d5ac7380beeeea346f77ea20510f173bed4f5dfd9,84e14b2b7d0f6ed4c14d8a23b454ae75c230a7d9541782c82a59b51f7ae0752f,521ada7269a87b55fc769712b7a6b5db7492bc396aa9a6e4d50c05e825cbd3de,d8d46cdfe16aa05c80d757ce8a53912b36268ba12c37a1e554c0638aac4aff28,5c91a545af72cef1e25491f5b4a693c614ec081164e79dc4b99be7543de1fb5b,ecd007a76ce30756184dfa9ddcd873fb066246fbcb068fca79c54a98f3db03c0,f217890ea93340166a81435eb3aba60af2198de102c9667704405a20b14b251c,60925,60331,61053,61053,859
REPEATED_STRUCTURE,1101,2111,2,dev::REPEATED_STRUCTURE::g1101::m2111,dev::REPEATED_STRUCTURE::g1101::m2111::r02,5c176a7b349be2a00371c9751656add8f0447ce3f0f61569598852e6fd913c1c,498ca55e55381982f7712038796610ce2f922e7c4517eeb93522be946d625478,8560dbe214747cd60989a4249a96d9f28010053fb4d56a07dcd4c9567af86926,2de689d37d9a322445364eb8c8bb2cd2cbba772a33479e0c7ef7d9fee501b006,84e14b2b7d0f6ed4c14d8a23b454ae75c230a7d9541782c82a59b51f7ae0752f,521ada7269a87b55fc769712b7a6b5db7492bc396aa9a6e4d50c05e825cbd3de,d8d46cdfe16aa05c80d757ce8a53912b36268ba12c37a1e554c0638aac4aff28,5c91a545af72cef1e25491f5b4a693c614ec081164e79dc4b99be7543de1fb5b,65b066911ccd71455a10822812872289860556ccbe43e28e2110d3225f5e7c92,f217890ea93340166a81435eb3aba60af2198de102c9667704405a20b14b251c,60925,60343,61053,61053,859
REPEATED_STRUCTURE,1101,2111,3,dev::REPEATED_STRUCTURE::g1101::m2111,dev::REPEATED_STRUCTURE::g1101::m2111::r03,d9c33cfa8e54f7ab954c05e81aac66814da50105c3bda2c119e85f3193fdccdf,b0a5c5a058c2adfc7e1cdafbf32102359c2eb8617fc7c50b318234eeddd7bca9,fb9af37a822ecc5c21520fd84d75d04fcb3e8ba8ccf6f0526cea2509c759bccb,48e5479fbdf948138eebdd372db1511dfcf6ca620a1d266bbe866bf155951f61,84e14b2b7d0f6ed4c14d8a23b454ae75c230a7d9541782c82a59b51f7ae0752f,521ada7269a87b55fc769712b7a6b5db7492bc396aa9a6e4d50c05e825cbd3de,d8d46cdfe16aa05c80d757ce8a53912b36268ba12c37a1e554c0638aac4aff28,5c91a545af72cef1e25491f5b4a693c614ec081164e79dc4b99be7543de1fb5b,876e6417a12d12db9af2a22df46430e8fbf95e75e7c795a652f3136ba30b314f,f217890ea93340166a81435eb3aba60af2198de102c9667704405a20b14b251c,60925,60311,61053,61053,859
REPEATED_STRUCTURE,1101,2111,4,dev::REPEATED_STRUCTURE::g1101::m2111,dev::REPEATED_STRUCTURE::g1101::m2111::r04,ada3303da0ad12db8b9c9339c0a107d4509a25b9fc54ae08ed9a18b95bf715d7,738d10fc6f29f0870500768b8ac7e02ab611c4b909f9da6532eadcef7c70b35e,9e9a50feb1675e500b89a421596fcac4b4d68564b9bf8f84ccabbe6871e574ba,050865c9fb704044af77034c21e145d67c773891fae1991dd01bf55437eef8e0,84e14b2b7d0f6ed4c14d8a23b454ae75c230a7d9541782c82a59b51f7ae0752f,521ada7269a87b55fc769712b7a6b5db7492bc396aa9a6e4d50c05e825cbd3de,d8d46cdfe16aa05c80d757ce8a53912b36268ba12c37a1e554c0638aac4aff28,5c91a545af72cef1e25491f5b4a693c614ec081164e79dc4b99be7543de1fb5b,42c1596bc56af32870cb27c0e3ba71966aefcac00e0e6d5d58db955d5ffbdcbd,f217890ea93340166a81435eb3aba60af2198de102c9667704405a20b14b251c,60925,60304,61053,61053,859
REPEATED_STRUCTURE,1103,2101,0,dev::REPEATED_STRUCTURE::g1103::m2101,dev::REPEATED_STRUCTURE::g1103::m2101::r00,7d301c63fa0914aa75a43e6c0da51bfc32530c5c53f36b24a67307633879b590,0b8731a08bf10ee9f18d5de6b2a69a1a4f99ce983c48eeb4bda747348af33fdc,1d87d9e7898926333a46a4a4248842223bced315811028a5ec06b66c19bcba71,399cbed604693b27a014ec5635fa1d6e559847f2b357d80aa4881614b5aaca1a,95a4e3a63f07a3c0799126e509f2d4469d68d473ddb37c397dd022b4bb001c1d,9445b6493919dec7c27bf2dc729fbffd89081e81ba28cb31e5491bca53b57f93,69a6e735f126c2a91d0c7db57ea1353cbe977e313f296e78155f4a18f249ec07,7e283ca0e23428d08d1346f4102a22ff0ad9e5dcc55b4b9df40888384a18b1ba,c475f8d8c2bfd9a052abf5abfa24dd22842237fb220ed98e720b587d1baae0c4,46a87e416399f8264d1d67b6d753431e90703ac37a89df65ad922296dcb66005,61737,61108,61509,61509,868
REPEATED_STRUCTURE,1103,2101,1,dev::REPEATED_STRUCTURE::g1103::m2101,dev::REPEATED_STRUCTURE::g1103::m2101::r01,cb4d905045e8acf091ec7da5e15e6998318e26ed820e72f246156d0dd4eb9366,fffad8e31861b5d0a550ad1509df25cd53be58de155da22408b91c48a5d536aa,886ebed0b9ca43dda0502ec7673b5763ea6bdda9ee042ed00be923014ab0468c,fada2febdcee6b19350a298fa3583e543a7310a98ee89c5340d03062a7fbdfdc,95a4e3a63f07a3c0799126e509f2d4469d68d473ddb37c397dd022b4bb001c1d,9445b6493919dec7c27bf2dc729fbffd89081e81ba28cb31e5491bca53b57f93,69a6e735f126c2a91d0c7db57ea1353cbe977e313f296e78155f4a18f249ec07,7e283ca0e23428d08d1346f4102a22ff0ad9e5dcc55b4b9df40888384a18b1ba,c8732a296ecf3d43cbe2c45f0a7659cf8f612fe28e0c4a3e408dd55ae5763d2e,46a87e416399f8264d1d67b6d753431e90703ac37a89df65ad922296dcb66005,61737,61132,61509,61509,868
REPEATED_STRUCTURE,1103,2101,2,dev::REPEATED_STRUCTURE::g1103::m2101,dev::REPEATED_STRUCTURE::g1103::m2101::r02,2e9b1f564b3886d7d8a35c7ca3cf82942f1ca35a8ccfaed13cf864cd17f4e522,607ee741855f0ba361cfc5f5861ba2aca077a8b038857ff55960d6925f6d6c53,e7f12ffab6d6f1bea4164b3eca67eeb1daf5a7872fc835ee6b2a604783943e6e,e2e0f3fc5f47a169a57f9477e7199b3efb153ab8add2ab8d519609fb90e8cdc1,95a4e3a63f07a3c0799126e509f2d4469d68d473ddb37c397dd022b4bb001c1d,9445b6493919dec7c27bf2dc729fbffd89081e81ba28cb31e5491bca53b57f93,69a6e735f126c2a91d0c7db57ea1353cbe977e313f296e78155f4a18f249ec07,7e283ca0e23428d08d1346f4102a22ff0ad9e5dcc55b4b9df40888384a18b1ba,7a63a5f4d217b341713bb0208af821766f96e4faba43808e7a3a5533f2518e67,46a87e416399f8264d1d67b6d753431e90703ac37a89df65ad922296dcb66005,61737,61112,61509,61509,868
REPEATED_STRUCTURE,1103,2101,3,dev::REPEATED_STRUCTURE::g1103::m2101,dev::REPEATED_STRUCTURE::g1103::m2101::r03,8e2e4be6ce8134583db17b93e76be0a73002eb8ed94cb7c0f9e036e36e916cba,a42988c6eca84cb2a365ec093475138fc4fccc06e52d32780d14fa96aaba6781,3ed32a447093edaf9661aa976029efa4cdbbd4066cae98951d67e476e0b455b2,154917af7f6526e3782666de72d0f41f7b8ae72f5d77060bc4c14b7925ef7906,95a4e3a63f07a3c0799126e509f2d4469d68d473ddb37c397dd022b4bb001c1d,9445b6493919dec7c27bf2dc729fbffd89081e81ba28cb31e5491bca53b57f93,69a6e735f126c2a91d0c7db57ea1353cbe977e313f296e78155f4a18f249ec07,7e283ca0e23428d08d1346f4102a22ff0ad9e5dcc55b4b9df40888384a18b1ba,8f3fd6cbfcf112f51ecd8b6c75a9b1d19762e26b419b9c170ac21e7579e00aaa,46a87e416399f8264d1d67b6d753431e90703ac37a89df65ad922296dcb66005,61737,61088,61509,61509,868
REPEATED_STRUCTURE,1103,2101,4,dev::REPEATED_STRUCTURE::g1103::m2101,dev::REPEATED_STRUCTURE::g1103::m2101::r04,cc612820f3ba4ecf1d03c2480fd3e1ee1efcf92c965d52cd145981b71c05f910,67b1dba73c2b8a995b507aee228eca5446bb77f844eade55063db349131ef5a5,e03ae4d2f8fffcf44db25aca2325bb498e1dae0e89c294ae4db03d4d92e7f4f6,f65f0f9815bcbf00504023390c337ed79c8ba362e4f6985f931fcc4c9b44757d,95a4e3a63f07a3c0799126e509f2d4469d68d473ddb37c397dd022b4bb001c1d,9445b6493919dec7c27bf2dc729fbffd89081e81ba28cb31e5491bca53b57f93,69a6e735f126c2a91d0c7db57ea1353cbe977e313f296e78155f4a18f249ec07,7e283ca0e23428d08d1346f4102a22ff0ad9e5dcc55b4b9df40888384a18b1ba,966f3b06aa3190189cda7dd2cccd10fa538c6d4faee6dfd094720407080815e6,46a87e416399f8264d1d67b6d753431e90703ac37a89df65ad922296dcb66005,61737,61079,61509,61509,868
REPEATED_STRUCTURE,1103,2111,0,dev::REPEATED_STRUCTURE::g1103::m2111,dev::REPEATED_STRUCTURE::g1103::m2111::r00,0b5eeab24b97daef72301793204f0c5e6aff5d8ba7bb5fa1aa49842ac6d9ab0f,9d28af368e9997ad1d1928f131799a74a5347e9c8b87a24c581d3a80a9231f77,eee55c5a456ea97eb6acce3663719bca02f579cc6b15b5db6185e70079bf5f94,ad2de46a4bc56846f9f31d7a71bf361f6988335d26f25ccded992489fe565fa0,95a4e3a63f07a3c0799126e509f2d4469d68d473ddb37c397dd022b4bb001c1d,9445b6493919dec7c27bf2dc729fbffd89081e81ba28cb31e5491bca53b57f93,69a6e735f126c2a91d0c7db57ea1353cbe977e313f296e78155f4a18f249ec07,7e283ca0e23428d08d1346f4102a22ff0ad9e5dcc55b4b9df40888384a18b1ba,06a2b0e1cd908812c070f3af63714c0df976c348fb555c64afebe7241b46fb5f,46a87e416399f8264d1d67b6d753431e90703ac37a89df65ad922296dcb66005,61737,61107,61509,61509,868
REPEATED_STRUCTURE,1103,2111,1,dev::REPEATED_STRUCTURE::g1103::m2111,dev::REPEATED_STRUCTURE::g1103::m2111::r01,9fa207d04028abd67e4bf9d475bcf2066889b8ff338321b103c1f54dfef2c0f7,716173ef92f3d0c4f4c85dec78114c13c3871cf5f9d4579a2efc811bca6bd202,a729b4632369ffc81b9adf746e17bc910929842f8460e97f980f97e6ef75024d,26c354edbdaf8efb96df942225b946a408fe4190066aa4b77b66a697ab1810ec,95a4e3a63f07a3c0799126e509f2d4469d68d473ddb37c397dd022b4bb001c1d,9445b6493919dec7c27bf2dc729fbffd89081e81ba28cb31e5491bca53b57f93,69a6e735f126c2a91d0c7db57ea1353cbe977e313f296e78155f4a18f249ec07,7e283ca0e23428d08d1346f4102a22ff0ad9e5dcc55b4b9df40888384a18b1ba,5fc7f2576ca17a17a2b1200146e61958b8cb77b351e12a14d7b10c4e8aaba1a9,46a87e416399f8264d1d67b6d753431e90703ac37a89df65ad922296dcb66005,61737,61138,61509,61509,868
REPEATED_STRUCTURE,1103,2111,2,dev::REPEATED_STRUCTURE::g1103::m2111,dev::REPEATED_STRUCTURE::g1103::m2111::r02,89b8205e3964f1876ee5cc7476195e7af63b3e337355f65cd961093b160f2878,3f659ef21b0616a6c71854c5973a44b103c4720bce41f95e874ee990fa9d694f,000ef7b53e270c2ab0259a610561cd9f3d04b38db56e867c04f11dfda80333d5,30021f9e24418e7e278ecbbc714f33f747b1f8492763e19859782a811bc1a24f,95a4e3a63f07a3c0799126e509f2d4469d68d473ddb37c397dd022b4bb001c1d,9445b6493919dec7c27bf2dc729fbffd89081e81ba28cb31e5491bca53b57f93,69a6e735f126c2a91d0c7db57ea1353cbe977e313f296e78155f4a18f249ec07,7e283ca0e23428d08d1346f4102a22ff0ad9e5dcc55b4b9df40888384a18b1ba,3d6d3ebd6d967db16829d832820d56f2fd14f1fed395a0cb1320965074fc8485,46a87e416399f8264d1d67b6d753431e90703ac37a89df65ad922296dcb66005,61737,61115,61509,61509,868
REPEATED_STRUCTURE,1103,2111,3,dev::REPEATED_STRUCTURE::g1103::m2111,dev::REPEATED_STRUCTURE::g1103::m2111::r03,7671326a50f843b91b8ade4d6a8f9f6f19df5af107a49f2d644c382d8cf5e0ab,9a81b80c33679003dc2ae705f98ea68c15aa00fbc36cd08939d7c915b305e51d,93e348a333fbd158724a6814f0b67d3ea59f8a83d68111558209b533a153a302,745fcb6a1ce64f5ef1e55033e43fa2888135f130ec084a5755224bc4646bd34b,95a4e3a63f07a3c0799126e509f2d4469d68d473ddb37c397dd022b4bb001c1d,9445b6493919dec7c27bf2dc729fbffd89081e81ba28cb31e5491bca53b57f93,69a6e735f126c2a91d0c7db57ea1353cbe977e313f296e78155f4a18f249ec07,7e283ca0e23428d08d1346f4102a22ff0ad9e5dcc55b4b9df40888384a18b1ba,60f87717aa3a821c7f34da8ea19c3de4cf818b20d0ab6b18098874f1971bfce8,46a87e416399f8264d1d67b6d753431e90703ac37a89df65ad922296dcb66005,61737,61091,61509,61509,868
REPEATED_STRUCTURE,1103,2111,4,dev::REPEATED_STRUCTURE::g1103::m2111,dev::REPEATED_STRUCTURE::g1103::m2111::r04,9883492820735c53344650b09f8cac18b81e2f3d100ff4c859a472aa00fc7ef7,2b5b4ed89e5461cd8fd9c614080ab948699a92896968c10e2c071564fa84a671,a854b205a10631c29315a5e772d2da35e8fe15f5a972265dfdfd8725a77001c0,77109d507852d75162c147c0289620ed649043b549d9794d9111ac1bca0d28f3,95a4e3a63f07a3c0799126e509f2d4469d68d473ddb37c397dd022b4bb001c1d,9445b6493919dec7c27bf2dc729fbffd89081e81ba28cb31e5491bca53b57f93,69a6e735f126c2a91d0c7db57ea1353cbe977e313f296e78155f4a18f249ec07,7e283ca0e23428d08d1346f4102a22ff0ad9e5dcc55b4b9df40888384a18b1ba,b266105f8f818f81f50b8aca28652240ebd07c632ec9b39dbd0d3e5bf71ffb39,46a87e416399f8264d1d67b6d753431e90703ac37a89df65ad922296dcb66005,61737,61087,61509,61509,868
REPEATED_STRUCTURE,1107,2101,0,dev::REPEATED_STRUCTURE::g1107::m2101,dev::REPEATED_STRUCTURE::g1107::m2101::r00,9c2f0fde04d5fb1d8b84f65df3a9a94cca6bce2e6cf605ab1e3a0c2b20a85e50,2e7b67494e8262e11f92005c9ffb7349344333bdb57ffa340e23575124c5a833,2b63f265a53e16a917cf72a5e6f3eaea5f37ed629a4d68ea9966628fbc88b2ff,7f0972604e9fb031af8929f87145308a9ace2390f76cfc84c3472548cc7f1783,7ee21043b1ccacbf2f4bd59db4d32d91f69d5f6e05a26f6b56a838de2644bbd9,eec9f6b82de257130d1512c4526fe60adabf04a9f01c3cd88be3ab5864a6613f,c639dcd24bd5f6bd9f5995efe7b4a849cdbaed84d303ae7419e12cb843c1e0a6,2bc2f4b45459148a895bac457cc0de268b00a2a82fc700f9ca06774b415c2381,e0d34d207b17fbc33f2910326a4692d696ec6872f5cfb573ab81ec91f4413908,cad6d7f68abcca56f206b0685065c7e3328d95cd2962c7c0d95ccd86151e0a25,60719,60120,61263,61263,848
REPEATED_STRUCTURE,1107,2101,1,dev::REPEATED_STRUCTURE::g1107::m2101,dev::REPEATED_STRUCTURE::g1107::m2101::r01,12f6bd9094e2af4bc1715c26ce72e4abee588a50d5a179b81a1ab1a351a23e43,a71f16bb8f26ab2e57b0af943725c3f7e7326628903e4c8024f5a47810654a42,8316dbcb2d56be4894104b7208aaadde93f8f795703f79058fae03784c44581a,e78e131f068449aa9c24771a2d52a1fcd7466f4531102faee98b878d1d4410c3,7ee21043b1ccacbf2f4bd59db4d32d91f69d5f6e05a26f6b56a838de2644bbd9,eec9f6b82de257130d1512c4526fe60adabf04a9f01c3cd88be3ab5864a6613f,c639dcd24bd5f6bd9f5995efe7b4a849cdbaed84d303ae7419e12cb843c1e0a6,2bc2f4b45459148a895bac457cc0de268b00a2a82fc700f9ca06774b415c2381,6a45a500c9c6c5bdac86e8a71be06d3774ac2ad6f7e97d73d21e64a607be9ac0,cad6d7f68abcca56f206b0685065c7e3328d95cd2962c7c0d95ccd86151e0a25,60719,60111,61263,61263,848
REPEATED_STRUCTURE,1107,2101,2,dev::REPEATED_STRUCTURE::g1107::m2101,dev::REPEATED_STRUCTURE::g1107::m2101::r02,3fd0677f7bd27d8fadb459c5ced549df9a9aaf4a1d35c1b5b7fa9646f374a245,09c9bd572b669faa32e830fda79701150df8fea30e6bb1955056a14d2d1c844b,43afb1932730f191963caffbec0a8581d3a46fc5b3b8eee827e1fb8bac9b7279,93db3d19aa32ef02f96c5c962ef8e09986bae64909232cca884bb56e3ce9fea5,7ee21043b1ccacbf2f4bd59db4d32d91f69d5f6e05a26f6b56a838de2644bbd9,eec9f6b82de257130d1512c4526fe60adabf04a9f01c3cd88be3ab5864a6613f,c639dcd24bd5f6bd9f5995efe7b4a849cdbaed84d303ae7419e12cb843c1e0a6,2bc2f4b45459148a895bac457cc0de268b00a2a82fc700f9ca06774b415c2381,377ad4a36bd76eb83b780fb52f22418691da77455e71421478201949218447c6,cad6d7f68abcca56f206b0685065c7e3328d95cd2962c7c0d95ccd86151e0a25,60719,60112,61263,61263,848
REPEATED_STRUCTURE,1107,2101,3,dev::REPEATED_STRUCTURE::g1107::m2101,dev::REPEATED_STRUCTURE::g1107::m2101::r03,0fad945dcd46fb46e2ded0d925c096ba6911d586eb123a1406be18c0d8e04f86,eb048d697fb941219eb320a38205b77c5bd5a187b51841b45a00837ee0b07f49,eeb5480889bf739628b31f5a53d9f1ba79060d54cc992898636f9ba028089a56,37c989b9e5521c802299bbf26bf57b6610cf3eed08fc435012e01a7442b11df9,7ee21043b1ccacbf2f4bd59db4d32d91f69d5f6e05a26f6b56a838de2644bbd9,eec9f6b82de257130d1512c4526fe60adabf04a9f01c3cd88be3ab5864a6613f,c639dcd24bd5f6bd9f5995efe7b4a849cdbaed84d303ae7419e12cb843c1e0a6,2bc2f4b45459148a895bac457cc0de268b00a2a82fc700f9ca06774b415c2381,bc8d0ec0935cc409d10467ac8f3f72aef95fec4954d3c911c7341875572d525c,cad6d7f68abcca56f206b0685065c7e3328d95cd2962c7c0d95ccd86151e0a25,60719,60109,61263,61263,848
REPEATED_STRUCTURE,1107,2101,4,dev::REPEATED_STRUCTURE::g1107::m2101,dev::REPEATED_STRUCTURE::g1107::m2101::r04,291ded79100ee241901992a53e7b32c6670b291d4550d627ca6f1f631f32e179,4f0a1b8121a5f6e8a8ad3d6f9e9ba51b4a1553267428a24029af90c2e2f12d87,8d3593cfc0d065631282abbf46711c0d73d8a4150aee1cb495767a25790fccb6,a9196719f3405a23650d5a5bc26b1f443aaa160957ee519854ec8a6bdb99aee1,7ee21043b1ccacbf2f4bd59db4d32d91f69d5f6e05a26f6b56a838de2644bbd9,eec9f6b82de257130d1512c4526fe60adabf04a9f01c3cd88be3ab5864a6613f,c639dcd24bd5f6bd9f5995efe7b4a849cdbaed84d303ae7419e12cb843c1e0a6,2bc2f4b45459148a895bac457cc0de268b00a2a82fc700f9ca06774b415c2381,9a03767cf03c4a79eb608f0b13803fe8df293dc4737eeb81139ab1e1a7e2f21f,cad6d7f68abcca56f206b0685065c7e3328d95cd2962c7c0d95ccd86151e0a25,60719,60063,61263,61263,848
REPEATED_STRUCTURE,1107,2111,0,dev::REPEATED_STRUCTURE::g1107::m2111,dev::REPEATED_STRUCTURE::g1107::m2111::r00,0a1d3b0a91c552d6ad234a8b85ceae89f53f1c3d3e5b46fc0cc64ec2bdd73ae3,0ad0b79e294c0e1227deacb3213d572a82e1c63a70011200429b49005db92318,f171bd8696ef3e00a49ef1651823d4a2768ba68cf9f048608db41abe4e98e264,362f83c7871ec13fcd6c33b8bc49f846ac14cfc03407a35dfac2d200c0432e08,7ee21043b1ccacbf2f4bd59db4d32d91f69d5f6e05a26f6b56a838de2644bbd9,eec9f6b82de257130d1512c4526fe60adabf04a9f01c3cd88be3ab5864a6613f,c639dcd24bd5f6bd9f5995efe7b4a849cdbaed84d303ae7419e12cb843c1e0a6,2bc2f4b45459148a895bac457cc0de268b00a2a82fc700f9ca06774b415c2381,1d11954916d0d2a864a50d0b82eda95a96b237da922ebcef404165b07d232c91,cad6d7f68abcca56f206b0685065c7e3328d95cd2962c7c0d95ccd86151e0a25,60719,60098,61263,61263,848
REPEATED_STRUCTURE,1107,2111,1,dev::REPEATED_STRUCTURE::g1107::m2111,dev::REPEATED_STRUCTURE::g1107::m2111::r01,727571fc0bfb499ba1f13afa33c00eaa8d86ec9a162e0e21dac1748ffc1df1e2,b00ba0bdfa896b6a58e65432b5fe7202dda72455a60285a9b9e0b8dee1bbed48,92bae7f89f2d0c42b31db07e157de019125fbd9b0b22c5f69de185cfa237c71f,9d14aa37ab4209bdf5c60f954410588357bf1454fce67695bb70ea22c00e47e7,7ee21043b1ccacbf2f4bd59db4d32d91f69d5f6e05a26f6b56a838de2644bbd9,eec9f6b82de257130d1512c4526fe60adabf04a9f01c3cd88be3ab5864a6613f,c639dcd24bd5f6bd9f5995efe7b4a849cdbaed84d303ae7419e12cb843c1e0a6,2bc2f4b45459148a895bac457cc0de268b00a2a82fc700f9ca06774b415c2381,5ccd7256179149e050b590a09819006f0e520707438d48dbb5eae8f5ec606467,cad6d7f68abcca56f206b0685065c7e3328d95cd2962c7c0d95ccd86151e0a25,60719,60100,61263,61263,848
REPEATED_STRUCTURE,1107,2111,2,dev::REPEATED_STRUCTURE::g1107::m2111,dev::REPEATED_STRUCTURE::g1107::m2111::r02,49e5e376e0159d4258a91b54c3c73b4d79cf3435213035ba228421619818b2e1,e651680ccabda15e28805194c2bd321c8b0c075f7f80afa6c485451518e3d2ef,b5ec391a3df13c400533b883989d8674bba1bf2f12c5c1309fb5fa015902bfc8,3e9e43159f496a0b02a3269ef96ab4a336683eb0831717fd8bea51bb52e52d3f,7ee21043b1ccacbf2f4bd59db4d32d91f69d5f6e05a26f6b56a838de2644bbd9,eec9f6b82de257130d1512c4526fe60adabf04a9f01c3cd88be3ab5864a6613f,c639dcd24bd5f6bd9f5995efe7b4a849cdbaed84d303ae7419e12cb843c1e0a6,2bc2f4b45459148a895bac457cc0de268b00a2a82fc700f9ca06774b415c2381,158f78fbed561dab589b59b3e3fccb3b0ea84b21a4153a6793d61e16fea35502,cad6d7f68abcca56f206b0685065c7e3328d95cd2962c7c0d95ccd86151e0a25,60719,60096,61263,61263,848
REPEATED_STRUCTURE,1107,2111,3,dev::REPEATED_STRUCTURE::g1107::m2111,dev::REPEATED_STRUCTURE::g1107::m2111::r03,c9931890f2db8ee9d94fc40e3a542df507ee33c202555cf0cb8a929c9fbf6106,a3b4ec591c569a8fffd8a46ece5135f681092ab82f3ba55d7e1885cc363807ca,052d2d477124e2624a37547d34c5974fb2077e4c1ca32b77967a5db7f2f94971,0deb729f3be6b634a3c04c9a0e6cfce0d322fdbe7d3fecc67e00f0c9e39e40a1,7ee21043b1ccacbf2f4bd59db4d32d91f69d5f6e05a26f6b56a838de2644bbd9,eec9f6b82de257130d1512c4526fe60adabf04a9f01c3cd88be3ab5864a6613f,c639dcd24bd5f6bd9f5995efe7b4a849cdbaed84d303ae7419e12cb843c1e0a6,2bc2f4b45459148a895bac457cc0de268b00a2a82fc700f9ca06774b415c2381,5dd14744e89644403e7e98064946a14e208f66564563b242fba17cbdb80df8d2,cad6d7f68abcca56f206b0685065c7e3328d95cd2962c7c0d95ccd86151e0a25,60719,60129,61263,61263,848
REPEATED_STRUCTURE,1107,2111,4,dev::REPEATED_STRUCTURE::g1107::m2111,dev::REPEATED_STRUCTURE::g1107::m2111::r04,09da0aba213afa21aac05311d95a1b50d8a12a1a876c93a28c24d91219b3d100,0fbc6179fe361cc62903f26d6923327db3b68b9da971c5d7abde0eeb1d388729,6005ea163f4fec18c5f58a0c2589f3668404a7f94478037704fbc82af1914e68,78df2cc1f6cbf99bb8b7175b61e3be1849ad914ff2c831d46f828cd3758119ed,7ee21043b1ccacbf2f4bd59db4d32d91f69d5f6e05a26f6b56a838de2644bbd9,eec9f6b82de257130d1512c4526fe60adabf04a9f01c3cd88be3ab5864a6613f,c639dcd24bd5f6bd9f5995efe7b4a849cdbaed84d303ae7419e12cb843c1e0a6,2bc2f4b45459148a895bac457cc0de268b00a2a82fc700f9ca06774b415c2381,02761bc5a32b0ed8483169ba20e73a907897b6e9f5844a6ea9aba821d12cf06a,cad6d7f68abcca56f206b0685065c7e3328d95cd2962c7c0d95ccd86151e0a25,60719,60123,61263,61263,848
